Condition,Data Type,Geography,Sex,Age group type,Prevalence_Age_Group,Fiscal year,Prevalence_Rate,Standard Error,Prevalence_Lower_CI,Prevalence_Upper_CI,Rate CV (%),Case counts,Population_disease,Primary_Specialty,Secondary_Specialty,Mapping_Type,Mapping_Rationale,Province,Specialty,Population_market,Physician_Count,Physicians_per_100k,Service_Volume,Services_per_Physician,Market_Activity_Index,Incidence_Rate,Incidence_Age_Group,Incidence_Lower_CI,Incidence_Upper_CI,Incidence_Evidence_Status,Market_Evidence_Status,Prevalence_Percentile,Geographic_Prevalence_Signal,Market_Activity_Percentile
Acute myocardial infarction,Age-standardized prevalence,Newfoundland and Labrador,Both sexes,Total,20+,2023–2024,2.96,0.0234,2.91,3.0,0.79,16270.0,456845.0,Cardiology,Internal Medicine,Direct,Cardiovascular condition with primary relevance to cardiology,Newfoundland and Labrador,Cardiology,540500,18,3.330249768732655,26674.0,1481.888888888889,0.7118899803377627,264.0,20+,249.0,278.0,Available,Available,1.0,High relative prevalence,0.18518518518518517
Acute myocardial infarction,Age-standardized prevalence,Prince Edward Island,Both sexes,Total,20+,2023–2024,2.64,0.0413,2.56,2.72,1.57,4110.0,144770.0,Cardiology,Internal Medicine,Direct,Cardiovascular condition with primary relevance to cardiology,Prince Edward Island,Cardiology,175800,2,1.1376564277588168,,,,222.0,20+,198.0,248.0,Available,Unavailable_due_to_service_volume,0.8333333333333334,High relative prevalence,
Acute myocardial infarction,Age-standardized prevalence,Nova Scotia,Both sexes,Total,20+,2023–2024,2.7,0.016,2.67,2.73,0.59,28770.0,950930.0,Cardiology,Internal Medicine,Direct,Cardiovascular condition with primary relevance to cardiology,Nova Scotia,Cardiology,1056200,54,5.112668055292558,18560.0,343.7037037037037,0.16511306934429126,244.0,20+,235.0,254.0,Available,Available,0.9166666666666666,High relative prevalence,0.07407407407407407
Acute myocardial infarction,Age-standardized prevalence,New Brunswick,Both sexes,Total,20+,2023–2024,,,,,,,,Cardiology,Internal Medicine,Direct,Cardiovascular condition with primary relevance to cardiology,New Brunswick,Cardiology,835000,35,4.191616766467066,58079.0,1659.4,0.7971651870999739,,20+,,,Unavailable_for_geography,Available,,Evidence unavailable,0.2962962962962963
Acute myocardial infarction,Age-standardized prevalence,Quebec,Both sexes,Total,20+,2023–2024,2.63,0.0058,2.62,2.64,0.22,212455.0,6976160.0,Cardiology,Internal Medicine,Direct,Cardiovascular condition with primary relevance to cardiology,Quebec,Cardiology,8903100,472,5.301524188204109,1557734.0,3300.2838983050847,1.5854353569214197,293.0,20+,289.0,297.0,Available,Available,0.75,High relative prevalence,0.9629629629629629
Acute myocardial infarction,Age-standardized prevalence,Ontario,Both sexes,Total,20+,2023–2024,2.0,0.0039,1.99,2.01,0.19,271590.0,13234780.0,Cardiology,Internal Medicine,Direct,Cardiovascular condition with primary relevance to cardiology,Ontario,Cardiology,15788400,671,4.249955663651795,1850902.0,2758.4232488822654,1.325128953414577,154.0,20+,152.0,156.0,Available,Available,0.3333333333333333,Lower relative prevalence,0.7407407407407407
Acute myocardial infarction,Age-standardized prevalence,Manitoba,Both sexes,Total,20+,2023–2024,2.33,0.0145,2.31,2.36,0.62,25950.0,1151155.0,Cardiology,Internal Medicine,Direct,Cardiovascular condition with primary relevance to cardiology,Manitoba,Cardiology,1461000,42,2.8747433264887063,113730.0,2707.8571428571427,1.3008373182630557,196.0,20+,188.0,205.0,Available,Available,0.5833333333333334,Moderate relative prevalence,0.6296296296296297
Acute myocardial infarction,Age-standardized prevalence,Saskatchewan,Both sexes,Total,20+,2023–2024,2.16,0.0151,2.13,2.19,0.7,20590.0,991790.0,Cardiology,Internal Medicine,Direct,Cardiovascular condition with primary relevance to cardiology,Saskatchewan,Cardiology,1217700,37,3.038515233637185,85481.0,2310.297297297297,1.1098521015165503,174.0,20+,166.0,183.0,Available,Available,0.4166666666666667,Lower relative prevalence,0.4074074074074074
Acute myocardial infarction,Age-standardized prevalence,Alberta,Both sexes,Total,20+,2023–2024,1.93,0.0074,1.92,1.95,0.38,69095.0,4147815.0,Cardiology,Internal Medicine,Direct,Cardiovascular condition with primary relevance to cardiology,Alberta,Cardiology,4734700,167,3.527150611443175,472844.0,2831.4011976047905,1.3601870950004296,147.0,20+,143.0,151.0,Available,Available,0.16666666666666666,Lower relative prevalence,0.8518518518518519
Acute myocardial infarction,Age-standardized prevalence,British Columbia,Both sexes,Total,20+,2023–2024,1.79,0.006,1.78,1.8,0.34,89295.0,4767375.0,Cardiology,Internal Medicine,Direct,Cardiovascular condition with primary relevance to cardiology,British Columbia,Cardiology,5585500,176,3.15101602363262,449957.0,2556.5738636363635,1.228161794829809,156.0,20+,152.0,160.0,Available,Available,0.08333333333333333,Lower relative prevalence,0.5185185185185185
Acute myocardial infarction,Age-standardized prevalence,Yukon,Both sexes,Total,20+,2023–2024,2.19,0.0872,2.03,2.37,3.97,680.0,37815.0,Cardiology,Internal Medicine,Direct,Cardiovascular condition with primary relevance to cardiology,Yukon,Cardiology,45700,0,0.0,,,,269.0,20+,210.0,342.0,Available,Unavailable_due_to_service_volume,0.5,Moderate relative prevalence,
Acute myocardial infarction,Age-standardized prevalence,Northwest Territories,Both sexes,Total,20+,2023–2024,2.36,0.1072,2.15,2.58,4.55,560.0,33585.0,Cardiology,Internal Medicine,Direct,Cardiovascular condition with primary relevance to cardiology,Northwest Territories,Cardiology,44300,0,0.0,,,,217.0,20+,157.0,303.0,Available,Unavailable_due_to_service_volume,0.6666666666666666,Moderate relative prevalence,
Acute myocardial infarction,Age-standardized prevalence,Nunavut,Both sexes,Total,20+,2023–2024,1.99,0.1454,1.71,2.33,7.32,275.0,26370.0,Cardiology,Internal Medicine,Direct,Cardiovascular condition with primary relevance to cardiology,Nunavut,Cardiology,40900,0,0.0,,,,189.0,20+,118.0,357.0,Available,Unavailable_due_to_service_volume,0.25,Lower relative prevalence,
Autism,Age-standardized prevalence,Newfoundland and Labrador,Both sexes,Total,1–19,2023–2024,,,,,,,,Pediatrics,Psychiatry,Multi_specialty,Relevant to pediatric care with additional psychiatric and behavioral health relevance,Newfoundland and Labrador,Pediatrics,540500,61,11.285846438482888,32405.0,531.2295081967213,0.2551992709983527,,,,,Not_available_for_condition,Available,,Evidence unavailable,0.3409090909090909
Autism,Age-standardized prevalence,Prince Edward Island,Both sexes,Total,1–19,2023–2024,2.95,0.0934,2.77,3.14,3.17,1000.0,33690.0,Pediatrics,Psychiatry,Multi_specialty,Relevant to pediatric care with additional psychiatric and behavioral health relevance,Prince Edward Island,Pediatrics,175800,18,10.238907849829353,3391.0,188.38888888888889,0.09050082189867861,,,,,Not_available_for_condition,Available,1.0,High relative prevalence,0.1590909090909091
Autism,Age-standardized prevalence,Nova Scotia,Both sexes,Total,1–19,2023–2024,1.88,0.0307,1.82,1.94,1.63,3765.0,198110.0,Pediatrics,Psychiatry,Multi_specialty,Relevant to pediatric care with additional psychiatric and behavioral health relevance,Nova Scotia,Pediatrics,1056200,103,9.75194092028025,23768.0,230.7572815533981,0.1108543277836543,,,,,Not_available_for_condition,Available,0.7,Moderate relative prevalence,0.25
Autism,Age-standardized prevalence,New Brunswick,Both sexes,Total,1–19,2023–2024,,,,,,,,Pediatrics,Psychiatry,Multi_specialty,Relevant to pediatric care with additional psychiatric and behavioral health relevance,New Brunswick,Pediatrics,835000,63,7.544910179640719,35188.0,558.5396825396825,0.26831890474539355,,,,,Not_available_for_condition,Available,,Evidence unavailable,0.4318181818181818
Autism,Age-standardized prevalence,Quebec,Both sexes,Total,1–19,2023–2024,1.76,0.0099,1.74,1.78,0.56,31370.0,1776625.0,Pediatrics,Psychiatry,Multi_specialty,Relevant to pediatric care with additional psychiatric and behavioral health relevance,Quebec,Pediatrics,8903100,702,7.8848940256764495,1750210.0,2493.1766381766383,1.1977061716556368,,,,,Not_available_for_condition,Available,0.5,Moderate relative prevalence,0.9772727272727273
Autism,Age-standardized prevalence,Ontario,Both sexes,Total,1–19,2023–2024,2.65,0.0092,2.64,2.67,0.35,84080.0,3164130.0,Pediatrics,Psychiatry,Multi_specialty,Relevant to pediatric care with additional psychiatric and behavioral health relevance,Ontario,Pediatrics,15788400,1372,8.689924248182209,3095592.0,2256.262390670554,1.0838940766575427,,,,,Not_available_for_condition,Available,0.8,High relative prevalence,0.7954545454545454
Autism,Age-standardized prevalence,Manitoba,Both sexes,Total,1–19,2023–2024,1.5,0.0207,1.46,1.54,1.37,5295.0,350780.0,Pediatrics,Psychiatry,Multi_specialty,Relevant to pediatric care with additional psychiatric and behavioral health relevance,Manitoba,Pediatrics,1461000,143,9.787816563997264,324589.0,2269.853146853147,1.0904229893338877,,,,,Not_available_for_condition,Available,0.3,Lower relative prevalence,0.8863636363636364
Autism,Age-standardized prevalence,Saskatchewan,Both sexes,Total,1–19,2023–2024,1.32,0.0204,1.28,1.36,1.54,4220.0,316795.0,Pediatrics,Psychiatry,Multi_specialty,Relevant to pediatric care with additional psychiatric and behavioral health relevance,Saskatchewan,Pediatrics,1217700,98,8.047959267471462,79529.0,811.5204081632653,0.3898492334632497,,,,,Not_available_for_condition,Available,0.1,Lower relative prevalence,0.5227272727272727
Autism,Age-standardized prevalence,Alberta,Both sexes,Total,1–19,2023–2024,1.79,0.0122,1.77,1.81,0.68,21730.0,1204015.0,Pediatrics,Psychiatry,Multi_specialty,Relevant to pediatric care with additional psychiatric and behavioral health relevance,Alberta,Pediatrics,4734700,552,11.658605613872052,955712.0,1731.3623188405795,0.8317354265616459,,,,,Not_available_for_condition,Available,0.6,Moderate relative prevalence,0.7045454545454546
Autism,Age-standardized prevalence,British Columbia,Both sexes,Total,1–19,2023–2024,2.93,0.0168,2.89,2.96,0.57,30480.0,1037775.0,Pediatrics,Psychiatry,Multi_specialty,Relevant to pediatric care with additional psychiatric and behavioral health relevance,British Columbia,Pediatrics,5585500,496,8.88013606660102,483831.0,975.4657258064516,0.46860751947819196,,,,,Not_available_for_condition,Available,0.9,High relative prevalence,0.6136363636363636
Autism,Age-standardized prevalence,Yukon,Both sexes,Total,1–19,2023–2024,1.44,0.1257,1.2,1.71,8.74,130.0,9160.0,Pediatrics,Psychiatry,Multi_specialty,Relevant to pediatric care with additional psychiatric and behavioral health relevance,Yukon,Pediatrics,45700,3,6.564551422319474,26.0,8.666666666666666,0.004163411446828034,,,,,Not_available_for_condition,Available,0.2,Lower relative prevalence,0.06818181818181818
Autism,Age-standardized prevalence,Northwest Territories,Both sexes,Total,1–19,2023–2024,1.71,0.124,1.47,1.97,7.26,190.0,11050.0,Pediatrics,Psychiatry,Multi_specialty,Relevant to pediatric care with additional psychiatric and behavioral health relevance,Northwest Territories,Pediatrics,44300,3,6.772009029345373,,,,,,,,Not_available_for_condition,Unavailable_due_to_service_volume,0.4,Lower relative prevalence,
Autism,Age-standardized prevalence,Nunavut,Both sexes,Total,1–19,2023–2024,,,,,,,,Pediatrics,Psychiatry,Multi_specialty,Relevant to pediatric care with additional psychiatric and behavioral health relevance,Nunavut,Pediatrics,40900,2,4.88997555012225,,,,,,,,Not_available_for_condition,Unavailable_due_to_service_volume,,Evidence unavailable,
"Parkinsonism, including Parkinson disease",Age-standardized prevalence,Newfoundland and Labrador,Both sexes,Total,40+,2023–2024,0.35,0.0098,0.33,0.37,2.78,1320.0,332775.0,Neurology,,Direct,Neurologic condition primarily associated with neurology,Newfoundland and Labrador,Neurology,540500,12,2.2201665124884364,12144.0,1012.0,0.4861583520219197,42.0,40+,36.0,49.0,Available,Available,0.3181818181818182,Lower relative prevalence,0.56
"Parkinsonism, including Parkinson disease",Age-standardized prevalence,Prince Edward Island,Both sexes,Total,40+,2023–2024,0.36,0.0187,0.33,0.4,5.16,380.0,95115.0,Neurology,,Direct,Neurologic condition primarily associated with neurology,Prince Edward Island,Neurology,175800,3,1.706484641638225,0.0,0.0,0.0,43.0,40+,31.0,57.0,Available,Available,0.45454545454545453,Lower relative prevalence,0.06
"Parkinsonism, including Parkinson disease",Age-standardized prevalence,Nova Scotia,Both sexes,Total,40+,2023–2024,0.35,0.007,0.34,0.37,1.99,2540.0,651240.0,Neurology,,Direct,Neurologic condition primarily associated with neurology,Nova Scotia,Neurology,1056200,33,3.124408256012119,13474.0,408.3030303030303,0.19614617424671657,47.0,40+,42.0,52.0,Available,Available,0.3181818181818182,Lower relative prevalence,0.16
"Parkinsonism, including Parkinson disease",Age-standardized prevalence,New Brunswick,Both sexes,Total,40+,2023–2024,,,,,,,,Neurology,,Direct,Neurologic condition primarily associated with neurology,New Brunswick,Neurology,835000,23,2.754491017964072,13623.0,592.304347826087,0.2845392348167474,,40+,,,Unavailable_for_geography,Available,,Evidence unavailable,0.26
"Parkinsonism, including Parkinson disease",Age-standardized prevalence,Quebec,Both sexes,Total,40+,2023–2024,0.45,0.0029,0.44,0.45,0.65,24280.0,4819585.0,Neurology,,Direct,Neurologic condition primarily associated with neurology,Quebec,Neurology,8903100,290,3.257292403769473,590742.0,2037.0413793103448,0.978581699571122,53.0,40+,51.0,55.0,Available,Available,0.5909090909090909,Moderate relative prevalence,0.86
"Parkinsonism, including Parkinson disease",Age-standardized prevalence,Ontario,Both sexes,Total,40+,2023–2024,0.56,0.0025,0.56,0.57,0.44,51015.0,8576015.0,Neurology,,Direct,Neurologic condition primarily associated with neurology,Ontario,Neurology,15788400,502,3.1795495427022376,967625.0,1927.5398406374504,0.92597785808389,75.0,40+,73.0,77.0,Available,Available,0.9090909090909091,High relative prevalence,0.76
"Parkinsonism, including Parkinson disease",Age-standardized prevalence,Manitoba,Both sexes,Total,40+,2023–2024,0.58,0.0089,0.56,0.6,1.53,4285.0,720450.0,Neurology,,Direct,Neurologic condition primarily associated with neurology,Manitoba,Neurology,1461000,43,2.943189596167009,89819.0,2088.813953488372,1.0034529143362627,74.0,40+,68.0,81.0,Available,Available,1.0,High relative prevalence,0.96
"Parkinsonism, including Parkinson disease",Age-standardized prevalence,Saskatchewan,Both sexes,Total,40+,2023–2024,0.45,0.0085,0.43,0.47,1.89,2815.0,622085.0,Neurology,,Direct,Neurologic condition primarily associated with neurology,Saskatchewan,Neurology,1217700,35,2.874271166954094,32112.0,917.4857142857144,0.4407542913644237,61.0,40+,55.0,67.0,Available,Available,0.5909090909090909,Moderate relative prevalence,0.46
"Parkinsonism, including Parkinson disease",Age-standardized prevalence,Alberta,Both sexes,Total,40+,2023–2024,0.49,0.0046,0.48,0.5,0.95,11175.0,2559660.0,Neurology,,Direct,Neurologic condition primarily associated with neurology,Alberta,Neurology,4734700,206,4.350856442858047,187727.0,911.2961165048544,0.4377808480276436,66.0,40+,63.0,70.0,Available,Available,0.7272727272727273,Moderate relative prevalence,0.36
"Parkinsonism, including Parkinson disease",Age-standardized prevalence,British Columbia,Both sexes,Total,40+,2023–2024,0.51,0.0039,0.5,0.52,0.77,17215.0,3057510.0,Neurology,,Direct,Neurologic condition primarily associated with neurology,British Columbia,Neurology,5585500,233,4.171515531286366,256049.0,1098.9227467811158,0.5279154857455619,71.0,40+,68.0,74.0,Available,Available,0.8181818181818182,High relative prevalence,0.66
"Parkinsonism, including Parkinson disease",Age-standardized prevalence,Yukon,Both sexes,Total,40+,2023–2024,,,,,,,,Neurology,,Direct,Neurologic condition primarily associated with neurology,Yukon,Neurology,45700,0,0.0,,,,,40+,,,Unavailable_for_geography,Unavailable_due_to_service_volume,,Evidence unavailable,
"Parkinsonism, including Parkinson disease",Age-standardized prevalence,Northwest Territories,Both sexes,Total,40+,2023–2024,0.28,0.0464,0.2,0.4,16.47,40.0,19890.0,Neurology,,Direct,Neurologic condition primarily associated with neurology,Northwest Territories,Neurology,44300,0,0.0,,,,,40+,,,Unavailable_for_geography,Unavailable_due_to_service_volume,0.09090909090909091,Lower relative prevalence,
"Parkinsonism, including Parkinson disease",Age-standardized prevalence,Nunavut,Both sexes,Total,40+,2023–2024,0.31,0.0738,0.19,0.57,23.6,20.0,13170.0,Neurology,,Direct,Neurologic condition primarily associated with neurology,Nunavut,Neurology,40900,0,0.0,,,,,40+,,,Unavailable_for_geography,Unavailable_due_to_service_volume,0.18181818181818182,Lower relative prevalence,
Multiple sclerosis,Age-standardized prevalence,Newfoundland and Labrador,Both sexes,Total,20+,2023–2024,0.19,0.0064,0.18,0.2,3.36,905.0,456840.0,Neurology,,Direct,Neurologic condition primarily associated with neurology,Newfoundland and Labrador,Neurology,540500,12,2.2201665124884364,12144.0,1012.0,0.4861583520219197,10.0,20+,7.0,14.0,Available,Available,0.2,Lower relative prevalence,0.56
Multiple sclerosis,Age-standardized prevalence,Prince Edward Island,Both sexes,Total,20+,2023–2024,0.3,0.0144,0.27,0.32,4.87,430.0,144770.0,Neurology,,Direct,Neurologic condition primarily associated with neurology,Prince Edward Island,Neurology,175800,3,1.706484641638225,0.0,0.0,0.0,12.0,20+,7.0,20.0,Available,Available,0.6,Moderate relative prevalence,0.06
Multiple sclerosis,Age-standardized prevalence,Nova Scotia,Both sexes,Total,20+,2023–2024,0.34,0.0059,0.33,0.35,1.74,3320.0,950930.0,Neurology,,Direct,Neurologic condition primarily associated with neurology,Nova Scotia,Neurology,1056200,33,3.124408256012119,13474.0,408.3030303030303,0.19614617424671657,12.0,20+,10.0,15.0,Available,Available,0.9,High relative prevalence,0.16
Multiple sclerosis,Age-standardized prevalence,New Brunswick,Both sexes,Total,20+,2023–2024,,,,,,,,Neurology,,Direct,Neurologic condition primarily associated with neurology,New Brunswick,Neurology,835000,23,2.754491017964072,13623.0,592.304347826087,0.2845392348167474,,20+,,,Unavailable_for_geography,Available,,Evidence unavailable,0.26
Multiple sclerosis,Age-standardized prevalence,Quebec,Both sexes,Total,20+,2023–2024,,,,,,,,Neurology,,Direct,Neurologic condition primarily associated with neurology,Quebec,Neurology,8903100,290,3.257292403769473,590742.0,2037.0413793103448,0.978581699571122,,20+,,,Unavailable_for_geography,Available,,Evidence unavailable,0.86
Multiple sclerosis,Age-standardized prevalence,Ontario,Both sexes,Total,20+,2023–2024,0.28,0.0015,0.28,0.28,0.52,36640.0,13234785.0,Neurology,,Direct,Neurologic condition primarily associated with neurology,Ontario,Neurology,15788400,502,3.1795495427022376,967625.0,1927.5398406374504,0.92597785808389,13.0,20+,13.0,14.0,Available,Available,0.45,Lower relative prevalence,0.76
Multiple sclerosis,Age-standardized prevalence,Manitoba,Both sexes,Total,20+,2023–2024,0.31,0.0053,0.29,0.32,1.73,3380.0,1151155.0,Neurology,,Direct,Neurologic condition primarily associated with neurology,Manitoba,Neurology,1461000,43,2.943189596167009,89819.0,2088.813953488372,1.0034529143362627,11.0,20+,10.0,14.0,Available,Available,0.7,Moderate relative prevalence,0.96
Multiple sclerosis,Age-standardized prevalence,Saskatchewan,Both sexes,Total,20+,2023–2024,0.37,0.0063,0.36,0.38,1.7,3500.0,991790.0,Neurology,,Direct,Neurologic condition primarily associated with neurology,Saskatchewan,Neurology,1217700,35,2.874271166954094,32112.0,917.4857142857144,0.4407542913644237,12.0,20+,10.0,15.0,Available,Available,1.0,High relative prevalence,0.46
Multiple sclerosis,Age-standardized prevalence,Alberta,Both sexes,Total,20+,2023–2024,0.33,0.0029,0.32,0.33,0.89,13045.0,4147820.0,Neurology,,Direct,Neurologic condition primarily associated with neurology,Alberta,Neurology,4734700,206,4.350856442858047,187727.0,911.2961165048544,0.4377808480276436,13.0,20+,12.0,14.0,Available,Available,0.8,High relative prevalence,0.36
Multiple sclerosis,Age-standardized prevalence,British Columbia,Both sexes,Total,20+,2023–2024,0.28,0.0025,0.28,0.29,0.87,13270.0,4767370.0,Neurology,,Direct,Neurologic condition primarily associated with neurology,British Columbia,Neurology,5585500,233,4.171515531286366,256049.0,1098.9227467811158,0.5279154857455619,13.0,20+,12.0,15.0,Available,Available,0.45,Lower relative prevalence,0.66
Multiple sclerosis,Age-standardized prevalence,Yukon,Both sexes,Total,20+,2023–2024,,,,,,,,Neurology,,Direct,Neurologic condition primarily associated with neurology,Yukon,Neurology,45700,0,0.0,,,,,20+,,,Unavailable_for_geography,Unavailable_due_to_service_volume,,Evidence unavailable,
Multiple sclerosis,Age-standardized prevalence,Northwest Territories,Both sexes,Total,20+,2023–2024,0.22,0.0269,0.17,0.29,12.14,70.0,33580.0,Neurology,,Direct,Neurologic condition primarily associated with neurology,Northwest Territories,Neurology,44300,0,0.0,,,,,20+,,,Unavailable_for_geography,Unavailable_due_to_service_volume,0.3,Lower relative prevalence,
Multiple sclerosis,Age-standardized prevalence,Nunavut,Both sexes,Total,20+,2023–2024,0.07,0.0205,0.04,0.2,28.33,15.0,26365.0,Neurology,,Direct,Neurologic condition primarily associated with neurology,Nunavut,Neurology,40900,0,0.0,,,,,20+,,,Unavailable_for_geography,Unavailable_due_to_service_volume,0.1,Lower relative prevalence,
Epilepsy,Age-standardized prevalence,Newfoundland and Labrador,Both sexes,Total,1+,2023–2024,1.13,0.0142,1.1,1.15,1.26,6570.0,550540.0,Neurology,Pediatrics,Multi_specialty,Neurologic condition with relevance to pediatric care because epilepsy also occurs in children,Newfoundland and Labrador,Neurology,540500,12,2.2201665124884364,12144.0,1012.0,0.4861583520219197,65.0,1+,59.0,73.0,Available,Available,0.9090909090909091,High relative prevalence,0.56
Epilepsy,Age-standardized prevalence,Prince Edward Island,Both sexes,Total,1+,2023–2024,0.82,0.0214,0.78,0.87,2.6,1495.0,178460.0,Neurology,Pediatrics,Multi_specialty,Neurologic condition with relevance to pediatric care because epilepsy also occurs in children,Prince Edward Island,Neurology,175800,3,1.706484641638225,0.0,0.0,0.0,60.0,1+,49.0,72.0,Available,Available,0.2727272727272727,Lower relative prevalence,0.06
Epilepsy,Age-standardized prevalence,Nova Scotia,Both sexes,Total,1+,2023–2024,0.73,0.0079,0.71,0.74,1.09,8595.0,1149030.0,Neurology,Pediatrics,Multi_specialty,Neurologic condition with relevance to pediatric care because epilepsy also occurs in children,Nova Scotia,Neurology,1056200,33,3.124408256012119,13474.0,408.3030303030303,0.19614617424671657,41.0,1+,38.0,45.0,Available,Available,0.09090909090909091,Lower relative prevalence,0.16
Epilepsy,Age-standardized prevalence,New Brunswick,Both sexes,Total,1+,2023–2024,,,,,,,,Neurology,Pediatrics,Multi_specialty,Neurologic condition with relevance to pediatric care because epilepsy also occurs in children,New Brunswick,Neurology,835000,23,2.754491017964072,13623.0,592.304347826087,0.2845392348167474,,1+,,,Unavailable_for_geography,Available,,Evidence unavailable,0.26
Epilepsy,Age-standardized prevalence,Quebec,Both sexes,Total,1+,2023–2024,,,,,,,,Neurology,Pediatrics,Multi_specialty,Neurologic condition with relevance to pediatric care because epilepsy also occurs in children,Quebec,Neurology,8903100,290,3.257292403769473,590742.0,2037.0413793103448,0.978581699571122,,1+,,,Unavailable_for_geography,Available,,Evidence unavailable,0.86
Epilepsy,Age-standardized prevalence,Ontario,Both sexes,Total,1+,2023–2024,1.02,0.0025,1.02,1.03,0.24,168800.0,16398910.0,Neurology,Pediatrics,Multi_specialty,Neurologic condition with relevance to pediatric care because epilepsy also occurs in children,Ontario,Neurology,15788400,502,3.1795495427022376,967625.0,1927.5398406374504,0.92597785808389,63.0,1+,62.0,64.0,Available,Available,0.7272727272727273,Moderate relative prevalence,0.76
Epilepsy,Age-standardized prevalence,Manitoba,Both sexes,Total,1+,2023–2024,0.87,0.0077,0.85,0.88,0.89,12725.0,1501930.0,Neurology,Pediatrics,Multi_specialty,Neurologic condition with relevance to pediatric care because epilepsy also occurs in children,Manitoba,Neurology,1461000,43,2.943189596167009,89819.0,2088.813953488372,1.0034529143362627,66.0,1+,62.0,71.0,Available,Available,0.45454545454545453,Lower relative prevalence,0.96
Epilepsy,Age-standardized prevalence,Saskatchewan,Both sexes,Total,1+,2023–2024,0.86,0.0083,0.84,0.87,0.97,10860.0,1308595.0,Neurology,Pediatrics,Multi_specialty,Neurologic condition with relevance to pediatric care because epilepsy also occurs in children,Saskatchewan,Neurology,1217700,35,2.874271166954094,32112.0,917.4857142857144,0.4407542913644237,45.0,1+,41.0,49.0,Available,Available,0.36363636363636365,Lower relative prevalence,0.46
Epilepsy,Age-standardized prevalence,Alberta,Both sexes,Total,1+,2023–2024,0.93,0.0043,0.92,0.94,0.46,48340.0,5351835.0,Neurology,Pediatrics,Multi_specialty,Neurologic condition with relevance to pediatric care because epilepsy also occurs in children,Alberta,Neurology,4734700,206,4.350856442858047,187727.0,911.2961165048544,0.4377808480276436,56.0,1+,54.0,58.0,Available,Available,0.5454545454545454,Moderate relative prevalence,0.36
Epilepsy,Age-standardized prevalence,British Columbia,Both sexes,Total,1+,2023–2024,0.94,0.004,0.93,0.95,0.43,55505.0,5805150.0,Neurology,Pediatrics,Multi_specialty,Neurologic condition with relevance to pediatric care because epilepsy also occurs in children,British Columbia,Neurology,5585500,233,4.171515531286366,256049.0,1098.9227467811158,0.5279154857455619,70.0,1+,68.0,72.0,Available,Available,0.6363636363636364,Moderate relative prevalence,0.66
Epilepsy,Age-standardized prevalence,Yukon,Both sexes,Total,1+,2023–2024,0.81,0.0423,0.73,0.9,5.2,385.0,46975.0,Neurology,Pediatrics,Multi_specialty,Neurologic condition with relevance to pediatric care because epilepsy also occurs in children,Yukon,Neurology,45700,0,0.0,,,,64.0,1+,43.0,95.0,Available,Unavailable_due_to_service_volume,0.18181818181818182,Lower relative prevalence,
Epilepsy,Age-standardized prevalence,Northwest Territories,Both sexes,Total,1+,2023–2024,1.07,0.0532,0.97,1.19,4.98,440.0,44630.0,Neurology,Pediatrics,Multi_specialty,Neurologic condition with relevance to pediatric care because epilepsy also occurs in children,Northwest Territories,Neurology,44300,0,0.0,,,,82.0,1+,56.0,128.0,Available,Unavailable_due_to_service_volume,0.8181818181818182,High relative prevalence,
Epilepsy,Age-standardized prevalence,Nunavut,Both sexes,Total,1+,2023–2024,1.91,0.0789,1.76,2.11,4.13,745.0,42260.0,Neurology,Pediatrics,Multi_specialty,Neurologic condition with relevance to pediatric care because epilepsy also occurs in children,Nunavut,Neurology,40900,0,0.0,,,,86.0,1+,58.0,187.0,Available,Unavailable_due_to_service_volume,1.0,High relative prevalence,
"Dementia, including Alzheimer disease",Age-standardized prevalence,Newfoundland and Labrador,Both sexes,Total,65+,2023–2024,4.13,0.0576,4.02,4.24,1.39,5285.0,137725.0,Neurology,Psychiatry,Multi_specialty,Neurologic condition with additional behavioral and psychiatric management relevance,Newfoundland and Labrador,Neurology,540500,12,2.2201665124884364,12144.0,1012.0,0.4861583520219197,1193.0,65+,1131.0,1258.0,Available,Available,0.16666666666666666,Lower relative prevalence,0.56
"Dementia, including Alzheimer disease",Age-standardized prevalence,Prince Edward Island,Both sexes,Total,65+,2023–2024,5.18,0.1169,4.95,5.41,2.26,1970.0,38060.0,Neurology,Psychiatry,Multi_specialty,Neurologic condition with additional behavioral and psychiatric management relevance,Prince Edward Island,Neurology,175800,3,1.706484641638225,0.0,0.0,0.0,1153.0,65+,1042.0,1273.0,Available,Available,0.5,Moderate relative prevalence,0.06
"Dementia, including Alzheimer disease",Age-standardized prevalence,Nova Scotia,Both sexes,Total,65+,2023–2024,5.04,0.0438,4.96,5.13,0.87,13305.0,260000.0,Neurology,Psychiatry,Multi_specialty,Neurologic condition with additional behavioral and psychiatric management relevance,Nova Scotia,Neurology,1056200,33,3.124408256012119,13474.0,408.3030303030303,0.19614617424671657,1243.0,65+,1198.0,1288.0,Available,Available,0.4166666666666667,Lower relative prevalence,0.16
"Dementia, including Alzheimer disease",Age-standardized prevalence,New Brunswick,Both sexes,Total,65+,2023–2024,,,,,,,,Neurology,Psychiatry,Multi_specialty,Neurologic condition with additional behavioral and psychiatric management relevance,New Brunswick,Neurology,835000,23,2.754491017964072,13623.0,592.304347826087,0.2845392348167474,,65+,,,Unavailable_for_geography,Available,,Evidence unavailable,0.26
"Dementia, including Alzheimer disease",Age-standardized prevalence,Quebec,Both sexes,Total,65+,2023–2024,5.84,0.0168,5.81,5.87,0.29,121240.0,1961855.0,Neurology,Psychiatry,Multi_specialty,Neurologic condition with additional behavioral and psychiatric management relevance,Quebec,Neurology,8903100,290,3.257292403769473,590742.0,2037.0413793103448,0.978581699571122,1367.0,65+,1350.0,1384.0,Available,Available,0.9166666666666666,High relative prevalence,0.86
"Dementia, including Alzheimer disease",Age-standardized prevalence,Ontario,Both sexes,Total,65+,2023–2024,5.99,0.0131,5.96,6.01,0.22,211450.0,3204005.0,Neurology,Psychiatry,Multi_specialty,Neurologic condition with additional behavioral and psychiatric management relevance,Ontario,Neurology,15788400,502,3.1795495427022376,967625.0,1927.5398406374504,0.92597785808389,1332.0,65+,1319.0,1345.0,Available,Available,1.0,High relative prevalence,0.76
"Dementia, including Alzheimer disease",Age-standardized prevalence,Manitoba,Both sexes,Total,65+,2023–2024,5.57,0.0447,5.48,5.66,0.8,15680.0,264085.0,Neurology,Psychiatry,Multi_specialty,Neurologic condition with additional behavioral and psychiatric management relevance,Manitoba,Neurology,1461000,43,2.943189596167009,89819.0,2088.813953488372,1.0034529143362627,1398.0,65+,1352.0,1446.0,Available,Available,0.6666666666666666,Moderate relative prevalence,0.96
"Dementia, including Alzheimer disease",Age-standardized prevalence,Saskatchewan,Both sexes,Total,65+,2023–2024,4.67,0.0443,4.58,4.76,0.95,11255.0,227045.0,Neurology,Psychiatry,Multi_specialty,Neurologic condition with additional behavioral and psychiatric management relevance,Saskatchewan,Neurology,1217700,35,2.874271166954094,32112.0,917.4857142857144,0.4407542913644237,1085.0,65+,1041.0,1130.0,Available,Available,0.25,Lower relative prevalence,0.46
"Dementia, including Alzheimer disease",Age-standardized prevalence,Alberta,Both sexes,Total,65+,2023–2024,5.74,0.0265,5.69,5.79,0.46,47315.0,826185.0,Neurology,Psychiatry,Multi_specialty,Neurologic condition with additional behavioral and psychiatric management relevance,Alberta,Neurology,4734700,206,4.350856442858047,187727.0,911.2961165048544,0.4377808480276436,1313.0,65+,1287.0,1340.0,Available,Available,0.8333333333333334,High relative prevalence,0.36
"Dementia, including Alzheimer disease",Age-standardized prevalence,British Columbia,Both sexes,Total,65+,2023–2024,5.55,0.0208,5.51,5.59,0.37,71885.0,1200320.0,Neurology,Psychiatry,Multi_specialty,Neurologic condition with additional behavioral and psychiatric management relevance,British Columbia,Neurology,5585500,233,4.171515531286366,256049.0,1098.9227467811158,0.5279154857455619,1348.0,65+,1327.0,1370.0,Available,Available,0.5833333333333334,Moderate relative prevalence,0.66
"Dementia, including Alzheimer disease",Age-standardized prevalence,Yukon,Both sexes,Total,65+,2023–2024,5.6,0.3297,4.97,6.29,5.89,310.0,7410.0,Neurology,Psychiatry,Multi_specialty,Neurologic condition with additional behavioral and psychiatric management relevance,Yukon,Neurology,45700,0,0.0,,,,1550.0,65+,1213.0,1966.0,Available,Unavailable_due_to_service_volume,0.75,High relative prevalence,
"Dementia, including Alzheimer disease",Age-standardized prevalence,Northwest Territories,Both sexes,Total,65+,2023–2024,4.82,0.3806,4.1,5.65,7.9,175.0,5115.0,Neurology,Psychiatry,Multi_specialty,Neurologic condition with additional behavioral and psychiatric management relevance,Northwest Territories,Neurology,44300,0,0.0,,,,1122.0,65+,767.0,1614.0,Available,Unavailable_due_to_service_volume,0.3333333333333333,Lower relative prevalence,
"Dementia, including Alzheimer disease",Age-standardized prevalence,Nunavut,Both sexes,Total,65+,2023–2024,2.86,0.5143,1.94,4.15,17.99,40.0,2370.0,Neurology,Psychiatry,Multi_specialty,Neurologic condition with additional behavioral and psychiatric management relevance,Nunavut,Neurology,40900,0,0.0,,,,,65+,,,Unavailable_for_geography,Unavailable_due_to_service_volume,0.08333333333333333,Lower relative prevalence,
Heart failure,Age-standardized prevalence,Newfoundland and Labrador,Both sexes,Total,40+,2023–2024,3.81,0.0328,3.75,3.88,0.86,13785.0,332780.0,Cardiology,Internal Medicine,Direct,Cardiovascular condition with broader medical management relevance,Newfoundland and Labrador,Cardiology,540500,18,3.330249768732655,26674.0,1481.888888888889,0.7118899803377627,521.0,40+,496.0,547.0,Available,Available,0.5,Moderate relative prevalence,0.18518518518518517
Heart failure,Age-standardized prevalence,Prince Edward Island,Both sexes,Total,40+,2023–2024,3.08,0.0547,2.97,3.19,1.78,3190.0,95110.0,Cardiology,Internal Medicine,Direct,Cardiovascular condition with broader medical management relevance,Prince Edward Island,Cardiology,175800,2,1.1376564277588168,,,,542.0,40+,496.0,591.0,Available,Unavailable_due_to_service_volume,0.16666666666666666,Lower relative prevalence,
Heart failure,Age-standardized prevalence,Nova Scotia,Both sexes,Total,40+,2023–2024,2.95,0.0204,2.91,2.99,0.69,21005.0,651245.0,Cardiology,Internal Medicine,Direct,Cardiovascular condition with broader medical management relevance,Nova Scotia,Cardiology,1056200,54,5.112668055292558,18560.0,343.7037037037037,0.16511306934429126,548.0,40+,530.0,566.0,Available,Available,0.08333333333333333,Lower relative prevalence,0.07407407407407407
Heart failure,Age-standardized prevalence,New Brunswick,Both sexes,Total,40+,2023–2024,,,,,,,,Cardiology,Internal Medicine,Direct,Cardiovascular condition with broader medical management relevance,New Brunswick,Cardiology,835000,35,4.191616766467066,58079.0,1659.4,0.7971651870999739,,40+,,,Unavailable_for_geography,Available,,Evidence unavailable,0.2962962962962963
Heart failure,Age-standardized prevalence,Quebec,Both sexes,Total,40+,2023–2024,3.63,0.0082,3.61,3.65,0.23,196480.0,4819585.0,Cardiology,Internal Medicine,Direct,Cardiovascular condition with broader medical management relevance,Quebec,Cardiology,8903100,472,5.301524188204109,1557734.0,3300.2838983050847,1.5854353569214197,579.0,40+,572.0,586.0,Available,Available,0.25,Lower relative prevalence,0.9629629629629629
Heart failure,Age-standardized prevalence,Ontario,Both sexes,Total,40+,2023–2024,3.64,0.0063,3.63,3.65,0.17,335880.0,8576015.0,Cardiology,Internal Medicine,Direct,Cardiovascular condition with broader medical management relevance,Ontario,Cardiology,15788400,671,4.249955663651795,1850902.0,2758.4232488822654,1.325128953414577,671.0,40+,665.0,676.0,Available,Available,0.3333333333333333,Lower relative prevalence,0.7407407407407407
Heart failure,Age-standardized prevalence,Manitoba,Both sexes,Total,40+,2023–2024,4.13,0.0236,4.09,4.18,0.57,30920.0,720445.0,Cardiology,Internal Medicine,Direct,Cardiovascular condition with broader medical management relevance,Manitoba,Cardiology,1461000,42,2.8747433264887063,113730.0,2707.8571428571427,1.3008373182630557,729.0,40+,709.0,750.0,Available,Available,0.75,High relative prevalence,0.6296296296296297
Heart failure,Age-standardized prevalence,Saskatchewan,Both sexes,Total,40+,2023–2024,3.7,0.0241,3.65,3.74,0.65,23755.0,622080.0,Cardiology,Internal Medicine,Direct,Cardiovascular condition with broader medical management relevance,Saskatchewan,Cardiology,1217700,37,3.038515233637185,85481.0,2310.297297297297,1.1098521015165503,578.0,40+,559.0,598.0,Available,Available,0.4166666666666667,Lower relative prevalence,0.4074074074074074
Heart failure,Age-standardized prevalence,Alberta,Both sexes,Total,40+,2023–2024,3.91,0.013,3.89,3.94,0.33,90955.0,2559655.0,Cardiology,Internal Medicine,Direct,Cardiovascular condition with broader medical management relevance,Alberta,Cardiology,4734700,167,3.527150611443175,472844.0,2831.4011976047905,1.3601870950004296,658.0,40+,647.0,669.0,Available,Available,0.5833333333333334,Moderate relative prevalence,0.8518518518518519
Heart failure,Age-standardized prevalence,British Columbia,Both sexes,Total,40+,2023–2024,4.24,0.0113,4.21,4.26,0.27,143400.0,3057505.0,Cardiology,Internal Medicine,Direct,Cardiovascular condition with broader medical management relevance,British Columbia,Cardiology,5585500,176,3.15101602363262,449957.0,2556.5738636363635,1.228161794829809,711.0,40+,702.0,721.0,Available,Available,0.8333333333333334,High relative prevalence,0.5185185185185185
Heart failure,Age-standardized prevalence,Yukon,Both sexes,Total,40+,2023–2024,4.28,0.1589,3.98,4.61,3.71,790.0,23065.0,Cardiology,Internal Medicine,Direct,Cardiovascular condition with broader medical management relevance,Yukon,Cardiology,45700,0,0.0,,,,820.0,40+,675.0,993.0,Available,Unavailable_due_to_service_volume,0.9166666666666666,High relative prevalence,
Heart failure,Age-standardized prevalence,Northwest Territories,Both sexes,Total,40+,2023–2024,4.02,0.1851,3.67,4.41,4.6,560.0,19890.0,Cardiology,Internal Medicine,Direct,Cardiovascular condition with broader medical management relevance,Northwest Territories,Cardiology,44300,0,0.0,,,,526.0,40+,399.0,699.0,Available,Unavailable_due_to_service_volume,0.6666666666666666,Moderate relative prevalence,
Heart failure,Age-standardized prevalence,Nunavut,Both sexes,Total,40+,2023–2024,6.52,0.3562,5.85,7.31,5.46,515.0,13175.0,Cardiology,Internal Medicine,Direct,Cardiovascular condition with broader medical management relevance,Nunavut,Cardiology,40900,0,0.0,,,,757.0,40+,548.0,1109.0,Available,Unavailable_due_to_service_volume,1.0,High relative prevalence,
Hypertension,Age-standardized prevalence,Newfoundland and Labrador,Both sexes,Total,20+,2023–2024,31.05,0.0775,30.9,31.2,0.25,164380.0,456840.0,Internal Medicine,Cardiology,Multi_specialty,Broad adult medical condition with cardiovascular management relevance,Newfoundland and Labrador,Internal Medicine,540500,64,11.840888066604997,204038.0,3188.09375,1.531539924497413,2667.0,20+,2590.0,2747.0,Available,Available,0.9166666666666666,High relative prevalence,0.35833333333333334
Hypertension,Age-standardized prevalence,Prince Edward Island,Both sexes,Total,20+,2023–2024,25.5,0.1301,25.25,25.76,0.51,38835.0,144770.0,Internal Medicine,Cardiology,Multi_specialty,Broad adult medical condition with cardiovascular management relevance,Prince Edward Island,Internal Medicine,175800,17,9.670079635949945,10509.0,618.1764705882352,0.29696803774693986,2595.0,20+,2473.0,2724.0,Available,Available,0.5833333333333334,Moderate relative prevalence,0.058333333333333334
Hypertension,Age-standardized prevalence,Nova Scotia,Both sexes,Total,20+,2023–2024,26.84,0.051,26.74,26.94,0.19,279305.0,950925.0,Internal Medicine,Cardiology,Multi_specialty,Broad adult medical condition with cardiovascular management relevance,Nova Scotia,Internal Medicine,1056200,98,9.278545729975384,145180.0,1481.428571428571,0.7116688467627479,2608.0,20+,2561.0,2656.0,Available,Available,0.75,High relative prevalence,0.15833333333333333
Hypertension,Age-standardized prevalence,New Brunswick,Both sexes,Total,20+,2023–2024,,,,,,,,Internal Medicine,Cardiology,Multi_specialty,Broad adult medical condition with cardiovascular management relevance,New Brunswick,Internal Medicine,835000,70,8.383233532934131,221150.0,3159.285714285714,1.5177007276912413,,20+,,,Unavailable_for_geography,Available,,Evidence unavailable,0.25833333333333336
Hypertension,Age-standardized prevalence,Quebec,Both sexes,Total,20+,2023–2024,20.65,0.0163,20.62,20.68,0.08,1623750.0,6976160.0,Internal Medicine,Cardiology,Multi_specialty,Broad adult medical condition with cardiovascular management relevance,Quebec,Internal Medicine,8903100,945,10.614280419179837,7159196.0,7575.868783068783,3.6393990935879703,1560.0,20+,1547.0,1573.0,Available,Available,0.08333333333333333,Lower relative prevalence,0.7583333333333333
Hypertension,Age-standardized prevalence,Ontario,Both sexes,Total,20+,2023–2024,25.08,0.0137,25.06,25.11,0.05,3364045.0,13234780.0,Internal Medicine,Cardiology,Multi_specialty,Broad adult medical condition with cardiovascular management relevance,Ontario,Internal Medicine,15788400,1734,10.982746826784222,13644203.0,7868.6291810841985,3.780039323465891,2283.0,20+,2271.0,2295.0,Available,Available,0.5,Moderate relative prevalence,0.9583333333333334
Hypertension,Age-standardized prevalence,Manitoba,Both sexes,Total,20+,2023–2024,31.23,0.0533,31.12,31.33,0.17,345830.0,1151160.0,Internal Medicine,Cardiology,Multi_specialty,Broad adult medical condition with cardiovascular management relevance,Manitoba,Internal Medicine,1461000,126,8.624229979466119,964395.0,7653.928571428572,3.676898518556522,3531.0,20+,3475.0,3588.0,Available,Available,1.0,High relative prevalence,0.8583333333333333
Hypertension,Age-standardized prevalence,Saskatchewan,Both sexes,Total,20+,2023–2024,27.33,0.0539,27.23,27.44,0.2,259600.0,991795.0,Internal Medicine,Cardiology,Multi_specialty,Broad adult medical condition with cardiovascular management relevance,Saskatchewan,Internal Medicine,1217700,117,9.608277900960829,489055.0,4179.957264957265,2.008024837404817,2877.0,20+,2824.0,2932.0,Available,Available,0.8333333333333334,High relative prevalence,0.4583333333333333
Hypertension,Age-standardized prevalence,Alberta,Both sexes,Total,20+,2023–2024,26.42,0.0269,26.37,26.48,0.1,979145.0,4147820.0,Internal Medicine,Cardiology,Multi_specialty,Broad adult medical condition with cardiovascular management relevance,Alberta,Internal Medicine,4734700,521,11.003865081208946,2652189.0,5090.573896353167,2.4454792651154724,2793.0,20+,2767.0,2819.0,Available,Available,0.6666666666666666,Moderate relative prevalence,0.6583333333333333
Hypertension,Age-standardized prevalence,British Columbia,Both sexes,Total,20+,2023–2024,24.15,0.0224,24.1,24.19,0.09,1174755.0,4767375.0,Internal Medicine,Cardiology,Multi_specialty,Broad adult medical condition with cardiovascular management relevance,British Columbia,Internal Medicine,5585500,673,12.049055590367916,2850985.0,4236.233283803864,2.035059478294952,2632.0,20+,2611.0,2654.0,Available,Available,0.25,Lower relative prevalence,0.5583333333333333
Hypertension,Age-standardized prevalence,Yukon,Both sexes,Total,20+,2023–2024,24.31,0.2797,23.77,24.87,1.15,8015.0,37815.0,Internal Medicine,Cardiology,Multi_specialty,Broad adult medical condition with cardiovascular management relevance,Yukon,Internal Medicine,45700,0,0.0,,,,3204.0,20+,2887.0,3569.0,Available,Unavailable_due_to_service_volume,0.4166666666666667,Lower relative prevalence,
Hypertension,Age-standardized prevalence,Northwest Territories,Both sexes,Total,20+,2023–2024,23.88,0.3229,23.25,24.53,1.35,6290.0,33585.0,Internal Medicine,Cardiology,Multi_specialty,Broad adult medical condition with cardiovascular management relevance,Northwest Territories,Internal Medicine,44300,1,2.257336343115124,,,,2367.0,20+,2091.0,2764.0,Available,Unavailable_due_to_service_volume,0.16666666666666666,Lower relative prevalence,
Hypertension,Age-standardized prevalence,Nunavut,Both sexes,Total,20+,2023–2024,24.16,0.4893,23.21,25.17,2.03,3705.0,26370.0,Internal Medicine,Cardiology,Multi_specialty,Broad adult medical condition with cardiovascular management relevance,Nunavut,Internal Medicine,40900,0,0.0,,,,1515.0,20+,1117.0,2831.0,Available,Unavailable_due_to_service_volume,0.3333333333333333,Lower relative prevalence,
Ischemic heart disease,Age-standardized prevalence,Newfoundland and Labrador,Both sexes,Total,20+,2023–2024,7.59,0.0374,7.51,7.66,0.49,41915.0,456840.0,Cardiology,Internal Medicine,Direct,Cardiovascular condition with primary relevance to cardiology,Newfoundland and Labrador,Cardiology,540500,18,3.330249768732655,26674.0,1481.888888888889,0.7118899803377627,531.0,20+,509.0,553.0,Available,Available,0.6666666666666666,Moderate relative prevalence,0.18518518518518517
Ischemic heart disease,Age-standardized prevalence,Prince Edward Island,Both sexes,Total,20+,2023–2024,5.97,0.062,5.85,6.09,1.04,9355.0,144765.0,Cardiology,Internal Medicine,Direct,Cardiovascular condition with primary relevance to cardiology,Prince Edward Island,Cardiology,175800,2,1.1376564277588168,,,,416.0,20+,381.0,452.0,Available,Unavailable_due_to_service_volume,0.16666666666666666,Lower relative prevalence,
Ischemic heart disease,Age-standardized prevalence,Nova Scotia,Both sexes,Total,20+,2023–2024,6.66,0.025,6.61,6.71,0.38,71465.0,950930.0,Cardiology,Internal Medicine,Direct,Cardiovascular condition with primary relevance to cardiology,Nova Scotia,Cardiology,1056200,54,5.112668055292558,18560.0,343.7037037037037,0.16511306934429126,423.0,20+,409.0,436.0,Available,Available,0.4166666666666667,Lower relative prevalence,0.07407407407407407
Ischemic heart disease,Age-standardized prevalence,New Brunswick,Both sexes,Total,20+,2023–2024,,,,,,,,Cardiology,Internal Medicine,Direct,Cardiovascular condition with primary relevance to cardiology,New Brunswick,Cardiology,835000,35,4.191616766467066,58079.0,1659.4,0.7971651870999739,,20+,,,Unavailable_for_geography,Available,,Evidence unavailable,0.2962962962962963
Ischemic heart disease,Age-standardized prevalence,Quebec,Both sexes,Total,20+,2023–2024,8.01,0.01,7.99,8.03,0.13,645885.0,6976165.0,Cardiology,Internal Medicine,Direct,Cardiovascular condition with primary relevance to cardiology,Quebec,Cardiology,8903100,472,5.301524188204109,1557734.0,3300.2838983050847,1.5854353569214197,625.0,20+,619.0,632.0,Available,Available,0.9166666666666666,High relative prevalence,0.9629629629629629
Ischemic heart disease,Age-standardized prevalence,Ontario,Both sexes,Total,20+,2023–2024,7.94,0.0077,7.92,7.95,0.1,1082410.0,13234780.0,Cardiology,Internal Medicine,Direct,Cardiovascular condition with primary relevance to cardiology,Ontario,Cardiology,15788400,671,4.249955663651795,1850902.0,2758.4232488822654,1.325128953414577,557.0,20+,552.0,561.0,Available,Available,0.75,High relative prevalence,0.7407407407407407
Ischemic heart disease,Age-standardized prevalence,Manitoba,Both sexes,Total,20+,2023–2024,6.39,0.024,6.35,6.44,0.38,71525.0,1151155.0,Cardiology,Internal Medicine,Direct,Cardiovascular condition with primary relevance to cardiology,Manitoba,Cardiology,1461000,42,2.8747433264887063,113730.0,2707.8571428571427,1.3008373182630557,511.0,20+,497.0,526.0,Available,Available,0.25,Lower relative prevalence,0.6296296296296297
Ischemic heart disease,Age-standardized prevalence,Saskatchewan,Both sexes,Total,20+,2023–2024,7.23,0.0276,7.18,7.29,0.38,69220.0,991795.0,Cardiology,Internal Medicine,Direct,Cardiovascular condition with primary relevance to cardiology,Saskatchewan,Cardiology,1217700,37,3.038515233637185,85481.0,2310.297297297297,1.1098521015165503,518.0,20+,502.0,534.0,Available,Available,0.5833333333333334,Moderate relative prevalence,0.4074074074074074
Ischemic heart disease,Age-standardized prevalence,Alberta,Both sexes,Total,20+,2023–2024,8.07,0.015,8.04,8.1,0.19,292825.0,4147815.0,Cardiology,Internal Medicine,Direct,Cardiovascular condition with primary relevance to cardiology,Alberta,Cardiology,4734700,167,3.527150611443175,472844.0,2831.4011976047905,1.3601870950004296,736.0,20+,727.0,746.0,Available,Available,1.0,High relative prevalence,0.8518518518518519
Ischemic heart disease,Age-standardized prevalence,British Columbia,Both sexes,Total,20+,2023–2024,7.97,0.0128,7.95,8.0,0.16,395575.0,4767375.0,Cardiology,Internal Medicine,Direct,Cardiovascular condition with primary relevance to cardiology,British Columbia,Cardiology,5585500,176,3.15101602363262,449957.0,2556.5738636363635,1.228161794829809,812.0,20+,803.0,821.0,Available,Available,0.8333333333333334,High relative prevalence,0.5185185185185185
Ischemic heart disease,Age-standardized prevalence,Yukon,Both sexes,Total,20+,2023–2024,4.95,0.1312,4.69,5.22,2.65,1530.0,37815.0,Cardiology,Internal Medicine,Direct,Cardiovascular condition with primary relevance to cardiology,Yukon,Cardiology,45700,0,0.0,,,,473.0,20+,392.0,571.0,Available,Unavailable_due_to_service_volume,0.08333333333333333,Lower relative prevalence,
Ischemic heart disease,Age-standardized prevalence,Northwest Territories,Both sexes,Total,20+,2023–2024,6.8,0.1837,6.45,7.18,2.7,1590.0,33585.0,Cardiology,Internal Medicine,Direct,Cardiovascular condition with primary relevance to cardiology,Northwest Territories,Cardiology,44300,0,0.0,,,,491.0,20+,388.0,628.0,Available,Unavailable_due_to_service_volume,0.5,Moderate relative prevalence,
Ischemic heart disease,Age-standardized prevalence,Nunavut,Both sexes,Total,20+,2023–2024,6.5,0.2732,5.98,7.09,4.2,855.0,26365.0,Cardiology,Internal Medicine,Direct,Cardiovascular condition with primary relevance to cardiology,Nunavut,Cardiology,40900,0,0.0,,,,549.0,20+,384.0,833.0,Available,Unavailable_due_to_service_volume,0.3333333333333333,Lower relative prevalence,
Stroke,Age-standardized prevalence,Newfoundland and Labrador,Both sexes,Total,20+,2023–2024,2.33,0.0209,2.29,2.37,0.9,12695.0,456840.0,Neurology,Internal Medicine,Multi_specialty,Neurologic condition with broader medical management relevance,Newfoundland and Labrador,Neurology,540500,12,2.2201665124884364,12144.0,1012.0,0.4861583520219197,264.0,20+,250.0,279.0,Available,Available,0.25,Lower relative prevalence,0.56
Stroke,Age-standardized prevalence,Prince Edward Island,Both sexes,Total,20+,2023–2024,3.33,0.0464,3.24,3.43,1.39,5220.0,144770.0,Neurology,Internal Medicine,Multi_specialty,Neurologic condition with broader medical management relevance,Prince Edward Island,Neurology,175800,3,1.706484641638225,0.0,0.0,0.0,332.0,20+,302.0,363.0,Available,Available,0.9166666666666666,High relative prevalence,0.06
Stroke,Age-standardized prevalence,Nova Scotia,Both sexes,Total,20+,2023–2024,2.01,0.0137,1.98,2.04,0.68,21640.0,950930.0,Neurology,Internal Medicine,Multi_specialty,Neurologic condition with broader medical management relevance,Nova Scotia,Neurology,1056200,33,3.124408256012119,13474.0,408.3030303030303,0.19614617424671657,208.0,20+,199.0,217.0,Available,Available,0.08333333333333333,Lower relative prevalence,0.16
Stroke,Age-standardized prevalence,New Brunswick,Both sexes,Total,20+,2023–2024,,,,,,,,Neurology,Internal Medicine,Multi_specialty,Neurologic condition with broader medical management relevance,New Brunswick,Neurology,835000,23,2.754491017964072,13623.0,592.304347826087,0.2845392348167474,,20+,,,Unavailable_for_geography,Available,,Evidence unavailable,0.26
Stroke,Age-standardized prevalence,Quebec,Both sexes,Total,20+,2023–2024,2.7,0.0058,2.69,2.71,0.22,217175.0,6976165.0,Neurology,Internal Medicine,Multi_specialty,Neurologic condition with broader medical management relevance,Quebec,Neurology,8903100,290,3.257292403769473,590742.0,2037.0413793103448,0.978581699571122,289.0,20+,285.0,293.0,Available,Available,0.4166666666666667,Lower relative prevalence,0.86
Stroke,Age-standardized prevalence,Ontario,Both sexes,Total,20+,2023–2024,3.06,0.0047,3.05,3.07,0.15,423260.0,13234780.0,Neurology,Internal Medicine,Multi_specialty,Neurologic condition with broader medical management relevance,Ontario,Neurology,15788400,502,3.1795495427022376,967625.0,1927.5398406374504,0.92597785808389,322.0,20+,319.0,325.0,Available,Available,0.7083333333333334,Moderate relative prevalence,0.76
Stroke,Age-standardized prevalence,Manitoba,Both sexes,Total,20+,2023–2024,3.06,0.0165,3.02,3.09,0.54,34490.0,1151160.0,Neurology,Internal Medicine,Multi_specialty,Neurologic condition with broader medical management relevance,Manitoba,Neurology,1461000,43,2.943189596167009,89819.0,2088.813953488372,1.0034529143362627,358.0,20+,346.0,370.0,Available,Available,0.7083333333333334,Moderate relative prevalence,0.96
Stroke,Age-standardized prevalence,Saskatchewan,Both sexes,Total,20+,2023–2024,2.92,0.0175,2.89,2.96,0.6,28300.0,991790.0,Neurology,Internal Medicine,Multi_specialty,Neurologic condition with broader medical management relevance,Saskatchewan,Neurology,1217700,35,2.874271166954094,32112.0,917.4857142857144,0.4407542913644237,302.0,20+,291.0,314.0,Available,Available,0.5833333333333334,Moderate relative prevalence,0.46
Stroke,Age-standardized prevalence,Alberta,Both sexes,Total,20+,2023–2024,2.68,0.0087,2.67,2.7,0.32,97005.0,4147815.0,Neurology,Internal Medicine,Multi_specialty,Neurologic condition with broader medical management relevance,Alberta,Neurology,4734700,206,4.350856442858047,187727.0,911.2961165048544,0.4377808480276436,276.0,20+,270.0,282.0,Available,Available,0.3333333333333333,Lower relative prevalence,0.36
Stroke,Age-standardized prevalence,British Columbia,Both sexes,Total,20+,2023–2024,2.91,0.0076,2.9,2.93,0.26,147315.0,4767370.0,Neurology,Internal Medicine,Multi_specialty,Neurologic condition with broader medical management relevance,British Columbia,Neurology,5585500,233,4.171515531286366,256049.0,1098.9227467811158,0.5279154857455619,330.0,20+,325.0,336.0,Available,Available,0.5,Moderate relative prevalence,0.66
Stroke,Age-standardized prevalence,Yukon,Both sexes,Total,20+,2023–2024,2.29,0.0901,2.12,2.48,3.93,700.0,37810.0,Neurology,Internal Medicine,Multi_specialty,Neurologic condition with broader medical management relevance,Yukon,Neurology,45700,0,0.0,,,,291.0,20+,231.0,366.0,Available,Unavailable_due_to_service_volume,0.16666666666666666,Lower relative prevalence,
Stroke,Age-standardized prevalence,Northwest Territories,Both sexes,Total,20+,2023–2024,3.09,0.124,2.85,3.35,4.01,725.0,33580.0,Neurology,Internal Medicine,Multi_specialty,Neurologic condition with broader medical management relevance,Northwest Territories,Neurology,44300,0,0.0,,,,335.0,20+,256.0,442.0,Available,Unavailable_due_to_service_volume,0.8333333333333334,High relative prevalence,
Stroke,Age-standardized prevalence,Nunavut,Both sexes,Total,20+,2023–2024,3.91,0.2004,3.52,4.35,5.13,570.0,26365.0,Neurology,Internal Medicine,Multi_specialty,Neurologic condition with broader medical management relevance,Nunavut,Neurology,40900,0,0.0,,,,288.0,20+,191.0,478.0,Available,Unavailable_due_to_service_volume,1.0,High relative prevalence,
Asthma,Age-standardized prevalence,Newfoundland and Labrador,Both sexes,Total,1+,2023–2024,11.55,0.0475,11.45,11.64,0.41,61265.0,550535.0,Internal Medicine,Pediatrics,Closest_available,No respirology specialty is available in the market dataset; Internal Medicine provides the closest adult medical category with pediatric relevance,Newfoundland and Labrador,Internal Medicine,540500,64,11.840888066604997,204038.0,3188.09375,1.531539924497413,355.0,1+,338.0,373.0,Available,Available,0.8333333333333334,High relative prevalence,0.35833333333333334
Asthma,Age-standardized prevalence,Prince Edward Island,Both sexes,Total,1+,2023–2024,10.71,0.0776,10.56,10.86,0.72,19200.0,178460.0,Internal Medicine,Pediatrics,Closest_available,No respirology specialty is available in the market dataset; Internal Medicine provides the closest adult medical category with pediatric relevance,Prince Edward Island,Internal Medicine,175800,17,9.670079635949945,10509.0,618.1764705882352,0.29696803774693986,368.0,1+,338.0,399.0,Available,Available,0.5,Moderate relative prevalence,0.058333333333333334
Asthma,Age-standardized prevalence,Nova Scotia,Both sexes,Total,1+,2023–2024,11.01,0.0312,10.95,11.07,0.28,126355.0,1149030.0,Internal Medicine,Pediatrics,Closest_available,No respirology specialty is available in the market dataset; Internal Medicine provides the closest adult medical category with pediatric relevance,Nova Scotia,Internal Medicine,1056200,98,9.278545729975384,145180.0,1481.428571428571,0.7116688467627479,299.0,1+,289.0,311.0,Available,Available,0.5833333333333334,Moderate relative prevalence,0.15833333333333333
Asthma,Age-standardized prevalence,New Brunswick,Both sexes,Total,1+,2023–2024,,,,,,,,Internal Medicine,Pediatrics,Closest_available,No respirology specialty is available in the market dataset; Internal Medicine provides the closest adult medical category with pediatric relevance,New Brunswick,Internal Medicine,835000,70,8.383233532934131,221150.0,3159.285714285714,1.5177007276912413,,1+,,,Unavailable_for_geography,Available,,Evidence unavailable,0.25833333333333336
Asthma,Age-standardized prevalence,Quebec,Both sexes,Total,1+,2023–2024,11.42,0.0116,11.4,11.45,0.1,990605.0,8752780.0,Internal Medicine,Pediatrics,Closest_available,No respirology specialty is available in the market dataset; Internal Medicine provides the closest adult medical category with pediatric relevance,Quebec,Internal Medicine,8903100,945,10.614280419179837,7159196.0,7575.868783068783,3.6393990935879703,343.0,1+,339.0,347.0,Available,Available,0.75,High relative prevalence,0.7583333333333333
Asthma,Age-standardized prevalence,Ontario,Both sexes,Total,1+,2023–2024,13.08,0.0089,13.06,13.09,0.07,2149220.0,16398910.0,Internal Medicine,Pediatrics,Closest_available,No respirology specialty is available in the market dataset; Internal Medicine provides the closest adult medical category with pediatric relevance,Ontario,Internal Medicine,15788400,1734,10.982746826784222,13644203.0,7868.6291810841985,3.780039323465891,487.0,1+,484.0,491.0,Available,Available,0.9166666666666666,High relative prevalence,0.9583333333333334
Asthma,Age-standardized prevalence,Manitoba,Both sexes,Total,1+,2023–2024,13.16,0.0298,13.1,13.21,0.23,196510.0,1501935.0,Internal Medicine,Pediatrics,Closest_available,No respirology specialty is available in the market dataset; Internal Medicine provides the closest adult medical category with pediatric relevance,Manitoba,Internal Medicine,1461000,126,8.624229979466119,964395.0,7653.928571428572,3.676898518556522,561.0,1+,548.0,573.0,Available,Available,1.0,High relative prevalence,0.8583333333333333
Asthma,Age-standardized prevalence,Saskatchewan,Both sexes,Total,1+,2023–2024,11.28,0.0296,11.22,11.34,0.26,147590.0,1308590.0,Internal Medicine,Pediatrics,Closest_available,No respirology specialty is available in the market dataset; Internal Medicine provides the closest adult medical category with pediatric relevance,Saskatchewan,Internal Medicine,1217700,117,9.608277900960829,489055.0,4179.957264957265,2.008024837404817,426.0,1+,414.0,438.0,Available,Available,0.6666666666666666,Moderate relative prevalence,0.4583333333333333
Asthma,Age-standardized prevalence,Alberta,Both sexes,Total,1+,2023–2024,10.54,0.0142,10.52,10.57,0.14,560615.0,5351835.0,Internal Medicine,Pediatrics,Closest_available,No respirology specialty is available in the market dataset; Internal Medicine provides the closest adult medical category with pediatric relevance,Alberta,Internal Medicine,4734700,521,11.003865081208946,2652189.0,5090.573896353167,2.4454792651154724,379.0,1+,373.0,384.0,Available,Available,0.4166666666666667,Lower relative prevalence,0.6583333333333333
Asthma,Age-standardized prevalence,British Columbia,Both sexes,Total,1+,2023–2024,9.8,0.013,9.77,9.82,0.13,573705.0,5805145.0,Internal Medicine,Pediatrics,Closest_available,No respirology specialty is available in the market dataset; Internal Medicine provides the closest adult medical category with pediatric relevance,British Columbia,Internal Medicine,5585500,673,12.049055590367916,2850985.0,4236.233283803864,2.035059478294952,386.0,1+,380.0,391.0,Available,Available,0.3333333333333333,Lower relative prevalence,0.5583333333333333
Asthma,Age-standardized prevalence,Yukon,Both sexes,Total,1+,2023–2024,7.6,0.1307,7.34,7.86,1.72,3500.0,46970.0,Internal Medicine,Pediatrics,Closest_available,No respirology specialty is available in the market dataset; Internal Medicine provides the closest adult medical category with pediatric relevance,Yukon,Internal Medicine,45700,0,0.0,,,,327.0,1+,274.0,390.0,Available,Unavailable_due_to_service_volume,0.16666666666666666,Lower relative prevalence,
Asthma,Age-standardized prevalence,Northwest Territories,Both sexes,Total,1+,2023–2024,8.53,0.1471,8.24,8.83,1.73,3685.0,44635.0,Internal Medicine,Pediatrics,Closest_available,No respirology specialty is available in the market dataset; Internal Medicine provides the closest adult medical category with pediatric relevance,Northwest Territories,Internal Medicine,44300,1,2.257336343115124,,,,393.0,1+,334.0,469.0,Available,Unavailable_due_to_service_volume,0.25,Lower relative prevalence,
Asthma,Age-standardized prevalence,Nunavut,Both sexes,Total,1+,2023–2024,4.49,0.1427,4.21,4.8,3.18,1715.0,42265.0,Internal Medicine,Pediatrics,Closest_available,No respirology specialty is available in the market dataset; Internal Medicine provides the closest adult medical category with pediatric relevance,Nunavut,Internal Medicine,40900,0,0.0,,,,116.0,1+,86.0,224.0,Available,Unavailable_due_to_service_volume,0.08333333333333333,Lower relative prevalence,
Chronic obstructive pulmonary disease,Age-standardized prevalence,Newfoundland and Labrador,Both sexes,Total,35+,2023–2024,10.41,0.0513,10.31,10.51,0.49,41920.0,366010.0,Internal Medicine,,Closest_available,No respirology specialty is available in the market dataset; Internal Medicine is the closest available adult medical category,Newfoundland and Labrador,Internal Medicine,540500,64,11.840888066604997,204038.0,3188.09375,1.531539924497413,716.0,35+,687.0,745.0,Available,Available,0.5833333333333334,Moderate relative prevalence,0.35833333333333334
Chronic obstructive pulmonary disease,Age-standardized prevalence,Prince Edward Island,Both sexes,Total,35+,2023–2024,10.18,0.0949,9.99,10.37,0.93,11620.0,106545.0,Internal Medicine,,Closest_available,No respirology specialty is available in the market dataset; Internal Medicine is the closest available adult medical category,Prince Edward Island,Internal Medicine,175800,17,9.670079635949945,10509.0,618.1764705882352,0.29696803774693986,699.0,35+,647.0,754.0,Available,Available,0.5,Moderate relative prevalence,0.058333333333333334
Chronic obstructive pulmonary disease,Age-standardized prevalence,Nova Scotia,Both sexes,Total,35+,2023–2024,10.95,0.0375,10.88,11.03,0.34,85850.0,731260.0,Internal Medicine,,Closest_available,No respirology specialty is available in the market dataset; Internal Medicine is the closest available adult medical category,Nova Scotia,Internal Medicine,1056200,98,9.278545729975384,145180.0,1481.428571428571,0.7116688467627479,637.0,35+,618.0,657.0,Available,Available,0.8333333333333334,High relative prevalence,0.15833333333333333
Chronic obstructive pulmonary disease,Age-standardized prevalence,New Brunswick,Both sexes,Total,35+,2023–2024,,,,,,,,Internal Medicine,,Closest_available,No respirology specialty is available in the market dataset; Internal Medicine is the closest available adult medical category,New Brunswick,Internal Medicine,835000,70,8.383233532934131,221150.0,3159.285714285714,1.5177007276912413,,35+,,,Unavailable_for_geography,Available,,Evidence unavailable,0.25833333333333336
Chronic obstructive pulmonary disease,Age-standardized prevalence,Quebec,Both sexes,Total,35+,2023–2024,8.98,0.0125,8.95,9.0,0.14,526090.0,5383140.0,Internal Medicine,,Closest_available,No respirology specialty is available in the market dataset; Internal Medicine is the closest available adult medical category,Quebec,Internal Medicine,8903100,945,10.614280419179837,7159196.0,7575.868783068783,3.6393990935879703,674.0,35+,667.0,682.0,Available,Available,0.08333333333333333,Lower relative prevalence,0.7583333333333333
Chronic obstructive pulmonary disease,Age-standardized prevalence,Ontario,Both sexes,Total,35+,2023–2024,9.54,0.0098,9.52,9.56,0.1,945650.0,9781605.0,Internal Medicine,,Closest_available,No respirology specialty is available in the market dataset; Internal Medicine is the closest available adult medical category,Ontario,Internal Medicine,15788400,1734,10.982746826784222,13644203.0,7868.6291810841985,3.780039323465891,575.0,35+,570.0,580.0,Available,Available,0.25,Lower relative prevalence,0.9583333333333334
Chronic obstructive pulmonary disease,Age-standardized prevalence,Manitoba,Both sexes,Total,35+,2023–2024,10.74,0.0364,10.67,10.81,0.34,87780.0,830330.0,Internal Medicine,,Closest_available,No respirology specialty is available in the market dataset; Internal Medicine is the closest available adult medical category,Manitoba,Internal Medicine,1461000,126,8.624229979466119,964395.0,7653.928571428572,3.676898518556522,766.0,35+,745.0,787.0,Available,Available,0.75,High relative prevalence,0.8583333333333333
Chronic obstructive pulmonary disease,Age-standardized prevalence,Saskatchewan,Both sexes,Total,35+,2023–2024,10.43,0.0388,10.35,10.51,0.37,72955.0,723500.0,Internal Medicine,,Closest_available,No respirology specialty is available in the market dataset; Internal Medicine is the closest available adult medical category,Saskatchewan,Internal Medicine,1217700,117,9.608277900960829,489055.0,4179.957264957265,2.008024837404817,822.0,35+,799.0,845.0,Available,Available,0.6666666666666666,Moderate relative prevalence,0.4583333333333333
Chronic obstructive pulmonary disease,Age-standardized prevalence,Alberta,Both sexes,Total,35+,2023–2024,9.14,0.0186,9.11,9.18,0.2,243815.0,3021565.0,Internal Medicine,,Closest_available,No respirology specialty is available in the market dataset; Internal Medicine is the closest available adult medical category,Alberta,Internal Medicine,4734700,521,11.003865081208946,2652189.0,5090.573896353167,2.4454792651154724,572.0,35+,562.0,582.0,Available,Available,0.16666666666666666,Lower relative prevalence,0.6583333333333333
Chronic obstructive pulmonary disease,Age-standardized prevalence,British Columbia,Both sexes,Total,35+,2023–2024,9.57,0.0164,9.54,9.6,0.17,346025.0,3502410.0,Internal Medicine,,Closest_available,No respirology specialty is available in the market dataset; Internal Medicine is the closest available adult medical category,British Columbia,Internal Medicine,5585500,673,12.049055590367916,2850985.0,4236.233283803864,2.035059478294952,565.0,35+,556.0,573.0,Available,Available,0.3333333333333333,Lower relative prevalence,0.5583333333333333
Chronic obstructive pulmonary disease,Age-standardized prevalence,Yukon,Both sexes,Total,35+,2023–2024,9.77,0.2087,9.37,10.2,2.14,2320.0,27490.0,Internal Medicine,,Closest_available,No respirology specialty is available in the market dataset; Internal Medicine is the closest available adult medical category,Yukon,Internal Medicine,45700,0,0.0,,,,1114.0,35+,969.0,1282.0,Available,Unavailable_due_to_service_volume,0.4166666666666667,Lower relative prevalence,
Chronic obstructive pulmonary disease,Age-standardized prevalence,Northwest Territories,Both sexes,Total,35+,2023–2024,12.42,0.2824,11.87,12.99,2.27,2240.0,23540.0,Internal Medicine,,Closest_available,No respirology specialty is available in the market dataset; Internal Medicine is the closest available adult medical category,Northwest Territories,Internal Medicine,44300,1,2.257336343115124,,,,726.0,35+,590.0,914.0,Available,Unavailable_due_to_service_volume,0.9166666666666666,High relative prevalence,
Chronic obstructive pulmonary disease,Age-standardized prevalence,Nunavut,Both sexes,Total,35+,2023–2024,20.53,0.5601,19.45,21.7,2.73,2040.0,16345.0,Internal Medicine,,Closest_available,No respirology specialty is available in the market dataset; Internal Medicine is the closest available adult medical category,Nunavut,Internal Medicine,40900,0,0.0,,,,790.0,35+,594.0,1809.0,Available,Unavailable_due_to_service_volume,1.0,High relative prevalence,
"Diabetes mellitus (types combined), excluding gestational diabetes",Age-standardized prevalence,Newfoundland and Labrador,Both sexes,Total,1+,2023–2024,10.2,0.0397,10.12,10.27,0.39,67705.0,550540.0,Internal Medicine,Pediatrics,Closest_available,Endocrinology is not available in the market dataset; Internal Medicine is the closest available adult medical category with pediatric relevance,Newfoundland and Labrador,Internal Medicine,540500,64,11.840888066604997,204038.0,3188.09375,1.531539924497413,696.0,1+,673.0,719.0,Available,Available,0.75,High relative prevalence,0.35833333333333334
"Diabetes mellitus (types combined), excluding gestational diabetes",Age-standardized prevalence,Prince Edward Island,Both sexes,Total,1+,2023–2024,8.58,0.0675,8.45,8.72,0.79,16380.0,178455.0,Internal Medicine,Pediatrics,Closest_available,Endocrinology is not available in the market dataset; Internal Medicine is the closest available adult medical category with pediatric relevance,Prince Edward Island,Internal Medicine,175800,17,9.670079635949945,10509.0,618.1764705882352,0.29696803774693986,583.0,1+,545.0,622.0,Available,Available,0.3333333333333333,Lower relative prevalence,0.058333333333333334
"Diabetes mellitus (types combined), excluding gestational diabetes",Age-standardized prevalence,Nova Scotia,Both sexes,Total,1+,2023–2024,9.01,0.0265,8.96,9.07,0.29,117270.0,950930.0,Internal Medicine,Pediatrics,Closest_available,Endocrinology is not available in the market dataset; Internal Medicine is the closest available adult medical category with pediatric relevance,Nova Scotia,Internal Medicine,1056200,98,9.278545729975384,145180.0,1481.428571428571,0.7116688467627479,650.0,1+,634.0,665.0,Available,Available,0.4166666666666667,Lower relative prevalence,0.15833333333333333
"Diabetes mellitus (types combined), excluding gestational diabetes",Age-standardized prevalence,New Brunswick,Both sexes,Total,1+,2023–2024,,,,,,,,Internal Medicine,Pediatrics,Closest_available,Endocrinology is not available in the market dataset; Internal Medicine is the closest available adult medical category with pediatric relevance,New Brunswick,Internal Medicine,835000,70,8.383233532934131,221150.0,3159.285714285714,1.5177007276912413,,1+,,,Unavailable_for_geography,Available,,Evidence unavailable,0.25833333333333336
"Diabetes mellitus (types combined), excluding gestational diabetes",Age-standardized prevalence,Quebec,Both sexes,Total,1+,2023–2024,7.54,0.0089,7.53,7.56,0.12,733575.0,8752785.0,Internal Medicine,Pediatrics,Closest_available,Endocrinology is not available in the market dataset; Internal Medicine is the closest available adult medical category with pediatric relevance,Quebec,Internal Medicine,8903100,945,10.614280419179837,7159196.0,7575.868783068783,3.6393990935879703,499.0,1+,495.0,504.0,Available,Available,0.08333333333333333,Lower relative prevalence,0.7583333333333333
"Diabetes mellitus (types combined), excluding gestational diabetes",Age-standardized prevalence,Ontario,Both sexes,Total,1+,2023–2024,10.35,0.0079,10.33,10.36,0.08,1734855.0,16398915.0,Internal Medicine,Pediatrics,Closest_available,Endocrinology is not available in the market dataset; Internal Medicine is the closest available adult medical category with pediatric relevance,Ontario,Internal Medicine,15788400,1734,10.982746826784222,13644203.0,7868.6291810841985,3.780039323465891,842.0,1+,837.0,847.0,Available,Available,0.9166666666666666,High relative prevalence,0.9583333333333334
"Diabetes mellitus (types combined), excluding gestational diabetes",Age-standardized prevalence,Manitoba,Both sexes,Total,1+,2023–2024,11.12,0.0283,11.07,11.18,0.25,155155.0,1501930.0,Internal Medicine,Pediatrics,Closest_available,Endocrinology is not available in the market dataset; Internal Medicine is the closest available adult medical category with pediatric relevance,Manitoba,Internal Medicine,1461000,126,8.624229979466119,964395.0,7653.928571428572,3.676898518556522,984.0,1+,966.0,1002.0,Available,Available,1.0,High relative prevalence,0.8583333333333333
"Diabetes mellitus (types combined), excluding gestational diabetes",Age-standardized prevalence,Saskatchewan,Both sexes,Total,1+,2023–2024,9.71,0.0286,9.65,9.76,0.3,116105.0,1308595.0,Internal Medicine,Pediatrics,Closest_available,Endocrinology is not available in the market dataset; Internal Medicine is the closest available adult medical category with pediatric relevance,Saskatchewan,Internal Medicine,1217700,117,9.608277900960829,489055.0,4179.957264957265,2.008024837404817,826.0,1+,809.0,845.0,Available,Available,0.6666666666666666,Moderate relative prevalence,0.4583333333333333
"Diabetes mellitus (types combined), excluding gestational diabetes",Age-standardized prevalence,Alberta,Both sexes,Total,1+,2023–2024,9.31,0.0142,9.28,9.33,0.15,438080.0,5351830.0,Internal Medicine,Pediatrics,Closest_available,Endocrinology is not available in the market dataset; Internal Medicine is the closest available adult medical category with pediatric relevance,Alberta,Internal Medicine,4734700,521,11.003865081208946,2652189.0,5090.573896353167,2.4454792651154724,929.0,1+,920.0,939.0,Available,Available,0.5833333333333334,Moderate relative prevalence,0.6583333333333333
"Diabetes mellitus (types combined), excluding gestational diabetes",Age-standardized prevalence,British Columbia,Both sexes,Total,1+,2023–2024,9.27,0.0124,9.24,9.29,0.13,562280.0,5805150.0,Internal Medicine,Pediatrics,Closest_available,Endocrinology is not available in the market dataset; Internal Medicine is the closest available adult medical category with pediatric relevance,British Columbia,Internal Medicine,5585500,673,12.049055590367916,2850985.0,4236.233283803864,2.035059478294952,733.0,1+,726.0,741.0,Available,Available,0.5,Moderate relative prevalence,0.5583333333333333
"Diabetes mellitus (types combined), excluding gestational diabetes",Age-standardized prevalence,Yukon,Both sexes,Total,1+,2023–2024,7.83,0.1395,7.56,8.11,1.78,3320.0,46975.0,Internal Medicine,Pediatrics,Closest_available,Endocrinology is not available in the market dataset; Internal Medicine is the closest available adult medical category with pediatric relevance,Yukon,Internal Medicine,45700,0,0.0,,,,573.0,1+,497.0,661.0,Available,Unavailable_due_to_service_volume,0.25,Lower relative prevalence,
"Diabetes mellitus (types combined), excluding gestational diabetes",Age-standardized prevalence,Northwest Territories,Both sexes,Total,1+,2023–2024,10.28,0.1826,9.93,10.65,1.78,3600.0,44630.0,Internal Medicine,Pediatrics,Closest_available,Endocrinology is not available in the market dataset; Internal Medicine is the closest available adult medical category with pediatric relevance,Northwest Territories,Internal Medicine,44300,1,2.257336343115124,,,,775.0,1+,676.0,896.0,Available,Unavailable_due_to_service_volume,0.8333333333333334,High relative prevalence,
"Diabetes mellitus (types combined), excluding gestational diabetes",Age-standardized prevalence,Nunavut,Both sexes,Total,1+,2023–2024,7.77,0.2446,7.3,8.29,3.15,1505.0,42260.0,Internal Medicine,Pediatrics,Closest_available,Endocrinology is not available in the market dataset; Internal Medicine is the closest available adult medical category with pediatric relevance,Nunavut,Internal Medicine,40900,0,0.0,,,,390.0,1+,295.0,564.0,Available,Unavailable_due_to_service_volume,0.16666666666666666,Lower relative prevalence,
Use of health services for mental illness and alcohol/drug induced disorders (annual),Age-standardized prevalence,Newfoundland and Labrador,Both sexes,Total,1+,2023–2024,17.69,0.0583,17.58,17.81,0.33,95455.0,550540.0,Psychiatry,,Direct,Mental health service utilization measure with primary relevance to psychiatry,Newfoundland and Labrador,Psychiatry,540500,85,15.726179463459758,50987.0,599.8470588235294,0.288162705121386,,,,,Not_available_for_condition,Available,0.75,High relative prevalence,0.23863636363636365
Use of health services for mental illness and alcohol/drug induced disorders (annual),Age-standardized prevalence,Prince Edward Island,Both sexes,Total,1+,2023–2024,18.15,0.1012,17.95,18.35,0.56,32485.0,178455.0,Psychiatry,,Direct,Mental health service utilization measure with primary relevance to psychiatry,Prince Edward Island,Psychiatry,175800,15,8.532423208191126,29746.0,1983.0666666666664,0.9526525915180515,,,,,Not_available_for_condition,Available,0.8333333333333334,High relative prevalence,0.6022727272727273
Use of health services for mental illness and alcohol/drug induced disorders (annual),Age-standardized prevalence,Nova Scotia,Both sexes,Total,1+,2023–2024,17.07,0.0389,16.99,17.14,0.23,195570.0,1149030.0,Psychiatry,,Direct,Mental health service utilization measure with primary relevance to psychiatry,Nova Scotia,Psychiatry,1056200,202,19.125165688316606,47152.0,233.4257425742574,0.11213623945592277,,,,,Not_available_for_condition,Available,0.5833333333333334,Moderate relative prevalence,0.14772727272727273
Use of health services for mental illness and alcohol/drug induced disorders (annual),Age-standardized prevalence,New Brunswick,Both sexes,Total,1+,2023–2024,,,,,,,,Psychiatry,,Direct,Mental health service utilization measure with primary relevance to psychiatry,New Brunswick,Psychiatry,835000,97,11.616766467065869,78744.0,811.7938144329897,0.38998057609321185,,,,,Not_available_for_condition,Available,,Evidence unavailable,0.32954545454545453
Use of health services for mental illness and alcohol/drug induced disorders (annual),Age-standardized prevalence,Quebec,Both sexes,Total,1+,2023–2024,10.02,0.0108,10.0,10.04,0.11,872950.0,8752780.0,Psychiatry,,Direct,Mental health service utilization measure with primary relevance to psychiatry,Quebec,Psychiatry,8903100,1350,15.16325774168548,2863602.0,2121.1866666666665,1.019004559483731,,,,,Not_available_for_condition,Available,0.16666666666666666,Lower relative prevalence,0.7840909090909091
Use of health services for mental illness and alcohol/drug induced disorders (annual),Age-standardized prevalence,Ontario,Both sexes,Total,1+,2023–2024,15.54,0.0098,15.52,15.56,0.06,2552945.0,16398910.0,Psychiatry,,Direct,Mental health service utilization measure with primary relevance to psychiatry,Ontario,Psychiatry,15788400,2220,14.060956145017862,4632344.0,2086.6414414414417,1.0024092533911209,,,,,Not_available_for_condition,Available,0.3333333333333333,Lower relative prevalence,0.6931818181818182
Use of health services for mental illness and alcohol/drug induced disorders (annual),Age-standardized prevalence,Manitoba,Both sexes,Total,1+,2023–2024,19.76,0.0368,19.69,19.83,0.19,291985.0,1501930.0,Psychiatry,,Direct,Mental health service utilization measure with primary relevance to psychiatry,Manitoba,Psychiatry,1461000,192,13.141683778234087,419270.0,2183.6979166666665,1.0490345656920612,,,,,Not_available_for_condition,Available,1.0,High relative prevalence,0.875
Use of health services for mental illness and alcohol/drug induced disorders (annual),Age-standardized prevalence,Saskatchewan,Both sexes,Total,1+,2023–2024,15.04,0.0342,14.97,15.11,0.23,196015.0,1308590.0,Psychiatry,,Direct,Mental health service utilization measure with primary relevance to psychiatry,Saskatchewan,Psychiatry,1217700,113,9.279789767594648,171947.0,1521.654867256637,0.7309933029759088,,,,,Not_available_for_condition,Available,0.25,Lower relative prevalence,0.42045454545454547
Use of health services for mental illness and alcohol/drug induced disorders (annual),Age-standardized prevalence,Alberta,Both sexes,Total,1+,2023–2024,17.02,0.0181,16.98,17.05,0.11,908470.0,5351835.0,Psychiatry,,Direct,Mental health service utilization measure with primary relevance to psychiatry,Alberta,Psychiatry,4734700,679,14.340929731556384,2295519.0,3380.7349042709866,1.6240835075922582,,,,,Not_available_for_condition,Available,0.5,Moderate relative prevalence,0.9659090909090909
Use of health services for mental illness and alcohol/drug induced disorders (annual),Age-standardized prevalence,British Columbia,Both sexes,Total,1+,2023–2024,16.63,0.0169,16.6,16.67,0.1,974295.0,5805145.0,Psychiatry,,Direct,Mental health service utilization measure with primary relevance to psychiatry,British Columbia,Psychiatry,5585500,973,17.42010563065079,1654851.0,1700.7718396711202,0.8170399552764827,,,,,Not_available_for_condition,Available,0.4166666666666667,Lower relative prevalence,0.5113636363636364
Use of health services for mental illness and alcohol/drug induced disorders (annual),Age-standardized prevalence,Yukon,Both sexes,Total,1+,2023–2024,19.47,0.206,19.06,19.88,1.06,9245.0,46975.0,Psychiatry,,Direct,Mental health service utilization measure with primary relevance to psychiatry,Yukon,Psychiatry,45700,2,4.3763676148796495,95.0,47.5,0.022818697352807494,,,,,Not_available_for_condition,Available,0.9166666666666666,High relative prevalence,0.056818181818181816
Use of health services for mental illness and alcohol/drug induced disorders (annual),Age-standardized prevalence,Northwest Territories,Both sexes,Total,1+,2023–2024,17.39,0.2033,16.99,17.8,1.17,7845.0,44635.0,Psychiatry,,Direct,Mental health service utilization measure with primary relevance to psychiatry,Northwest Territories,Psychiatry,44300,2,4.514672686230248,,,,,,,,Not_available_for_condition,Unavailable_due_to_service_volume,0.6666666666666666,Moderate relative prevalence,
Use of health services for mental illness and alcohol/drug induced disorders (annual),Age-standardized prevalence,Nunavut,Both sexes,Total,1+,2023–2024,3.41,0.1061,3.21,3.66,3.11,1415.0,42260.0,Psychiatry,,Direct,Mental health service utilization measure with primary relevance to psychiatry,Nunavut,Psychiatry,40900,0,0.0,,,,,,,,Not_available_for_condition,Unavailable_due_to_service_volume,0.08333333333333333,Lower relative prevalence,
Use of health services for mood and anxiety disorders (annual),Age-standardized prevalence,Newfoundland and Labrador,Both sexes,Total,1+,2023–2024,11.53,0.047,11.44,11.63,0.41,62180.0,550535.0,Psychiatry,,Direct,Mood and anxiety disorders are primarily associated with psychiatry,Newfoundland and Labrador,Psychiatry,540500,85,15.726179463459758,50987.0,599.8470588235294,0.288162705121386,,,,,Not_available_for_condition,Available,0.8333333333333334,High relative prevalence,0.23863636363636365
Use of health services for mood and anxiety disorders (annual),Age-standardized prevalence,Prince Edward Island,Both sexes,Total,1+,2023–2024,11.38,0.0798,11.23,11.54,0.7,20520.0,178455.0,Psychiatry,,Direct,Mood and anxiety disorders are primarily associated with psychiatry,Prince Edward Island,Psychiatry,175800,15,8.532423208191126,29746.0,1983.0666666666664,0.9526525915180515,,,,,Not_available_for_condition,Available,0.6666666666666666,Moderate relative prevalence,0.6022727272727273
Use of health services for mood and anxiety disorders (annual),Age-standardized prevalence,Nova Scotia,Both sexes,Total,1+,2023–2024,11.48,0.0316,11.42,11.54,0.28,133375.0,1149030.0,Psychiatry,,Direct,Mood and anxiety disorders are primarily associated with psychiatry,Nova Scotia,Psychiatry,1056200,202,19.125165688316606,47152.0,233.4257425742574,0.11213623945592277,,,,,Not_available_for_condition,Available,0.75,High relative prevalence,0.14772727272727273
Use of health services for mood and anxiety disorders (annual),Age-standardized prevalence,New Brunswick,Both sexes,Total,1+,2023–2024,,,,,,,,Psychiatry,,Direct,Mood and anxiety disorders are primarily associated with psychiatry,New Brunswick,Psychiatry,835000,97,11.616766467065869,78744.0,811.7938144329897,0.38998057609321185,,,,,Not_available_for_condition,Available,,Evidence unavailable,0.32954545454545453
Use of health services for mood and anxiety disorders (annual),Age-standardized prevalence,Quebec,Both sexes,Total,1+,2023–2024,5.85,0.0083,5.83,5.87,0.14,507595.0,8752780.0,Psychiatry,,Direct,Mood and anxiety disorders are primarily associated with psychiatry,Quebec,Psychiatry,8903100,1350,15.16325774168548,2863602.0,2121.1866666666665,1.019004559483731,,,,,Not_available_for_condition,Available,0.16666666666666666,Lower relative prevalence,0.7840909090909091
Use of health services for mood and anxiety disorders (annual),Age-standardized prevalence,Ontario,Both sexes,Total,1+,2023–2024,10.25,0.0079,10.23,10.26,0.08,1695450.0,16398910.0,Psychiatry,,Direct,Mood and anxiety disorders are primarily associated with psychiatry,Ontario,Psychiatry,15788400,2220,14.060956145017862,4632344.0,2086.6414414414417,1.0024092533911209,,,,,Not_available_for_condition,Available,0.4166666666666667,Lower relative prevalence,0.6931818181818182
Use of health services for mood and anxiety disorders (annual),Age-standardized prevalence,Manitoba,Both sexes,Total,1+,2023–2024,14.74,0.0319,14.68,14.8,0.22,215175.0,1501930.0,Psychiatry,,Direct,Mood and anxiety disorders are primarily associated with psychiatry,Manitoba,Psychiatry,1461000,192,13.141683778234087,419270.0,2183.6979166666665,1.0490345656920612,,,,,Not_available_for_condition,Available,1.0,High relative prevalence,0.875
Use of health services for mood and anxiety disorders (annual),Age-standardized prevalence,Saskatchewan,Both sexes,Total,1+,2023–2024,10.04,0.0282,9.98,10.09,0.28,128700.0,1308590.0,Psychiatry,,Direct,Mood and anxiety disorders are primarily associated with psychiatry,Saskatchewan,Psychiatry,1217700,113,9.279789767594648,171947.0,1521.654867256637,0.7309933029759088,,,,,Not_available_for_condition,Available,0.3333333333333333,Lower relative prevalence,0.42045454545454547
Use of health services for mood and anxiety disorders (annual),Age-standardized prevalence,Alberta,Both sexes,Total,1+,2023–2024,11.09,0.0146,11.06,11.11,0.13,589735.0,5351830.0,Psychiatry,,Direct,Mood and anxiety disorders are primarily associated with psychiatry,Alberta,Psychiatry,4734700,679,14.340929731556384,2295519.0,3380.7349042709866,1.6240835075922582,,,,,Not_available_for_condition,Available,0.5833333333333334,Moderate relative prevalence,0.9659090909090909
Use of health services for mood and anxiety disorders (annual),Age-standardized prevalence,British Columbia,Both sexes,Total,1+,2023–2024,10.66,0.0135,10.64,10.69,0.13,630680.0,5805150.0,Psychiatry,,Direct,Mood and anxiety disorders are primarily associated with psychiatry,British Columbia,Psychiatry,5585500,973,17.42010563065079,1654851.0,1700.7718396711202,0.8170399552764827,,,,,Not_available_for_condition,Available,0.5,Moderate relative prevalence,0.5113636363636364
Use of health services for mood and anxiety disorders (annual),Age-standardized prevalence,Yukon,Both sexes,Total,1+,2023–2024,11.8,0.16,11.49,12.12,1.36,5635.0,46970.0,Psychiatry,,Direct,Mood and anxiety disorders are primarily associated with psychiatry,Yukon,Psychiatry,45700,2,4.3763676148796495,95.0,47.5,0.022818697352807494,,,,,Not_available_for_condition,Available,0.9166666666666666,High relative prevalence,0.056818181818181816
Use of health services for mood and anxiety disorders (annual),Age-standardized prevalence,Northwest Territories,Both sexes,Total,1+,2023–2024,9.27,0.1482,8.98,9.57,1.6,4180.0,44635.0,Psychiatry,,Direct,Mood and anxiety disorders are primarily associated with psychiatry,Northwest Territories,Psychiatry,44300,2,4.514672686230248,,,,,,,,Not_available_for_condition,Unavailable_due_to_service_volume,0.25,Lower relative prevalence,
Use of health services for mood and anxiety disorders (annual),Age-standardized prevalence,Nunavut,Both sexes,Total,1+,2023–2024,1.18,0.0606,1.07,1.35,5.12,475.0,42260.0,Psychiatry,,Direct,Mood and anxiety disorders are primarily associated with psychiatry,Nunavut,Psychiatry,40900,0,0.0,,,,,,,,Not_available_for_condition,Unavailable_due_to_service_volume,0.08333333333333333,Lower relative prevalence,
Use of health services for schizophrenia (annual),Age-standardized prevalence,Newfoundland and Labrador,Both sexes,Total,1+,2023–2024,0.11,0.0044,0.1,0.12,3.95,665.0,550540.0,Psychiatry,,Direct,Schizophrenia-related health service utilization with primary relevance to psychiatry,Newfoundland and Labrador,Psychiatry,540500,85,15.726179463459758,50987.0,599.8470588235294,0.288162705121386,,,,,Not_available_for_condition,Available,0.08333333333333333,Lower relative prevalence,0.23863636363636365
Use of health services for schizophrenia (annual),Age-standardized prevalence,Prince Edward Island,Both sexes,Total,1+,2023–2024,0.31,0.0133,0.29,0.34,4.26,555.0,178455.0,Psychiatry,,Direct,Schizophrenia-related health service utilization with primary relevance to psychiatry,Prince Edward Island,Psychiatry,175800,15,8.532423208191126,29746.0,1983.0666666666664,0.9526525915180515,,,,,Not_available_for_condition,Available,0.5,Moderate relative prevalence,0.6022727272727273
Use of health services for schizophrenia (annual),Age-standardized prevalence,Nova Scotia,Both sexes,Total,1+,2023–2024,0.15,0.0035,0.14,0.16,2.36,1810.0,1149030.0,Psychiatry,,Direct,Schizophrenia-related health service utilization with primary relevance to psychiatry,Nova Scotia,Psychiatry,1056200,202,19.125165688316606,47152.0,233.4257425742574,0.11213623945592277,,,,,Not_available_for_condition,Available,0.16666666666666666,Lower relative prevalence,0.14772727272727273
Use of health services for schizophrenia (annual),Age-standardized prevalence,New Brunswick,Both sexes,Total,1+,2023–2024,,,,,,,,Psychiatry,,Direct,Schizophrenia-related health service utilization with primary relevance to psychiatry,New Brunswick,Psychiatry,835000,97,11.616766467065869,78744.0,811.7938144329897,0.38998057609321185,,,,,Not_available_for_condition,Available,,Evidence unavailable,0.32954545454545453
Use of health services for schizophrenia (annual),Age-standardized prevalence,Quebec,Both sexes,Total,1+,2023–2024,0.28,0.0018,0.27,0.28,0.65,24085.0,8752780.0,Psychiatry,,Direct,Schizophrenia-related health service utilization with primary relevance to psychiatry,Quebec,Psychiatry,8903100,1350,15.16325774168548,2863602.0,2121.1866666666665,1.019004559483731,,,,,Not_available_for_condition,Available,0.2916666666666667,Lower relative prevalence,0.7840909090909091
Use of health services for schizophrenia (annual),Age-standardized prevalence,Ontario,Both sexes,Total,1+,2023–2024,0.42,0.0016,0.41,0.42,0.38,68955.0,16398910.0,Psychiatry,,Direct,Schizophrenia-related health service utilization with primary relevance to psychiatry,Ontario,Psychiatry,15788400,2220,14.060956145017862,4632344.0,2086.6414414414417,1.0024092533911209,,,,,Not_available_for_condition,Available,0.8333333333333334,High relative prevalence,0.6931818181818182
Use of health services for schizophrenia (annual),Age-standardized prevalence,Manitoba,Both sexes,Total,1+,2023–2024,0.4,0.0053,0.39,0.41,1.32,5820.0,1501935.0,Psychiatry,,Direct,Schizophrenia-related health service utilization with primary relevance to psychiatry,Manitoba,Psychiatry,1461000,192,13.141683778234087,419270.0,2183.6979166666665,1.0490345656920612,,,,,Not_available_for_condition,Available,0.75,High relative prevalence,0.875
Use of health services for schizophrenia (annual),Age-standardized prevalence,Saskatchewan,Both sexes,Total,1+,2023–2024,0.29,0.0048,0.28,0.3,1.68,3600.0,1308590.0,Psychiatry,,Direct,Schizophrenia-related health service utilization with primary relevance to psychiatry,Saskatchewan,Psychiatry,1217700,113,9.279789767594648,171947.0,1521.654867256637,0.7309933029759088,,,,,Not_available_for_condition,Available,0.4166666666666667,Lower relative prevalence,0.42045454545454547
Use of health services for schizophrenia (annual),Age-standardized prevalence,Alberta,Both sexes,Total,1+,2023–2024,0.46,0.003,0.45,0.46,0.65,24305.0,5351835.0,Psychiatry,,Direct,Schizophrenia-related health service utilization with primary relevance to psychiatry,Alberta,Psychiatry,4734700,679,14.340929731556384,2295519.0,3380.7349042709866,1.6240835075922582,,,,,Not_available_for_condition,Available,0.9166666666666666,High relative prevalence,0.9659090909090909
Use of health services for schizophrenia (annual),Age-standardized prevalence,British Columbia,Both sexes,Total,1+,2023–2024,0.48,0.0029,0.48,0.49,0.59,28835.0,5805145.0,Psychiatry,,Direct,Schizophrenia-related health service utilization with primary relevance to psychiatry,British Columbia,Psychiatry,5585500,973,17.42010563065079,1654851.0,1700.7718396711202,0.8170399552764827,,,,,Not_available_for_condition,Available,1.0,High relative prevalence,0.5113636363636364
Use of health services for schizophrenia (annual),Age-standardized prevalence,Yukon,Both sexes,Total,1+,2023–2024,0.28,0.0245,0.24,0.34,8.61,140.0,46970.0,Psychiatry,,Direct,Schizophrenia-related health service utilization with primary relevance to psychiatry,Yukon,Psychiatry,45700,2,4.3763676148796495,95.0,47.5,0.022818697352807494,,,,,Not_available_for_condition,Available,0.2916666666666667,Lower relative prevalence,0.056818181818181816
Use of health services for schizophrenia (annual),Age-standardized prevalence,Northwest Territories,Both sexes,Total,1+,2023–2024,0.32,0.0266,0.27,0.38,8.42,150.0,44635.0,Psychiatry,,Direct,Schizophrenia-related health service utilization with primary relevance to psychiatry,Northwest Territories,Psychiatry,44300,2,4.514672686230248,,,,,,,,Not_available_for_condition,Unavailable_due_to_service_volume,0.5833333333333334,Moderate relative prevalence,
Use of health services for schizophrenia (annual),Age-standardized prevalence,Nunavut,Both sexes,Total,1+,2023–2024,0.33,0.0295,0.28,0.45,8.84,140.0,42260.0,Psychiatry,,Direct,Schizophrenia-related health service utilization with primary relevance to psychiatry,Nunavut,Psychiatry,40900,0,0.0,,,,,,,,Not_available_for_condition,Unavailable_due_to_service_volume,0.6666666666666666,Moderate relative prevalence,
Schizophrenia,Age-standardized prevalence,Newfoundland and Labrador,Both sexes,Total,10+,2023–2024,0.55,0.0104,0.53,0.57,1.88,2930.0,510675.0,Psychiatry,,Direct,Psychiatric condition primarily associated with psychiatry,Newfoundland and Labrador,Psychiatry,540500,85,15.726179463459758,50987.0,599.8470588235294,0.288162705121386,,,,,Not_available_for_condition,Available,0.16666666666666666,Lower relative prevalence,0.23863636363636365
Schizophrenia,Age-standardized prevalence,Prince Edward Island,Both sexes,Total,10+,2023–2024,0.68,0.0206,0.64,0.72,3.02,1105.0,163740.0,Psychiatry,,Direct,Psychiatric condition primarily associated with psychiatry,Prince Edward Island,Psychiatry,175800,15,8.532423208191126,29746.0,1983.0666666666664,0.9526525915180515,,,,,Not_available_for_condition,Available,0.3333333333333333,Lower relative prevalence,0.6022727272727273
Schizophrenia,Age-standardized prevalence,Nova Scotia,Both sexes,Total,10+,2023–2024,0.59,0.0074,0.58,0.61,1.25,6480.0,1060985.0,Psychiatry,,Direct,Psychiatric condition primarily associated with psychiatry,Nova Scotia,Psychiatry,1056200,202,19.125165688316606,47152.0,233.4257425742574,0.11213623945592277,,,,,Not_available_for_condition,Available,0.25,Lower relative prevalence,0.14772727272727273
Schizophrenia,Age-standardized prevalence,New Brunswick,Both sexes,Total,10+,2023–2024,,,,,,,,Psychiatry,,Direct,Psychiatric condition primarily associated with psychiatry,New Brunswick,Psychiatry,835000,97,11.616766467065869,78744.0,811.7938144329897,0.38998057609321185,,,,,Not_available_for_condition,Available,,Evidence unavailable,0.32954545454545453
Schizophrenia,Age-standardized prevalence,Quebec,Both sexes,Total,10+,2023–2024,1.01,0.0036,1.01,1.02,0.35,81265.0,7937025.0,Psychiatry,,Direct,Psychiatric condition primarily associated with psychiatry,Quebec,Psychiatry,8903100,1350,15.16325774168548,2863602.0,2121.1866666666665,1.019004559483731,,,,,Not_available_for_condition,Available,0.75,High relative prevalence,0.7840909090909091
Schizophrenia,Age-standardized prevalence,Ontario,Both sexes,Total,10+,2023–2024,1.04,0.0026,1.03,1.05,0.25,156110.0,14978375.0,Psychiatry,,Direct,Psychiatric condition primarily associated with psychiatry,Ontario,Psychiatry,15788400,2220,14.060956145017862,4632344.0,2086.6414414414417,1.0024092533911209,,,,,Not_available_for_condition,Available,0.8333333333333334,High relative prevalence,0.6931818181818182
Schizophrenia,Age-standardized prevalence,Manitoba,Both sexes,Total,10+,2023–2024,0.86,0.0082,0.84,0.87,0.95,11150.0,1337780.0,Psychiatry,,Direct,Psychiatric condition primarily associated with psychiatry,Manitoba,Psychiatry,1461000,192,13.141683778234087,419270.0,2183.6979166666665,1.0490345656920612,,,,,Not_available_for_condition,Available,0.5,Moderate relative prevalence,0.875
Schizophrenia,Age-standardized prevalence,Saskatchewan,Both sexes,Total,10+,2023–2024,0.77,0.0083,0.75,0.78,1.08,8660.0,1162515.0,Psychiatry,,Direct,Psychiatric condition primarily associated with psychiatry,Saskatchewan,Psychiatry,1217700,113,9.279789767594648,171947.0,1521.654867256637,0.7309933029759088,,,,,Not_available_for_condition,Available,0.4166666666666667,Lower relative prevalence,0.42045454545454547
Schizophrenia,Age-standardized prevalence,Alberta,Both sexes,Total,10+,2023–2024,0.95,0.0045,0.94,0.96,0.48,44905.0,4805600.0,Psychiatry,,Direct,Psychiatric condition primarily associated with psychiatry,Alberta,Psychiatry,4734700,679,14.340929731556384,2295519.0,3380.7349042709866,1.6240835075922582,,,,,Not_available_for_condition,Available,0.6666666666666666,Moderate relative prevalence,0.9659090909090909
Schizophrenia,Age-standardized prevalence,British Columbia,Both sexes,Total,10+,2023–2024,1.09,0.0045,1.09,1.1,0.41,58805.0,5348230.0,Psychiatry,,Direct,Psychiatric condition primarily associated with psychiatry,British Columbia,Psychiatry,5585500,973,17.42010563065079,1654851.0,1700.7718396711202,0.8170399552764827,,,,,Not_available_for_condition,Available,0.9166666666666666,High relative prevalence,0.5113636363636364
Schizophrenia,Age-standardized prevalence,Yukon,Both sexes,Total,10+,2023–2024,0.54,0.0357,0.47,0.62,6.58,240.0,42545.0,Psychiatry,,Direct,Psychiatric condition primarily associated with psychiatry,Yukon,Psychiatry,45700,2,4.3763676148796495,95.0,47.5,0.022818697352807494,,,,,Not_available_for_condition,Available,0.08333333333333333,Lower relative prevalence,0.056818181818181816
Schizophrenia,Age-standardized prevalence,Northwest Territories,Both sexes,Total,10+,2023–2024,0.88,0.0487,0.79,0.99,5.53,345.0,39340.0,Psychiatry,,Direct,Psychiatric condition primarily associated with psychiatry,Northwest Territories,Psychiatry,44300,2,4.514672686230248,,,,,,,,Not_available_for_condition,Unavailable_due_to_service_volume,0.5833333333333334,Moderate relative prevalence,
Schizophrenia,Age-standardized prevalence,Nunavut,Both sexes,Total,10+,2023–2024,2.15,0.0919,1.97,2.37,4.28,725.0,34195.0,Psychiatry,,Direct,Psychiatric condition primarily associated with psychiatry,Nunavut,Psychiatry,40900,0,0.0,,,,,,,,Not_available_for_condition,Unavailable_due_to_service_volume,1.0,High relative prevalence,
Arthritis,Age-standardized prevalence,Newfoundland and Labrador,Both sexes,Total,20+,2023–2024,7.65,0.0386,7.57,7.73,0.5,40280.0,456840.0,Orthopedic Surgery,Internal Medicine,Closest_available,Adult musculoskeletal condition; no rheumatology specialty is available so Orthopedic Surgery is the closest available specialist category,Newfoundland and Labrador,Orthopedic Surgery,540500,31,5.735430157261795,46093.0,1486.8709677419354,0.714283339275352,,,,,Not_available_for_condition,Available,0.6666666666666666,Moderate relative prevalence,0.1590909090909091
Arthritis,Age-standardized prevalence,Prince Edward Island,Both sexes,Total,20+,2023–2024,6.62,0.0665,6.49,6.75,1.01,10010.0,144770.0,Orthopedic Surgery,Internal Medicine,Closest_available,Adult musculoskeletal condition; no rheumatology specialty is available so Orthopedic Surgery is the closest available specialist category,Prince Edward Island,Orthopedic Surgery,175800,8,4.550625711035267,22223.0,2777.875,1.3344734507143183,,,,,Not_available_for_condition,Available,0.5,Moderate relative prevalence,0.7954545454545454
Arthritis,Age-standardized prevalence,Nova Scotia,Both sexes,Total,20+,2023–2024,5.4,0.0229,5.36,5.45,0.42,56065.0,950925.0,Orthopedic Surgery,Internal Medicine,Closest_available,Adult musculoskeletal condition; no rheumatology specialty is available so Orthopedic Surgery is the closest available specialist category,Nova Scotia,Orthopedic Surgery,1056200,60,5.680742283658398,65380.0,1089.6666666666667,0.5234689238338787,,,,,Not_available_for_condition,Available,0.3333333333333333,Lower relative prevalence,0.06818181818181818
Arthritis,Age-standardized prevalence,New Brunswick,Both sexes,Total,20+,2023–2024,,,,,,,,Orthopedic Surgery,Internal Medicine,Closest_available,Adult musculoskeletal condition; no rheumatology specialty is available so Orthopedic Surgery is the closest available specialist category,New Brunswick,Orthopedic Surgery,835000,46,5.508982035928144,93310.0,2028.4782608695648,0.9744680320322503,,,,,Not_available_for_condition,Available,,Evidence unavailable,0.6136363636363636
Arthritis,Age-standardized prevalence,Quebec,Both sexes,Total,20+,2023–2024,4.11,0.0074,4.1,4.13,0.18,314015.0,6976165.0,Orthopedic Surgery,Internal Medicine,Closest_available,Adult musculoskeletal condition; no rheumatology specialty is available so Orthopedic Surgery is the closest available specialist category,Quebec,Orthopedic Surgery,8903100,431,4.841010434567735,651198.0,1510.9002320185614,0.725826844730909,,,,,Not_available_for_condition,Available,0.16666666666666666,Lower relative prevalence,0.25
Arthritis,Age-standardized prevalence,Ontario,Both sexes,Total,20+,2023–2024,6.22,0.0069,6.21,6.23,0.11,825845.0,13234785.0,Orthopedic Surgery,Internal Medicine,Closest_available,Adult musculoskeletal condition; no rheumatology specialty is available so Orthopedic Surgery is the closest available specialist category,Ontario,Orthopedic Surgery,15788400,654,4.14228167515391,2082726.0,3184.5963302752293,1.5298597863455123,,,,,Not_available_for_condition,Available,0.4166666666666667,Lower relative prevalence,0.8863636363636364
Arthritis,Age-standardized prevalence,Manitoba,Both sexes,Total,20+,2023–2024,8.89,0.0285,8.83,8.95,0.32,98130.0,1151155.0,Orthopedic Surgery,Internal Medicine,Closest_available,Adult musculoskeletal condition; no rheumatology specialty is available so Orthopedic Surgery is the closest available specialist category,Manitoba,Orthopedic Surgery,1461000,65,4.4490075290896645,129376.0,1990.4,0.9561754781269062,,,,,Not_available_for_condition,Available,1.0,High relative prevalence,0.5227272727272727
Arthritis,Age-standardized prevalence,Saskatchewan,Both sexes,Total,20+,2023–2024,7.99,0.0292,7.93,8.04,0.37,75615.0,991795.0,Orthopedic Surgery,Internal Medicine,Closest_available,Adult musculoskeletal condition; no rheumatology specialty is available so Orthopedic Surgery is the closest available specialist category,Saskatchewan,Orthopedic Surgery,1217700,54,4.434589800443459,112137.0,2076.6111111111118,0.9975907466088791,,,,,Not_available_for_condition,Available,0.8333333333333334,High relative prevalence,0.7045454545454546
Arthritis,Age-standardized prevalence,Alberta,Both sexes,Total,20+,2023–2024,8.39,0.0151,8.36,8.42,0.18,314885.0,4147815.0,Orthopedic Surgery,Internal Medicine,Closest_available,Adult musculoskeletal condition; no rheumatology specialty is available so Orthopedic Surgery is the closest available specialist category,Alberta,Orthopedic Surgery,4734700,209,4.414218429889961,358195.0,1713.8516746411483,0.8233234246576561,,,,,Not_available_for_condition,Available,0.9166666666666666,High relative prevalence,0.4318181818181818
Arthritis,Age-standardized prevalence,British Columbia,Both sexes,Total,20+,2023–2024,7.02,0.0122,7.0,7.05,0.17,337130.0,4767375.0,Orthopedic Surgery,Internal Medicine,Closest_available,Adult musculoskeletal condition; no rheumatology specialty is available so Orthopedic Surgery is the closest available specialist category,British Columbia,Orthopedic Surgery,5585500,301,5.388953540417152,484847.0,1610.7873754152824,0.7738119919857777,,,,,Not_available_for_condition,Available,0.5833333333333334,Moderate relative prevalence,0.3409090909090909
Arthritis,Age-standardized prevalence,Yukon,Both sexes,Total,20+,2023–2024,7.91,0.1556,7.61,8.23,1.97,2720.0,37815.0,Orthopedic Surgery,Internal Medicine,Closest_available,Adult musculoskeletal condition; no rheumatology specialty is available so Orthopedic Surgery is the closest available specialist category,Yukon,Orthopedic Surgery,45700,1,2.1881838074398248,4110.0,4110.0,1.9744178130534487,,,,,Not_available_for_condition,Available,0.75,High relative prevalence,0.9772727272727273
Arthritis,Age-standardized prevalence,Northwest Territories,Both sexes,Total,20+,2023–2024,4.97,0.1398,4.7,5.26,2.81,1415.0,33580.0,Orthopedic Surgery,Internal Medicine,Closest_available,Adult musculoskeletal condition; no rheumatology specialty is available so Orthopedic Surgery is the closest available specialist category,Northwest Territories,Orthopedic Surgery,44300,1,2.257336343115124,,,,,,,,Not_available_for_condition,Unavailable_due_to_service_volume,0.25,Lower relative prevalence,
Arthritis,Age-standardized prevalence,Nunavut,Both sexes,Total,20+,2023–2024,3.16,0.1581,2.86,3.52,5.0,560.0,26370.0,Orthopedic Surgery,Internal Medicine,Closest_available,Adult musculoskeletal condition; no rheumatology specialty is available so Orthopedic Surgery is the closest available specialist category,Nunavut,Orthopedic Surgery,40900,0,0.0,,,,,,,,Not_available_for_condition,Unavailable_due_to_service_volume,0.08333333333333333,Lower relative prevalence,
Juvenile idiopathic arthritis,Age-standardized prevalence,Newfoundland and Labrador,Both sexes,Total,0–15,2023–2024,,,,,,,,Pediatrics,Orthopedic Surgery,Closest_available,Pediatric musculoskeletal condition; rheumatology is not available so Pediatrics provides the primary age-related specialty context,Newfoundland and Labrador,Pediatrics,540500,61,11.285846438482888,32405.0,531.2295081967213,0.2551992709983527,,0–15,,,Unavailable_for_geography,Available,,Evidence unavailable,0.3409090909090909
Juvenile idiopathic arthritis,Age-standardized prevalence,Prince Edward Island,Both sexes,Total,0–15,2023–2024,0.09,0.0182,0.06,0.14,19.26,25.0,27345.0,Pediatrics,Orthopedic Surgery,Closest_available,Pediatric musculoskeletal condition; rheumatology is not available so Pediatrics provides the primary age-related specialty context,Prince Edward Island,Pediatrics,175800,18,10.238907849829353,3391.0,188.38888888888889,0.09050082189867861,,0–15,,,Unavailable_for_geography,Available,0.45,Lower relative prevalence,0.1590909090909091
Juvenile idiopathic arthritis,Age-standardized prevalence,Nova Scotia,Both sexes,Total,0–15,2023–2024,0.13,0.0086,0.11,0.14,6.87,210.0,163230.0,Pediatrics,Orthopedic Surgery,Closest_available,Pediatric musculoskeletal condition; rheumatology is not available so Pediatrics provides the primary age-related specialty context,Nova Scotia,Pediatrics,1056200,103,9.75194092028025,23768.0,230.7572815533981,0.1108543277836543,20.0,0–15,13.0,28.0,Available,Available,0.9,High relative prevalence,0.25
Juvenile idiopathic arthritis,Age-standardized prevalence,New Brunswick,Both sexes,Total,0–15,2023–2024,,,,,,,,Pediatrics,Orthopedic Surgery,Closest_available,Pediatric musculoskeletal condition; rheumatology is not available so Pediatrics provides the primary age-related specialty context,New Brunswick,Pediatrics,835000,63,7.544910179640719,35188.0,558.5396825396825,0.26831890474539355,,0–15,,,Unavailable_for_geography,Available,,Evidence unavailable,0.4318181818181818
Juvenile idiopathic arthritis,Age-standardized prevalence,Quebec,Both sexes,Total,0–15,2023–2024,0.11,0.0027,0.1,0.11,2.5,1605.0,1475605.0,Pediatrics,Orthopedic Surgery,Closest_available,Pediatric musculoskeletal condition; rheumatology is not available so Pediatrics provides the primary age-related specialty context,Quebec,Pediatrics,8903100,702,7.8848940256764495,1750210.0,2493.1766381766383,1.1977061716556368,14.0,0–15,12.0,16.0,Available,Available,0.75,High relative prevalence,0.9772727272727273
Juvenile idiopathic arthritis,Age-standardized prevalence,Ontario,Both sexes,Total,0–15,2023–2024,0.1,0.0019,0.1,0.1,1.94,2665.0,2604165.0,Pediatrics,Orthopedic Surgery,Closest_available,Pediatric musculoskeletal condition; rheumatology is not available so Pediatrics provides the primary age-related specialty context,Ontario,Pediatrics,15788400,1372,8.689924248182209,3095592.0,2256.262390670554,1.0838940766575427,14.0,0–15,13.0,15.0,Available,Available,0.6,Moderate relative prevalence,0.7954545454545454
Juvenile idiopathic arthritis,Age-standardized prevalence,Manitoba,Both sexes,Total,0–15,2023–2024,0.09,0.0054,0.08,0.1,6.26,255.0,295045.0,Pediatrics,Orthopedic Surgery,Closest_available,Pediatric musculoskeletal condition; rheumatology is not available so Pediatrics provides the primary age-related specialty context,Manitoba,Pediatrics,1461000,143,9.787816563997264,324589.0,2269.853146853147,1.0904229893338877,12.0,0–15,9.0,17.0,Available,Available,0.45,Lower relative prevalence,0.8863636363636364
Juvenile idiopathic arthritis,Age-standardized prevalence,Saskatchewan,Both sexes,Total,0–15,2023–2024,0.08,0.0054,0.07,0.09,6.87,210.0,264895.0,Pediatrics,Orthopedic Surgery,Closest_available,Pediatric musculoskeletal condition; rheumatology is not available so Pediatrics provides the primary age-related specialty context,Saskatchewan,Pediatrics,1217700,98,8.047959267471462,79529.0,811.5204081632653,0.3898492334632497,12.0,0–15,8.0,16.0,Available,Available,0.3,Lower relative prevalence,0.5227272727272727
Juvenile idiopathic arthritis,Age-standardized prevalence,Alberta,Both sexes,Total,0–15,2023–2024,0.07,0.0027,0.07,0.08,3.62,765.0,998335.0,Pediatrics,Orthopedic Surgery,Closest_available,Pediatric musculoskeletal condition; rheumatology is not available so Pediatrics provides the primary age-related specialty context,Alberta,Pediatrics,4734700,552,11.658605613872052,955712.0,1731.3623188405795,0.8317354265616459,11.0,0–15,9.0,13.0,Available,Available,0.15,Lower relative prevalence,0.7045454545454546
Juvenile idiopathic arthritis,Age-standardized prevalence,British Columbia,Both sexes,Total,0–15,2023–2024,0.07,0.0029,0.07,0.08,3.98,630.0,838245.0,Pediatrics,Orthopedic Surgery,Closest_available,Pediatric musculoskeletal condition; rheumatology is not available so Pediatrics provides the primary age-related specialty context,British Columbia,Pediatrics,5585500,496,8.88013606660102,483831.0,975.4657258064516,0.46860751947819196,12.0,0–15,9.0,14.0,Available,Available,0.15,Lower relative prevalence,0.6136363636363636
Juvenile idiopathic arthritis,Age-standardized prevalence,Yukon,Both sexes,Total,0–15,2023–2024,,,,,44.73,,,Pediatrics,Orthopedic Surgery,Closest_available,Pediatric musculoskeletal condition; rheumatology is not available so Pediatrics provides the primary age-related specialty context,Yukon,Pediatrics,45700,3,6.564551422319474,26.0,8.666666666666666,0.004163411446828034,,0–15,,,Unavailable_for_geography,Available,,Evidence unavailable,0.06818181818181818
Juvenile idiopathic arthritis,Age-standardized prevalence,Northwest Territories,Both sexes,Total,0–15,2023–2024,0.11,0.0343,0.05,0.2,31.64,10.0,9245.0,Pediatrics,Orthopedic Surgery,Closest_available,Pediatric musculoskeletal condition; rheumatology is not available so Pediatrics provides the primary age-related specialty context,Northwest Territories,Pediatrics,44300,3,6.772009029345373,,,,,0–15,,,Unavailable_for_geography,Unavailable_due_to_service_volume,0.75,High relative prevalence,
Juvenile idiopathic arthritis,Age-standardized prevalence,Nunavut,Both sexes,Total,0–15,2023–2024,0.15,0.0347,0.09,0.24,22.37,20.0,13765.0,Pediatrics,Orthopedic Surgery,Closest_available,Pediatric musculoskeletal condition; rheumatology is not available so Pediatrics provides the primary age-related specialty context,Nunavut,Pediatrics,40900,2,4.88997555012225,,,,,0–15,,,Unavailable_for_geography,Unavailable_due_to_service_volume,1.0,High relative prevalence,
Osteoarthritis,Age-standardized prevalence,Newfoundland and Labrador,Both sexes,Total,20+,2023–2024,16.02,0.055,15.91,16.13,0.34,86680.0,456845.0,Orthopedic Surgery,Internal Medicine,Direct,Adult musculoskeletal and degenerative condition with primary relevance to orthopedic care,Newfoundland and Labrador,Orthopedic Surgery,540500,31,5.735430157261795,46093.0,1486.8709677419354,0.714283339275352,1207.0,20+,1172.0,1244.0,Available,Available,1.0,High relative prevalence,0.1590909090909091
Osteoarthritis,Age-standardized prevalence,Prince Edward Island,Both sexes,Total,20+,2023–2024,14.37,0.0972,14.18,14.56,0.68,22100.0,144765.0,Orthopedic Surgery,Internal Medicine,Direct,Adult musculoskeletal and degenerative condition with primary relevance to orthopedic care,Prince Edward Island,Orthopedic Surgery,175800,8,4.550625711035267,22223.0,2777.875,1.3344734507143183,1060.0,20+,1000.0,1124.0,Available,Available,0.6666666666666666,Moderate relative prevalence,0.7954545454545454
Osteoarthritis,Age-standardized prevalence,Nova Scotia,Both sexes,Total,20+,2023–2024,12.01,0.0337,11.95,12.08,0.28,128045.0,950930.0,Orthopedic Surgery,Internal Medicine,Direct,Adult musculoskeletal and degenerative condition with primary relevance to orthopedic care,Nova Scotia,Orthopedic Surgery,1056200,60,5.680742283658398,65380.0,1089.6666666666667,0.5234689238338787,768.0,20+,749.0,789.0,Available,Available,0.16666666666666666,Lower relative prevalence,0.06818181818181818
Osteoarthritis,Age-standardized prevalence,New Brunswick,Both sexes,Total,20+,2023–2024,,,,,,,,Orthopedic Surgery,Internal Medicine,Direct,Adult musculoskeletal and degenerative condition with primary relevance to orthopedic care,New Brunswick,Orthopedic Surgery,835000,46,5.508982035928144,93310.0,2028.4782608695648,0.9744680320322503,,20+,,,Unavailable_for_geography,Available,,Evidence unavailable,0.6136363636363636
Osteoarthritis,Age-standardized prevalence,Quebec,Both sexes,Total,20+,2023–2024,9.94,0.0112,9.92,9.96,0.11,795460.0,6976160.0,Orthopedic Surgery,Internal Medicine,Direct,Adult musculoskeletal and degenerative condition with primary relevance to orthopedic care,Quebec,Orthopedic Surgery,8903100,431,4.841010434567735,651198.0,1510.9002320185614,0.725826844730909,645.0,20+,639.0,652.0,Available,Available,0.08333333333333333,Lower relative prevalence,0.25
Osteoarthritis,Age-standardized prevalence,Ontario,Both sexes,Total,20+,2023–2024,15.16,0.0106,15.13,15.18,0.07,2042470.0,13234780.0,Orthopedic Surgery,Internal Medicine,Direct,Adult musculoskeletal and degenerative condition with primary relevance to orthopedic care,Ontario,Orthopedic Surgery,15788400,654,4.14228167515391,2082726.0,3184.5963302752293,1.5298597863455123,950.0,20+,944.0,956.0,Available,Available,0.8333333333333334,High relative prevalence,0.8863636363636364
Osteoarthritis,Age-standardized prevalence,Manitoba,Both sexes,Total,20+,2023–2024,14.92,0.0368,14.84,14.99,0.25,165115.0,1151155.0,Orthopedic Surgery,Internal Medicine,Direct,Adult musculoskeletal and degenerative condition with primary relevance to orthopedic care,Manitoba,Orthopedic Surgery,1461000,65,4.4490075290896645,129376.0,1990.4,0.9561754781269062,1294.0,20+,1269.0,1320.0,Available,Available,0.75,High relative prevalence,0.5227272727272727
Osteoarthritis,Age-standardized prevalence,Saskatchewan,Both sexes,Total,20+,2023–2024,14.32,0.039,14.25,14.4,0.27,135950.0,991795.0,Orthopedic Surgery,Internal Medicine,Direct,Adult musculoskeletal and degenerative condition with primary relevance to orthopedic care,Saskatchewan,Orthopedic Surgery,1217700,54,4.434589800443459,112137.0,2076.6111111111118,0.9975907466088791,1175.0,20+,1148.0,1201.0,Available,Available,0.5833333333333334,Moderate relative prevalence,0.7045454545454546
Osteoarthritis,Age-standardized prevalence,Alberta,Both sexes,Total,20+,2023–2024,15.33,0.0206,15.29,15.37,0.13,559790.0,4147815.0,Orthopedic Surgery,Internal Medicine,Direct,Adult musculoskeletal and degenerative condition with primary relevance to orthopedic care,Alberta,Orthopedic Surgery,4734700,209,4.414218429889961,358195.0,1713.8516746411483,0.8233234246576561,1241.0,20+,1228.0,1255.0,Available,Available,0.9166666666666666,High relative prevalence,0.4318181818181818
Osteoarthritis,Age-standardized prevalence,British Columbia,Both sexes,Total,20+,2023–2024,12.73,0.0162,12.7,12.76,0.13,625390.0,4767370.0,Orthopedic Surgery,Internal Medicine,Direct,Adult musculoskeletal and degenerative condition with primary relevance to orthopedic care,British Columbia,Orthopedic Surgery,5585500,301,5.388953540417152,484847.0,1610.7873754152824,0.7738119919857777,1005.0,20+,994.0,1015.0,Available,Available,0.4166666666666667,Lower relative prevalence,0.3409090909090909
Osteoarthritis,Age-standardized prevalence,Yukon,Both sexes,Total,20+,2023–2024,12.63,0.2032,12.23,13.03,1.61,4090.0,37815.0,Orthopedic Surgery,Internal Medicine,Direct,Adult musculoskeletal and degenerative condition with primary relevance to orthopedic care,Yukon,Orthopedic Surgery,45700,1,2.1881838074398248,4110.0,4110.0,1.9744178130534487,1335.0,20+,1196.0,1495.0,Available,Available,0.3333333333333333,Lower relative prevalence,0.9772727272727273
Osteoarthritis,Age-standardized prevalence,Northwest Territories,Both sexes,Total,20+,2023–2024,13.18,0.25,12.7,13.69,1.9,3215.0,33580.0,Orthopedic Surgery,Internal Medicine,Direct,Adult musculoskeletal and degenerative condition with primary relevance to orthopedic care,Northwest Territories,Orthopedic Surgery,44300,1,2.257336343115124,,,,769.0,20+,642.0,953.0,Available,Unavailable_due_to_service_volume,0.5,Moderate relative prevalence,
Osteoarthritis,Age-standardized prevalence,Nunavut,Both sexes,Total,20+,2023–2024,12.4,0.3778,11.67,13.19,3.05,1620.0,26370.0,Orthopedic Surgery,Internal Medicine,Direct,Adult musculoskeletal and degenerative condition with primary relevance to orthopedic care,Nunavut,Orthopedic Surgery,40900,0,0.0,,,,524.0,20+,385.0,877.0,Available,Unavailable_due_to_service_volume,0.25,Lower relative prevalence,
Rheumatoid arthritis,Age-standardized prevalence,Newfoundland and Labrador,Both sexes,Total,16+,2023–2024,,,,,,,,Internal Medicine,Orthopedic Surgery,Closest_available,Rheumatology is not available in the market dataset; Internal Medicine provides the closest broad medical category,Newfoundland and Labrador,Internal Medicine,540500,64,11.840888066604997,204038.0,3188.09375,1.531539924497413,,16+,,,Unavailable_for_geography,Available,,Evidence unavailable,0.35833333333333334
Rheumatoid arthritis,Age-standardized prevalence,Prince Edward Island,Both sexes,Total,16+,2023–2024,0.85,0.0231,0.81,0.9,2.72,1365.0,152470.0,Internal Medicine,Orthopedic Surgery,Closest_available,Rheumatology is not available in the market dataset; Internal Medicine provides the closest broad medical category,Prince Edward Island,Internal Medicine,175800,17,9.670079635949945,10509.0,618.1764705882352,0.29696803774693986,55.0,16+,44.0,68.0,Available,Available,0.09090909090909091,Lower relative prevalence,0.058333333333333334
Rheumatoid arthritis,Age-standardized prevalence,Nova Scotia,Both sexes,Total,16+,2023–2024,1.01,0.0097,0.99,1.03,0.96,11010.0,993830.0,Internal Medicine,Orthopedic Surgery,Closest_available,Rheumatology is not available in the market dataset; Internal Medicine provides the closest broad medical category,Nova Scotia,Internal Medicine,1056200,98,9.278545729975384,145180.0,1481.428571428571,0.7116688467627479,42.0,16+,38.0,46.0,Available,Available,0.18181818181818182,Lower relative prevalence,0.15833333333333333
Rheumatoid arthritis,Age-standardized prevalence,New Brunswick,Both sexes,Total,16+,2023–2024,,,,,,,,Internal Medicine,Orthopedic Surgery,Closest_available,Rheumatology is not available in the market dataset; Internal Medicine provides the closest broad medical category,New Brunswick,Internal Medicine,835000,70,8.383233532934131,221150.0,3159.285714285714,1.5177007276912413,,16+,,,Unavailable_for_geography,Available,,Evidence unavailable,0.25833333333333336
Rheumatoid arthritis,Age-standardized prevalence,Quebec,Both sexes,Total,16+,2023–2024,1.09,0.0037,1.08,1.09,0.34,88810.0,7346350.0,Internal Medicine,Orthopedic Surgery,Closest_available,Rheumatology is not available in the market dataset; Internal Medicine provides the closest broad medical category,Quebec,Internal Medicine,8903100,945,10.614280419179837,7159196.0,7575.868783068783,3.6393990935879703,75.0,16+,73.0,77.0,Available,Available,0.2727272727272727,Lower relative prevalence,0.7583333333333333
Rheumatoid arthritis,Age-standardized prevalence,Ontario,Both sexes,Total,16+,2023–2024,1.43,0.0032,1.43,1.44,0.22,202825.0,13937040.0,Internal Medicine,Orthopedic Surgery,Closest_available,Rheumatology is not available in the market dataset; Internal Medicine provides the closest broad medical category,Ontario,Internal Medicine,15788400,1734,10.982746826784222,13644203.0,7868.6291810841985,3.780039323465891,82.0,16+,80.0,83.0,Available,Available,0.6363636363636364,Moderate relative prevalence,0.9583333333333334
Rheumatoid arthritis,Age-standardized prevalence,Manitoba,Both sexes,Total,16+,2023–2024,1.2,0.0102,1.18,1.22,0.85,14070.0,1222330.0,Internal Medicine,Orthopedic Surgery,Closest_available,Rheumatology is not available in the market dataset; Internal Medicine provides the closest broad medical category,Manitoba,Internal Medicine,1461000,126,8.624229979466119,964395.0,7653.928571428572,3.676898518556522,68.0,16+,64.0,73.0,Available,Available,0.45454545454545453,Lower relative prevalence,0.8583333333333333
Rheumatoid arthritis,Age-standardized prevalence,Saskatchewan,Both sexes,Total,16+,2023–2024,1.14,0.0107,1.12,1.16,0.94,11405.0,1056855.0,Internal Medicine,Orthopedic Surgery,Closest_available,Rheumatology is not available in the market dataset; Internal Medicine provides the closest broad medical category,Saskatchewan,Internal Medicine,1217700,117,9.608277900960829,489055.0,4179.957264957265,2.008024837404817,74.0,16+,69.0,80.0,Available,Available,0.36363636363636365,Lower relative prevalence,0.4583333333333333
Rheumatoid arthritis,Age-standardized prevalence,Alberta,Both sexes,Total,16+,2023–2024,1.29,0.0058,1.28,1.3,0.45,50405.0,4403060.0,Internal Medicine,Orthopedic Surgery,Closest_available,Rheumatology is not available in the market dataset; Internal Medicine provides the closest broad medical category,Alberta,Internal Medicine,4734700,521,11.003865081208946,2652189.0,5090.573896353167,2.4454792651154724,73.0,16+,70.0,75.0,Available,Available,0.5454545454545454,Moderate relative prevalence,0.6583333333333333
Rheumatoid arthritis,Age-standardized prevalence,British Columbia,Both sexes,Total,16+,2023–2024,1.58,0.0056,1.57,1.59,0.35,80570.0,5008450.0,Internal Medicine,Orthopedic Surgery,Closest_available,Rheumatology is not available in the market dataset; Internal Medicine provides the closest broad medical category,British Columbia,Internal Medicine,5585500,673,12.049055590367916,2850985.0,4236.233283803864,2.035059478294952,106.0,16+,104.0,109.0,Available,Available,0.7272727272727273,Moderate relative prevalence,0.5583333333333333
Rheumatoid arthritis,Age-standardized prevalence,Yukon,Both sexes,Total,16+,2023–2024,1.72,0.072,1.58,1.86,4.2,600.0,39595.0,Internal Medicine,Orthopedic Surgery,Closest_available,Rheumatology is not available in the market dataset; Internal Medicine provides the closest broad medical category,Yukon,Internal Medicine,45700,0,0.0,,,,73.0,16+,48.0,112.0,Available,Unavailable_due_to_service_volume,0.9090909090909091,High relative prevalence,
Rheumatoid arthritis,Age-standardized prevalence,Northwest Territories,Both sexes,Total,16+,2023–2024,1.89,0.0924,1.71,2.09,4.89,500.0,35835.0,Internal Medicine,Orthopedic Surgery,Closest_available,Rheumatology is not available in the market dataset; Internal Medicine provides the closest broad medical category,Northwest Territories,Internal Medicine,44300,1,2.257336343115124,,,,83.0,16+,51.0,141.0,Available,Unavailable_due_to_service_volume,1.0,High relative prevalence,
Rheumatoid arthritis,Age-standardized prevalence,Nunavut,Both sexes,Total,16+,2023–2024,1.67,0.1292,1.42,1.97,7.74,280.0,29260.0,Internal Medicine,Orthopedic Surgery,Closest_available,Rheumatology is not available in the market dataset; Internal Medicine provides the closest broad medical category,Nunavut,Internal Medicine,40900,0,0.0,,,,58.0,16+,29.0,194.0,Available,Unavailable_due_to_service_volume,0.8181818181818182,High relative prevalence,
Osteoporosis,Age-standardized prevalence,Newfoundland and Labrador,Both sexes,Total,40+,2023–2024,8.14,0.0475,8.04,8.23,0.58,29795.0,332775.0,Internal Medicine,Orthopedic Surgery,Closest_available,Endocrinology and rheumatology are not available; Internal Medicine provides the closest broad medical category with orthopedic relevance,Newfoundland and Labrador,Internal Medicine,540500,64,11.840888066604997,204038.0,3188.09375,1.531539924497413,468.0,40+,445.0,493.0,Available,Available,0.3333333333333333,Lower relative prevalence,0.35833333333333334
Osteoporosis,Age-standardized prevalence,Prince Edward Island,Both sexes,Total,40+,2023–2024,8.4,0.0906,8.22,8.58,1.08,8670.0,95110.0,Internal Medicine,Orthopedic Surgery,Closest_available,Endocrinology and rheumatology are not available; Internal Medicine provides the closest broad medical category with orthopedic relevance,Prince Edward Island,Internal Medicine,175800,17,9.670079635949945,10509.0,618.1764705882352,0.29696803774693986,725.0,40+,670.0,785.0,Available,Available,0.4166666666666667,Lower relative prevalence,0.058333333333333334
Osteoporosis,Age-standardized prevalence,Nova Scotia,Both sexes,Total,40+,2023–2024,8.02,0.0336,7.95,8.08,0.42,57195.0,651240.0,Internal Medicine,Orthopedic Surgery,Closest_available,Endocrinology and rheumatology are not available; Internal Medicine provides the closest broad medical category with orthopedic relevance,Nova Scotia,Internal Medicine,1056200,98,9.278545729975384,145180.0,1481.428571428571,0.7116688467627479,595.0,40+,576.0,615.0,Available,Available,0.25,Lower relative prevalence,0.15833333333333333
Osteoporosis,Age-standardized prevalence,New Brunswick,Both sexes,Total,40+,2023–2024,,,,,,,,Internal Medicine,Orthopedic Surgery,Closest_available,Endocrinology and rheumatology are not available; Internal Medicine provides the closest broad medical category with orthopedic relevance,New Brunswick,Internal Medicine,835000,70,8.383233532934131,221150.0,3159.285714285714,1.5177007276912413,,40+,,,Unavailable_for_geography,Available,,Evidence unavailable,0.25833333333333336
Osteoporosis,Age-standardized prevalence,Quebec,Both sexes,Total,40+,2023–2024,11.8,0.015,11.77,11.83,0.13,625785.0,4819590.0,Internal Medicine,Orthopedic Surgery,Closest_available,Endocrinology and rheumatology are not available; Internal Medicine provides the closest broad medical category with orthopedic relevance,Quebec,Internal Medicine,8903100,945,10.614280419179837,7159196.0,7575.868783068783,3.6393990935879703,651.0,40+,643.0,659.0,Available,Available,0.8333333333333334,High relative prevalence,0.7583333333333333
Osteoporosis,Age-standardized prevalence,Ontario,Both sexes,Total,40+,2023–2024,11.74,0.0115,11.72,11.76,0.1,1053295.0,8576015.0,Internal Medicine,Orthopedic Surgery,Closest_available,Endocrinology and rheumatology are not available; Internal Medicine provides the closest broad medical category with orthopedic relevance,Ontario,Internal Medicine,15788400,1734,10.982746826784222,13644203.0,7868.6291810841985,3.780039323465891,902.0,40+,895.0,909.0,Available,Available,0.75,High relative prevalence,0.9583333333333334
Osteoporosis,Age-standardized prevalence,Manitoba,Both sexes,Total,40+,2023–2024,9.52,0.0362,9.45,9.59,0.38,69520.0,720450.0,Internal Medicine,Orthopedic Surgery,Closest_available,Endocrinology and rheumatology are not available; Internal Medicine provides the closest broad medical category with orthopedic relevance,Manitoba,Internal Medicine,1461000,126,8.624229979466119,964395.0,7653.928571428572,3.676898518556522,774.0,40+,753.0,797.0,Available,Available,0.5,Moderate relative prevalence,0.8583333333333333
Osteoporosis,Age-standardized prevalence,Saskatchewan,Both sexes,Total,40+,2023–2024,11.22,0.0426,11.13,11.3,0.38,70075.0,622080.0,Internal Medicine,Orthopedic Surgery,Closest_available,Endocrinology and rheumatology are not available; Internal Medicine provides the closest broad medical category with orthopedic relevance,Saskatchewan,Internal Medicine,1217700,117,9.608277900960829,489055.0,4179.957264957265,2.008024837404817,785.0,40+,761.0,810.0,Available,Available,0.6666666666666666,Moderate relative prevalence,0.4583333333333333
Osteoporosis,Age-standardized prevalence,Alberta,Both sexes,Total,40+,2023–2024,14.45,0.025,14.4,14.5,0.17,335620.0,2559655.0,Internal Medicine,Orthopedic Surgery,Closest_available,Endocrinology and rheumatology are not available; Internal Medicine provides the closest broad medical category with orthopedic relevance,Alberta,Internal Medicine,4734700,521,11.003865081208946,2652189.0,5090.573896353167,2.4454792651154724,1177.0,40+,1161.0,1193.0,Available,Available,1.0,High relative prevalence,0.6583333333333333
Osteoporosis,Age-standardized prevalence,British Columbia,Both sexes,Total,40+,2023–2024,10.12,0.0177,10.09,10.16,0.17,330990.0,3057510.0,Internal Medicine,Orthopedic Surgery,Closest_available,Endocrinology and rheumatology are not available; Internal Medicine provides the closest broad medical category with orthopedic relevance,British Columbia,Internal Medicine,5585500,673,12.049055590367916,2850985.0,4236.233283803864,2.035059478294952,863.0,40+,852.0,874.0,Available,Available,0.5833333333333334,Moderate relative prevalence,0.5583333333333333
Osteoporosis,Age-standardized prevalence,Yukon,Both sexes,Total,40+,2023–2024,6.27,0.1815,5.91,6.64,2.9,1275.0,23065.0,Internal Medicine,Orthopedic Surgery,Closest_available,Endocrinology and rheumatology are not available; Internal Medicine provides the closest broad medical category with orthopedic relevance,Yukon,Internal Medicine,45700,0,0.0,,,,571.0,40+,465.0,703.0,Available,Unavailable_due_to_service_volume,0.16666666666666666,Lower relative prevalence,
Osteoporosis,Age-standardized prevalence,Northwest Territories,Both sexes,Total,40+,2023–2024,12.83,0.3062,12.24,13.46,2.39,2025.0,19895.0,Internal Medicine,Orthopedic Surgery,Closest_available,Endocrinology and rheumatology are not available; Internal Medicine provides the closest broad medical category with orthopedic relevance,Northwest Territories,Internal Medicine,44300,1,2.257336343115124,,,,616.0,40+,475.0,814.0,Available,Unavailable_due_to_service_volume,0.9166666666666666,High relative prevalence,
Osteoporosis,Age-standardized prevalence,Nunavut,Both sexes,Total,40+,2023–2024,4.96,0.3138,4.37,5.66,6.33,390.0,13175.0,Internal Medicine,Orthopedic Surgery,Closest_available,Endocrinology and rheumatology are not available; Internal Medicine provides the closest broad medical category with orthopedic relevance,Nunavut,Internal Medicine,40900,0,0.0,,,,230.0,40+,126.0,532.0,Available,Unavailable_due_to_service_volume,0.08333333333333333,Lower relative prevalence,
