Product_ID,DRUG_CODE,DIN,Brand_Name,Descriptor,Product_Categorization,AI_Group_No,Pediatric_Flag,Last_Update_Date
PROD_15,15,00015229,AVENTYL,,,0102630002,N,22-MAR-2025
PROD_16,16,00015237,AVENTYL,,,0102630001,N,22-MAR-2025
PROD_57,57,00050520,MINERALE LEGERE HUILE,,,0126693001,N,22-MAR-2025
PROD_68,68,00050466,METHYLENE BLEU LIQ 1%,,,0106816001,N,22-MAR-2025
PROD_115,115,00037818,BACTERIOSTATIC SODIUM CHLORIDE INJECTION USP,,,0100053002,N,22-MAR-2025
PROD_117,117,00038202,BACTERIOSTATIC WATER FOR INJECTION USP,"MULTIDOSE VIALS, Q.S. TO 30 ML",,0105143002,N,22-MAR-2025
PROD_160,160,00009881,PAPAVERINE HYDROCHLORIDE INJECTION USP,,,0107115001,N,22-MAR-2025
PROD_193,193,00013609,GRAVOL SUPPOSITORIES,,LS - DIMENHYDRINATE,0102747003,N,22-MAR-2025
PROD_198,198,00013617,OVOL DROPS,,LS - ANTIFLATULENTS,0131347009,N,22-MAR-2025
PROD_211,211,00001961,XYLOCAINE OINTMENT 5%,,,0103565001,N,22-MAR-2025
PROD_212,212,00001694,XYLOCAINE JELLY 2%,SINGLE-USE TUBE,,0101280001,N,12-AUG-2026
PROD_227,227,00038172,QUELICIN,,,0105141001,N,22-MAR-2025
PROD_228,228,00037834,SODIUM CHLORIDE IRRIGATION USP,,,0100053002,N,22-APR-2026
PROD_250,250,00213071,COSMEGEN,,,0105865001,N,05-DEC-2025
PROD_254,254,00035017,ALCON ATROPINE,,,0104748001,N,22-MAR-2025
PROD_259,259,00042676,MAXITROL,SUSPENSION,,0305643001,N,14-AUG-2026
PROD_260,260,00000981,MYDRIACYL,,,0107663002,N,22-MAR-2025
PROD_287,287,00016055,CUPRIMINE,,,0100025001,N,22-MAR-2025
PROD_290,290,00021016,TEVA-QUININE,,,0106604002,N,26-JUN-2026
PROD_316,316,00024694,ATARAX,,,0106172001,N,31-DEC-2025
PROD_354,354,00028096,CELESTONE SOLUSPAN,,,0206301001,N,22-MAR-2025
PROD_405,405,00178799,PHENOBARB,,,0105950003,N,11-JUN-2026
PROD_406,406,00178802,PHENOBARB,,,0105950005,N,11-JUN-2026
PROD_407,407,00178810,PHENOBARB,,,0105950004,N,11-JUN-2026
PROD_408,408,00178829,PHENOBARB,,,0105950002,N,11-JUN-2026
PROD_415,415,00027243,DIHYDROERGOTAMINE (DHE),,,0108813001,N,23-APR-2026
PROD_432,432,00030910,CORTEF,,,0106344002,N,19-JUN-2026
PROD_433,433,00030929,CORTEF,,,0106344013,N,19-JUN-2026
PROD_507,507,00021695,TEVA-PREDNISONE,,,0106321001,N,24-JUN-2026
PROD_579,579,00021288,TEVA-PHENIRAM,,,0100615003,N,22-MAR-2025
PROD_585,585,00001732,XYLOCAINE 1%,,,0101280004,N,22-MAR-2025
PROD_587,587,00036641,XYLOCAINE 2%,"2 ML, 5 ML, AND 10 ML SINGLE-USE AMPOULES",,0101280001,N,06-AUG-2026
PROD_589,589,00001791,XYLOCAINE 1% W EPINEPHRINE 1:100000,,,0201284001,N,22-MAR-2025
PROD_590,590,00001805,XYLOCAINE 1% W EPINEPHRINE 1:200000,,,0201284002,N,22-MAR-2025
PROD_631,631,00074462,LOCACORTEN VIOFORM,,,0204579001,N,29-DEC-2025
PROD_636,636,00151866,OCTOCAINE HCL 2% EPINEPHRINE 1:100000,,,0201284005,N,22-MAR-2025
PROD_651,651,00021008,TEVA-QUININE,,,0106604001,N,26-JUN-2026
PROD_721,721,00107875,FLEET ENEMA MINERAL OIL,,,0136741002,N,22-MAR-2025
PROD_728,728,00115630,LIBRAX,,,0200614001,N,22-MAR-2025
PROD_731,731,00023485,ZARONTIN SYRUP,,,0107470001,N,22-MAR-2025
PROD_771,771,00022799,ZARONTIN,,,0107470002,N,22-MAR-2025
PROD_772,772,00023949,THYROID,,,0107351004,N,22-MAR-2025
PROD_773,773,00023957,THYROID,,,0107351001,N,22-MAR-2025
PROD_774,774,00023965,THYROID,,,0107351002,N,22-MAR-2025
PROD_777,777,00010405,TEGRETOL,,,0108674001,N,07-AUG-2026
PROD_778,778,00021474,TEVA-HYDROCHLOROTHIAZIDE,,,0101048002,N,22-MAR-2025
PROD_780,780,00001007,MYDRIACYL,,,0107663001,N,22-MAR-2025
PROD_789,789,00030767,DEPO-MEDROL,,,0106292004,N,25-JUN-2026
PROD_793,793,00000809,ALCON TEARS 0.5%,,,0108634001,N,22-MAR-2025
PROD_794,794,00000817,ALCON TEARS 1%,,,0108634002,N,22-MAR-2025
PROD_810,810,00074500,VIOFORM HYDROCORTISONE,,,0204581001,N,07-AUG-2026
PROD_812,812,00021482,TEVA-HYDROCHLOROTHIAZIDE,,,0101048001,N,22-MAR-2025
PROD_817,817,00037796,SODIUM CHLORIDE INJECTION USP,SINGLE-USE VIAL,,0100053002,N,13-AUG-2026
PROD_868,868,00074454,LOCACORTEN VIOFORM EARDROPS,,,0204579002,N,29-DEC-2025
PROD_872,872,00176192,FIORINAL-C 1/4,,,0401238002,N,22-MAR-2025
PROD_873,873,00176206,FIORINAL-C 1/2,,,0401238001,N,22-MAR-2025
PROD_933,933,00029149,FUNGIZONE,,,0105864001,N,27-JUL-2026
PROD_937,937,00036323,LOMOTIL,,,0203532001,N,22-MAR-2025
PROD_938,938,00012750,MATULANE,,,0102395001,N,22-MAR-2025
PROD_940,940,00155357,ADRENALIN,"PRESERVATIVE-FREE, AMPOULES",,0104871002,N,20-AUG-2026
PROD_943,943,00050024,CODEINE PHOSPHATE SYRUP,,,0104398001,N,11-JUN-2026
PROD_944,944,00024325,SINEQUAN,,,0107703006,N,22-MAR-2025
PROD_945,945,00024333,SINEQUAN,,,0107703001,N,22-MAR-2025
PROD_946,946,00024341,SINEQUAN,,,0107703002,N,22-MAR-2025
PROD_959,959,00004618,MYLERAN,,,0103273001,N,22-MAR-2025
PROD_960,960,00004723,PURINETHOL,,,0134920001,N,23-JUN-2026
PROD_1036,1036,00022772,DILANTIN,,,0101375001,N,22-MAR-2025
PROD_1037,1037,00022780,DILANTIN,,,0101375002,N,22-MAR-2025
PROD_1086,1086,00023698,DILANTIN INFATABS,,,0101372003,N,22-MAR-2025
PROD_1090,1090,00065927,NEO-LARYNGOBIS,,,0108681002,N,19-JUN-2026
PROD_1124,1124,00020885,TEVA-AMPICILLIN,,,0105872001,N,24-JUN-2026
PROD_1125,1125,00020877,TEVA-AMPICILLIN,,,0105872002,N,24-JUN-2026
PROD_1130,1130,00036137,SOLU-MEDROL,DILUENT SUPPLIED,,0106290001,N,17-AUG-2026
PROD_1132,1132,00030678,SOLU-MEDROL,DILUENT SUPPLIED. SINGLE-DOSE VIAL,,0106290005,N,21-AUG-2026
PROD_1134,1134,00030759,DEPO-MEDROL,,,0106292002,N,25-JUN-2026
PROD_1172,1172,00035076,ALCAINE,,,0108759001,N,27-OCT-2025
PROD_1181,1181,00038024,MANNITOL INJECTION USP,SINGLE-USE VIAL,,0103277001,N,13-AUG-2026
PROD_1192,1192,00004596,IMURAN,,,0101830001,N,22-MAR-2025
PROD_1193,1193,00004626,LEUKERAN,,,0101769001,N,22-MAR-2025
PROD_1195,1195,00004715,ALKERAN,,,0102597001,N,22-MAR-2025
PROD_1214,1214,00224391,KETALAR,,,0131360002,N,22-MAR-2025
PROD_1215,1215,00224405,KETALAR,,,0131360003,N,22-MAR-2025
PROD_1225,1225,00225851,DALACIN C FLAVOURED GRANULES,,,0105830007,N,07-AUG-2026
PROD_1233,1233,00226327,FIORINAL,,,0301241001,N,20-AUG-2026
PROD_1239,1239,00037826,SODIUM CHLORIDE IRRIGATION USP,,,0100053002,N,22-MAR-2025
PROD_1253,1253,00037621,NITROSTAT,,,0103615022,N,22-MAR-2025
PROD_1254,1254,00037613,NITROSTAT,,,0103615002,N,22-MAR-2025
PROD_1256,1256,00230197,KIDS GRAVOL LIQUID,,LS - DIMENHYDRINATE,0102747007,N,22-MAR-2025
PROD_1286,1286,00232378,TEVA-PREDNISONE,,,0106321002,N,24-JUN-2026
PROD_1293,1293,00232807,TEVA-CHLORPROMAZINE,,,0106167005,N,22-MAR-2025
PROD_1294,1294,00232823,TEVA-CHLORPROMAZINE,,,0106167006,N,22-MAR-2025
PROD_1295,1295,00232831,TEVA-CHLORPROMAZINE,,,0106167002,N,22-MAR-2025
PROD_1396,1396,00036129,MEDROL,,,0106290006,N,25-JUN-2026
PROD_1397,1397,00030988,MEDROL,,,0106290007,N,25-JUN-2026
PROD_1401,1401,00023760,NORLUTATE,,,0106374001,N,22-MAR-2025
PROD_1470,1470,00247855,FML,,,0106315001,N,22-MAR-2025
PROD_1471,1471,00247960,ETIBI,,,0108662001,N,15-OCT-2025
PROD_1472,1472,00247979,ETIBI,,,0108662002,N,15-OCT-2025
PROD_1508,1508,00155365,ADRENALIN TOPICAL SOLUTION,,,0104871002,N,24-JUN-2026
PROD_1530,1530,00252506,CYCLOGYL,,,0108675001,N,22-MAR-2025
PROD_1553,1553,00254142,DULCOLAX,,,0101506001,N,27-AUG-2026
PROD_1555,1555,00003875,DULCOLAX,,,0101506002,N,24-AUG-2026
PROD_1619,1619,00260428,DEPO-MEDROL WITH LIDOCAINE,,,0201293001,N,30-JUL-2025
PROD_1628,1628,00061085,"LACTATED RINGER'S INJECTION, USP",,,0400132001,N,22-MAR-2025
PROD_1649,1649,00263818,COTAZYM,,,0302964032,N,22-MAR-2025
PROD_1667,1667,00266493,TARDAN SHP,,,0308918001,N,22-MAR-2025
PROD_1668,1668,00266507,ADASEPT,,,0108865001,N,18-JUN-2026
PROD_1673,1673,00061131,"LACTATED RINGER'S AND 5% DEXTROSE INJECTION, USP",,,0500106006,N,22-MAR-2025
PROD_1740,1740,00038016,MANNITOL INJECTION USP,,,0103277003,N,22-MAR-2025
PROD_1743,1743,00224227,LMD 10% IN 0.9% SODIUM CHLORIDE,SINGLE-USE CONTAINER,,0200213001,N,22-MAR-2025
PROD_1744,1744,00224235,LMD 10% IN DEXTROSE 5%,SINGLE-USE CONTAINER,,0202184001,N,22-MAR-2025
PROD_1745,1745,00039470,LACTATED RINGER'S INJECTION,,,0400132001,N,22-MAR-2025
PROD_1802,1802,00280437,CORTISONE ACETATE,,,0106358002,N,22-MAR-2025
PROD_1812,1812,00282081,LANVIS,,,0109268001,N,22-MAR-2025
PROD_1830,1830,00284106,XYLOCAINE 2% W EPINEPHRINE 1:200000,20 ML SINGLE-USE VIAL,,0201284006,N,30-JUL-2026
PROD_1889,1889,00292990,OVOL FOR GAS 80 MG TABLET,,,0131347002,N,22-MAR-2025
PROD_1905,1905,00261998,SODIUM BICARBONATE INJECTION USP,SINGLE-USE SYRINGE OR VIAL,,0104153005,N,27-AUG-2026
PROD_1911,1911,00298409,PHENOL SALINE INJ,,,0200257001,N,22-JUN-2026
PROD_1912,1912,00298417,GLYCERINATED PHENOL SALINE,,,0309608001,N,22-JUN-2026
PROD_1913,1913,00299979,ALLERGENIC EXTRACT NON POLLENS,,,0109346002,N,24-APR-2026
PROD_1914,1914,00299987,ALLERGENIC EXTRACT POLLENS,,,0107826006,N,24-APR-2026
PROD_1937,1937,00301175,PRED FORTE,,,0106295001,N,22-MAR-2025
PROD_1954,1954,00022381,CORTROSYN INJ 0.25MG,ALSO KNOWN AS COSYNTROPIN,,0106365002,N,25-JUN-2026
PROD_2039,2039,00324019,ANAFRANIL,,,0109212003,N,22-MAR-2025
PROD_2049,2049,00326925,SINEQUAN,,,0107703005,N,22-MAR-2025
PROD_2071,2071,00323071,DIPROSONE,,,0106299002,N,22-MAR-2025
PROD_2087,2087,00317268,TUBERSOL,,,0106264001,N,25-JUN-2026
PROD_2093,2093,00312738,NITROFURANTOIN,,,0101480001,N,11-JUN-2026
PROD_2094,2094,00319511,NITROFURANTOIN,,,0101480002,N,11-JUN-2026
PROD_2133,2133,00026123,SENOKOT S,,,0215780001,N,08-JUL-2026
PROD_2138,2138,00330582,EFUDEX,,,0107505001,N,22-MAR-2025
PROD_2148,2148,00299561,CREO-RECTAL ADULTES/ADULTS,,,0310366003,N,22-MAR-2025
PROD_2150,2150,00299596,CREO-RECTAL ENFANTS/CHILDREN,,,0310366002,N,22-MAR-2025
PROD_2153,2153,00297763,BICNU,,,0109587001,N,27-JUN-2025
PROD_2164,2164,00330566,ANAFRANIL,,,0109212001,N,22-MAR-2025
PROD_2175,2175,00328693,PRE-PEN,0.25 ML AMPOULE,,0110325002,N,29-JUL-2026
PROD_2211,2211,00312797,APO-IMIPRAMINE TABLETS,,,0103832002,N,27-JAN-2026
PROD_2212,2212,00326852,APO-IMIPRAMINE TABLETS,,,0103832001,N,27-JAN-2026
PROD_2219,2219,00030600,SOLU-CORTEF,SINGLE-DOSE ACT-O-VIAL,,0106344003,N,25-JUN-2026
PROD_2220,2220,00030619,SOLU-CORTEF,SINGLE-DOSE ACT-O-VIAL,,0106344004,N,25-JUN-2026
PROD_2221,2221,00030627,SOLU-CORTEF,SINGLE-DOSE ACT-O-VIAL,,0106344011,N,25-JUN-2026
PROD_2222,2222,00030635,SOLU-CORTEF,SINGLE-DOSE ACT-O-VIAL,,0106344010,N,25-JUN-2026
PROD_2233,2233,00337765,TEVA-CLOXACILLIN,,,0131306002,N,04-MAY-2026
PROD_2234,2234,00337773,TEVA-CLOXACILLIN,,,0131306001,N,04-MAY-2026
PROD_2272,2272,00344923,DIPROSONE,,,0106299002,N,22-MAR-2025
PROD_2333,2333,00337730,TEVA-FUROSEMIDE,,,0101944002,N,18-JUN-2026
PROD_2365,2365,00335096,PERPHENAZINE,,,0106175007,N,11-JUN-2026
PROD_2366,2366,00335118,PERPHENAZINE,,,0106175006,N,11-JUN-2026
PROD_2367,2367,00335126,PERPHENAZINE,,,0106175005,N,11-JUN-2026
PROD_2368,2368,00335134,PERPHENAZINE,,,0106175004,N,11-JUN-2026
PROD_2375,2375,00000868,ISOPTO CARPINE,2%,,0107358003,N,21-AUG-2026
PROD_2423,2423,00358177,MAXITROL,OINTMENT,,0305643001,N,26-AUG-2026
PROD_2426,2426,00370991,PRO-AMITRIPTYLINE,,,0101524001,N,23-JUN-2026
PROD_2427,2427,00371009,PRO-AMITRIPTYLINE,,,0101524002,N,31-AUG-2026
PROD_2444,2444,00360201,APO-IMIPRAMINE TABLETS,,,0103832003,N,27-JAN-2026
PROD_2447,2447,00337749,TEVA-FUROSEMIDE,,,0101944001,N,18-JUN-2026
PROD_2467,2467,00360279,APO-CHLORTHALIDONE,,,0101804002,N,22-MAR-2025
PROD_2470,2470,00360252,METHYLDOPA,,,0100049003,N,11-JUN-2026
PROD_2471,2471,00360260,METHYLDOPA,,,0100049001,N,10-JUN-2026
PROD_2472,2472,00362166,APO-FUROSEMIDE,,,0101944001,N,22-MAR-2025
PROD_2481,2481,00363812,BUSCOPAN,,,0104703001,N,22-MAR-2025
PROD_2483,2483,00363839,BUSCOPAN,,,0104703002,N,22-MAR-2025
PROD_2506,2506,00375799,LIGNOSPAN FORTE,,,0201284011,N,22-MAR-2025
PROD_2527,2527,00037869,POTASSIUM CHLORIDE FOR INJECTION CONCENTRATE USP,,,0100273006,N,22-MAR-2025
PROD_2530,2530,00360422,CEENU,,,0111021001,N,14-JUL-2026
PROD_2531,2531,00360430,CEENU,,,0111021002,N,14-JUL-2026
PROD_2541,2541,00375780,LIGNOSPAN STANDARD,,,0201284005,N,22-MAR-2025
PROD_2568,2568,00382825,RIVOTRIL,,,0111558001,N,27-JUL-2026
PROD_2569,2569,00382841,RIVOTRIL,,,0111558002,N,27-JUL-2026
PROD_2570,2570,00386685,LIPIODOL ULTRA FLUID,38%,,0103970041,N,06-AUG-2026
PROD_2620,2620,00042560,MAXIDEX,,,0106303004,N,22-MAR-2025
PROD_2657,2657,00362158,DIAZEPAM,,,0103614001,N,22-MAR-2025
PROD_2723,2723,00386464,PROLOPA CAP 100-25,,,0211634001,N,22-MAR-2025
PROD_2724,2724,00386472,PROLOPA CAP 200-50,,,0211634002,N,22-MAR-2025
PROD_2743,2743,00364304,ISOCAINE HCL INJ 3%,,,0100583001,N,22-MAR-2025
PROD_2750,2750,00396761,PRIMIDONE,,,0105992001,N,11-JUN-2026
PROD_2751,2751,00399310,PRIMIDONE,,,0105992002,N,11-JUN-2026
PROD_2780,2780,00400750,SINEQUAN,,,0107703003,N,22-MAR-2025
PROD_2787,2787,00319724,DEMO-CINEOL ENFANTS/CHILDREN,,,0454530001,N,22-MAR-2025
PROD_2789,2789,00312363,CHLOROMYCETIN SUCCINATE INJECTION,,,0151341001,N,22-MAR-2025
PROD_2798,2798,00396788,APO-FUROSEMIDE,,,0101944002,N,22-MAR-2025
PROD_2828,2828,00393746,PRILOCAINE HCL 4% EPINEPH 1:200000INJ,,,0211806001,N,22-MAR-2025
PROD_2851,2851,00397792,PRO-FUROSEMIDE,,,0101944001,N,22-MAR-2025
PROD_2858,2858,00405345,FLUPHENAZINE,,,0106171001,N,11-JUN-2026
PROD_2860,2860,00405361,FLUPHENAZINE,,,0106171003,N,11-JUN-2026
PROD_2861,2861,00410632,FLUPHENAZINE,,,0106171004,N,11-JUN-2026
PROD_2863,2863,00343617,ROFACT,,,0105824001,N,22-MAR-2025
PROD_2866,2866,00393444,ROFACT,,,0105824002,N,22-MAR-2025
PROD_2870,2870,00417246,DIPROSONE,,,0106299002,N,22-MAR-2025
PROD_2890,2890,00392545,CONFAB DIMENHYDRINATE 100 MG,,,0102747003,N,22-MAR-2025
PROD_2891,2891,00392553,CONFAB DIMENHYDRINATE 50 MG,,,0102747004,N,22-MAR-2025
PROD_2902,2902,00037915,DEXTROSE INJECTION USP,,,0102181006,N,22-MAR-2025
PROD_2909,2909,00426830,METHYLDOPA,,,0100049002,N,10-JUN-2026
PROD_2935,2935,00385484,XYLOCAINE JELLY 2%,SINGLE-USE SYRINGE,,0101280001,N,12-AUG-2026
PROD_2964,2964,00428833,YF-VAX,,,0106230005,N,22-MAR-2025
PROD_2982,2982,00380571,LINCTUS CODEINE BLANC,,,0104398003,N,22-MAR-2025
PROD_3002,3002,00426849,FOLIC ACID,,,0108418001,N,22-MAR-2025
PROD_3042,3042,00392561,MORPHINE SULFATE INJ 15MG/ML USP,,,0104545009,N,14-JUL-2026
PROD_3043,3043,00392588,MORPHINE SULFATE INJ 10MG/ML USP,,,0104545001,N,17-JUL-2026
PROD_3076,3076,00271373,WINPRED,,,0106321003,N,19-JUN-2026
PROD_3088,3088,00392618,MAGNESIUM SULFATE INJECTION USP,,,0105356014,N,17-JUL-2026
PROD_3132,3132,00438014,(20 MMOL/L) POTASSIUM CHLORIDE IN 3.3% DEXTROSE AND 0.3% SODIUM CHLORIDE INJECTION USP,,,0300097026,N,11-JUN-2026
PROD_3133,3133,00438022,(40MMOL/L) POTASSIUM CHLORIDE IN 3.3% DEXTROSE AND 0.3% SODIUM CHLORIDE INJECTION USP,,,0300097002,N,11-JUN-2026
PROD_3141,3141,00456349,PRO-AMITRIPTYLINE,,,0101524003,N,31-AUG-2026
PROD_3156,3156,00443832,DEPAKENE,,,0112996002,N,12-JUN-2026
PROD_3178,3178,00013285,VALIUM,,,0103614001,N,22-MAR-2025
PROD_3186,3186,00451207,TIMOPTIC,,,0131275002,N,22-MAR-2025
PROD_3192,3192,00406775,LITHANE,,,0101163002,N,07-JAN-2026
PROD_3263,3263,00406716,NOVAMOXIN,,,0131314006,N,22-JUN-2026
PROD_3264,3264,00406724,NOVAMOXIN,,,0131314001,N,22-JUN-2026
PROD_3290,3290,00405329,DIAZEPAM,,,0103614002,N,22-MAR-2025
PROD_3291,3291,00405337,DIAZEPAM,,,0103614003,N,22-MAR-2025
PROD_3319,3319,00465763,MYDFRIN,,,0100662002,N,22-MAR-2025
PROD_3344,3344,00452130,NOVAMOXIN,,,0131314003,N,22-JUN-2026
PROD_3348,3348,00463221,LYSODREN,,,0113395001,N,31-JUL-2026
PROD_3378,3378,00399736,L-ARGININE HYDROCHLORIDE INJECTION,,,0107522001,N,20-JUL-2026
PROD_3383,3383,00402257,STERILE WATER FOR INJECTION USP,,,0105143002,N,22-MAR-2025
PROD_3394,3394,00402206,POTASSIUM CHLORIDE FOR INJECTION CONCENTRATE,,,0100273003,N,22-MAR-2025
PROD_3396,3396,00402249,SODIUM CHLORIDE BACTERIOSTATIC INJ,,,0100053002,N,22-MAR-2025
PROD_3397,3397,00392537,DIMENHYDRINATE INJECTION USP,"PRESERVATIVE-FREE, SINGLE-USE AMPOULES",,0102747004,N,21-AUG-2026
PROD_3414,3414,00461733,CARBOLITH,,,0101163001,N,22-MAR-2025
PROD_3429,3429,00481815,ROCALTROL,,,0113628005,N,22-MAR-2025
PROD_3430,3430,00481823,ROCALTROL,,,0113628007,N,22-MAR-2025
PROD_3453,3453,00465283,HYDREA,,,0113432001,N,27-JUL-2026
PROD_3463,3463,00402680,APO-OXAZEPAM,,,0102420003,N,22-MAR-2025
PROD_3464,3464,00402737,APO-OXAZEPAM,,,0102420001,N,22-MAR-2025
PROD_3465,3465,00402745,APO-OXAZEPAM,,,0102420002,N,22-MAR-2025
PROD_3486,3486,00405396,PATENT BLUE SODIUM INJECTION,,,0112398001,N,22-JUN-2026
PROD_3553,3553,00392693,ATROPINE SULFATE INJECTION USP,,,0104748005,N,22-MAR-2025
PROD_3554,3554,00392782,ATROPINE SULFATE INJECTION USP,,,0104748006,N,22-MAR-2025
PROD_3569,3569,00466085,M-M-R II,,,0366264001,N,13-NOV-2025
PROD_3595,3595,00392731,DIMENHYDRINATE INJECTION USP,SINGLE-USE VIALS,,0102747001,N,05-DEC-2025
PROD_3677,3677,00445266,SULFATRIM PEDIATRIC,,,0208901004,N,18-AUG-2026
PROD_3678,3678,00445274,SULFATRIM,,,0208901001,N,18-AUG-2026
PROD_3679,3679,00445282,SULFATRIM DS,,,0208901003,N,18-AUG-2026
PROD_3721,3721,00399728,DIAZEPAM INJECTION USP,,,0103614001,N,10-JUN-2026
PROD_3743,3743,00481408,NAPHCON A,,,0213722002,N,22-MAR-2025
PROD_3769,3769,00493392,RIMSO-50,,,0103075002,N,22-MAR-2025
PROD_3775,3775,00489867,DORMIPHEN EXTRA-FORT CAPSULE,,,0102639001,N,22-MAR-2025
PROD_3781,3781,00505005,FLUORESCITE,,,0160251001,N,16-DEC-2025
PROD_3794,3794,00337757,TEVA-CLOXACILLIN,,,0131306004,N,04-MAY-2026
PROD_3804,3804,00479934,SCANDONEST 3% PLAIN INJ,,,0100583001,N,22-MAR-2025
PROD_3806,3806,00497754,PRO-OXAZEPAM,,,0102420003,N,22-MAR-2025
PROD_3807,3807,00497762,PRO-OXAZEPAM,,,0102420002,N,22-MAR-2025
PROD_3808,3808,00497770,PRO-OXAZEPAM,,,0102420001,N,22-MAR-2025
PROD_3809,3809,00496723,PRO-FUROSEMIDE,,,0101944002,N,22-MAR-2025
PROD_3822,3822,00498785,STERILE WATER FOR IRRIGATION USP,SINGLE-DOSE,,0105143002,N,12-AUG-2026
PROD_3823,3823,00498807,SORBITOL MANNITOL IRRIGATION,,,0203278001,N,22-MAR-2025
PROD_3865,3865,00498793,GLYCINE IRRIGATION USP,,,0105118001,N,22-MAR-2025
PROD_3883,3883,00509558,EPIPEN,0.3 MG/0.3 ML AUTO-INJECTOR,,0104871002,N,29-JUL-2026
PROD_3891,3891,00502790,COTAZYM ECS 8,,,0302964031,N,22-MAR-2025
PROD_3906,3906,00042544,MIOSTAT OPHTHALMIC LIQ 0.01%,,,0103177004,N,26-AUG-2026
PROD_3944,3944,00013803,GRAVOL TABLETS,,LS - DIMENHYDRINATE,0102747004,N,22-MAR-2025
PROD_3945,3945,00342084,TEVA-CEPHALEXIN,,,0105911004,N,23-JUN-2026
PROD_3946,3946,00342114,TEVA-CEPHALEXIN,,,0105911003,N,23-JUN-2026
PROD_3991,3991,00511528,MOGADON,,,0114345001,N,22-JUN-2026
PROD_3992,3992,00511536,MOGADON,,,0114345002,N,22-JUN-2026
PROD_3996,3996,00443948,SUPEUDOL 10,,,0107552002,N,26-JUN-2026
PROD_4010,4010,00514500,LONITEN 10MG,,,0114429003,N,22-MAR-2025
PROD_4011,4011,00514497,LONITEN 2.5MG,,,0114429002,N,22-MAR-2025
PROD_4092,4092,00037842,SODIUM CHLORIDE INJECTION USP,,,0100053002,N,22-MAR-2025
PROD_4114,4114,00500895,NALCROM,,,0108810001,N,22-MAR-2025
PROD_4129,4129,00337420,TEVA-INDOMETHACIN,,,0101832001,N,24-JUN-2026
PROD_4130,4130,00337439,TEVA-INDOMETHACIN,,,0101832002,N,24-JUN-2026
PROD_4222,4222,00511552,SANDOMIGRAN DS,,,0110877001,N,02-DEC-2025
PROD_4230,4230,00294748,CALCIUM CHLORIDE INJECTION USP,,,0108565001,N,02-APR-2026
PROD_4241,4241,01937227,PMS TRAZODONE HCL TAB 50MG,,,0115713001,N,22-MAR-2025
PROD_4254,4254,00496480,TEVA-PROPRANOLOL,,,0101831003,N,22-MAR-2025
PROD_4255,4255,00496499,TEVA-PROPRANOLOL,,,0101831004,N,22-MAR-2025
PROD_4256,4256,00496502,TEVA-PROPRANOLOL,,,0101831002,N,22-MAR-2025
PROD_4258,4258,00476374,CHOLEDYL EXPECTORANT,,,0200552001,N,22-MAR-2025
PROD_4272,4272,00530336,ASA 325MG,,,0101169001,N,10-JUN-2026
PROD_4276,4276,00402818,APO-ALLOPURINOL TABLETS,,,0103654001,N,19-FEB-2026
PROD_4279,4279,00522996,CHLORDIAZEPOXIDE,,,0100613002,N,11-JUN-2026
PROD_4280,4280,00312800,APO-HYDROCHLOROTHIAZIDE,,,0101048001,N,22-MAR-2025
PROD_4281,4281,00326844,APO-HYDROCHLOROTHIAZIDE,,,0101048002,N,22-MAR-2025
PROD_4293,4293,00497398,OXYTOCIN INJECTION USP,,,0106478002,N,22-MAR-2025
PROD_4302,4302,00402796,APO-ALLOPURINOL TABLETS,,,0103654003,N,19-FEB-2026
PROD_4303,4303,00479799,APO-ALLOPURINOL TABLETS,,,0103654002,N,19-FEB-2026
PROD_4309,4309,00476552,NARDIL,,,0106952001,N,31-DEC-2025
PROD_4382,4382,00402591,ANAFRANIL,,,0109212002,N,22-MAR-2025
PROD_4388,4388,00476714,PYRIDIUM,,,0106949001,N,10-JUL-2025
PROD_4389,4389,00505773,ANUSOL-HC OINTMENT,,,0214222001,N,22-MAR-2025
PROD_4410,4410,00479896,XYLONOR GEL,,,0210012001,N,22-MAR-2025
PROD_4431,4431,00527033,FUROSEMIDE INJ USP,,,0101944003,N,16-JUN-2026
PROD_4432,4432,00521515,VITAMIN B12,,,0108437002,N,19-MAY-2026
PROD_4459,4459,00522597,PROLOPA CAP 50-12.5,,,0211634003,N,22-MAR-2025
PROD_4469,4469,00535230,CALMYLIN,,,0311067001,Y,22-JUN-2026
PROD_4471,4471,00548359,XANAX,,,0115008001,N,22-MAR-2025
PROD_4472,4472,00548367,XANAX,,,0115008002,N,22-MAR-2025
PROD_4478,4478,00001937,XYLOCARD,SINGLE-USE AMPOULE,,0101280001,N,10-AUG-2026
PROD_4521,4521,00535427,TEVA-ECTOSONE,,,0106299002,N,08-JUL-2025
PROD_4522,4522,00535435,TEVA-ECTOSONE,,,0106299001,N,08-JUL-2025
PROD_4523,4523,00532657,TEVA-TRIAMTERENE/HCTZ,,,0201052001,N,22-MAR-2025
PROD_4571,4571,00513962,TOBREX,,,0110230005,N,22-MAR-2025
PROD_4590,4590,00522791,BRONCHOPHAN FORTE DM SYR,,,0100807001,N,22-MAR-2025
PROD_4591,4591,00042579,MAXIDEX,,,0106303004,N,22-MAR-2025
PROD_4630,4630,00476285,ANUSOL-HC SUPPOSITORIES,,,0214222002,N,22-MAR-2025
PROD_4703,4703,00550086,SEPTRA INJECTION,,,0208901005,N,13-AUG-2026
PROD_4710,4710,00557102,RIVA-DICYCLOMINE,,,0107449001,N,22-MAR-2025
PROD_4724,4724,00555681,ALLOPURINOL-100,,,0103654001,N,23-JUN-2026
PROD_4725,4725,00555703,ALLOPURINOL-300,,,0103654003,N,23-JUN-2026
PROD_4728,4728,00521698,FLURAZEPAM,,,0108704002,N,24-JUN-2026
PROD_4729,4729,00521701,FLURAZEPAM,,,0108704001,N,24-JUN-2026
PROD_4730,4730,00441686,ISDN,,,0103176001,N,17-JUN-2026
PROD_4731,4731,00441694,ISDN,,,0103176003,N,17-JUN-2026
PROD_4732,4732,00312770,APO PREDNISONE TAB 5MG,,,0106321001,N,18-MAR-2026
PROD_4733,4733,00544981,APO-ACETAMINOPHEN,,,0102009001,N,22-MAR-2025
PROD_4734,4734,00545007,APO-ACETAMINOPHEN EXTRA STRENGTH,,LS - ANALG (ACETAMINOPHEN LABELLING STANDARD),0102009002,N,22-MAR-2025
PROD_4736,4736,00550957,APO PREDNISONE TAB 50MG,,,0106321002,N,18-MAR-2026
PROD_4743,4743,00556734,VERMOX,,,0109306002,N,25-JUN-2026
PROD_4802,4802,00559253,PROSTIN VR STERILE SOLUTION,,,0115288001,N,26-JUN-2026
PROD_4885,4885,00551805,SECARIS,,,0215107001,N,29-JUN-2026
PROD_4899,4899,00545015,ACETAZOLAMIDE,,,0107512001,N,11-JUN-2026
PROD_4901,4901,00545058,TRIHEXYPHENIDYL,,,0102627001,N,10-AUG-2026
PROD_4902,4902,00545066,APO-METRONIDAZOLE TABLETS,,,0102572001,N,19-MAY-2026
PROD_4903,4903,00545074,TRIHEXYPHENIDYL,,,0102627002,N,10-AUG-2026
PROD_4913,4913,00568082,BSS PLUS,,,0815477001,N,22-MAR-2025
PROD_4941,4941,00548375,CESAMET,,,0115009001,N,22-MAR-2025
PROD_4959,4959,00569771,ZOVIRAX,,,0115506007,N,22-MAR-2025
PROD_4980,4980,00522651,APO-NAPROXEN,,,0109634001,N,22-MAR-2025
PROD_5035,5035,00389218,NOVO-GESIC,,,0102009001,N,22-JUN-2026
PROD_5036,5036,00565350,TEVA-NAPROXEN,,,0109634001,N,30-JUN-2026
PROD_5069,5069,00572349,COLCHICINE TAB 0.6MG,,,0107264001,N,22-MAR-2025
PROD_5072,5072,00342092,TEVA-CEPHALEXIN 250,,,0105911002,N,23-JUN-2026
PROD_5073,5073,00342106,TEVA-CEPHALEXIN 125,,,0105911001,N,23-JUN-2026
PROD_5128,5128,00582344,ACCUTANE,,,0115751001,N,10-AUG-2026
PROD_5129,5129,00582352,ACCUTANE,,,0115751002,N,31-JUL-2026
PROD_5181,5181,00583413,TEVA-CEPHALEXIN,,,0105911004,N,23-JUN-2026
PROD_5182,5182,00583421,TEVA-CEPHALEXIN,,,0105911003,N,23-JUN-2026
PROD_5183,5183,00589861,TEVA-NAPROXEN,,,0109634003,N,30-JUN-2026
PROD_5184,5184,00482323,NOVO-GESIC FORTE,,,0102009002,N,22-JUN-2026
PROD_5187,5187,00583332,EXTRA STRENGTH NYTOL TAB 50MG,,,0102639001,N,12-AUG-2026
PROD_5195,5195,00584215,CIMETIDINE,,,0111925005,N,22-MAR-2025
PROD_5196,5196,00487872,CIMETIDINE,,,0111925001,N,22-MAR-2025
PROD_5213,5213,00568406,RIVA-OXAZEPAM,,,0102420002,N,22-MAR-2025
PROD_5214,5214,00568414,RIVA-OXAZEPAM,,,0102420001,N,22-MAR-2025
PROD_5221,5221,00591645,GASEOUS NITROGEN 99.0%,,,0115497001,N,22-MAR-2025
PROD_5222,5222,00592277,APO-NAPROXEN,,,0109634003,N,22-MAR-2025
PROD_5254,5254,00559393,TYLENOL REGULAR STRENGTH,,LS - ANALG (ACETAMINOPHEN LABELLING STANDARD),0102009001,N,12-SEP-2025
PROD_5255,5255,00559407,TYLENOL EXTRA STRENGTH,,,0102009002,N,25-SEP-2025
PROD_5287,5287,00578436,DIPROSALIC,,,0215695004,N,18-DEC-2025
PROD_5293,5293,00580929,TETRACYCLINE,,,0105499002,N,11-JUN-2026
PROD_5326,5326,00587737,HUMULIN N,,,0115861001,N,22-MAR-2025
PROD_5369,5369,00575186,HISTANTIL TAB 50MG,,,0106204002,N,22-MAR-2025
PROD_5402,5402,00533688,TOBRAMYCIN FOR INJECTION,,,0110230006,N,22-MAR-2025
PROD_5430,5430,00596612,DIPHENHYDRAMINE HYDROCHLORIDE INJECTION USP,,,0102639001,N,22-MAR-2025
PROD_5432,5432,00506052,APO-IBUPROFEN,,,0108883002,N,22-MAR-2025
PROD_5433,5433,00441651,APO-IBUPROFEN,,,0108883001,N,22-MAR-2025
PROD_5439,5439,00598933,TIAMOL CREAM 0.05%,,,0106313001,N,16-JUN-2026
PROD_5508,5508,00600806,APO-NAPROXEN,,,0109634004,N,22-MAR-2025
PROD_5509,5509,00609129,DICLECTIN,,,0213346001,N,23-JAN-2026
PROD_5524,5524,00476420,COLY-MYCIN M,,,0105857001,N,22-MAR-2025
PROD_5535,5535,00590215,TPN ELECTROLYTES,SINGLE-USE,,0500066001,N,14-AUG-2026
PROD_5537,5537,00609692,HISTATROL,,,0107535001,N,27-JUN-2025
PROD_5538,5538,00609706,HISTATROL,,,0107535002,N,27-JUN-2025
PROD_5563,5563,00568392,RIVA-OXAZEPAM,,,0102420003,N,22-MAR-2025
PROD_5570,5570,00605751,ACETAMINOPHEN TABLETS 325 MG,,,0102009001,N,26-JUN-2026
PROD_5571,5571,00605778,EXTRA STRENGTH ACETAMINOPHEN TABLETS 500 MG,,,0102009002,N,29-JUN-2026
PROD_5572,5572,00605786,TRAVEL TABS 50 MG,,LS - DIMENHYDRINATE,0102747004,N,22-MAR-2025
PROD_5613,5613,00586315,MULTI 1000,,,0915828001,N,22-MAR-2025
PROD_5616,5616,00604453,RESTORIL,,,0114415002,N,22-MAR-2025
PROD_5618,5618,00604461,RESTORIL,,,0114415001,N,22-MAR-2025
PROD_5637,5637,00586668,FUCIDIN CREAM 2%,,,0114230003,N,01-JUN-2026
PROD_5638,5638,00586676,FUCIDIN OINTMENT 2%,,,0114229001,N,01-JUN-2026
PROD_5646,5646,00613215,TEVA-SPIRONOLACTONE,,,0106462001,N,25-FEB-2026
PROD_5647,5647,00613223,TEVA-SPIRONOLACTONE,,,0106462002,N,25-FEB-2026
PROD_5672,5672,00441775,APO-TRIAZIDE,,,0201052001,N,27-AUG-2026
PROD_5676,5676,00596418,EPIVAL,,,0112996004,N,12-JUN-2026
PROD_5677,5677,00596426,EPIVAL,,,0112996001,N,12-JUN-2026
PROD_5678,5678,00596434,EPIVAL,,,0112996003,N,12-JUN-2026
PROD_5682,5682,00572810,OXYGEN 100%,,,0110469001,N,22-MAR-2025
PROD_5683,5683,00572829,NITROGEN 100%,,,0115497001,N,22-MAR-2025
PROD_5684,5684,00572837,MEDICAL AIR 100%,,,0115573001,N,22-MAR-2025
PROD_5685,5685,00572845,NITROUS OXIDE 100%,,,0110468001,N,22-MAR-2025
PROD_5686,5686,00572853,OXYGEN CARBON DIOXIDE MIXTURE,93% TO 98% O2 BALANCED WITH CO2,,0213351001,N,17-AUG-2026
PROD_5687,5687,00572861,CARBON DIOXIDE 100%,,,0110465002,N,22-MAR-2025
PROD_5688,5688,00572888,HELIUM 100%,,,0115495001,N,22-MAR-2025
PROD_5689,5689,00572896,HELIUM OXYGEN MIXTURE,80% HE BALANCED WITH O2,,0215574001,N,17-AUG-2026
PROD_5705,5705,00582662,AMINOPHYLLINE INJ 25MG/ML,,,0102399003,N,22-MAR-2025
PROD_5707,5707,00614254,TOBREX,,,0110230005,N,22-MAR-2025
PROD_5718,5718,00577790,PDP-ISONIAZID,,,0107349002,N,19-AUG-2026
PROD_5719,5719,00577804,PDP-ISONIAZID,,,0107349001,N,19-AUG-2026
PROD_5720,5720,00577812,PDP-ISONIAZID,,,0107349003,N,19-AUG-2026
PROD_5728,5728,00598461,PMS-SULFASALAZINE 500MG/TAB USP,,,0106101001,N,22-MAR-2025
PROD_5777,5777,00608157,TEVA-OXYCODAN,,,0215597002,N,22-MAR-2025
PROD_5778,5778,00608165,TEVA-OXYCOCET,,,0215596001,N,22-MAR-2025
PROD_5779,5779,00608211,TEVA-TECNAL,,,0301241001,N,22-MAR-2025
PROD_5780,5780,00608882,TEVA-EMTEC-30,,,0211376003,N,22-MAR-2025
PROD_5790,5790,00593257,SANDIMMUNE I.V.,,,0115996003,N,27-AUG-2026
PROD_5792,5792,00608734,LANSOYL GEL 78%,,,0136741013,N,22-MAR-2025
PROD_5812,5812,00609900,RINCE BOUCHE ANTISEPTIQUE,,,0106834002,N,22-MAR-2025
PROD_5818,5818,00618632,APO-METOPROLOL,,,0111923002,N,06-AUG-2026
PROD_5819,5819,00618640,APO-METOPROLOL,,,0111923003,N,06-AUG-2026
PROD_5822,5822,00628115,APO-AMOXI,,,0131314001,N,02-APR-2026
PROD_5823,5823,00628123,APO-AMOXI,,,0131314006,N,02-APR-2026
PROD_5824,5824,00628131,APO-AMOXI,,,0131314002,N,02-APR-2026
PROD_5825,5825,00628158,APO-AMOXI,,,0131314003,N,02-APR-2026
PROD_5858,5858,00613231,TEVA-SPIRONOLACTONE/HCTZ,,,0201064001,N,26-JUN-2026
PROD_5859,5859,00363650,TEVA-HALOPERIDOL,,,0101774001,N,22-MAR-2025
PROD_5860,5860,00627097,TEVA-NAPROXEN,,,0109634004,N,30-JUN-2026
PROD_5863,5863,00584908,BACITIN,,,0105859002,N,11-JUN-2026
PROD_5864,5864,00598488,PMS-SULFASALAZINE-E.C. TAB 500MG,,,0106101001,N,22-MAR-2025
PROD_5917,5917,00585114,APO-IBUPROFEN TAB 600MG,,,0108883003,N,22-MAR-2025
PROD_5939,5939,00125083,DILAUDID,,,0108698003,N,26-JUN-2026
PROD_5940,5940,00125121,DILAUDID,,,0108698006,N,05-AUG-2026
PROD_5963,5963,00616192,VEPESID,,,0114567001,N,27-JUL-2026
PROD_5970,5970,00578657,EPIPEN JR,0.15 MG/0.3 ML AUTO-INJECTOR,,0104871011,N,19-AUG-2026
PROD_5997,5997,00626627,ODAN-CYCLOPENTOLATE,,,0108675001,N,22-MAR-2025
PROD_6054,6054,00622885,ODAN-TROPICAMIDE,,,0107663001,N,22-MAR-2025
PROD_6095,6095,00645575,PHENOBARB ELIXIR,,,0105950008,N,11-JUN-2026
PROD_6130,6130,00618810,PDP-PYRAZINAMIDE,,,0107627001,N,23-JUN-2026
PROD_6135,6135,00637742,TEVA-LORAZEPAM,,,0110731001,N,23-JUN-2026
PROD_6136,6136,00637750,TEVA-LORAZEPAM,,,0110731002,N,23-JUN-2026
PROD_6170,6170,00627410,ELIXIR DE THEOPHYLLINE,,,0103582001,N,22-MAR-2025
PROD_6171,6171,00614491,DOLORAL SIROP,,,0102476001,N,25-MAR-2025
PROD_6258,6258,00514888,SELAX CAP 100MG,,,0104351002,N,22-MAR-2025
PROD_6269,6269,00503347,PROGLYCEM,,,0108984003,N,18-JUN-2026
PROD_6295,6295,00655740,APO-LORAZEPAM,,,0110731003,N,22-MAR-2025
PROD_6296,6296,00655759,APO-LORAZEPAM,,,0110731001,N,22-MAR-2025
PROD_6297,6297,00655767,APO-LORAZEPAM,,,0110731002,N,22-MAR-2025
PROD_6317,6317,00637955,CHARAC-50,,,0106680029,N,22-MAR-2025
PROD_6346,6346,00653276,TEVA-LENOLTEC NO. 3,,,0311391005,N,22-MAR-2025
PROD_6366,6366,00512990,BSS STERILE IRRIGATING SOLUTION,,,0639602001,N,25-JUN-2026
PROD_6415,6415,00593435,TEVA-CODEINE,,,0104398002,N,22-MAR-2025
PROD_6416,6416,00593451,TEVA-CODEINE,,,0104398004,N,22-MAR-2025
PROD_6419,6419,00608181,TEVA-TECNAL C 1/2,,,0401238001,N,22-MAR-2025
PROD_6421,6421,00642215,PEN-VK,,,0105897011,N,23-JUN-2026
PROD_6461,6461,00632724,VOLTAREN,,,0114417002,N,09-JUN-2026
PROD_6479,6479,00608203,TEVA-TECNAL C 1/4,,,0401238002,N,22-MAR-2025
PROD_6480,6480,00608238,TEVA-TECNAL,,,0301241001,N,22-MAR-2025
PROD_6510,6510,00644315,PRO-AMOX-500,,,0131314006,N,08-DEC-2025
PROD_6511,6511,00644331,PRO-AMOX-250,,,0131314003,N,22-MAR-2025
PROD_6512,6512,00648019,PRO-METOPROLOL-L,,,0111923002,N,01-APR-2026
PROD_6513,6513,00648027,PRO-METOPROLOL-L,,,0111923003,N,26-MAR-2026
PROD_6529,6529,00629367,DIPROLENE,,,0106299002,N,22-MAR-2025
PROD_6593,6593,00664227,DEXAMETHASONE SODIUM PHOSPHATE INJ USP 4MG/ML,,,0106305003,N,02-APR-2026
PROD_6611,6611,00648035,TEVA-METOPROLOL,FILM-COATED,,0111923002,N,28-JUL-2026
PROD_6612,6612,00648043,TEVA-METOPROLOL,FILM-COATED,,0111923003,N,28-JUL-2026
PROD_6616,6616,00677442,COLYTE,,,0524479006,N,15-JUN-2026
PROD_6645,6645,00319716,DEMO-CINEOL ADULTES/ADULTS,,,0454530002,N,22-MAR-2025
PROD_6656,6656,00655643,PRO-LORAZEPAM,,,0110731003,N,22-MAR-2025
PROD_6657,6657,00655651,PRO-LORAZEPAM,,,0110731001,N,22-MAR-2025
PROD_6658,6658,00655678,PRO-LORAZEPAM,,,0110731002,N,22-MAR-2025
PROD_6714,6714,00642886,APO PIROXICAM CAP 10MG,,,0114612002,N,22-MAR-2025
PROD_6715,6715,00642894,APO PIROXICAM CAP 20MG,,,0114612001,N,22-MAR-2025
PROD_6720,6720,00637734,PERSANTINE,,,0106621005,N,22-MAR-2025
PROD_6754,6754,00594644,STATEX,,,0104545001,N,10-MAR-2026
PROD_6755,6755,00594652,STATEX,,,0104545003,N,10-MAR-2026
PROD_6763,6763,00653233,TEVA-LENOLTEC NO. 1,,,0311391002,Y,22-MAR-2025
PROD_6764,6764,00653241,TEVA-LENOLTEC NO. 2,,,0311391001,N,22-MAR-2025
PROD_6775,6775,00691623,BICARBONATE CONCENTRATE D17000,,,0104153004,N,22-MAR-2025
PROD_6812,6812,00695696,TEVA-PIROXICAM,,,0114612001,N,24-JUN-2026
PROD_6813,6813,00695718,TEVA-PIROXICAM,,,0114612002,N,24-JUN-2026
PROD_6822,6822,00653209,TEVA-ECTOSONE,,,0106299002,N,22-MAR-2025
PROD_6824,6824,00621463,TEVA-LENOLTEC NO. 4,,,0211376001,N,22-MAR-2025
PROD_6826,6826,00591629,OXYGEN 99.0%,,,0110469001,N,22-MAR-2025
PROD_6827,6827,00707570,APO-FUROSEMIDE,,,0101944004,N,22-MAR-2025
PROD_6844,6844,00690074,COUGH SYRUP,,,0311067001,Y,19-JUN-2026
PROD_6848,6848,00666114,SEBCUR-T,,,0202927002,N,22-MAR-2025
PROD_6850,6850,00693596,LIQUI-MED ANALGESIC GAS,,,0213352001,N,22-MAR-2025
PROD_6889,6889,00705438,DILAUDID,,,0108698004,N,05-AUG-2026
PROD_6892,6892,00657182,TEVA-SPIRONOLACTONE/HCTZ,,,0201064002,N,26-JUN-2026
PROD_7042,7042,00700401,TEVA-PREDNISOLONE,,,0106295001,N,22-MAR-2025
PROD_7084,7084,00708925,MEN'S ROGAINE,,,0114429001,N,23-JAN-2026
PROD_7128,7128,00363685,TEVA-HALOPERIDOL,,,0101774002,N,22-MAR-2025
PROD_7129,7129,00363677,TEVA-HALOPERIDOL,,,0101774003,N,22-MAR-2025
PROD_7130,7130,00363669,TEVA-HALOPERIDOL,,,0101774004,N,22-MAR-2025
PROD_7131,7131,00713449,TEVA-HALOPERIDOL,,,0101774005,N,22-MAR-2025
PROD_7203,7203,00674354,COLLYRE BLEU LAITER,,,0255030001,N,22-MAR-2025
PROD_7263,7263,00718149,TRYPTAN,,,0111038003,N,06-JAN-2026
PROD_7264,7264,00654531,TRYPTAN,,,0111038001,N,06-JAN-2026
PROD_7267,7267,00649236,CHARACTOL-50,,,0106680002,N,22-MAR-2025
PROD_7292,7292,00474517,ONE-ALPHA,,,0135700006,N,27-JUL-2026
PROD_7293,7293,00474525,ONE-ALPHA,,,0135700002,N,27-JUL-2026
PROD_7314,7314,00711101,TEVA-LORAZEPAM,,,0110731003,N,23-JUN-2026
PROD_7349,7349,00740675,TEVA-PROPRANOLOL,,,0101831005,N,22-MAR-2025
PROD_7365,7365,00703494,PMS-DOCUSATE SODIUM,,,0104351002,N,10-JUN-2026
PROD_7391,7391,00646016,HYDROXYZINE,,,0106172004,N,22-MAR-2025
PROD_7392,7392,00646024,HYDROXYZINE,,,0106172002,N,22-MAR-2025
PROD_7393,7393,00646059,HYDROXYZINE,,,0106172003,N,22-MAR-2025
PROD_7394,7394,00704431,ANDROCUR,,,0116806001,N,21-JUL-2025
PROD_7421,7421,00617288,MORPHINE HP 50,,,0104545006,N,22-MAR-2025
PROD_7627,7627,00740713,APO-DOXY,,,0105569001,N,26-JUN-2026
PROD_7645,7645,00727369,ESTRAGYN VAGINAL CREAM,,,0106441002,N,28-AUG-2026
PROD_8042,8042,00727520,HEPARIN LEO 100UNIT/ML,,,0104596003,N,01-DEC-2025
PROD_8060,8060,00706531,PDP-BENZTROPINE,,,0107632001,N,23-JUN-2026
PROD_8065,8065,00740799,TRIMIPRAMINE,,,0102479001,N,17-JUN-2026
PROD_8066,8066,00740802,TRIMIPRAMINE,,,0102479002,N,17-JUN-2026
PROD_8067,8067,00740810,TRIMIPRAMINE,,,0102479003,N,17-JUN-2026
PROD_8102,8102,00670901,VASOTEC,,,0152325002,N,22-MAR-2025
PROD_8103,8103,00670928,VASOTEC,,,0152325003,N,22-MAR-2025
PROD_8106,8106,00740829,TRIMIPRAMINE,,,0102479004,N,17-JUN-2026
PROD_8111,8111,00708879,VASOTEC,,,0152325004,N,22-MAR-2025
PROD_8118,8118,00742813,HYDROXYZINE HYDROCHLORIDE INJECTION USP,,,0106172004,N,22-MAR-2025
PROD_8119,8119,00711306,POTASSIUM PHOSPHATE MONOBASIC INJECTION,,,0107481001,N,22-MAR-2025
PROD_8121,8121,00725765,MEPERIDINE HYDROCHLORIDE INJECTION USP,,,0104542001,N,22-MAR-2025
PROD_8123,8123,00707503,TRIQUILAR 28,,,0618648001,N,06-AUG-2025
PROD_8124,8124,00707600,TRIQUILAR 21,,,0618648002,N,06-AUG-2025
PROD_8155,8155,00750794,SOOTHE ALLERGY,,,0213722001,N,01-AUG-2025
PROD_8185,8185,00588075,LUNG DIFFUSION TEST MIX NO NE CO,"0.3% CO, 0.5% NE, 21% O2, BALANCED WITH N2",,0415872001,N,10-AUG-2026
PROD_8274,8274,00511226,TROMBOJECT 3%,,,0107541002,N,09-JAN-2026
PROD_8275,8275,00511234,TROMBOJECT 1%,,,0107541001,N,09-JAN-2026
PROD_8351,8351,00436208,LIDOCAINE HYDROCHLORIDE INJECTION USP,,,0101280001,N,12-JAN-2026
PROD_8352,8352,00710814,EPINEPHRINE INJECTION USP,,,0104871003,N,29-APR-2026
PROD_8373,8373,00773611,TEGRETOL CR,,,0108674001,N,07-AUG-2026
PROD_8374,8374,00755583,TEGRETOL CR,,,0108674004,N,07-AUG-2026
PROD_8376,8376,00755907,NIFEDIPINE,,,0115253001,N,17-JUN-2026
PROD_8387,8387,00723908,TYLENOL EXTRA STRENGTH CAPLETS,,,0102009002,N,12-SEP-2025
PROD_8398,8398,00621366,BIODERM OINTMENT,,,0205854001,N,22-MAR-2025
PROD_8464,8464,00603708,RYTHMOL,,,0116258001,N,22-MAR-2025
PROD_8465,8465,00603716,RYTHMOL,,,0116258002,N,22-MAR-2025
PROD_8573,8573,00716960,TRIADERM CRM 0.1%,,,0106310002,N,22-MAR-2025
PROD_8589,8589,00755842,TIMOLOL,,,0110849002,N,16-JUN-2025
PROD_8590,8590,00755850,TIMOLOL,,,0110849001,N,16-JUN-2025
PROD_8591,8591,00755869,TIMOLOL,,,0110849003,N,16-JUN-2025
PROD_8597,8597,00723894,TYLENOL REGULAR STRENGTH CAPLETS,,LS - ANALG (ACETAMINOPHEN LABELLING STANDARD),0102009001,N,12-SEP-2025
PROD_8601,8601,00758566,LACTATED RINGER'S IRRIGATION,,,0400132001,N,22-MAR-2025
PROD_8602,8602,00751170,APO-METOPROLOL (TYPE L),,,0111923003,N,06-AUG-2026
PROD_8603,8603,00749354,APO-METOPROLOL (TYPE L),,,0111923002,N,06-AUG-2026
PROD_8915,8915,00778338,AXID,,,0120317001,N,17-JUN-2026
PROD_8918,8918,00755338,SOLYSTAT,,,0108701006,N,22-JUN-2026
PROD_8964,8964,00771368,NIX CREME RINSE,,,0120085001,N,26-JUN-2026
PROD_8972,8972,00716618,BETADERM CRM 0.05%,,,0106299002,N,22-MAR-2025
PROD_8973,8973,00716650,BETADERM ONT 0.1%,,,0106299001,N,22-MAR-2025
PROD_8974,8974,00716731,TARO-DOCUSATE,,,0104351002,N,26-JUN-2026
PROD_8977,8977,00716871,NYADERM,,,0105858001,N,22-MAR-2025
PROD_9164,9164,00721891,EPINEPHRINE INJECTION USP,,,0104871002,N,29-APR-2026
PROD_9170,9170,00768715,APO-CEPHALEX,,,0105911003,N,18-JUN-2026
PROD_9171,9171,00768723,APO-CEPHALEX,,,0105911004,N,18-JUN-2026
PROD_9172,9172,00771376,AA-DILTIAZ,,,0115863001,N,26-NOV-2025
PROD_9173,9173,00771384,AA-DILTIAZ,,,0115863002,N,26-NOV-2025
PROD_9174,9174,00773689,APO-ATENOL TAB 50MG,,,0113847002,N,22-MAR-2025
PROD_9175,9175,00773697,APO-ATENOL TAB 100MG,,,0113847001,N,22-MAR-2025
PROD_9176,9176,00782467,APO-NADOLOL,,,0113396001,N,28-MAR-2025
PROD_9177,9177,00782475,APO-NADOLOL,,,0113396002,N,22-MAR-2025
PROD_9178,9178,00782505,APO-NADOLOL,,,0113396003,N,22-MAR-2025
PROD_9238,9238,00745588,TEVA-SULINDAC,,,0112709001,N,22-MAR-2025
PROD_9239,9239,00745596,TEVA-SULINDAC,,,0112709002,N,22-MAR-2025
PROD_9240,9240,00765953,TEVA-FUROSEMIDE,,,0101944004,N,18-JUN-2026
PROD_9241,9241,00778389,TEVA-NAPROXEN SODIUM,,,0113934001,N,22-MAR-2025
PROD_9242,9242,00782718,TEVA-CARBAMAZEPINE,,,0108674001,N,09-OCT-2025
PROD_9268,9268,00716626,BETADERM CRM 0.1%,,,0106299001,N,22-MAR-2025
PROD_9269,9269,00716634,BETADERM LOTION 0.1%,,,0106299001,N,22-MAR-2025
PROD_9270,9270,00716642,BETADERM ONT 0.05%,,,0106299002,N,22-MAR-2025
PROD_9276,9276,00716863,LYDERM,,,0106313001,N,22-MAR-2025
PROD_9277,9277,00716901,NYADERM,,,0105858004,N,22-MAR-2025
PROD_9346,9346,00654515,PMS-AMITRIPTYLINE,,,0101524002,N,22-MAR-2025
PROD_9349,9349,00728187,PMS-LORAZEPAM,,,0110731003,N,22-MAR-2025
PROD_9351,9351,00777838,PEGLYTE POWDER,,,0516978006,N,11-JUN-2026
PROD_9361,9361,00772011,CANTHARONE PLUS,,,0315894001,N,22-MAR-2025
PROD_9396,9396,00682268,ERYTHROCIN I.V.,,,0105708004,N,26-JUN-2026
PROD_9397,9397,00682276,ERYTHROCIN I.V.,,,0105708018,N,26-JUN-2026
PROD_9398,9398,00780626,PHENYTOIN SODIUM INJECTION USP,,,0101375003,N,17-MAR-2026
PROD_9417,9417,00654523,PMS-AMITRIPTYLINE,,,0101524001,N,22-MAR-2025
PROD_9418,9418,00654507,PMS-AMITRIPTYLINE,,,0101524003,N,22-MAR-2025
PROD_9423,9423,00728195,PMS-LORAZEPAM,,,0110731001,N,22-MAR-2025
PROD_9424,9424,00728209,PMS-LORAZEPAM,,,0110731002,N,22-MAR-2025
PROD_9448,9448,00717002,VIADERM KC CRM,,,0405625002,N,22-MAR-2025
PROD_9449,9449,00717029,VIADERM KC ONT,,,0405625002,N,22-MAR-2025
PROD_9509,9509,00786543,DILAUDID,,,0108698005,N,05-AUG-2026
PROD_9512,9512,00789429,PANCREASE MT 16,,,0302964030,N,22-MAR-2025
PROD_9513,9513,00789437,PANCREASE MT 10,,,0302964029,N,22-MAR-2025
PROD_9514,9514,00789445,PANCREASE MT 4,,,0302964028,N,22-MAR-2025
PROD_9575,9575,00808571,TRIAZOLAM,,,0112970002,N,18-JUN-2026
PROD_9585,9585,00783595,KIDS GRAVOL SUPPOSITORIES,,LS - DIMENHYDRINATE,0102747006,N,22-MAR-2025
PROD_9587,9587,00741515,WHITE PETROLATUM OINTMENT,,,0148022001,N,22-MAR-2025
PROD_9593,9593,00788716,VANCOCIN,,,0131315006,N,22-MAR-2025
PROD_9594,9594,00800430,VANCOCIN,,,0131315002,N,22-MAR-2025
PROD_9611,9611,00769541,SOLYSTAT,,,0108701001,N,11-JUN-2026
PROD_9626,9626,00789828,TRIATEC-30,,,0211376003,N,24-MAR-2026
PROD_9627,9627,00789798,ACETAMINOPHEN TABLETS 500 MG,,,0102009002,N,22-MAR-2025
PROD_9628,9628,00789801,ACETAMINOPHEN TABLETS 325 MG,,LS - ANALG (ACETAMINOPHEN LABELLING STANDARD),0102009001,N,22-MAR-2025
PROD_9788,9788,00795879,HUMULIN 30/70 (INSULIN HUMAN BIOSYNTH INJ),,,0220670002,N,22-MAR-2025
PROD_9820,9820,00210889,REFRESH LACRI-LUBE,,,0250431001,N,22-MAR-2025
PROD_9823,9823,00846503,LOSEC,,,0121643001,N,27-JUL-2026
PROD_9824,9824,00832030,DEXIDIN 20,,,0107629002,N,22-MAR-2025
PROD_9825,9825,00786160,"0.9% SODIUM CHLORIDE IRRIGATION, USP",,,0100053002,N,22-MAR-2025
PROD_9826,9826,00786209,(20MMOL/L) POTASSIUM CHLORIDE IN 0.9% SODIUM CHLORIDE INJECTION USP,,,0213340001,N,11-JUN-2026
PROD_9827,9827,00786217,(40 MMOL/L) POTASSIUM CHLORIDE IN 0.9% SODIUM CHLORIDE INJECTION USP,,,0213340002,N,11-JUN-2026
PROD_9828,9828,00799955,GLYCINE 1.5% IRRIGATION USP SOL,,,0105118001,N,22-MAR-2025
PROD_9829,9829,00799963,CYSTOSOL W 3% HEXITOLS,,,0203278002,N,22-MAR-2025
PROD_9830,9830,00799971,LACTATED RINGER'S IRRIGATION SOL,,,0400132001,N,22-MAR-2025
PROD_9831,9831,00799998,"STERILE WATER FOR IRRIGATION, USP",,,0105143002,N,22-MAR-2025
PROD_9852,9852,00860565,ACID CONCENTRATE D12201,,,0617386136,N,22-MAR-2025
PROD_9886,9886,00842648,TEVA-METOPROLOL,UNCOATED,,0111923002,N,14-AUG-2026
PROD_9887,9887,00842656,TEVA-METOPROLOL,UNCOATED,,0111923003,N,14-AUG-2026
PROD_9889,9889,00808547,TEVA-DICLOFENAC EC,,,0114417002,N,25-JUN-2026
PROD_9892,9892,00821373,COTAZYM ECS 20,,,0302964026,N,22-MAR-2025
PROD_9904,9904,00828793,PRO-ATENOLOL,,,0113847001,N,10-APR-2026
PROD_9905,9905,00828807,PRO-ATENOLOL,,,0113847002,N,10-APR-2026
PROD_9910,9910,00783137,PMS-METRONIDAZOLE,,,0102572003,N,28-MAY-2026
PROD_9915,9915,00839191,SANDOSTATIN,,,0121548004,N,17-MAR-2026
PROD_9919,9919,00789720,ODAN-PROCHLORPERAZINE,,,0106181001,N,23-DEC-2025
PROD_9926,9926,00812366,CLOTRIMADERM VAGINAL 6,,,0110231001,N,22-JUL-2025
PROD_9927,9927,00812374,CLOTRIMADERM VAGINAL 3,,,0110231003,N,22-JUL-2025
PROD_9938,9938,00725110,NIFEDIPINE,,,0115253003,N,17-JUN-2026
PROD_9940,9940,00782491,AA-VERAP,,,0113846001,N,25-MAR-2026
PROD_9973,9973,00792667,PMS-NYSTATIN SUSPENSION 100000 UNIT/ML,,,0105858002,N,19-JAN-2026
PROD_9992,9992,00780634,VITAMIN C,,,0108469002,N,22-MAR-2025
PROD_9993,9993,00781878,VITAMIN K1,PRESERVATIVE-FREE,,0108526002,N,05-AUG-2026
PROD_9994,9994,00804312,VITAMIN K1,PRESERVATIVE-FREE,,0108526001,N,05-AUG-2026
PROD_10008,10008,00644579,APO-IMIPRAMINE TABLETS,,,0103832004,N,27-JAN-2026
PROD_10009,10009,00799823,DIANEAL PD101 CAPD SOLUTION WITH 2.5% DEXTROSE,,,0500162043,N,22-MAR-2025
PROD_10015,10015,00012882,FLUOROURACIL INJECTION,,,0107505001,N,27-MAY-2026
PROD_10024,10024,00860751,DOXYCIN TAB 100MG,,,0105569001,N,29-JUL-2026
PROD_10025,10025,00701785,OPTIMYXIN,,,0205849001,N,22-MAR-2025
PROD_10026,10026,00808652,HALOPERIDOL INJ 5MG/ML USP,,,0101774001,N,22-MAR-2025
PROD_10032,10032,00743445,TEARS NATURALE II,,,0228553001,N,24-JUN-2026
PROD_10034,10034,00782483,AA-VERAP,,,0113846002,N,25-MAR-2026
PROD_10035,10035,00784354,APO-NAPRO-NA,,,0113934001,N,22-MAR-2025
PROD_10036,10036,00839175,APO-DICLO,,,0114417003,N,22-MAR-2025
PROD_10037,10037,00839183,APO-DICLO,,,0114417002,N,22-MAR-2025
PROD_10040,10040,00060208,"0.9% SODIUM CHLORIDE INJECTION, USP",,,0100053002,N,16-DEC-2025
PROD_10041,10041,00438049,(20 MMOL/L) POTASSIUM CHLORIDE IN 5% DEXTROSE INJECTION USP,,,0200305001,N,02-SEP-2026
PROD_10042,10042,00438030,(40 MMOL/L) POTASSIUM CHLORIDE IN 5% DEXTROSE INJECTION USP,,,0200305003,N,02-SEP-2026
PROD_10044,10044,00437999,(20MMOL/L) POTASSIUM CHLORIDE IN 5% DEXTROSE AND 0.45% SODIUM CHLORIDE INJECTION USP,,,0300097005,N,11-JUN-2026
PROD_10045,10045,00438006,(40MMOL/L)POTASSIUM CHLORIDE IN 5% DEXTROSE AND 0.45% SODIUM CHLORIDE INJECTION USP,,,0300097003,N,11-JUN-2026
PROD_10052,10052,00770957,PRAMOX HC CREAM,,,0220065001,N,22-MAR-2025
PROD_10063,10063,00816078,VITAMIN B1,,,0108220001,N,10-JUN-2026
PROD_10117,10117,00725250,TEVA-DOXYCYCLINE,,,0105569001,N,23-JUN-2026
PROD_10134,10134,00842664,KETOPROFEN-E,,,0110497002,N,16-JUN-2026
PROD_10135,10135,00790435,KETOPROFEN-E,,,0110497001,N,16-JUN-2026
PROD_10143,10143,00799807,DIANEAL PD101 CAPD SOLUTION WITH 4.25% DEXTROSE,,,0500162041,N,22-MAR-2025
PROD_10144,10144,00799815,DIANEAL PD101 CAPD SOLUTION WITH 1.5% DEXTROSE,,,0500162042,N,22-MAR-2025
PROD_10188,10188,00843792,NEOCITRAN EXTRA STRENGTH COLD & CONGESTION,,,0217793001,N,24-JUN-2026
PROD_10217,10217,00623709,STOMAAX PLUS,,,0301453001,N,22-MAR-2025
PROD_10294,10294,00441643,APO-IBUPROFEN,,,0108883004,N,22-MAR-2025
PROD_10318,10318,00836273,LUPRON DEPOT,PREFILLED SYRINGE,,0116959002,N,31-JUL-2026
PROD_10383,10383,00874256,APO-DOXY-TABS,,,0105569001,N,26-JUN-2026
PROD_10398,10398,00584991,PMS-METHYLPHENIDATE,,,0107548001,N,29-JUN-2026
PROD_10399,10399,00585009,PMS-METHYLPHENIDATE,,,0107548002,N,29-JUN-2026
PROD_10433,10433,00789739,SUPEUDOL 5,,,0107552003,N,26-JUN-2026
PROD_10438,10438,00060704,DEXTROSE 5% AND 0.2% SOD CHLORIDE INJ,,,0200203004,N,29-MAY-2026
PROD_10439,10439,00060739,DEXTROSE 5% AND 0.45% SOD CHLORIDE INJ,,,0200203002,N,29-MAY-2026
PROD_10440,10440,00060747,DEXTROSE 5% AND 0.9% SOD CHLORIDE INJ,,,0200203001,N,29-MAY-2026
PROD_10441,10441,00060755,DEXTROSE 10% AND 0.9% SOD CHLORIDE INJ,,,0200203005,N,22-MAR-2025
PROD_10442,10442,00060186,SODIUM CHLORIDE 0.45% INJ,,,0100053005,N,29-MAY-2026
PROD_10450,10450,00792691,PDP-ACETAMINOPHEN SOLUTION 160MG/5ML,,,0102009005,N,12-JUN-2026
PROD_10494,10494,00784400,AA-AMILZIDE,,,0213868001,N,22-MAR-2025
PROD_10497,10497,00060313,ANTICOAGULANT SOD CITRATE SOLTN 4GM/100ML,,,0100377001,N,24-OCT-2025
PROD_10509,10509,00804789,POTASSIUM PHOSPHATES,,,0207483001,N,22-MAR-2025
PROD_10511,10511,00060348,"5% DEXTROSE INJECTION, USP",,,0102181006,N,22-MAR-2025
PROD_10512,10512,00799793,DIANEAL PD101 CAPD SOLUTION WITH 0.5% DEXTROSE,,,0500162015,N,22-MAR-2025
PROD_10515,10515,00060712,DEXTROSE 3.3% AND 0.3% SOD CHLORIDE INJ,,,0200203006,N,29-MAY-2026
PROD_10516,10516,00060437,OSMITROL INJECTION 20%,,,0103277003,N,22-MAR-2025
PROD_10517,10517,00060410,OSMITROL INJECTION 10%,,,0103277002,N,22-MAR-2025
PROD_10519,10519,00828602,0.4% LIDOCAINE HYDROCHLORIDE AND 5% DEXTROSE INJECTION,"0,4 % CHLORHYDRATE OF LIDOCAÏNE IN 5 % INJECTABLE DEXTROSE",,0201281001,N,17-AUG-2026
PROD_10521,10521,00828750,HEPARIN SOD AND 0.9% SOD CHLORIDE INJ,,,0231405001,N,22-MAR-2025
PROD_10523,10523,00868965,SUPRAX,,,0122105001,N,22-MAR-2025
PROD_10525,10525,00868981,SUPRAX,,,0122105003,N,22-MAR-2025
PROD_10526,10526,00453811,HEPARIN LEO INJ 1000UNIT/ML,,,0104596004,N,17-AUG-2026
PROD_10533,10533,00782696,CLARITIN ALLERGY,,,0120416001,N,22-MAR-2025
PROD_10565,10565,00873195,CETRIMIDE TINCTURE 0.5%,,,0106863001,N,26-AUG-2026
PROD_10567,10567,00869961,MESTINON,,,0107514003,N,22-MAR-2025
PROD_10664,10664,00812404,APO-TAMOX TAB 10MG,,,0131293001,N,18-SEP-2025
PROD_10665,10665,00786616,BRICANYL TURBUHALER,METERED-DOSE INHALER,,0110482003,N,12-APR-2026
PROD_10666,10666,00851752,PULMICORT TURBUHALER,,,0116807001,N,22-MAR-2025
PROD_10667,10667,00852074,PULMICORT TURBUHALER,,,0116807002,N,22-MAR-2025
PROD_10668,10668,00832111,DEXIDIN LIQ 4%,,,0107629001,N,22-MAR-2025
PROD_10669,10669,00832138,DEXIDIN 2 DETERGENT,,,0107629004,N,22-MAR-2025
PROD_10706,10706,00778869,NITROJECT,,,0103615007,N,31-JUL-2026
PROD_10748,10748,00611174,LOTRIDERM,,,0216399001,N,22-MAR-2025
PROD_10762,10762,00812390,APO-TAMOX TAB 20MG,,,0131293002,N,18-SEP-2025
PROD_10767,10767,00658413,BAXEDIN LIQ 20%,,,0107629002,N,22-MAR-2025
PROD_10770,10770,00821780,CALCIUM CHLORIDE INJECTION USP,,,0108565001,N,31-JUL-2026
PROD_10772,10772,00870978,PRO-DICLOFENAC,,,0114417002,N,20-JAN-2026
PROD_10790,10790,00851965,TEVA-TAMOXIFEN,,,0131293001,N,15-JUL-2026
PROD_10791,10791,00851973,TEVA-TAMOXIFEN,,,0131293002,N,15-JUL-2026
PROD_10820,10820,00890197,ACID CONCENTRATE D12207,,,0617386352,N,22-MAR-2025
PROD_10828,10828,00882801,APO-PRAZO,,,0111527001,N,22-MAR-2025
PROD_10829,10829,00882828,APO-PRAZO,,,0111527002,N,22-MAR-2025
PROD_10830,10830,00882836,APO-PRAZO,,,0111527003,N,22-MAR-2025
PROD_10832,10832,00577308,ZADITEN,,,0115676001,N,22-MAR-2025
PROD_10863,10863,00865095,DIANEAL PD4 CAPD SOLUTION WITH 1.5% DEXTROSE AND 2.5MEQ/L CALCIUM,,,0500162036,N,22-MAR-2025
PROD_10864,10864,00865109,DIANEAL PD4 CAPD SOLUTION WITH 2.5% DEXTROSE AND 2.5MEQ/L CALCIUM,,,0500162032,N,22-MAR-2025
PROD_10865,10865,00865117,DIANEAL PD4 CAPD SOLUTION WITH 4.25% DEXTROSE AND 2.5MEQ/L CALCIUM,,,0500162030,N,22-MAR-2025
PROD_10866,10866,00786292,(20 MMOL/L) POTASSIUM CHLORIDE IN 5% DEXTROSE AND 0.9% SODIUM CHLORIDE INJECTION USP,,,0300097006,N,11-JUN-2026
PROD_10867,10867,00786306,POTASS CHLOR 40MEQ 5% DEX AND 0.9% SOD CHLOR,,,0300097007,N,22-MAR-2025
PROD_10871,10871,00870420,"METRONIDAZOLE INJECTION, USP",,,0102572002,N,22-MAR-2025
PROD_10874,10874,00757683,PDP-DIPHENHYDRAMINE,,,0102639002,N,22-MAR-2025
PROD_10875,10875,00757691,PDP-DIPHENHYDRAMINE EXTRA STRENGTH/ EXTRA FORT,,,0102639001,N,22-MAR-2025
PROD_10897,10897,00887064,DOXYTAB,,,0105569001,N,24-AUG-2026
PROD_10899,10899,00860697,CLORAZEPATE,,,0108895003,N,18-JUN-2026
PROD_10900,10900,00893625,APO-CAPTO TAB 100MG,,,0114954003,N,22-MAR-2025
PROD_10902,10902,00860689,CLORAZEPATE,,,0108895001,N,18-JUN-2026
PROD_10903,10903,00860700,CLORAZEPATE,,,0108895002,N,18-JUN-2026
PROD_10904,10904,00865397,APO-ALPRAZ,,,0115008001,N,22-MAR-2025
PROD_10905,10905,00865400,APO-ALPRAZ,,,0115008002,N,22-MAR-2025
PROD_10906,10906,00893595,APO-CAPTO TAB 12.5MG,,,0114954004,N,22-MAR-2025
PROD_10908,10908,00893617,APO-CAPTO TAB 50MG,,,0114954002,N,22-MAR-2025
PROD_10913,10913,00657298,VASERETIC,,,0252326001,N,22-MAR-2025
PROD_10939,10939,00800007,TIS-U-SOL SOLUTION,,,0515394001,N,22-MAR-2025
PROD_10940,10940,00849669,TEVA-TOPILENE,,,0106299002,N,22-MAR-2025
PROD_10941,10941,00809187,TEVA-TOPISONE,,,0106299002,N,22-MAR-2025
PROD_10947,10947,00884332,ZOCOR,,,0122415004,N,22-MAR-2025
PROD_10949,10949,00869007,TEVA-PINDOLOL,,,0112362001,N,22-MAR-2025
PROD_10950,10950,00869015,TEVA-PINDOLOL,,,0112362003,N,22-MAR-2025
PROD_10951,10951,00869023,TEVA-PINDOLOL,,,0112362002,N,22-MAR-2025
PROD_10954,10954,00891835,DIFLUCAN,,,0122529003,N,17-AUG-2026
PROD_10971,10971,00778915,TOBRADEX,,,0220325001,N,22-MAR-2025
PROD_10999,10999,00800686,Z-PLUS SHAMPOO,,,0220841001,N,22-MAR-2025
PROD_11039,11039,00060232,SODIUM CHLORIDE 3% INJ,,,0100053014,N,22-MAR-2025
PROD_11047,11047,00441619,APO-HYDRALAZINE,,,0107444003,N,17-JUL-2025
PROD_11058,11058,00882755,CARBON DIOXIDE 7.1% W OXYGEN,7.1% TO 12% CO2 BALANCED WITH O2,,0213351005,N,10-AUG-2026
PROD_11060,11060,00882771,CARBON DIOXIDE 23.1% W OXYGEN,23.1% TO 50% CO2 BALANCED WITH O2,,0213351004,N,10-AUG-2026
PROD_11068,11068,00778907,TOBRADEX,,,0220325001,N,22-MAR-2025
PROD_11096,11096,00876534,EPHEDRINE SULFATE INJECTION USP,,,0104862001,N,22-MAR-2025
PROD_11135,11135,00869953,MESTINON-SR,,,0107514002,N,22-MAR-2025
PROD_11138,11138,00870153,REFRESH CELLUVISC,,,0107332002,N,22-MAR-2025
PROD_11152,11152,00443794,RETIN-A,,,0112395001,N,24-DEC-2025
PROD_11153,11153,00443816,RETIN-A,,,0112395002,N,24-DEC-2025
PROD_11196,11196,00851744,ELOCOM,,,0121732001,N,21-OCT-2025
PROD_11225,11225,01911902,NITRO-DUR 0.4,,,0103615009,N,22-MAR-2025
PROD_11226,11226,01911929,NITRO-DUR 0.6,,,0103615022,N,22-MAR-2025
PROD_11227,11227,01911910,NITRO-DUR 0.2,,,0103615026,N,22-MAR-2025
PROD_11258,11258,00896187,SODIUM PHOSPHATES INJECTION USP,,,0208589002,N,10-APR-2026
PROD_11321,11321,00895466,BRADOSOL LOZENGES EXTRA STRENGTH 3.5MG,,,0124466001,N,22-MAR-2025
PROD_11329,11329,00872296,TRAVASOL,BLEND C,,1517080002,N,23-JUN-2026
PROD_11330,11330,00783668,GLYCEROLYTE 57 SOLUTION,,,0520437001,N,03-JUL-2025
PROD_11342,11342,01902644,RETROVIR (AZT),,,0122716001,N,17-JUN-2026
PROD_11363,11363,00885428,PMS-HYDROMORPHONE TAB 8MG,,,0108698005,N,22-JAN-2026
PROD_11370,11370,00886971,"CEFTAZIDIME FOR INJECTION, USP",,,0116900004,N,24-JUN-2026
PROD_11371,11371,00886963,"CEFTAZIDIME FOR INJECTION, USP",,,0116900003,N,22-MAR-2025
PROD_11372,11372,00886955,"CEFTAZIDIME FOR INJECTION, USP",,,0116900002,N,24-JUN-2026
PROD_11376,11376,00788139,ANTICOAGULANT CITRATE DEXTROSE SOLUTION USP (ACD) FORMULA A,FOR USE WITH CYTAPHERESIS DEVICE ONLY,,0300464001,N,01-DEC-2025
PROD_11384,11384,00816027,PMS-ACETAMINOPHEN WITH CODEINE ELIXIR,,,0211376002,N,22-MAR-2025
PROD_11413,11413,00885444,PMS-HYDROMORPHONE TAB 1MG,,,0108698004,N,22-JAN-2026
PROD_11421,11421,00894745,CLOZARIL,,,0122583002,N,07-AUG-2025
PROD_11422,11422,00894737,CLOZARIL,,,0122583001,N,07-AUG-2025
PROD_11423,11423,01912755,PDP-ERYTHROMYCIN,,,0105708001,N,23-JUN-2026
PROD_11425,11425,00885401,PMS-HYDROMORPHONE TAB 4MG,,,0108698006,N,22-JAN-2026
PROD_11428,11428,00885436,PMS-HYDROMORPHONE TAB 2MG,,,0108698003,N,22-JAN-2026
PROD_11440,11440,00886858,EMLA CREAM,,,0222447001,N,22-MAR-2025
PROD_11443,11443,00871095,ELOCOM,,,0121732001,N,21-OCT-2025
PROD_11444,11444,00851736,ELOCOM,,,0121732001,N,21-OCT-2025
PROD_11465,11465,01912038,FLURBIPROFEN,,,0115998001,N,22-MAR-2025
PROD_11466,11466,01912046,FLURBIPROFEN,,,0115998002,N,22-MAR-2025
PROD_11484,11484,01908189,PRO-ALPRAZOLAM,,,0115008001,N,22-MAR-2025
PROD_11485,11485,01908170,PRO-ALPRAZOLAM,,,0115008002,N,22-MAR-2025
PROD_11520,11520,00870226,RATIO-DOCUSATE SODIUM,,,0104351003,N,22-JUN-2026
PROD_11534,11534,01907123,ISOPTIN SR,,,0113846001,N,22-MAR-2025
PROD_11537,11537,00779237,BACTI-STAT 0.3%,,,0108865003,N,22-MAR-2025
PROD_11597,11597,00614505,DOLORAL SIROP,,,0102476002,N,25-MAR-2025
PROD_11624,11624,00761834,DOPAMINE HCL 3.2MG/ML DEXTROSE 5% INJ USP,,,0217918002,N,22-MAR-2025
PROD_11625,11625,00761826,DOPAMINE HCL 1.6MG/ML DEXTROSE 5% INJ USP,,,0217918003,N,22-MAR-2025
PROD_11626,11626,00441627,APO-HYDRALAZINE,,,0107444002,N,17-JUL-2025
PROD_11627,11627,00441635,APO-HYDRALAZINE,,,0107444001,N,17-JUL-2025
PROD_11629,11629,01935348,MINERAL OIL (HEAVY),,,0136741002,N,22-MAR-2025
PROD_11641,11641,00893285,NOREPINEPHRINE BITARTRATE INJECTION USP,,,0131301001,N,05-MAR-2026
PROD_11642,11642,00897639,ISOPROTERENOL HYDROCHLORIDE INJECTION USP,,,0101873001,N,22-MAR-2025
PROD_11727,11727,01913662,APO GLYBURIDE TAB 5MG,,,0108708001,N,22-MAR-2025
PROD_11728,11728,01913654,APO GLYBURIDE TAB 2.5MG,,,0108708002,N,22-MAR-2025
PROD_11751,11751,01919369,LUVOX,,,0122450001,N,22-MAR-2025
PROD_11752,11752,01919342,LUVOX,,,0122450002,N,22-MAR-2025
PROD_11760,11760,01942964,TEVA-CAPTOPRIL,,,0114954004,N,29-APR-2026
PROD_11762,11762,01934414,NYTOL EXTRA STRENGTH SLEEP AID CAPLET 50MG,,,0102639001,N,12-AUG-2026
PROD_11763,11763,01942972,TEVA-CAPTOPRIL,,,0114954001,N,29-APR-2026
PROD_11764,11764,01942980,TEVA-CAPTOPRIL,,,0114954002,N,29-APR-2026
PROD_11765,11765,01942999,TEVA-CAPTOPRIL,,,0114954003,N,29-APR-2026
PROD_11780,11780,01913670,TEVA-GLYBURIDE,,,0108708002,N,25-JUN-2026
PROD_11781,11781,01913689,TEVA-GLYBURIDE,,,0108708001,N,25-JUN-2026
PROD_11794,11794,01905856,ACETAMINOPHEN CHEWABLE TABLETS 80 MG,,LS - ANALG (ACETAMINOPHEN LABELLING STANDARD),0102009003,N,22-MAR-2025
PROD_11803,11803,01913484,TEVA-ALPRAZOLAM,,,0115008001,N,27-JAN-2026
PROD_11804,11804,01913492,TEVA-ALPRAZOLAM,,,0115008002,N,27-JAN-2026
PROD_11847,11847,01928791,KOFFEX DM (SUCROSE FREE),,,0100807001,N,11-JUN-2026
PROD_11848,11848,01928783,KOFFEX DM,,,0100807001,N,11-JUN-2026
PROD_11862,11862,01925199,BENZAC W WASH GEL 10%,,,0107205003,N,22-MAR-2025
PROD_11870,11870,01916386,PMS HYDROMORPHONE SIROP 1MG/ML,,,0108698004,N,22-MAR-2025
PROD_11893,11893,00812382,CLOTRIMADERM TOPICAL,,,0110231001,N,22-MAR-2025
PROD_11942,11942,01902652,RETROVIR (AZT),,,0122716001,N,19-JUN-2026
PROD_11974,11974,01945157,CLARITIN ALLERGY + SINUS,MODIFIED-RELEASE TABLETS,,0245861002,N,17-AUG-2026
PROD_12168,12168,00783625,12% SODIUM CHLORDIE PROCESSING SOLUTION,,,0100053039,N,22-MAR-2025
PROD_12171,12171,00783641,DEXTROSE 0.2% AND 0.9% SOD CHLOR SOLUTION,,,0200203009,N,22-MAR-2025
PROD_12182,12182,00851760,PULMICORT TURBUHALER,,,0116807003,N,22-MAR-2025
PROD_12185,12185,01924303,0.9% SODIUM CHLORIDE INJECTION USP,,,0100053002,N,26-JUN-2026
PROD_12186,12186,01931636,LACTATED RINGER'S INJECTION USP,,,0400132001,N,22-MAR-2025
PROD_12208,12208,00874582,DEXAMETHASONE SOD PHOSPH INJ 10MG/ML USP,,,0106303005,N,02-APR-2026
PROD_12256,12256,00761850,DOPAMINE HCL 0.8MG/ML DEXTROSE 5% INJ USP,,,0217918001,N,22-MAR-2025
PROD_12261,12261,00872644,"AMPICILLIN SODIUM FOR INJECTION, USP",,,0105872002,N,23-JUN-2026
PROD_12262,12262,00872652,"AMPICILLIN SODIUM FOR INJECTION, USP",,,0105872001,N,23-JUN-2026
PROD_12267,12267,01933345,"AMPICILLIN SODIUM FOR INJECTION, USP",,,0105872011,N,23-JUN-2026
PROD_12268,12268,01933353,"AMPICILLIN SODIUM FOR INJECTION, USP",,,0105872012,N,23-JUN-2026
PROD_12272,12272,01925350,TARO-SONE,,,0106299002,N,22-MAR-2025
PROD_12345,12345,00821772,D-TABS,,,0108524005,N,22-MAR-2025
PROD_12411,12411,01944738,BENYLIN EXTRA STRENGTH DRY COUGH,,LS - COUGH AND COLD,0100807001,N,28-JAN-2026
PROD_12425,12425,01926772,NEULEPTIL,,,0106194001,N,06-AUG-2026
PROD_12426,12426,01926799,IMOVANE,,,0122562001,N,15-JUN-2026
PROD_12449,12449,01944762,BENYLIN REGULAR STRENGTH COUGH PLUS CHEST CONGESTION RELIEF,,LS - COUGH AND COLD,0200826001,N,14-JUL-2026
PROD_12451,12451,01934198,TEVA-PRAZOSIN,,,0111527001,N,22-MAR-2025
PROD_12452,12452,01934201,TEVA-PRAZOSIN,,,0111527002,N,22-MAR-2025
PROD_12453,12453,01934228,TEVA-PRAZOSIN,,,0111527003,N,22-MAR-2025
PROD_12458,12458,00851779,PLENDIL,,,0121733002,N,15-JAN-2026
PROD_12459,12459,00851787,PLENDIL,,,0121733001,N,15-JAN-2026
PROD_12474,12474,01968017,NEUPOGEN,VIALS,,0123525001,N,06-AUG-2026
PROD_12504,12504,01944746,BENYLIN FOR CHILDREN COUGH & COLD,,LS - COUGH AND COLD,0214697002,N,30-JUN-2026
PROD_12544,12544,01926489,VITAMIN A ACID,,,0112395001,N,10-FEB-2026
PROD_12549,12549,01927744,PARSITAN 50,,,0106207001,N,31-DEC-2025
PROD_12568,12568,01959212,HUMULIN 30/70 CARTRIDGE,,,0223312003,N,22-MAR-2025
PROD_12569,12569,01959220,HUMULIN R CARTRIDGE,,,0123340001,N,22-MAR-2025
PROD_12570,12570,01959239,HUMULIN N (CARTRIDGE),,,0123341001,N,24-JUN-2026
PROD_12639,12639,01977873,GERMICIDAL HAND SOAP LIQ 0.6%,,,0106942007,N,22-MAR-2025
PROD_12645,12645,00884154,LIDOCAINE HYDROCHLORIDE INJECTION USP,CONTAINS PRESERVATIVE,,0101280004,N,19-AUG-2026
PROD_12648,12648,01901915,LIDOCAINE HYDROCHLORIDE AND EPINEPHRINE INJECTION USP,,,0201284005,N,16-FEB-2026
PROD_12653,12653,01926780,NEULEPTIL,,,0106194002,N,06-AUG-2026
PROD_12654,12654,01926829,FLAGYSTATIN,,,0202573001,N,26-AUG-2026
PROD_12662,12662,01962817,ZOLOFT,,,0123417001,N,22-MAR-2025
PROD_12699,12699,00854409,RATIO-LACTULOSE,,,0113020001,N,23-JUN-2026
PROD_12741,12741,01931628,ISOLYTE S (MULTI-ELECTROLYTE INJECTION),,,0500064002,N,22-MAR-2025
PROD_12743,12743,01946986,UNISOM,,LS - SLEEP AIDS,0102639001,N,07-AUG-2026
PROD_12745,12745,01947931,DUVOID,,,0107779004,N,09-DEC-2025
PROD_12746,12746,01947958,DUVOID,,,0107779001,N,09-DEC-2025
PROD_12754,12754,01926470,VITAMIN A ACID,,,0112395002,N,10-FEB-2026
PROD_12763,12763,01945904,ANUSOL PLUS SUPPOSITORIES,,,0214197001,N,22-MAR-2025
PROD_12764,12764,01945912,ANUSOL PLUS OINTMENT,,,0214197002,N,22-MAR-2025
PROD_12779,12779,01984853,BIAXIN BID,,,0123752001,N,22-MAR-2025
PROD_12788,12788,01928775,BALMINIL DM (3MG/ML SUCROSE FREE),,,0100807001,N,11-JUN-2026
PROD_12837,12837,01926691,CALCIMAR,,,0111011001,N,22-MAR-2025
PROD_12839,12839,01946323,APO-ZIDOVUDINE,,,0122716002,N,25-JUN-2026
PROD_12862,12862,00550507,TEVA-TRIACOMB,,,0405625002,N,22-MAR-2025
PROD_12864,12864,00874426,CETRIMIDE CREAM 0.5%,,,0106863001,N,22-MAR-2025
PROD_12889,12889,01953583,PHENYLEPHRINE HYDROCHLORIDE INJECTION USP,,,0131436001,N,30-JUN-2026
PROD_12926,12926,01944363,COMBANTRIN TAB 125MG,,,0108709003,N,15-MAY-2026
PROD_12938,12938,00878928,NORVASC,,,0131437002,N,22-MAR-2025
PROD_12939,12939,00878936,NORVASC,,,0131437001,N,22-MAR-2025
PROD_12942,12942,01934767,ROBAXACET-8,CAPLET,,0317152001,Y,29-JUL-2026
PROD_12947,12947,01939068,HUILE DE BAIN THERAPEUTIQUE,,,0236767001,N,22-MAR-2025
PROD_12953,12953,01945270,CILOXAN,,,0123207004,N,22-MAR-2025
PROD_12967,12967,01946897,PMS-DEXAMETHASONE ELIXIR,,,0106303010,N,26-JUN-2026
PROD_12993,12993,00888354,IOPIDINE,,,0122471001,N,22-MAR-2025
PROD_13003,13003,01939947,E-Z SCRUB 747 4%,,,0107629001,N,22-MAR-2025
PROD_13033,13033,01927531,5% DEXTROSE AND 0.45% SODIUM CHLORIDE INJECTION USP,,,0200203002,N,22-MAR-2025
PROD_13120,13120,01938371,EXTRA STRENGTH SINUTAB SINUS DAYTIME,,,0216113003,N,06-JUL-2026
PROD_13121,13121,01968300,ACULAR,,,0121995003,N,22-MAR-2025
PROD_13126,13126,00888400,ZAROXOLYN,,,0109680001,N,22-MAR-2025
PROD_13140,13140,01959034,ACT-HIB,,,0240222003,N,19-JUN-2026
PROD_13159,13159,01926756,NEULEPTIL,,,0106194001,N,06-AUG-2026
PROD_13163,13163,01927698,NOZINAN,,,0134080002,N,22-MAR-2025
PROD_13167,13167,01943308,TEARS NATURALE FREE,,,0228553001,N,24-JUN-2026
PROD_13180,13180,01912070,TEVA-DOMPERIDONE,,,0116957001,N,22-MAR-2025
PROD_13190,13190,01978926,PULMICORT NEBUAMP 0.5 MG/ML,,,0116807011,N,22-MAR-2025
PROD_13191,13191,01978918,PULMICORT NEBUAMP 0.25 MG/ML,,,0116807004,N,22-MAR-2025
PROD_13226,13226,01926683,CERUBIDINE,,,0105870001,N,31-JUL-2026
PROD_13255,13255,01977547,"DEXAMETHASONE SODIUM PHOSPHATE INJECTION, USP",,,0106305003,N,22-MAR-2025
PROD_13288,13288,01924435,5% DEXTROSE AND 0.9% SODIUM CHLORIDE INJECTION USP,,,0200203001,N,22-MAR-2025
PROD_13289,13289,01938991,STANHEXIDINE 2% WITH ISOPROPYL ALCOHOL 4%,,,0213979001,N,22-MAR-2025
PROD_13290,13290,01938983,STANHEXIDINE 4% WITH ISOPROPYL ALCOHOL 4%,,,0213979003,N,22-MAR-2025
PROD_13296,13296,01931024,ROBITUSSIN COUGH CONTROL,,,0200826001,N,22-MAR-2025
PROD_13302,13302,01985205,CREON MINIMICROSPHERES 25,,,0302964041,N,25-APR-2025
PROD_13324,13324,01987003,CYANOCOBALAMIN INJECTION USP,,,0108437002,N,22-MAR-2025
PROD_13340,13340,01976133,DOVONEX,,,0123661001,N,22-MAR-2025
PROD_13347,13347,01930699,ZAP TOPICAL ANESTHETIC GEL,,,0204973001,N,22-MAR-2025
PROD_13360,13360,01964054,ORACORT,,,0106310002,N,22-MAR-2025
PROD_13362,13362,00896675,GAS-X EXTRA STRENGTH,,,0131347001,N,22-MAR-2025
PROD_13370,13370,02010909,PROSCAR,,,0124110001,N,22-MAR-2025
PROD_13384,13384,01989987,MAGNEVIST,,,0123846001,N,26-JUN-2026
PROD_13392,13392,01962779,ZOLOFT,,,0123417002,N,22-MAR-2025
PROD_13416,13416,00787000,MICRO ZN,,,0109299013,N,14-OCT-2025
PROD_13429,13429,02011239,CARBOLITH,,,0101163003,N,22-MAR-2025
PROD_13437,13437,01910272,TEVA-CLOBETASOL,,,0110995001,N,22-MAR-2025
PROD_13438,13438,01910299,TEVA-CLOBETASOL,,,0110995001,N,22-MAR-2025
PROD_13439,13439,01910280,TEVA-CLOBETASOL,,,0110995001,N,22-MAR-2025
PROD_13440,13440,02003317,BENYLIN EXTRA STRENGTH COUGH & CHEST CONGESTION WITH WARMING SENSATION,,LS - COUGH AND COLD,0310136002,N,29-JUN-2026
PROD_13443,13443,00884502,LUPRON DEPOT,PREFILLED SYRINGE,,0116959006,N,31-JUL-2026
PROD_13451,13451,00787019,MICRO ZN,,,0109299014,N,14-OCT-2025
PROD_13452,13452,01933531,ADVIL CAPLETS,,,0108883004,N,09-JUN-2025
PROD_13464,13464,01990403,PDP-AMANTADINE HYDROCHLORIDE CAPSULES,,,0109101001,N,22-MAR-2025
PROD_13476,13476,01981501,BOTOX,,,0151557001,N,14-MAY-2026
PROD_13486,13486,00786942,MICRO MN,,,0110448008,N,16-JUN-2026
PROD_13509,13509,01927930,STERILE WATER FOR INJECTION USP,,,0105143002,N,22-MAR-2025
PROD_13523,13523,00786985,MICRO CR,,,0114651004,N,16-JUN-2026
PROD_13546,13546,01981242,DESFERAL,,,0109208002,N,15-JUN-2026
PROD_13550,13550,01926934,TEVA-SALBUTAMOL STERINEBS P.F.,,,0108887007,N,25-JUN-2026
PROD_13559,13559,01986007,MICRO SE,,,0106697007,N,16-JUN-2026
PROD_13563,13563,00786969,MICRO CU,,,0110446008,N,16-JUN-2026
PROD_13591,13591,00893560,ALOMIDE,,,0122561001,N,22-MAR-2025
PROD_13600,13600,01974548,MICRO I,,,0151644001,N,24-JUN-2026
PROD_13624,13624,01932187,ROBAXIN 750,,,0107480003,N,22-MAR-2025
PROD_13625,13625,01933558,ADVIL TABLETS,,,0108883004,N,09-JUN-2025
PROD_13626,13626,02013231,LITHANE,,,0101163001,N,07-JAN-2026
PROD_13630,13630,00885975,VIVOTIF,,,0165582001,N,20-JUL-2026
PROD_13636,13636,01917056,ARTHROTEC 50,,,0222885001,N,26-JUN-2026
PROD_13654,13654,02022133,TEVA-FAMOTIDINE,,,0118722001,N,23-JUN-2026
PROD_13655,13655,02022141,TEVA-FAMOTIDINE,,,0118722002,N,23-JUN-2026
PROD_13685,13685,00723770,XANAX,,,0115008003,N,22-MAR-2025
PROD_13686,13686,00813958,XANAX TS,,,0115008004,N,22-MAR-2025
PROD_13690,13690,01927914,TEVA-TOPILENE,,,0106299002,N,22-MAR-2025
PROD_13714,13714,01924281,5% DEXTROSE INJECTION USP,,,0102181006,N,22-MAR-2025
PROD_13780,13780,01937235,PMS TRAZODONE HCL TAB 100MG,,,0115713002,N,22-MAR-2025
PROD_13782,13782,02017849,BENADRYL ALLERGY,,LS - DIMENHYDRINATE,0102639002,N,16-MAR-2026
PROD_13803,13803,01913980,NUBAIN INJECTION 10MG/ML,,,0114464001,N,16-JUN-2026
PROD_13805,13805,00881635,VOLTAREN RAPIDE,,,0122516001,N,16-JUN-2026
PROD_13833,13833,01905740,K+ 45,,,0100273017,N,22-MAR-2025
PROD_13834,13834,01911481,INHIBACE,,,0122806002,N,27-JUL-2026
PROD_13848,13848,02026600,TEVA-NAPROXEN SODIUM DS,,,0113934002,N,22-MAR-2025
PROD_13857,13857,02009277,CROMOLYN EYE DROPS,,,0108810004,N,18-JUN-2026
PROD_13865,13865,00863270,TYLENOL RAPID RELEASE,,LS - ANALG (ACETAMINOPHEN LABELLING STANDARD),0102009002,N,24-SEP-2025
PROD_13867,13867,00873993,DDAVP INJ 4MCG/ML,,,0112050006,N,22-MAR-2025
PROD_13875,13875,00873292,DERMA SMOOTHE/FS LIQ 0.01%,,,0106314002,N,22-MAR-2025
PROD_13882,13882,02014394,NITROGEN NF,MANUFACTURED DOSAGE FORM-LIQUID,,0115497001,N,22-MAR-2025
PROD_13883,13883,02014475,HELIUM USP,,,0115495001,N,22-MAR-2025
PROD_13884,13884,02014459,CARBON DIOXIDE USP,,,0110465002,N,22-MAR-2025
PROD_13885,13885,02014483,MEDICAL AIR USP,19% TO 23.5% O2 BALANCED WITH N2,,0215496002,N,17-AUG-2026
PROD_13886,13886,02014408,OXYGEN USP,MANUFACTURED DOSAGE FORM-LIQUID,,0110469001,N,22-MAR-2025
PROD_13887,13887,02014467,NITROUS OXIDE USP,,,0110468001,N,22-MAR-2025
PROD_13888,13888,00805009,TEVA-TOPISONE,,,0106299002,N,22-MAR-2025
PROD_13889,13889,00804991,TEVA-TOPISONE,,,0106299002,N,22-MAR-2025
PROD_13890,13890,02014440,"OXYGEN USP, HELIUM USP, MEDICAL GAS MIXTURE",18% TO 24% O2 BALANCED WITH HE,,0215574002,N,17-AUG-2026
PROD_13894,13894,02014378,"OXYGEN USP, NITROGEN NF, MEDICAL GAS MIXTURE",23.5% TO 50% O2 BALANCED WITH N2,,0215496003,N,17-AUG-2026
PROD_13896,13896,02014343,"CARBON DIOXIDE, COMPRESSED AIR MEDICAL G.MIX.",1% TO 15% CO2 BALANCED WITH AIR,,0221194001,N,10-AUG-2026
PROD_13907,13907,01966294,ULONE,,,0103534001,N,01-AUG-2025
PROD_13909,13909,01962728,ULTRAVATE,,,0123416001,N,02-FEB-2026
PROD_13910,13910,02014432,"CARBON DIOXIDE USP, OXYGEN USP MEDICAL G.M.",1% TO 7% CO2 BALANCED WITH O2,,0213351002,N,10-AUG-2026
PROD_13917,13917,01962701,ULTRAVATE,,,0123416001,N,02-FEB-2026
PROD_13920,13920,02014424,"CARBON MONOX, HELIUM, OXYGEN, NITROGEN L.D.M.","0.2% TO 3% CO, 9.5% TO 10.5% HE, 20.5% TO 21.5% O2, BALANCED WITH N2",,0415738002,N,10-AUG-2026
PROD_13946,13946,01916203,SANDOZ PREDNISOLONE,,,0106295001,N,22-MAR-2025
PROD_13966,13966,02021056,MORPHINE LP EPIDURAL,,,0104545007,N,22-MAR-2025
PROD_13998,13998,01977563,TRIAMCINOLONE ACETONIDE INJECTABLE SUSPENSION USP,,,0106310006,N,22-MAR-2025
PROD_14007,14007,01940481,PAXIL TAB 20MG,,,0123131002,N,15-JUN-2026
PROD_14017,14017,01997572,DANTRIUM INTRAVENOUS,SINGLE-DOSE VIAL,,0109855003,N,20-JAN-2026
PROD_14019,14019,01997602,DANTRIUM CAPSULES,,,0109855002,N,28-JAN-2026
PROD_14020,14020,02021048,MORPHINE LP EPIDURAL,,,0104545004,N,22-MAR-2025
PROD_14031,14031,00692700,AA-THEO LA,,,0103582004,N,22-MAR-2025
PROD_14032,14032,00692697,AA-THEO LA,,,0103582003,N,22-MAR-2025
PROD_14033,14033,00692689,AA-THEO LA,,,0103582002,N,22-MAR-2025
PROD_14042,14042,01935321,LIGHT MINERAL OIL 100% NF,,,0126693001,N,22-MAR-2025
PROD_14048,14048,01940309,APO-NAPRO-NA DS,,,0113934002,N,22-MAR-2025
PROD_14049,14049,02012472,LOVENOX,30 MG/0.3 ML SINGLE-DOSE PREFILLED SYRINGE,,0131860001,N,19-AUG-2026
PROD_14075,14075,02014076,CLINIMIX E,5% AMINO ACIDS (BLEND B) WITH ELECTROLYTES IN 10% DEXTROSE INJECTION,,1950854027,N,23-JUN-2026
PROD_14076,14076,02013967,CLINIMIX E,5% AMINO ACIDS (BLEND B) IN 16.6% DEXTROSE INJECTION,,1950854026,N,23-JUN-2026
PROD_14077,14077,02013886,CLINIMIX,5% AMINO ACIDS (BLEND B) WITHOUT ELECTROLYTES IN 5% DEXTROSE INJECTION,,1550853015,N,23-JUN-2026
PROD_14130,14130,02022214,ACÉTAMINOPHÈNE COMPRIMÉ TABLET 325,,,0102009001,N,26-JUN-2026
PROD_14142,14142,02014327,MS CONTIN,,,0104545013,N,22-MAR-2025
PROD_14144,14144,02014211,MS.IR,,,0104545001,N,22-MAR-2025
PROD_14161,14161,02029448,ELMIRON,,,0124416001,N,22-MAR-2025
PROD_14176,14176,02014297,MS CONTIN,,,0104545011,N,22-MAR-2025
PROD_14178,14178,02014319,MS CONTIN,,,0104545012,N,22-MAR-2025
PROD_14183,14183,02020939,SCLERODEX,,,0200203010,N,22-MAR-2025
PROD_14206,14206,02017458,ACETAMINOPHEN CHEWABLE TABLETS 80 MG FOR CHILDREN,,LS - ANALG (ACETAMINOPHEN LABELLING STANDARD),0102009003,N,22-MAR-2025
PROD_14240,14240,02003767,XYLOCAINE SPRAY,,,0103565007,N,22-MAR-2025
PROD_14251,14251,01924427,10% DEXTROSE INJECTION USP,,,0102181002,N,22-MAR-2025
PROD_14260,14260,02024233,NOVOLIN GE TORONTO,10 ML VIAL,,0123340001,N,31-JUL-2026
PROD_14261,14261,02024225,NOVOLIN GE NPH,10 ML VIAL,,0123341001,N,31-JUL-2026
PROD_14269,14269,02024217,NOVOLIN GE 30/70,10 ML VIAL,,0223312003,N,31-JUL-2026
PROD_14318,14318,02016109,SURVANTA,,,0124200001,N,18-JUN-2026
PROD_14322,14322,00728276,BURINEX,,,0119025001,N,23-APR-2026
PROD_14334,14334,00728284,BURINEX,,,0119025002,N,23-APR-2026
PROD_14354,14354,02042487,MARVELON 21,,,0224591001,N,15-SEP-2025
PROD_14355,14355,02042479,MARVELON 28,,,0224591001,N,15-SEP-2025
PROD_14381,14381,02024187,MYLAN-CLOBETASOL CREAM,,,0110995001,N,17-JUN-2026
PROD_14382,14382,02026767,MYLAN-CLOBETASOL OINTMENT,,,0110995001,N,17-JUN-2026
PROD_14385,14385,02020025,APO-ENALAPRIL,,,0117649004,N,22-MAR-2025
PROD_14386,14386,02019884,APO-ENALAPRIL,,,0117649003,N,22-MAR-2025
PROD_14387,14387,02019892,APO-ENALAPRIL,,,0117649001,N,22-MAR-2025
PROD_14388,14388,02019906,APO-ENALAPRIL,,,0117649002,N,22-MAR-2025
PROD_14393,14393,02022826,PDP-AMANTADINE HYDROCHLORIDE SYRUP,,,0109101002,N,22-MAR-2025
PROD_14394,14394,02014300,MS CONTIN,,,0104545010,N,22-MAR-2025
PROD_14395,14395,02015439,MS CONTIN,,,0104545009,N,22-MAR-2025
PROD_14445,14445,00849650,TEVA-TOPILENE,,,0106299002,N,22-MAR-2025
PROD_14449,14449,01996169,ACETAMINOPHEN CHEWABLE TABLETS 160 MG,,LS - ANALG (ACETAMINOPHEN LABELLING STANDARD),0102009006,N,22-MAR-2025
PROD_14450,14450,02017431,ACETAMINOPHEN CHEWABLE TABLETS 160 MG FOR CHILDREN,,LS - ACETYLSALICYLIC LABELLING STANDARD,0102009006,N,22-MAR-2025
PROD_14476,14476,02018950,DIPRIVAN 1%,"20 ML, 50 ML, AND 100 ML SINGLE-USE VIAL",,0121833001,N,21-AUG-2026
PROD_14487,14487,01994344,SOFLAX CAPSULES 100MG,,,0104351002,N,22-MAR-2025
PROD_14492,14492,02036312,ADVIL COLD AND SINUS,CAPLET,,0222394001,N,29-AUG-2026
PROD_14502,14502,02019949,M-ESLON,,,0104545011,N,31-JUL-2026
PROD_14504,14504,02045702,TEVA-SUCRALFATE,,,0114237002,N,22-MAR-2025
PROD_14506,14506,02036355,NOVAMOXIN,,,0131314001,N,22-JUN-2026
PROD_14509,14509,02026805,ROBAXACET,CAPLET,,0212017001,N,22-MAR-2025
PROD_14532,14532,02031094,LAMISIL,,,0124452001,N,12-JUN-2026
PROD_14541,14541,02019965,M-ESLON,,,0104545012,N,31-JUL-2026
PROD_14542,14542,02019957,M-ESLON,,,0104545010,N,31-JUL-2026
PROD_14543,14543,02019930,M-ESLON,,,0104545001,N,31-JUL-2026
PROD_14551,14551,02044013,ROBITUSSIN CHILDREN'S COUGH AND COLD,SUGAR-FREE AND ALCOHOL-FREE,,0214697002,N,14-AUG-2026
PROD_14567,14567,02016095,PMS-LOPERAMIDE HYDROCHLORIDE SOLUTION.2MG/ML,,,0111332002,N,22-MAR-2025
PROD_14577,14577,02039508,GLYCOPYRROLATE INJECTION USP,,,0102396002,N,16-JUN-2026
PROD_14579,14579,01927949,0.45% SODIUM CHLORIDE INJECTION USP,,,0100053005,N,26-JUN-2026
PROD_14587,14587,02048728,PMS-CLONAZEPAM,,,0111558004,N,22-MAR-2025
PROD_14589,14589,02048736,PMS-CLONAZEPAM,,,0111558002,N,22-MAR-2025
PROD_14713,14713,02046148,TEVA-CLONIDINE,,,0108891002,N,23-JUN-2026
PROD_14715,14715,02046121,TEVA-CLONIDINE,,,0108891001,N,23-JUN-2026
PROD_14735,14735,02017709,PLAQUENIL,,,0107403001,N,26-JUN-2026
PROD_14742,14742,02011271,NITRO-DUR 0.8,,,0103615027,N,22-MAR-2025
PROD_14747,14747,02018160,CYCLOMEN,,,0110952001,N,12-JUN-2026
PROD_15104,15104,02050048,APO-DOXEPIN,,,0107703005,N,21-NOV-2025
PROD_15106,15106,02050005,APO-DOXEPIN,,,0107703001,N,21-NOV-2025
PROD_15107,15107,02050013,APO-DOXEPIN,,,0107703002,N,21-NOV-2025
PROD_15108,15108,02050021,APO-DOXEPIN,,,0107703003,N,21-NOV-2025
PROD_15118,15118,02049996,APO-DOXEPIN,,,0107703006,N,14-JAN-2026
PROD_15163,15163,02018152,CYCLOMEN,,,0110952002,N,12-JUN-2026
PROD_15176,15176,01950592,DICETEL,FILM-COATED TABLET,,0113429001,N,06-AUG-2026
PROD_15177,15177,02007967,AMO ENDOSOL SOLUTION,,,0600055001,N,22-MAR-2025
PROD_15208,15208,01916882,CLAVULIN 125 F ORAL SUS,,,0234720010,N,26-JUN-2026
PROD_15209,15209,01916874,CLAVULIN 250 F ORAL SUS,,,0234720001,N,26-JUN-2026
PROD_15210,15210,01924567,DEXEDRINE SPANSULE,,,0105933001,N,27-FEB-2026
PROD_15211,15211,01924559,DEXEDRINE SPANSULE,,,0105933003,N,27-FEB-2026
PROD_15225,15225,01924516,DEXEDRINE,,,0105933002,N,27-FEB-2026
PROD_15231,15231,01919598,PARNATE,,,0102102001,N,22-MAR-2025
PROD_15481,15481,01999869,KENALOG-40 INJECTION,,,0106310006,N,22-MAR-2025
PROD_15482,15482,01999761,KENALOG-10 INJECTION,,,0106310007,N,22-MAR-2025
PROD_15483,15483,02046733,PULMOZYME,,,0124648001,N,22-MAR-2025
PROD_15485,15485,02029456,TRYPTAN,,,0111038003,N,06-JAN-2026
PROD_15492,15492,01928007,5% SODIUM CHLORIDE INJECTION USP,,,0100053004,N,26-JUN-2026
PROD_15516,15516,02019736,BENADRYL ALLERGY LIQUID,,LS - DIMENHYDRINATE,0102639003,N,16-MAR-2026
PROD_15525,15525,02039524,ZOVIRAX,,,0115506007,N,22-MAR-2025
PROD_15532,15532,02065819,SABRIL,,,0125421003,N,25-JUN-2026
PROD_15547,15547,02063735,PMS-BACLOFEN,,,0113246001,N,22-MAR-2025
PROD_15548,15548,02063743,PMS-BACLOFEN,,,0113246002,N,22-MAR-2025
PROD_15574,15574,02057778,PLENDIL,,,0121733003,N,15-JAN-2026
PROD_15592,15592,02070987,TRIMIPRAMINE,,,0102479005,N,17-JUN-2026
PROD_15598,15598,02022818,THERADERM CREAM,,,0405625001,N,22-MAR-2025
PROD_15618,15618,02053403,TEVA-COTRIDIN EXPECTORANT,,,0403192001,N,22-MAR-2025
PROD_15704,15704,02043440,PREMARIN VAGINAL CREAM,,,0106442005,N,25-JUL-2025
PROD_15757,15757,02048264,DIGOXIN INJECTION C.S.D.,,,0107281002,N,22-MAR-2025
PROD_15801,15801,02046245,PREVORA STAGE 1,,,0107805006,N,17-JUN-2026
PROD_15805,15805,02047667,MERSYNDOL WITH CODEINE,,,0315447001,Y,13-JUL-2026
PROD_15867,15867,02014882,"STERILE WATER FOR INJECTION, USP",,,0105143002,N,22-JUN-2026
PROD_15880,15880,02019698,CHILDREN'S BENADRYL ALLERGY LIQUID,,,0102639004,N,09-MAR-2026
PROD_15902,15902,01916823,RIDAURA,,,0116168001,N,22-MAR-2025
PROD_15908,15908,01919466,CYTOMEL,,,0102421004,N,22-MAR-2025
PROD_15909,15909,01919458,CYTOMEL,,,0102421003,N,22-MAR-2025
PROD_15912,15912,02080052,TEVA-CYCLOBENZAPRINE,,,0112363001,N,22-MAR-2025
PROD_15925,15925,02084104,MINOCYCLINE,,,0131309002,N,22-MAR-2025
PROD_15927,15927,02084090,MINOCYCLINE,,,0131309001,N,22-MAR-2025
PROD_15944,15944,02084260,NEURONTIN,,,0125929001,N,16-JUN-2025
PROD_15945,15945,02084279,NEURONTIN,,,0125929003,N,16-JUN-2025
PROD_15948,15948,01954210,PRAMOX HC LOTION,,,0220065001,N,22-MAR-2025
PROD_16102,16102,02014203,MS.IR,,,0104545003,N,22-MAR-2025
PROD_16161,16161,01976141,SENSORCAINE,,,0108896001,N,22-MAR-2025
PROD_16162,16162,01976184,SENSORCAINE WITH EPINEPHRINE,,,0204884001,N,22-MAR-2025
PROD_16163,16163,01976206,SENSORCAINE WITH EPINEPHRINE,,,0204884002,N,22-MAR-2025
PROD_16164,16164,01976168,SENSORCAINE,,,0108896004,N,22-MAR-2025
PROD_16167,16167,02070863,SORIATANE,,,0122473001,N,02-FEB-2026
PROD_16168,16168,02070847,SORIATANE,,,0122473002,N,02-FEB-2026
PROD_16179,16179,02078600,ULTRAVIST 300,,,0125805002,N,26-JUN-2026
PROD_16180,16180,02078619,ULTRAVIST 370,,,0125805003,N,26-JUN-2026
PROD_16195,16195,02087324,BROMOCRIPTINE,,,0111278001,N,18-JUN-2026
PROD_16210,16210,02084287,NEURONTIN,,,0125929002,N,16-JUN-2025
PROD_16216,16216,02049325,ZOLADEX,,,0128706001,N,22-MAR-2025
PROD_16262,16262,02023865,DEXAMETHASONE,,,0131220004,N,22-MAR-2025
PROD_16264,16264,02052431,ENTOCORT ENEMA,,,0116807015,N,15-JUL-2025
PROD_16275,16275,01934333,DEPO-MEDROL,CONTAINS PRESERVATIVE,,0106292002,N,19-AUG-2026
PROD_16276,16276,01934341,DEPO-MEDROL,CONTAINS PRESERVATIVE,,0106292004,N,19-AUG-2026
PROD_16462,16462,02100606,MULTI 12,,,1223086001,N,29-APR-2026
PROD_16471,16471,02091194,APO-DICLO SR,,,0114417001,N,22-MAR-2025
PROD_16473,16473,00884340,ZOCOR,,,0122415003,N,22-MAR-2025
PROD_16474,16474,02009757,CODEINE 30,,,0104398004,N,25-MAR-2026
PROD_16476,16476,02023695,ATROPINE,,,0104748001,N,22-MAR-2025
PROD_16480,16480,02014238,MS.IR,,,0104545002,N,22-MAR-2025
PROD_16481,16481,02014254,MS.IR,,,0104545011,N,22-MAR-2025
PROD_16494,16494,02060019,SOLUPREP QD WIPE,,,0213979002,N,24-DEC-2025
PROD_16507,16507,02080036,ETOPOSIDE INJECTION,,,0114567002,N,23-JUN-2026
PROD_16508,16508,01988530,ULTRACAINE D-S INJECTION,,,0226661002,N,22-MAR-2025
PROD_16511,16511,01988557,ULTRACAINE D-S FORTE INJECTION,,,0226661001,N,22-MAR-2025
PROD_16532,16532,02088401,MYLAN-BACLOFEN,,,0113246002,N,22-MAR-2025
PROD_16533,16533,02056429,CHARAC-25,,,0106680029,N,22-MAR-2025
PROD_16534,16534,02088398,MYLAN-BACLOFEN,,,0113246001,N,22-MAR-2025
PROD_16608,16608,02084309,MONISTAT 7 VAGINAL CREAM,,,0110272001,N,17-JUN-2026
PROD_16609,16609,02085852,MICATIN MICONAZOLE NITRATE CREAM 2% USP,,,0110272001,N,22-MAR-2025
PROD_16611,16611,02126257,MONISTAT 7 DUAL-PAK,,,0217970002,N,17-JUN-2026
PROD_16636,16636,02103729,ZESTORETIC,,,0222417003,N,22-MAR-2025
PROD_16656,16656,02125250,APO-SUCRALFATE - TAB 1G,,,0114237002,N,21-MAY-2026
PROD_16701,16701,02078759,HUMATIN,,,0125807001,N,22-MAR-2025
PROD_16733,16733,02057794,EMLA PATCH,,,0222447001,N,22-MAR-2025
PROD_16736,16736,02043386,PREMARIN INTRAVENOUS,,,0106442008,N,15-JUN-2026
PROD_16777,16777,02125706,SOOTHE NIGHT TIME,,,0236766004,N,24-JUN-2026
PROD_16794,16794,01935941,"HEPARIN SODIUM IN 5% DEXTROSE INJECTION, 25000UNIT/500ML",,,0423088001,N,12-MAY-2026
PROD_16823,16823,01968823,LIDODAN VISCOUS 2%,,,0101280001,N,22-MAR-2025
PROD_16850,16850,02123398,SEPTANEST SP,,,0226661001,N,10-OCT-2025
PROD_16851,16851,02123371,SEPTANEST N,,,0226661002,N,10-OCT-2025
PROD_16852,16852,02125226,NIDAGEL,,,0102572005,N,29-DEC-2025
PROD_16855,16855,02099683,PENTASA,,,0116808002,N,25-JUN-2026
PROD_16879,16879,02123282,COVERSYL,,,0127178002,N,22-MAR-2025
PROD_16880,16880,02123274,COVERSYL,,,0127178001,N,22-MAR-2025
PROD_16902,16902,02130300,HALOPERIDOL LA,,,0101774008,N,19-MAR-2026
PROD_16903,16903,02045737,ZESTORETIC,,,0222417001,N,22-MAR-2025
PROD_16947,16947,02126222,AA-IPRAVENT,,,0115643001,N,22-MAR-2025
PROD_16954,16954,01934163,NOVAMOXIN,SUGAR-REDUCED,,0131314003,N,26-AUG-2026
PROD_16968,16968,02083523,BEZALIP SR,,,0122820001,N,22-MAR-2025
PROD_17006,17006,00832146,CHLORHEXIDINE GLUCONATE SOLUTION 0.05%,,,0107629005,N,22-MAR-2025
PROD_17104,17104,02099233,GLUCOPHAGE,,,0101773001,N,09-JUN-2026
PROD_17113,17113,01986988,EXTRA STRENGTH SINUTAB SINUS & ALLERGY,,LS - COUGH AND COLD,0312435001,N,30-JUN-2026
PROD_17123,17123,02049384,ZESTRIL,,,0121550002,N,22-MAR-2025
PROD_17126,17126,02049333,ZESTRIL,,,0121550003,N,22-MAR-2025
PROD_17160,17160,02142112,LAMICTAL,,,0127134006,N,26-JUN-2026
PROD_17199,17199,00887056,NAPROXEN-NA,,,0113934001,N,12-DEC-2025
PROD_17201,17201,02142104,LAMICTAL,,,0127134001,N,26-JUN-2026
PROD_17203,17203,02142082,LAMICTAL,,,0127134003,N,26-JUN-2026
PROD_17205,17205,02017741,RESONIUM CALCIUM,,,0113563001,N,22-MAR-2025
PROD_17215,17215,02049376,ZESTRIL,,,0121550001,N,22-MAR-2025
PROD_17227,17227,01990748,HEPARIN SODIUM IN 0.9% SODIUM CHLORIDE INJECTION,,,0104596011,N,17-MAR-2026
PROD_17230,17230,02142074,TEVA-GEMFIBROZIL,,,0116135002,N,24-JUN-2026
PROD_17236,17236,02083795,LIDODAN OINTMENT 5%,,,0103565001,N,22-MAR-2025
PROD_17240,17240,02126710,BIAXIN BID,,,0123752002,N,22-MAR-2025
PROD_17246,17246,02139332,APO-BACLOFEN,,,0113246001,N,22-MAR-2025
PROD_17247,17247,02139391,APO-BACLOFEN,,,0113246002,N,22-MAR-2025
PROD_17250,17250,02100622,SULCRATE,,,0114237002,N,06-NOV-2025
PROD_17416,17416,02064480,SALAZOPYRIN TAB 500MG,,,0106101001,N,22-MAR-2025
PROD_17417,17417,02064472,SALAZOPYRIN EN-TABS 500 MG,,,0106101001,N,22-MAR-2025
PROD_17752,17752,02026961,KAYEXALATE,,,0108701006,N,22-MAR-2025
PROD_17781,17781,02097575,ALLERNIX EXTRA STRENGTH,,,0102639001,N,29-JUN-2026
PROD_17789,17789,02141442,DIFLUCAN ONE,,,0122529004,N,22-MAR-2025
PROD_17794,17794,02097583,ALLERNIX,,,0102639002,N,29-JUN-2026
PROD_17799,17799,02150670,NEORAL,,,0115996001,N,27-AUG-2026
PROD_17801,17801,02150697,NEORAL,,,0115996001,N,27-AUG-2026
PROD_17813,17813,02150689,NEORAL,,,0115996002,N,27-AUG-2026
PROD_17814,17814,02150662,NEORAL,,,0115996003,N,27-AUG-2026
PROD_17824,17824,02092832,METROGEL 0.75%,,,0102572005,N,27-MAY-2026
PROD_17826,17826,02147602,APO-ACEBUTOLOL,,,0131282001,N,22-MAR-2025
PROD_17827,17827,02147610,APO-ACEBUTOLOL,,,0131282003,N,22-MAR-2025
PROD_17828,17828,02147629,APO-ACEBUTOLOL,,,0131282002,N,22-MAR-2025
PROD_17830,17830,02125439,CARBOPLATIN INJECTION,LIQ  IV  10MG/ML,,0117892002,N,22-JUN-2026
PROD_17832,17832,02126567,MONISTAT DERM CREAM,,,0110272001,N,17-JUN-2026
PROD_17852,17852,02103567,SULCRATE SUSPENSION PLUS,,,0114237003,N,07-MAY-2025
PROD_17880,17880,02083736,EXTRA STRENGTH COLD MEDICATION DAYTIME RELIEF,,,0319503001,N,26-JUN-2026
PROD_17887,17887,02039842,EXTRA STRENGTH COLD MEDICATION NIGHTTIME RELIEF,,,0414717004,N,26-JUN-2026
PROD_17893,17893,02063808,DIPENTUM,,,0122225002,N,10-APR-2025
PROD_17903,17903,02045729,ZESTORETIC,,,0222417002,N,22-MAR-2025
PROD_17905,17905,02039532,TENORMIN,,,0113847002,N,22-MAR-2025
PROD_17906,17906,02039540,TENORMIN,,,0113847001,N,22-MAR-2025
PROD_18005,18005,02132702,ZOLOFT,,,0123417003,N,22-MAR-2025
PROD_18010,18010,02024152,DIFLUCAN,,,0122529007,N,17-AUG-2026
PROD_18012,18012,01901982,LIDOCAINE HYDROCHLORIDE INJECTION USP,,,0101280001,N,12-FEB-2026
PROD_18024,18024,02148714,NALOXONE HCL INJECTION - 1MG/ML USP,,,0108981001,N,16-JUN-2026
PROD_18025,18025,02148706,NALOXONE HCL INJECTION - 0.4MG/ML USP,,,0108981002,N,16-JUN-2026
PROD_18040,18040,02147653,APO-TRAZODONE D TABLETS 150MG,,,0115713003,N,22-MAR-2025
PROD_18045,18045,02147645,APO-TRAZODONE TABLETS 100MG,,,0115713002,N,22-MAR-2025
PROD_18046,18046,02147637,APO-TRAZODONE TABLETS 50MG,,,0115713001,N,22-MAR-2025
PROD_18065,18065,02153483,MYLAN-INDAPAMIDE,,,0115402001,N,25-JUN-2026
PROD_18066,18066,02146908,BIAXIN,,,0123752003,N,23-JUN-2026
PROD_18071,18071,02132591,TEVA-LOPERAMIDE,,,0111332001,N,23-JUL-2025
PROD_18072,18072,02064405,CYKLOKAPRON 500 MG,,,0114760001,N,26-JUN-2026
PROD_18080,18080,02145839,VESANOID,,,0112395005,N,27-JUL-2026
PROD_18081,18081,02063786,MYCOBUTIN,,,0124092001,N,26-JUN-2026
PROD_18085,18085,02145316,NITROGLYCERIN IN 5% DEXTROSE INJ.-400MCG/ML,,,0227179003,N,22-MAR-2025
PROD_18086,18086,02145308,NITROGLYCERIN IN 5% DEXTROSE INJ.-200MCG/ML,,,0227179001,N,22-MAR-2025
PROD_18136,18136,02150204,0.9% SODIUM CHLORIDE INJECTION USP,,,0100053002,N,22-MAR-2025
PROD_18189,18189,02144298,TEVA-TRAZODONE,,,0115713003,N,26-JUN-2026
PROD_18190,18190,02144271,TEVA-TRAZODONE,,,0115713002,N,26-JUN-2026
PROD_18191,18191,02144263,TEVA-TRAZODONE,,,0115713001,N,26-JUN-2026
PROD_18200,18200,02158159,ACID CONCENTRATE D12264,,,0617386315,N,22-MAR-2025
PROD_18202,18202,02158221,ACID CONCENTRATE D12262,,,0617386270,N,22-MAR-2025
PROD_18208,18208,02131471,VIROBEX-P,,,0106942007,N,22-MAR-2025
PROD_18209,18209,02087316,LEUCOVORIN CALCIUM INJECTION,,,0108436002,N,23-JUN-2026
PROD_18212,18212,02112760,SALOFALK,ALSO KNOWN AS MESALAMINE,,0116808002,N,17-AUG-2026
PROD_18214,18214,02112787,SALOFALK,ALSO KNOWN AS MESALAMINE,,0116808002,N,17-AUG-2026
PROD_18228,18228,02076306,IOPIDINE,,,0122471002,N,22-MAR-2025
PROD_18239,18239,02158582,TEVA-DICLOFENAC SR,,,0114417005,N,25-JUN-2026
PROD_18240,18240,02128446,ANODAN-HC OINTMENT,,,0214222001,N,22-MAR-2025
PROD_18242,18242,02082136,GENTAMICIN(E),,,0105695001,N,22-MAR-2025
PROD_18243,18243,02082152,GENTAMICIN(E),,,0105695010,N,22-MAR-2025
PROD_18268,18268,02158329,ACID CONCENTRATE D12248,,,0617386273,N,22-MAR-2025
PROD_18289,18289,02024179,OCTOSTIM LIQ INJ. 15MCG/ML,,,0112050002,N,22-MAR-2025
PROD_18306,18306,02132648,FRAGMIN,SINGLE-DOSE PREFILLED SYRINGE,,0126861002,N,19-AUG-2026
PROD_18307,18307,02132621,FRAGMIN,SINGLE-DOSE PREFILLED SYRINGE,,0126861001,N,06-AUG-2026
PROD_18310,18310,02161060,CALCIUM-45 0.25-4.5,,,0108565027,N,22-MAR-2025
PROD_18314,18314,02130181,PROLEUKIN,SINGLE-USE VIAL,,0126785001,N,07-AUG-2026
PROD_18315,18315,02145901,HYDROMORPHONE HYDROCHLORIDE INJECTION USP,,,0108698003,N,22-MAR-2025
PROD_18321,18321,02160986,CALCIUM-45 0.5-4.5,,,0108565025,N,22-MAR-2025
PROD_18323,18323,02145928,HYDROMORPHONE HP 10,,,0108698001,N,26-JUN-2026
PROD_18324,18324,02146126,HYDROMORPHONE HP 50,,,0108698008,N,26-JUN-2026
PROD_18325,18325,02145936,HYDROMORPHONE HP 20,,,0108698009,N,26-JUN-2026
PROD_18330,18330,02017776,PRIMAQUINE,,,0152571001,N,26-JUN-2026
PROD_18349,18349,02009013,ASAPHEN,,,0101169013,N,26-JUN-2026
PROD_18355,18355,02163543,APO-OXYBUTYNIN,,,0114692001,N,22-MAR-2025
PROD_18371,18371,02064413,CYKLOKAPRON 100 MG/ML,,,0114760002,N,26-JUN-2026
PROD_18421,18421,02158574,TEVA-DOXYCYCLINE,,,0105569001,N,23-JUN-2026
PROD_18480,18480,02153432,ZINECARD,,,0152586001,N,25-JUN-2026
PROD_18491,18491,02143291,OCUFLOX,,,0122759007,N,22-MAR-2025
PROD_18493,18493,02153564,PENTASA,,,0116808012,N,25-JUN-2026
PROD_18494,18494,02153556,PENTASA,ALSO KNOWN AS MESALAMINE,,0116808004,N,20-AUG-2026
PROD_18496,18496,02153521,PENTASA,ALSO KNOWN AS MESALAMINE,,0116808005,N,17-AUG-2026
PROD_18500,18500,02166704,PROMETRIUM,,,0106327002,N,15-AUG-2025
PROD_18509,18509,02112809,SALOFALK,ALSO KNOWN AS MESALAMINE,,0116808014,N,17-AUG-2026
PROD_18510,18510,02112795,SALOFALK,ALSO KNOWN AS MESALAMINE,,0116808013,N,17-AUG-2026
PROD_18513,18513,02071010,ALNOX GAS,,,0213352001,N,22-MAR-2025
PROD_18515,18515,02165503,PREVACID,SRC 15MG,,0127666002,N,17-JUN-2026
PROD_18516,18516,02165511,PREVACID,SRC 30MG,,0127666001,N,17-JUN-2026
PROD_18550,18550,02013940,CLINIMIX,5% AMINO ACIDS (BLEND B) WITHOUT ELECTROLYTES IN 20% DEXTROSE INJECTION,,1550853014,N,23-JUN-2026
PROD_18554,18554,02035472,DORMER 211 FACE CREAM SPF 15,,,0322013005,N,22-MAR-2025
PROD_18556,18556,02125323,HYDROMORPH CONTIN-CONTROLLED RELEASE CAP - 3MG,,,0108698002,N,05-AUG-2026
PROD_18558,18558,02125331,HYDROMORPH CONTIN-CONTROLLED RELEASE CAP - 6MG,,,0108698010,N,05-AUG-2026
PROD_18614,18614,02166739,VERAPAMIL HYDROCHLORIDE INJECTION USP,,,0113846005,N,26-JUN-2026
PROD_18627,18627,02132680,COLESTID TABLETS,,,0113064002,N,15-JUN-2026
PROD_18640,18640,02168898,ESTRING,,,0106457001,N,25-JUN-2026
PROD_18647,18647,02065673,INTRALIPID 20%,,,0124460003,N,24-JUN-2026
PROD_18663,18663,02170175,OXYGENE - GAS INH,,,0110469001,N,22-MAR-2025
PROD_18685,18685,02145766,VISIPAQUE 270,,,0126988001,N,22-MAR-2025
PROD_18686,18686,02014874,70% DEXTROSE INJECTION USP,,,0102181015,N,19-JUN-2026
PROD_18694,18694,02145774,VISIPAQUE 320,,,0126988002,N,22-MAR-2025
PROD_18737,18737,02156040,FLUANXOL DEPOT 10%- LIQ IM 100MG/ML,,,0114584002,N,22-MAR-2025
PROD_18739,18739,02156008,FLUANXOL 0.5MG - TAB,,,0131297001,N,22-MAR-2025
PROD_18740,18740,02156016,FLUANXOL 3MG - TAB,,,0131297002,N,22-MAR-2025
PROD_18742,18742,02148382,MINIMS CYCLOPENTOLATE HYDROCHLORIDE,,,0108675001,N,01-AUG-2025
PROD_18744,18744,02148463,MINIMS PILOCARPINE NITRATE,,,0107359002,N,01-AUG-2025
PROD_18747,18747,02148390,MINIMS FLUORESCEIN SODIUM,,,0107752004,N,01-AUG-2025
PROD_18749,18749,02148544,MINIMS TETRACAINE HYDROCHLORIDE,,,0107246002,N,01-AUG-2025
PROD_18750,18750,02148498,MINIMS PREDNISOLONE SODIUM PHOSPHATE,,,0106288003,N,01-AUG-2025
PROD_18751,18751,02148528,MINIMS TETRACAINE HYDROCHLORIDE,,,0107246001,N,01-AUG-2025
PROD_18754,18754,02042320,MIN-OVRAL 21,,,0220415004,N,17-JUN-2026
PROD_18755,18755,02042339,MIN-OVRAL 28,,,0220415001,N,17-JUN-2026
PROD_18758,18758,02148536,MINIMS TROPICAMIDE,,,0107663001,N,01-AUG-2025
PROD_18759,18759,02148455,MINIMS PHENYLEPHRINE HYDROCHLORIDE,,,0100662005,N,01-AUG-2025
PROD_18768,18768,02177102,FAMVIR,,,0127885002,N,22-MAR-2025
PROD_18778,18778,02171899,TIMOPTIC-XE,,,0131275002,N,22-MAR-2025
PROD_18779,18779,02167794,APO-SOTALOL,,,0113778001,N,22-MAR-2025
PROD_18786,18786,02087286,ALKERAN,,,0225962001,N,22-MAR-2025
PROD_18791,18791,02138670,REFRESH,,,0107589001,N,22-MAR-2025
PROD_18800,18800,02156032,FLUANXOL DEPOT 2% -LIQ IM 20MG/ML,,,0114584001,N,22-MAR-2025
PROD_18806,18806,02177145,APO-CYCLOBENZAPRINE,,,0112363001,N,22-MAR-2025
PROD_18860,18860,02148447,MINIMS PHENYLEPHRINE HYDROCHLORIDE,,,0100662002,N,01-AUG-2025
PROD_18862,18862,02148358,MINIMS ATROPINE SULPHATE,,,0104748001,N,01-AUG-2025
PROD_18868,18868,02129043,ORGARAN,1250 UNITS/ML,,0126753002,N,19-AUG-2026
PROD_18874,18874,02172712,MYLAN-BECLO AQ,,,0106320002,N,07-JUL-2026
PROD_18877,18877,02177757,M-ESLON,,,0104545013,N,31-JUL-2026
PROD_18878,18878,02177749,M-ESLON,,,0104545009,N,31-JUL-2026
PROD_18903,18903,02144344,CARNITOR,SINGLE-USE,,0127168001,N,04-AUG-2026
PROD_18931,18931,02144328,CARNITOR,,,0127168002,N,22-MAR-2025
PROD_18936,18936,02141019,"CALCIUM GLUCONATE INJECTION, USP 10%",,,0108566002,N,24-JUN-2026
PROD_18937,18937,02139510,"SODIUM CHLORIDE INJECTION, USP",SINGLE-DOSE VIAL,,0100053008,N,19-JUN-2026
PROD_18969,18969,02166747,MANERIX,,,0122658003,N,06-JAN-2026
PROD_18988,18988,01934325,DEPO-MEDROL,CONTAINS PRESERVATIVE,,0106292003,N,19-AUG-2026
PROD_19026,19026,02142775,ROBITUSSIN EXTRA STRENGTH COUGH CONTROL,,,0200826003,N,22-MAR-2025
PROD_19044,19044,02142783,ROBITUSSIN EXTRA STRENGTH MUCUS AND PHLEGM,,LS - EXPECTORANT - ADULT,0103181003,N,24-JUN-2026
PROD_19047,19047,02177188,APO-BROMAZEPAM,,,0114488001,N,22-MAR-2025
PROD_19048,19048,02177897,APO-CLONAZEPAM,,,0111558002,N,22-MAR-2025
PROD_19049,19049,02163799,CODEINE CONTIN 200MG CONTROLLED RELEASE TAB,,,0153086001,N,26-JUN-2026
PROD_19050,19050,02163748,CODEINE CONTIN 100MG CONTROLLED RELEASE TAB,,,0153086004,N,26-JUN-2026
PROD_19051,19051,02163780,CODEINE CONTIN 150MG CONTROLLED RELEASE TAB,,,0153086002,N,26-JUN-2026
PROD_19056,19056,02177161,APO-BROMAZEPAM,,,0114488003,N,22-MAR-2025
PROD_19058,19058,02173360,TEVA-SALBUTAMOL STERINEBS P.F.,,,0108887001,N,25-JUN-2026
PROD_19060,19060,02172380,ROBITUSSIN EXTRA STRENGTH COUGH & COLD,,,0310136002,N,24-JUN-2026
PROD_19063,19063,02177889,APO-CLONAZEPAM,,,0111558001,N,22-MAR-2025
PROD_19064,19064,02177587,PMS-FLUOXETINE,,,0116847001,N,22-MAR-2025
PROD_19074,19074,02177579,PMS-FLUOXETINE,,,0116847003,N,22-MAR-2025
PROD_19094,19094,02144336,CARNITOR,,,0127168003,N,22-MAR-2025
PROD_19099,19099,02155907,ADALAT XL,,,0115253004,N,22-MAR-2025
PROD_19100,19100,02182238,CO-NE-O2-N2 MIXTURE,,,0415872001,N,22-MAR-2025
PROD_19101,19101,02154773,CO-HE-O2-N2 MIXTURE,"0.3% CO, 10% HE, 21% O2, BALANCED WITH N2",,0415738002,N,10-AUG-2026
PROD_19102,19102,02154757,MEOPA,,,0213352001,N,22-MAR-2025
PROD_19115,19115,02172577,KETOPROFEN SR,,,0110497004,N,16-JUN-2026
PROD_19125,19125,02162814,APO-DICLO SR,,,0114417005,N,22-MAR-2025
PROD_19143,19143,02046709,CLINIMIX,5% AMINO ACIDS (BLEND B) WITHOUT ELECTROLYTES IN 16.6% DEXTROSE INJECTION,,1550858002,N,23-JUN-2026
PROD_19167,19167,02182815,COZAAR,,,0127971001,N,22-JUL-2025
PROD_19168,19168,02182874,COZAAR,,,0127971003,N,22-JUL-2025
PROD_19183,19183,02130157,ALLOPURINOL-200,,,0103654002,N,23-JUN-2026
PROD_19189,19189,00667080,PRO-FUROSEMIDE,,,0101944004,N,22-MAR-2025
PROD_19197,19197,02160773,DIOFLUOR STRIPS,,,0107752003,N,22-MAR-2025
PROD_19200,19200,02128187,CEFOXITIN FOR INJECTION,,,0113134002,N,22-JUN-2026
PROD_19201,19201,02128195,CEFOXITIN FOR INJECTION,,,0113134001,N,22-JUN-2026
PROD_19202,19202,02167840,INNOHEP,MULTIDOSE VIAL,,0124929001,N,30-JUL-2026
PROD_19221,19221,02179660,PMS-CLONAZEPAM,,,0111558003,N,22-MAR-2025
PROD_19225,19225,00750050,TEVA-ECTOSONE,,,0106299001,N,22-MAR-2025
PROD_19241,19241,02169649,BETASERON,,,0152204001,N,26-JUN-2026
PROD_19242,19242,02166720,SANDOZ TIMOLOL,,,0131275002,N,22-MAR-2025
PROD_19252,19252,02166712,SANDOZ TIMOLOL,,,0131275001,N,22-MAR-2025
PROD_19257,19257,02156091,NORITATE,,,0102572009,N,19-DEC-2025
PROD_19262,19262,02154811,NITROUS OXIDE U.S.P.,,,0110468001,N,22-MAR-2025
PROD_19263,19263,02154730,CARBON DIOXIDE U.S.P,,,0110465002,N,22-MAR-2025
PROD_19290,19290,02154846,HELIUM / OXYGEN MIXTURE,,,0215574003,N,22-MAR-2025
PROD_19291,19291,02154781,MEDICAL AIR U.S.P.,,,0215496001,N,22-MAR-2025
PROD_19292,19292,02154803,NITROGEN N.F.,,,0115497001,N,22-MAR-2025
PROD_19293,19293,02154749,CARBOGEN,CO2 BALANCED WITH O2,,0213351004,N,10-AUG-2026
PROD_19299,19299,02154838,OXYGEN USP,,,0110469001,N,22-MAR-2025
PROD_19313,19313,02162717,ANAPROX DS,,,0113934002,N,27-JUN-2025
PROD_19314,19314,02162466,NAPROSYN,,,0109634005,N,09-JAN-2026
PROD_19315,19315,02162423,NAPROSYN,,,0109634003,N,09-JAN-2026
PROD_19348,19348,02162660,TORADOL,,,0121995001,N,22-MAR-2025
PROD_19357,19357,02184486,PROCAINAMIDE HYDROCHLORIDE INJECTION USP,,,0103107005,N,22-MAR-2025
PROD_19409,19409,02185431,METOCLOPRAMIDE HYDROCHLORIDE INJECTION,,,0109394003,N,25-JUN-2026
PROD_19418,19418,01977415,ACETAMINOPHEN CAPLETS 325 MG,,,0102009001,N,22-MAR-2025
PROD_19419,19419,01977474,ACETAMINOPHEN CAPLETS 500 MG,,LS - ANALG (ACETAMINOPHEN LABELLING STANDARD),0102009002,N,22-MAR-2025
PROD_19442,19442,02139545,"POTASSIUM PHOSPHATES INJECTION, USP",,,0207483001,N,24-JUN-2026
PROD_19443,19443,02139537,"PROTAMINE SULFATE INJECTION, USP",SINGLE-DOSE VIAL,,0107652001,N,22-MAR-2025
PROD_19446,19446,02162725,ANAPROX,,,0113934001,N,27-JUN-2025
PROD_19460,19460,02086026,FLORINEF,,,0106361002,N,26-MAR-2026
PROD_19474,19474,02150328,ASPIRIN REGULAR STRENGTH,,,0101169001,N,18-JUN-2026
PROD_19475,19475,02150336,ASPIRIN EXTRA STRENGTH,,,0101169012,N,22-MAR-2025
PROD_19479,19479,02150840,CANESTEN COMFORTAB 3,,,0110231004,N,16-JUN-2026
PROD_19480,19480,02150859,CANESTEN COMFORTAB 1,,,0110231005,N,16-JUN-2026
PROD_19483,19483,02150891,CANESTEN 6 DAY INTERNAL CREAM,,,0110231001,N,22-MAR-2025
PROD_19484,19484,02150905,CANESTEN 3 DAY INTERNAL CREAM,,,0110231003,N,22-MAR-2025
PROD_19487,19487,02150867,CANESTEN 1% TOPICAL CREAM,,,0110231001,N,22-MAR-2025
PROD_19488,19488,02150379,BACTINE FIRST AID SPRAY,SOLUTION,,0201287001,N,12-AUG-2026
PROD_19489,19489,02150417,ASPIRIN COATED FOR DELAYED RELEASE REGULAR STRENGTH,,,0101169001,N,11-JUN-2026
PROD_19497,19497,02172763,SEVORANE AF,,,0127780001,N,15-JUN-2026
PROD_19521,19521,02108119,CEFAZOLIN FOR INJECTION,,,0109442002,N,22-JUN-2026
PROD_19524,19524,02171929,TEVA-5 ASA,ALSO KNOWN AS MESALAMINE,,0116808001,N,17-AUG-2026
PROD_19525,19525,02192748,CELLCEPT,,,0128158001,N,25-JUN-2026
PROD_19532,19532,02108127,CEFAZOLIN FOR INJECTION,,,0109442001,N,22-JUN-2026
PROD_19553,19553,02162695,CYTOVENE,,,0128037002,N,27-JUL-2026
PROD_19585,19585,02186934,MOTRIN 200MG,,,0108883004,N,02-APR-2026
PROD_19587,19587,02172070,SYNTHROID,TAB 50MCG,,0107794025,N,22-MAR-2025
PROD_19588,19588,02172062,SYNTHROID,TAB 25MCG,,0107794018,N,22-MAR-2025
PROD_19589,19589,02171228,SYNTHROID,TAB 112MCG,,0107794019,N,22-MAR-2025
PROD_19594,19594,02172119,SYNTHROID,TAB 125MCG,,0107794021,N,22-MAR-2025
PROD_19595,19595,02172089,SYNTHROID,TAB 75MCG,,0107794020,N,22-MAR-2025
PROD_19596,19596,02172151,SYNTHROID,,,0107794026,N,22-MAR-2025
PROD_19597,19597,02172143,SYNTHROID,TAB 200MCG,,0107794022,N,22-MAR-2025
PROD_19598,19598,02172127,SYNTHROID,TAB 150MCG,,0107794023,N,22-MAR-2025
PROD_19599,19599,02172097,SYNTHROID,TAB 88MCG,,0107794027,N,22-MAR-2025
PROD_19600,19600,02172135,SYNTHROID,TAB 175MCG,,0107794017,N,22-MAR-2025
PROD_19601,19601,02172100,SYNTHROID,TAB 100MCG,,0107794024,N,22-MAR-2025
PROD_19610,19610,02013932,CLINIMIX,5% AMINO ACIDS (BLEND B) WITHOUT ELECTROLYTES IN 10% DEXTROSE INJECTION,,1550853010,N,23-JUN-2026
PROD_19614,19614,02192683,3TC,,,0128157001,N,22-JUN-2026
PROD_19615,19615,02192691,3TC,,,0128157002,N,22-MAR-2025
PROD_19628,19628,02207818,PMS-CLONAZEPAM-R,,,0111558001,N,22-MAR-2025
PROD_19661,19661,02162431,PEDIAPHARM NAPROXEN SUSPENSION,,,0109634006,N,17-NOV-2025
PROD_19677,19677,02171775,MICONAZOLE 3 DAY OVULE TREATMENT 400MG,,,0110272002,N,22-MAR-2025
PROD_19681,19681,02099705,METHOTREXATE SODIUM INJECTION,,,0107545002,N,22-MAR-2025
PROD_19690,19690,02198630,CALMYLIN ACE,,,0303191001,N,19-JUN-2026
PROD_19691,19691,02171791,TEVA-ATENOLOL,,,0113847002,N,22-MAR-2025
PROD_19692,19692,02171805,TEVA-ATENOLOL,,,0113847001,N,22-MAR-2025
PROD_19701,19701,02139499,"MAGNESIUM SULFATE INJECTION, USP",,,0105356002,N,09-JUN-2025
PROD_19703,19703,02139375,"VANCOMYCIN HYDROCHLORIDE FOR INJECTION, USP",10 ML SINGLE-DOSE VIALS,,0131315003,N,30-JUL-2026
PROD_19705,19705,02139383,"VANCOMYCIN HYDROCHLORIDE FOR INJECTION, USP",20 ML SINGLE-DOSE VIALS,,0131315001,N,30-JUL-2026
PROD_19720,19720,02179679,TEVA-TIAPROFENIC ACID,,,0115902001,N,22-MAR-2025
PROD_19722,19722,02179687,TEVA-TIAPROFENIC ACID,,,0115902002,N,22-MAR-2025
PROD_19729,19729,02194333,TEGRETOL SUSPENSION,,,0108674002,N,07-AUG-2026
PROD_19756,19756,02143305,VINCRISTINE SULFATE INJECTION,,,0107646001,N,23-JUN-2026
PROD_19757,19757,02210320,OLESTYR,REGULAR POWDER,,0101047008,N,06-AUG-2026
PROD_19761,19761,02208245,PMS-SALBUTAMOL,,,0108887009,N,18-JUN-2026
PROD_19762,19762,02208237,PMS-SALBUTAMOL,,,0108887001,N,18-JUN-2026
PROD_19763,19763,02208229,PMS-SALBUTAMOL,,,0108887007,N,18-JUN-2026
PROD_19802,19802,02153513,ONCOTICE,,,0127382001,N,12-JUN-2026
PROD_19807,19807,02213834,NASACORT AQ,,,0106310010,N,31-DEC-2025
PROD_19812,19812,02214733,STERILE WATER FOR INJECTION USP,,,0105143002,N,22-MAR-2025
PROD_19827,19827,02212048,PMS-CYCLOBENZAPRINE - TAB 10MG,,,0112363001,N,16-DEC-2025
PROD_19894,19894,02216132,PMS-LITHIUM CARBONATE - CAP 150MG,,,0101163001,N,26-JUN-2026
PROD_19895,19895,02216590,TEVA-FLUOXETINE,,,0116847001,N,22-MAR-2025
PROD_19916,19916,02216582,TEVA-FLUOXETINE,,,0116847003,N,22-MAR-2025
PROD_19923,19923,02091135,MICRO +4 REGULAR STRENGTH,,,0414689003,N,04-DEC-2025
PROD_19936,19936,02164353,TRAZODONE-50,,,0115713001,N,22-MAR-2025
PROD_19937,19937,02164361,TRAZODONE-100,,,0115713002,N,22-MAR-2025
PROD_19938,19938,02164388,TRAZODONE-150 D,,,0115713003,N,22-MAR-2025
PROD_19961,19961,02216361,APO-FLUOXETINE,,,0116847001,N,22-MAR-2025
PROD_19962,19962,02216353,APO-FLUOXETINE,,,0116847003,N,22-MAR-2025
PROD_20002,20002,02210428,APO-SOTALOL,,,0113778002,N,22-MAR-2025
PROD_20014,20014,02216248,DESIPRAMINE,,,0102137004,N,22-MAR-2025
PROD_20015,20015,02216256,DESIPRAMINE,,,0102137001,N,22-MAR-2025
PROD_20018,20018,02210347,MYLAN-VERAPAMIL SR,,,0113846001,N,22-MAR-2025
PROD_20021,20021,02216280,DESIPRAMINE,,,0102137005,N,22-MAR-2025
PROD_20022,20022,02216272,DESIPRAMINE,,,0102137002,N,22-MAR-2025
PROD_20023,20023,02216264,DESIPRAMINE,,,0102137003,N,22-MAR-2025
PROD_20026,20026,02195925,MEGESTROL,,,0111633003,N,22-MAR-2025
PROD_20029,20029,02195917,MEGESTROL,,,0111633001,N,22-MAR-2025
PROD_20040,20040,02217244,ACID CONCENTRATE D12236,,,0617386305,N,22-MAR-2025
PROD_20041,20041,02217643,ACID CONCENTRATE D12290,,,0617386306,N,22-MAR-2025
PROD_20044,20044,02217554,ACID CONCENTRATE D12293,,,0617386303,N,22-MAR-2025
PROD_20046,20046,02217635,ACID CONCENTRATE D12302,,,0617386304,N,22-MAR-2025
PROD_20105,20105,02147440,ACTIVASE RT-PA,,,0224091002,N,10-JUN-2026
PROD_20107,20107,02148749,DIFFERIN,,,0127242001,N,22-MAR-2025
PROD_20111,20111,02217597,ACID CONCENTRATE D12300,,,0617386295,N,22-MAR-2025
PROD_20112,20112,02219301,MAGNESIUM-45 0.5-4.5,,,0120793019,N,22-MAR-2025
PROD_20114,20114,02218879,ACID CONCENTRATE D12275,,,0617386296,N,22-MAR-2025
PROD_20115,20115,02217260,ACID CONCENTRATE D12299,,,0617386291,N,22-MAR-2025
PROD_20116,20116,02217252,ACID CONCENTRATE D12286,,,0617386292,N,22-MAR-2025
PROD_20118,20118,02217600,ACID CONCENTRATE D12305,,,0617386293,N,22-MAR-2025
PROD_20119,20119,02217619,ACID CONCENTRATE D12294,,,0617386294,N,22-MAR-2025
PROD_20121,20121,02217279,ACID CONCENTRATE D12291,,,0617386290,N,22-MAR-2025
PROD_20134,20134,02181908,POLYDERM OINTMENT USP,,,0231324001,N,22-MAR-2025
PROD_20160,20160,02188856,FORANE,,,0114368001,N,22-MAR-2025
PROD_20162,20162,02187086,BREVICON 0.5/35 TABLETS (21-DAY PACK),,,0210010001,N,04-SEP-2025
PROD_20171,20171,02125366,HYDROMORPH CONTIN-CONTROLLED RELEASE CAP - 12MG,,,0108698011,N,05-AUG-2026
PROD_20172,20172,02125382,HYDROMORPH CONTIN-CONTROLLED RELEASE CAP - 24MG,,,0108698012,N,05-AUG-2026
PROD_20189,20189,02195933,APO-LEVOCARB,,,0210315002,N,22-MAR-2025
PROD_20190,20190,02195968,APO-LEVOCARB,,,0210315001,N,22-MAR-2025
PROD_20216,20216,02209055,ORO-CLENSE,,,0107629007,N,16-JUN-2026
PROD_20218,20218,02219492,VALTREX,,,0128626001,N,26-JUN-2026
PROD_20239,20239,02195941,APO-LEVOCARB,,,0210315003,N,22-MAR-2025
PROD_20256,20256,02187078,HAVRIX 1440,SINGLE-DOSE PREFILLED SYRINGE,,0165325001,N,06-AUG-2026
PROD_20287,20287,02130955,TYPHIM VI,SINGLE-DOSE PREFILLED SYRINGE,,0165823001,N,10-AUG-2026
PROD_20291,20291,02142384,CLINIMIX E,5% AMINO ACIDS (BLEND C) WITH ELECTROLYTES IN 10% DEXTROSE INJECTION,,2050850018,N,23-JUN-2026
PROD_20299,20299,02162121,BENZAGEL 5 WASH,,,0107205001,N,29-JUN-2026
PROD_20308,20308,02152584,PRO-BACLOFEN,,,0113246001,N,04-FEB-2026
PROD_20309,20309,02152592,PRO-BACLOFEN,,,0113246002,N,17-APR-2026
PROD_20329,20329,02169126,TEVA-COTRIDIN,,,0304415002,N,22-MAR-2025
PROD_20349,20349,02219719,OXYGEN USP - GAS 100%,,,0110469001,N,22-MAR-2025
PROD_20353,20353,02215756,CAVERJECT STERILE POWDER,,,0115288006,N,22-MAR-2025
PROD_20354,20354,02215721,BACTERIOSTATIC WATER FOR INJECTION USP-PRE-FILLED SYRINGE,,,0105143002,N,22-MAR-2025
PROD_21753,21753,01931598,0.15% POTASSIUM CHLORIDE IN 5% DEXTROSE AND 0.20% SODIUM CHLORIDE INJECTION USP,,,0300097004,N,26-MAY-2025
PROD_21757,21757,01931679,ISOLYTE S PH 7.4 (MULTI-ELECTROLYTE INJECTION),,,0723018002,N,22-MAR-2025
PROD_22030,22030,01936441,BAXEDIN PRE-OP,,,0107629003,N,22-MAR-2025
PROD_22086,22086,01938088,JAMP ACETAMINOPHEN 325,,,0102009001,N,22-MAR-2025
PROD_22143,22143,01939122,JAMP ACETAMINOPHEN 500,,,0102009002,N,22-MAR-2025
PROD_22917,22917,00789674,ACTIVATED CHARCOAL 260MG,,,0106680015,N,22-MAR-2025
PROD_23194,23194,01964070,PMS-DEXAMETHASONE,,,0106303003,N,22-MAR-2025
PROD_23261,23261,01964976,PMS-DEXAMETHASONE,,,0106303001,N,22-MAR-2025
PROD_23671,23671,01971409,TRIANAL TABLET,,,0301241001,N,22-MAR-2025
PROD_26564,26564,02028867,CETACAINE LIQUID,,,0324409001,N,22-MAR-2025
PROD_26863,26863,02039982,CHILDREN'S TYLENOL COLD,,LS - COUGH AND COLD,0312435003,N,03-JUL-2026
PROD_26864,26864,02039990,CHILDREN'S TYLENOL COLD AND COUGH,,LS - COUGH AND COLD,0414717001,N,31-JUL-2026
PROD_27183,27183,02049260,REFRESH PLUS,,,0107332003,N,24-APR-2025
PROD_27306,27306,02052881,OXYGEN USP,,,0110469001,N,22-MAR-2025
PROD_27514,27514,02060841,BARRIERE CREAM 20%,,,0107456002,N,29-JUN-2026
PROD_27903,27903,02072955,SOLUPREP LD SPONGE,,,0107629005,N,16-JAN-2026
PROD_28280,28280,02086018,COLACE SYRUP,,LS - LAXATIVES (STOOL SOFTENER),0104351003,N,22-MAR-2025
PROD_28440,28440,02089602,PROPADERM,,,0106320001,N,29-DEC-2025
PROD_28453,28453,02090163,COLACE,,,0104351004,N,22-MAR-2025
PROD_28979,28979,02100207,DEQUADIN,,CAT IV - THROAT LOZENGES,0107638001,N,22-MAR-2025
PROD_29540,29540,02106256,COLACE CAPSULES,,,0104351002,N,22-MAR-2025
PROD_29542,29542,02106272,TRANDATE,,,0116170001,N,31-DEC-2025
PROD_29543,29543,02106280,TRANDATE,,,0116170003,N,31-DEC-2025
PROD_30398,30398,02119803,SOLUPREP QD SWAB,,,0213979002,N,18-DEC-2025
PROD_30557,30557,02121999,BRONCHOPHAN EXPECTORANT (SANS SUCROSE),,,0103181002,N,22-MAR-2025
PROD_31096,31096,02133326,MIOCHOL-E,WITH DILUENT,,0108463001,N,14-AUG-2026
PROD_31283,31283,02137186,SODIUM THIOSULFATE INJECTION USP,,,0109248001,N,22-MAR-2025
PROD_31358,31358,02139480,"FOLIC ACID INJECTION, USP",,,0108418001,N,22-MAR-2025
PROD_31359,31359,02139502,"VASOPRESSIN INJECTION, USP",,,0106469001,N,22-MAR-2025
PROD_31360,31360,02139529,"SODIUM ACETATE INJECTION, USP",,,0113986001,N,22-JUN-2026
PROD_31361,31361,02139561,"OXYTOCIN INJECTION, USP",,,0106478002,N,22-MAR-2025
PROD_31467,31467,02141574,ERYTHROMYCIN,,,0105708001,N,22-MAR-2025
PROD_31477,31477,02141728,ALLERGY FORMULA CAPLETS,,,0102639002,N,29-JUN-2026
PROD_31491,31491,02142546,STERILE WATER FOR INJECTION USP,SINGLE-USE VIAL,,0105143002,N,12-AUG-2026
PROD_31563,31563,02143879,LIDODAN JELLY 2%,,,0101280001,N,22-MAR-2025
PROD_31568,31568,02143933,ACETAMINOPHEN WITH CODEINE - CAPLET,,,0311391002,Y,11-JUN-2026
PROD_32780,32780,02047349,HOT LEMON RELIEF FOR SYMPTOMS OF COLD AND FLU REGULAR STRENGTH,,,0411174003,N,22-MAR-2025
PROD_33476,33476,02226022,MYOFLEX EXTRA STRENGTH,,,0103740002,N,22-MAR-2025
PROD_33917,33917,02154234,"ACETAMINOPHEN, CAFFEINE AND CODEINE PHOSPHATE TABLETS",,,0311391002,Y,22-MAR-2025
PROD_34150,34150,02159546,EXTRA STRENGTH ALLERGY SINUS MEDICATION,,,0312435001,N,10-JUN-2026
PROD_34258,34258,02162113,BENZAGEL 5 GEL,,,0107205001,N,29-JUN-2026
PROD_34560,34560,02169991,LOXAPAC IM,,,0111557003,N,22-MAR-2025
PROD_34574,34574,02170140,VIRAZOLE,,,0111643001,N,22-MAR-2025
PROD_34650,34650,02172917,CALMYLIN PSE WITH CODEINE,,,0321611001,Y,22-JUN-2026
PROD_34878,34878,02178125,ACID CONCENTRATE D12272,,,0617386284,N,22-MAR-2025
PROD_34881,34881,02178168,ACID CONCENTRATE D12316,,,0617386272,N,22-MAR-2025
PROD_35083,35083,02181746,SODIUM ACETATE INJECTION USP,,,0113986001,N,22-MAR-2025
PROD_35700,35700,02193221,THIAMIJECT INJECTION - LIQ IM IV 100MG/ML,,,0108220001,N,22-MAR-2025
PROD_35783,35783,02194031,ARISTOCORT R,,,0106310002,N,06-MAR-2026
PROD_35784,35784,02194058,ARISTOCORT R,,,0106310002,N,06-MAR-2026
PROD_35785,35785,02194066,ARISTOCORT C,0.5% CREAM,,0106310001,N,21-AUG-2026
PROD_35798,35798,02194201,TEVA-NYSTATIN,,,0105858002,N,05-SEP-2025
PROD_36179,36179,02200104,CREON MINIMICROSPHERES 10,,,0302964040,N,25-APR-2025
PROD_36346,36346,02202352,RIVASA 80MG CROQUABLE - TAB,,,0101169013,N,26-JUN-2026
PROD_36347,36347,02202360,RIVASA FC,,,0101169013,N,26-JUN-2026
PROD_36404,36404,02203375,STERILE LIGHT MINERAL OIL 100%,,,0126693001,N,22-MAR-2025
PROD_36480,36480,02204266,DEXAMETHASONE-OMEGA,,,0106305003,N,22-MAR-2025
PROD_36481,36481,02204274,DEXAMETHASONE-OMEGA,,,0106305005,N,22-MAR-2025
PROD_36767,36767,02208903,OTRIVIN MOISTURIZING CONGESTION RELIEF,SOLUTION,LS - TOPICAL NASAL DECONGESTANTS,0107655001,N,14-AUG-2026
PROD_36788,36788,02209594,PREPARATION H-PE GEL,,,0228450001,N,22-MAR-2025
PROD_36794,36794,02209713,HEPARIN SODIUM 20000UNITS IN 5% DEXTROSE INJ,,,0220064001,N,22-MAR-2025
PROD_36795,36795,02209721,HEPARIN SODIUM 25000UNITS IN 5% DEXTROSE INJ,,CAT IV - SUNBURN PROTECTANTS,0220064003,N,22-MAR-2025
PROD_36836,36836,02210835,ACID CONCENTRATE 2182,,,0617386266,N,22-MAR-2025
PROD_36945,36945,02213192,ELTROXIN,,,0107794001,N,03-SEP-2025
PROD_36946,36946,02213206,ELTROXIN,,,0107794005,N,03-SEP-2025
PROD_36947,36947,02213214,ELTROXIN,,,0107794004,N,03-SEP-2025
PROD_36948,36948,02213222,ELTROXIN,,,0107794003,N,03-SEP-2025
PROD_36952,36952,02213265,DERMOVATE CREAM,,,0110995001,N,22-MAR-2025
PROD_36953,36953,02213273,DERMOVATE OINTMENT,,,0110995001,N,26-AUG-2026
PROD_36954,36954,02213281,DERMOVATE SCALP APPLICATION,,,0110995001,N,26-AUG-2026
PROD_37001,37001,02214415,SPECTRO ECZEMACARE MEDICATED CREAM,,,0113261001,N,21-JAN-2026
PROD_37037,37037,02215241,EXTRA STRENGTH SINUTAB SINUS NIGHTTIME,,LS - COUGH AND COLD,0327704004,N,23-JUL-2026
PROD_37038,37038,02215268,BENYLIN FOR CHILDREN DRY COUGH,,,0100807004,N,14-MAY-2026
PROD_37051,37051,02215403,NEOCITRAN EXTRA STRENGTH COLD & SINUS NIGHT,,"LS - ANALG. (ACETAMINOPHEN, SALICYLATES, CODEINE)",0312118007,N,24-JUN-2026
PROD_37105,37105,02217147,NEOCITRAN ULTRA STRENGTH TOTAL FLU NIGHT,,,0414717011,N,23-JUL-2026
PROD_37150,37150,02218186,"BENYLIN EXTRA STRENGTH ALL-IN-ONE COLD, FLU & COUGH",,LS - COUGH AND COLD,0421980007,N,30-JUN-2026
PROD_37161,37161,02219190,CARTER'S LITTLE PILLS,,LS - LAXATIVES (GENERAL),0101506001,N,26-JUN-2026
PROD_37164,37164,02218607,XYLONOR,,,0228602001,N,22-MAR-2025
PROD_37198,37198,02219336,DIPHENIST,,,0102639001,N,22-MAR-2025
PROD_37239,37239,02219905,NIX DERMAL CREAM,,,0120085002,N,22-MAR-2025
PROD_37244,37244,02220261,"PENICILLIN G SODIUM FOR INJECTION, USP",,,0131382004,N,24-JUN-2026
PROD_37245,37245,02220288,"PENICILLIN G SODIUM FOR INJECTION, USP",,,0131382003,N,24-JUN-2026
PROD_37246,37246,02220296,"PENICILLIN G SODIUM FOR INJECTION, USP",,,0131382002,N,24-JUN-2026
PROD_37349,37349,02223937,"ALLERGENIC EXTRACT STANDARDIZED MITE DP (10,000 AU/ML)",,,0123337002,N,28-MAY-2026
PROD_37350,37350,02223945,"ALLERGENIC EXTRACT STANDARDIZED MITE DP (30,000 AU/ML)",,,0123337001,N,11-JUL-2025
PROD_37351,37351,02223953,"ALLERGENIC EXTRACT STANDARDIZED MITE DF (10,000 AU/ML)",,,0123338001,N,22-JUL-2026
PROD_37352,37352,02223961,"ALLERGENIC EXTRACT STANDARDIZED MITE DF (30,000 AU/ML)",,,0123338002,N,11-JUL-2025
PROD_37354,37354,02223996,"ALLERGENIC EXTRACT MIXTURE OF STANDARDIZED MITES (5,000 AU/ML)",,,0223339002,N,31-DEC-2025
PROD_37363,37363,02224623,SOFRACORT,,,0305701001,N,27-JUL-2026
PROD_37372,37372,02224720,LASIX ORAL SOLUTION,,,0101944003,N,25-JUN-2026
PROD_37375,37375,02224755,LASIX SPECIAL,,,0101944006,N,25-JUN-2026
PROD_37384,37384,02224860,SOFRAMYCIN NASAL SPRAY,,,0300763001,N,22-MAR-2025
PROD_37454,37454,02226383,TEVA-PROCTOSONE,,,0404592001,N,22-MAR-2025
PROD_37484,37484,02226928,ALLERGENIC EXTRACT - POLLENS,,,0107826007,N,02-APR-2026
PROD_37486,37486,02226944,ALLERGENIC EXTRACT - NON-POLLENS,,,0109346003,N,02-APR-2026
PROD_37491,37491,02226995,"AMPICILLIN FOR INJECTION, USP",,,0105872005,N,22-MAR-2025
PROD_37492,37492,02227002,"AMPICILLIN FOR INJECTION, USP",,,0105872003,N,22-MAR-2025
PROD_37493,37493,02227010,"AMPICILLIN FOR INJECTION, USP",,,0105872001,N,22-MAR-2025
PROD_37494,37494,02227029,"AMPICILLIN FOR INJECTION, USP",,,0105872002,N,22-MAR-2025
PROD_37570,37570,02228564,GASTROGRAFIN,,,0201807001,N,22-MAR-2025
PROD_37574,37574,02228602,KINEVAC,,,0113162001,N,22-MAR-2025
PROD_37941,37941,02226707,"TOLNAFTATE CREAM USP, 1%",,,0102537001,N,09-JUN-2026
PROD_41477,41477,00373435,DETTOL,,,0106942019,N,19-MAR-2026
PROD_41536,41536,00485802,MINERAL OIL,,,0136741002,N,19-JUN-2026
PROD_41558,41558,00538493,CALAMINE LOTION WITH ANTIHISTAMINE,,,0210943001,N,19-JUN-2026
PROD_41608,41608,00576034,TINACTIN,,,0102537001,N,15-JUN-2026
PROD_41611,41611,00576042,TINACTIN POWDER,,,0102537001,N,23-JUN-2026
PROD_41612,41612,00576050,TINACTIN AEROSOL POWDER,,,0102537001,N,22-MAR-2025
PROD_41684,41684,00653330,OTRIVIN CONGESTION RELIEF,SOLUTION,,0107655001,N,14-AUG-2026
PROD_41698,41698,00704172,HUILE MINERALE LOURDE LIQ 100% USP,,,0136741002,N,22-MAR-2025
PROD_41756,41756,00790516,PETROLATUM BLANC ONT USP,,,0148022001,N,22-MAR-2025
PROD_41903,41903,00740861,DRIXORAL DECONGESTANT NASAL SPRAY,,,0101481001,N,22-MAR-2025
PROD_41933,41933,01919245,DR. SCHOLL'S ATHLETE'S FOOT SPRAY POWDER,,CAT IV - ATHLETES FOOT TREATMENTS,0102537001,N,22-MAR-2025
PROD_41954,41954,01929372,LONG LASTING DRISTAN NASAL MIST,SOLUTION,,0101481001,N,14-AUG-2026
PROD_41970,41970,01929380,LONG LASTING DRISTAN MENTHOLATED NASAL SPRAY,,,0101481001,N,22-MAR-2025
PROD_41989,41989,00609951,BALMINIL EXPECTORANT (SUCROSE FREE),,,0103181002,N,11-JUN-2026
PROD_42015,42015,01942425,VISINE ORIGINAL,,,0107579001,N,29-JUN-2026
PROD_42135,42135,02027798,PEDIATRIX,,,0102009005,N,10-JUN-2026
PROD_42136,42136,02027801,PEDIATRIX DROPS,,,0102009003,N,10-JUN-2026
PROD_42341,42341,02046059,INFANTS' TYLENOL,SUSPENSION,,0102009003,N,12-SEP-2025
PROD_42373,42373,02074702,EXTRA STRENGTH ASPERCREME CREME RUB 15%,,,0103740002,N,26-JUN-2026
PROD_42388,42388,02046040,CHILDREN'S TYLENOL,,,0102009005,N,12-SEP-2025
PROD_42395,42395,02097079,PEPTO-BISMOL,,,0111864001,N,22-MAR-2025
PROD_42607,42607,02157292,BLISTEX DCT,,,0527466001,N,22-JUN-2026
PROD_42685,42685,02144093,VISINE FOR ALLERGY 3 SYMPTOM RELIEF,,,0214226001,N,23-JUN-2026
PROD_42699,42699,02152827,MYOFLEX REGULAR STRENGTH,,,0103740003,N,22-MAR-2025
PROD_42736,42736,02177994,PEPTO BISMOL CAPLET - 262MG/CAPLET,,,0111864003,N,22-MAR-2025
PROD_42778,42778,00432814,SANDOZ FLUOROMETHOLONE,,,0106315001,N,18-JUN-2026
PROD_42842,42842,02182750,"METHOTREXATE TABLETS, USP",,,0107545004,N,03-NOV-2025
PROD_42844,42844,02182777,METHOTREXATE INJECTION USP,"CONTAINS PRESERVATIVE, MULTIDOSE VIALS",,0107545002,N,19-AUG-2026
PROD_42846,42846,02184435,KADIAN,,,0104545002,N,21-AUG-2026
PROD_42847,42847,02184443,KADIAN,,,0104545006,N,21-AUG-2026
PROD_42848,42848,02184451,KADIAN,,,0104545012,N,21-AUG-2026
PROD_42879,42879,02185938,PEPCID AC,FILM-COATED TABLET,,0118722003,N,06-AUG-2026
PROD_42888,42888,02187094,BREVICON 0.5/35 TABLETS (28-DAY PACK),,,0210010001,N,04-SEP-2025
PROD_42889,42889,02187108,SYNPHASIC 21 TABLETS,,,0414813001,N,24-SEP-2025
PROD_42890,42890,02187116,SYNPHASIC 28 TABLETS,,,0414813001,N,24-SEP-2025
PROD_42902,42902,02188783,SYNAREL,,,0133344002,N,07-JUL-2026
PROD_42910,42910,02188880,BREVIBLOC INJECTION 10MG/ML,,,0123418003,N,06-AUG-2026
PROD_42921,42921,02189054,BREVICON 1/35 TABLETS (21-DAY PACK),,,0210010002,N,04-SEP-2025
PROD_42922,42922,02189062,BREVICON 1/35 TABLETS (28-DAY PACK),,,0210010002,N,04-SEP-2025
PROD_42926,42926,02189100,PLASBUMIN-5,,,0131452001,N,19-JUN-2026
PROD_42944,42944,02194465,DOXORUBICIN HYDROCHLORIDE FOR INJECTION USP,,,0110825003,N,22-MAR-2025
PROD_42945,42945,02194473,DOXORUBICIN HYDROCHLORIDE FOR INJECTION USP,,,0110825004,N,22-MAR-2025
PROD_42952,42952,02197502,SELECT 1/35 (21-DAY),,,0210010002,N,23-SEP-2025
PROD_42959,42959,02199270,NITOMAN,,,0128227001,N,22-MAR-2025
PROD_42960,42960,02199297,SELECT 1/35 (28-DAY),,,0210010002,N,23-SEP-2025
PROD_42964,42964,02200864,CILOXAN,,,0123207004,N,22-MAR-2025
PROD_42981,42981,02202581,FEIBA NF,700 TO 1300 UNITS/VIAL & 20 ML DILUENT,,0133136002,N,22-MAR-2025
PROD_42996,42996,02204517,TEVA-ACEBUTOLOL,,,0131282001,N,25-JUN-2026
PROD_42997,42997,02204525,TEVA-ACEBUTOLOL,,,0131282003,N,25-JUN-2026
PROD_42998,42998,02204533,TEVA-ACEBUTOLOL,,,0131282002,N,25-JUN-2026
PROD_43004,43004,02204606,PROLASTIN-C,,,0120888002,N,15-JUN-2026
PROD_43011,43011,02206021,IMMUNINE VH,,,0128463008,N,22-MAR-2025
PROD_43018,43018,02207621,APO-ACYCLOVIR,,,0115506002,N,22-MAR-2025
PROD_43019,43019,02207648,APO-ACYCLOVIR,,,0115506004,N,22-MAR-2025
PROD_43020,43020,02207656,APO-ACYCLOVIR,,,0115506005,N,22-MAR-2025
PROD_43077,43077,02212161,IMITREX DF - TAB 100MG,,,0123238001,N,26-JUN-2026
PROD_43078,43078,02212188,IMITREX,AUTO-INJECTOR,,0123238006,N,06-AUG-2026
PROD_43089,43089,02212307,CEFTIN,,,0122448005,N,21-OCT-2025
PROD_43104,43104,02213451,VENTOLIN I.V. INFUSION SOLUTION 5.0MG SALBUTAMOL IN 5ML (1000MCG/ML),,,0108887007,N,22-MAR-2025
PROD_43108,43108,02213486,VENTOLIN RESPIRATOR SOLUTION,,,0108887006,N,26-JUN-2026
PROD_43143,43143,02213826,REVIA,,,0118591001,N,24-JUN-2026
PROD_43155,43155,02215187,CAVERJECT STERILE POWDER - PWS 23.2MCG/VIAL,,,0115288006,N,22-MAR-2025
PROD_43175,43175,02216213,MYLAN-CLOBETASOL SCALP APPLICATION,,,0110995001,N,17-JUN-2026
PROD_43176,43176,02216221,TEVA-IPRATROPIUM STERINEBS,1 ML AND 2 ML SINGLE-USE VIALS,,0115643001,N,21-AUG-2026
PROD_43182,43182,02216345,SALAGEN,,,0107358009,N,22-MAR-2025
PROD_43205,43205,02217082,"ALLERGENIC EXTRACT, STANDARDARDIZED MITE, D. FARINAE",,,0123338001,N,27-JUN-2025
PROD_43207,43207,02217104,"ALLERGENIC EXTRACT, STANDARDIZED MITE, D.PTERONYSSINUS",,,0123337002,N,27-JUN-2025
PROD_43212,43212,02217422,MEPRON,,,0124073001,N,26-JUN-2026
PROD_43218,43218,02217457,STANDARDIZED CAT HAIR AP,,,0126959001,N,11-JUL-2025
PROD_43233,43233,02218313,APO-ZOPICLONE,,,0122562001,N,19-MAY-2026
PROD_43270,43270,02220075,HYMENOPTERA VENOM PRODUCT - HONEY BEE VENOM (550 MCG),,,0114085001,N,11-JUN-2026
PROD_43271,43271,02220083,HYMENOPTERA VENOM PRODUCTS-YELLOW HORNET VENOM PROTEIN (550 MCG),,,0114081001,N,11-JUL-2025
PROD_43272,43272,02220091,HYMENOPTERA VENOM PRODUCT-WASP VENOM PROTEIN (550 MCG),,,0114083003,N,11-JUL-2025
PROD_43274,43274,02220113,HYMENOPTERA VENOM PRODUCT - YELLOW JACKET VENOM PROTEIN (550 MCG),,,0114082003,N,11-JUN-2026
PROD_43279,43279,02220172,LOVASTATIN,,,0120669002,N,15-AUG-2025
PROD_43280,43280,02220180,LOVASTATIN,,,0120669001,N,15-AUG-2025
PROD_43292,43292,02220644,PRO-CYCLOBENZAPRINE,,,0112363001,N,19-AUG-2026
PROD_43299,43299,02221284,TEVA-MEDROXYPROGESTERONE,,,0106339004,N,19-MAY-2026
PROD_43300,43300,02221292,TEVA-MEDROXYPROGESTERONE,,,0106339005,N,19-MAY-2026
PROD_43301,43301,02221306,TEVA-MEDROXYPROGESTERONE,,,0106339006,N,19-MAY-2026
PROD_43302,43302,02221314,HYMENOPTERA VENOM PRODUCT-MIXED VESPID VENOM PROTEIN (1650 MCG),,,0315776001,N,11-JUL-2025
PROD_43306,43306,02221802,LOPROX,,,0115999001,N,23-DEC-2025
PROD_43307,43307,02221810,LOPROX,,,0115999001,N,23-DEC-2025
PROD_43308,43308,02221829,ALTACE,,,0122858001,N,22-MAR-2025
PROD_43309,43309,02221837,ALTACE,,,0122858004,N,22-MAR-2025
PROD_43310,43310,02221845,ALTACE,,,0122858003,N,22-MAR-2025
PROD_43311,43311,02221853,ALTACE,,,0122858002,N,22-MAR-2025
PROD_43314,43314,02221896,TOPICORT,,,0112434001,N,23-DEC-2025
PROD_43315,43315,02221918,TOPICORT,,,0112434002,N,23-DEC-2025
PROD_43316,43316,02221926,TOPICORT,,,0112434002,N,23-DEC-2025
PROD_43317,43317,02221934,TOPICORT,,,0112434001,N,23-DEC-2025
PROD_43349,43349,02223163,PRO-BUSPIRONE,,,0116263001,N,22-MAR-2025
PROD_43358,43358,02223376,PMS-OXYBUTYNIN,,,0114692002,N,22-MAR-2025
PROD_43369,43369,02223546,REACTINE,,,0122686002,N,17-MAR-2026
PROD_43370,43370,02223554,REACTINE,,,0122686001,N,17-MAR-2026
PROD_43381,43381,02223678,APO-INDAPAMIDE 2.5MG TABLETS,,,0115402001,N,22-MAR-2025
PROD_43384,43384,02223694,"ALBUMIN (HUMAN) 5% SOLUTION, USP",,,0131452001,N,22-MAR-2025
PROD_43385,43385,02223708,ALBUMIN (HUMAN) 25% SOLUTION USP,,,0131452002,N,29-JUN-2026
PROD_43395,43395,02224135,ARIMIDEX,,,0128681001,N,29-JUN-2026
PROD_43417,43417,02225166,SUPREFACT,,,0117891001,N,27-JUL-2026
PROD_43419,43419,02225182,LOPERAMIDE-2,,,0111332001,N,23-JUN-2026
PROD_43428,43428,02225271,BENZAMYCIN,,,0217449001,N,22-MAR-2025
PROD_43431,43431,02225883,PROPRANOLOL HYDROCHLORIDE INJECTION USP,,,0101831007,N,09-JUN-2026
PROD_43433,43433,02225905,ZOLADEX LA,,,0128706002,N,22-MAR-2025
PROD_43443,43443,02225689,ACTIVASE RT-PA,KIT (PWS & LIQ),,0224091001,N,12-JUN-2026
PROD_43455,43455,02227428,SUPRANE,,,0128744001,N,22-MAR-2025
PROD_43486,43486,02228351,PMS-LOPERAMIDE - CAPLET 2MG,,,0111332001,N,22-MAR-2025
PROD_43498,43498,02228947,MIGRANAL NASAL SPRAY 4MG/ML,,,0108813003,N,16-JUN-2026
PROD_43504,43504,02229013,ISOVUE 200 INJECTION,,,0116899004,N,22-MAR-2025
PROD_43505,43505,02229021,ISOVUE 300 INJECTION,,,0116899003,N,25-JUN-2026
PROD_43506,43506,02229048,ISOVUE 370 INJECTION,,,0116899001,N,25-JUN-2026
PROD_43507,43507,02229056,PROHANCE,,,0124199001,N,23-DEC-2025
PROD_43510,43510,02229080,APO-KETOROLAC,,,0121995001,N,22-MAR-2025
PROD_43511,43511,02229099,PULMICORT NEBUAMP 0.125 MG/ML,,,0116807005,N,22-MAR-2025
PROD_43513,43513,02229110,FAMVIR,,,0127885003,N,22-MAR-2025
PROD_43514,43514,02229129,FAMVIR,,,0127885001,N,22-MAR-2025
PROD_43530,43530,02229250,ZYPREXA,,,0128783001,N,15-JUL-2026
PROD_43531,43531,02229269,ZYPREXA,,,0128783003,N,15-JUL-2026
PROD_43532,43532,02229277,ZYPREXA,,,0128783004,N,15-JUL-2026
PROD_43533,43533,02229285,ZYPREXA,,,0128783002,N,15-JUL-2026
PROD_43534,43534,02229293,ENTOCORT,,,0116807006,N,15-JUL-2025
PROD_43536,43536,02229315,PDP-DESONIDE,,,0106367001,N,23-JUN-2026
PROD_43537,43537,02229323,PDP-DESONIDE,,,0106367001,N,23-JUN-2026
PROD_43682,43682,02068036,SABRIL,,,0125421003,N,25-JUN-2026
PROD_43838,43838,02125390,HYDROMORPH CONTIN-CONTROLLED RELEASE CAP - 30MG,,,0108698013,N,05-AUG-2026
PROD_43840,43840,02126613,CISPLATIN INJECTION BP,SINGLE-USE,,0113245002,N,10-AUG-2026
PROD_43843,43843,02126656,CYTARABINE INJECTION,SINGLE-USE VIAL,,0108854005,N,13-AUG-2026
PROD_43846,43846,02126680,CARBOPLATIN INJECTION BP,SINGLE-USE VIAL,,0117892002,N,07-AUG-2026
PROD_43892,43892,02131692,BLEOMYCIN FOR INJECTION USP,,,0133328001,N,22-MAR-2025
PROD_43933,43933,02139243,"VANCOMYCIN HYDROCHLORIDE FOR INJECTION, USP",100 ML SINGLE-USE VIAL (BULK PACKAGE),,0131315005,N,29-JUL-2026
PROD_43947,43947,02141450,20% PROSOL,,,1727121002,N,24-JUN-2026
PROD_44016,44016,02150883,CANESTEN 1 DAY INTERNAL CREAM,,,0110231006,N,22-MAR-2025
PROD_44019,44019,01959042,IMOVAX POLIO,,,0365241002,N,22-MAR-2025
PROD_44029,44029,02153386,NAPROXEN-NA DF,,,0113934002,N,12-DEC-2025
PROD_44090,44090,02162644,TORADOL IM,,,0121995001,N,24-JUL-2025
PROD_44146,44146,02170493,LEDERLE LEUCOVORIN,,,0108436001,N,16-JUN-2026
PROD_44161,44161,02170698,PMS-METHOTREXATE,,,0107545001,N,22-MAR-2025
PROD_44185,44185,02172739,OMNIPAQUE 240,,,0116846003,N,22-MAR-2025
PROD_44186,44186,02172747,OMNIPAQUE 300,,,0116846004,N,22-MAR-2025
PROD_44187,44187,02172755,OMNIPAQUE 350,,,0116846006,N,22-MAR-2025
PROD_44188,44188,02172771,OMNISCAN,,,0126095001,N,26-JUN-2026
PROD_44210,44210,02175983,PROGRAF,,,0127857001,N,25-JUN-2026
PROD_44211,44211,02175991,PROGRAF,,,0127857002,N,25-JUN-2026
PROD_44212,44212,02176009,PROGRAF,,,0127857001,N,25-JUN-2026
PROD_44252,44252,02181479,INHIBACE PLUS,,,0227949001,N,27-JUL-2026
PROD_44255,44255,02182882,COZAAR,,,0127971002,N,22-JUL-2025
PROD_44257,44257,02182904,PREGNYL,,,0106481003,N,20-JAN-2026
PROD_44259,44259,02182920,NIZORAL,,,0116793002,N,22-MAR-2025
PROD_44261,44261,02182947,METHOTREXATE INJECTION USP,"PRESERVATIVE-FREE, SINGLE USE VIALS",,0107545004,N,17-AUG-2026
PROD_44262,44262,02182955,METHOTREXATE INJECTION USP,"PRESERVATIVE-FREE, SINGLE USE VIALS",,0107545002,N,17-AUG-2026
PROD_44263,44263,02182963,APO-METHOTREXATE,,,0107545001,N,10-OCT-2025
PROD_44264,44264,02182971,METHOTREXATE INJECTION USP,"PRESERVATIVE-FREE, PHARMACY BULK VIAL",,0107545002,N,20-AUG-2026
PROD_44265,44265,02182998,LEUCOVORIN CALCIUM INJECTION USP,500 MG/50 ML SINGLE-USE VIAL,,0108436002,N,06-AUG-2026
PROD_44266,44266,02183005,LEUCOVORIN CALCIUM INJECTION USP,50 MG/5 ML SINGLE-USE VIAL,,0108436002,N,06-AUG-2026
PROD_44267,44267,02183013,VINCRISTINE SULFATE INJECTION USP,,,0107646001,N,22-MAR-2025
PROD_44270,44270,02183056,VINBLASTINE SULFATE INJECTION,SINGLE-USE,,0103625001,N,04-AUG-2026
PROD_44273,44273,02183080,PENTAMIDINE ISETIONATE FOR INJECTION BP,SINGLE-USE,,0152223001,N,10-AUG-2026
PROD_44552,44552,00815527,ALMAGEL PLUS SUS,,,0301453001,N,22-MAR-2025
PROD_45324,45324,00886432,PROCHLORAZINE,,,0106181001,N,11-JUN-2026
PROD_45325,45325,00886440,PROCHLORAZINE,,,0106181002,N,11-JUN-2026
PROD_46020,46020,01901532,STUD 100,,,0103565005,N,29-JUN-2026
PROD_46353,46353,01906801,HELIUM-OXYGEN MIX GAS,23.1% TO 50% O2 BALANCED WITH HE,,0215574003,N,17-AUG-2026
PROD_46718,46718,00884359,ZOCOR,,,0122415002,N,22-MAR-2025
PROD_46803,46803,01900978,REACTINE 20 MG TABLET,,,0122686003,N,22-APR-2026
PROD_46832,46832,01908286,IMOVAX RABIES,,,0166023001,N,22-MAR-2025
PROD_47168,47168,02229378,CLOTRIMAZOLE VAGINAL 6,,,0110231001,N,06-JAN-2026
PROD_47180,47180,02229379,CLOTRIMAZOLE VAGINAL 3,,,0110231003,N,06-JAN-2026
PROD_47181,47181,02229380,CLOTRIMAZOLE TOPICAL,,,0110231001,N,22-MAR-2025
PROD_47216,47216,02229411,NAROPIN,,,0133273001,N,21-OCT-2025
PROD_47220,47220,02229415,NAROPIN,,,0133273003,N,21-OCT-2025
PROD_47225,47225,02229418,NAROPIN,,,0133273005,N,21-OCT-2025
PROD_47338,47338,02229452,MEFENAMIC,,,0102336001,N,22-MAR-2025
PROD_47339,47339,02229453,PANTOLOC,,,0133229001,N,17-JUN-2026
PROD_47391,47391,02229492,ALLERGY FORMULA,,,0102639002,N,22-MAR-2025
PROD_47420,47420,02229515,INNOHEP,MULTIDOSE VIAL,,0124929003,N,30-JUL-2026
PROD_47429,47429,02229524,NORFLOXACIN,,,0116961001,N,12-JUN-2025
PROD_47431,47431,02229526,APO-DILTIAZ CD,,,0115863008,N,01-APR-2026
PROD_47448,47448,02229538,CHILDREN'S TYLENOL COLD & STUFFY NOSE,,LS - COUGH AND COLD,0216113008,N,03-JUL-2026
PROD_47482,47482,02229566,TOMUDEX,SINGLE-USE VIAL,,0133233001,N,12-AUG-2026
PROD_47656,47656,02229668,PEPTO-BISMOL EXTRA,,,0111864004,N,23-JUN-2026
PROD_47865,47865,02229702,VAQTA,,,0126318003,N,19-JUN-2026
PROD_47871,47871,02229704,HUMALOG,,,0131614001,N,26-JUN-2026
PROD_47872,47872,02229705,HUMALOG (CARTRIDGE),,,0131614001,N,19-JUN-2026
PROD_47983,47983,02229755,INNOHEP,"0.25 ML UNIT DOSE. 10 000 ANTI-XA IU/ML PRESERVATIVE-FREE, PREFILLED SYRINGES",,0124929001,N,25-AUG-2026
PROD_48059,48059,02229777,PHARIXIA,,,0113801001,N,23-JUN-2026
PROD_48191,48191,02229837,ARTHROTEC 75,,,0222885002,N,26-JUN-2026
PROD_48226,48226,02229868,HYOSCINE BUTYLBROMIDE INJECTION,,,0104703002,N,22-MAR-2025
PROD_48231,48231,02229873,APO-ACETAMINOPHEN CAPLETS,,"LS - ANALG. (ACETAMINOPHEN, SALICYLATES, CODEINE)",0102009001,N,24-JUN-2026
PROD_48413,48413,02229959,SLEEP-EZE EXTRA STRENGTH CAPLETS,,,0102639001,N,12-AUG-2026
PROD_48414,48414,02229960,SLEEP-EZE REGULAR STRENGTH CAPLETS,,,0102639002,N,12-AUG-2026
PROD_48431,48431,02229977,APO-ACETAMINOPHEN CAPLETS EXTRA STRENGTH,,LS - ANALG (ACETAMINOPHEN LABELLING STANDARD),0102009002,N,22-MAR-2025
PROD_48551,48551,02230019,VIOKACE,,,0302964042,N,24-JUN-2026
PROD_48580,48580,02230047,HYZAAR,,,0233168001,N,22-JUL-2025
PROD_48622,48622,02230090,APO-PENTOXIFYLLINE SR,,,0115837001,N,27-JUN-2025
PROD_48922,48922,02230248,LUPRON DEPOT,PREFILLED SYRINGE,,0116959005,N,31-JUL-2026
PROD_48982,48982,02230251,ANTIBIOTIC OINTMENT USP,,,0231324001,N,26-JUN-2026
PROD_49057,49057,02230302,CODEINE CONTIN 50MG CONTROLLED RELEASE TAB,,,0153086003,N,26-JUN-2026
PROD_49064,49064,02230304,MICATIN POWDER SPRAY   - UNSCENTED 2%,,,0110272001,N,17-JUN-2026
PROD_49155,49155,02230359,TEVA-MEXILETINE,,,0116151001,N,22-MAR-2025
PROD_49157,49157,02230360,TEVA-MEXILETINE,,,0116151002,N,22-MAR-2025
PROD_49219,49219,02230394,TEVA-OXYBUTYNIN,,,0114692001,N,24-JUN-2026
PROD_49241,49241,02230402,CLOPIXOL,,,0127600001,N,29-JUL-2026
PROD_49242,49242,02230403,CLOPIXOL,,,0127600003,N,29-JUL-2026
PROD_49244,49244,02230405,CLOPIXOL ACUPHASE ,,,0127601001,N,29-JUL-2026
PROD_49245,49245,02230406,CLOPIXOL DEPOT,,,0127602001,N,29-JUL-2026
PROD_49287,49287,02230417,HEMABATE,,,0133100001,N,22-MAR-2025
PROD_49288,49288,02230418,IMITREX,,,0123238003,N,12-JUN-2026
PROD_49290,49290,02230420,IMITREX,,,0123238005,N,12-JUN-2026
PROD_49332,49332,02230431,PMS-METOCLOPRAMIDE TABLETS,,,0109394003,N,22-MAR-2025
PROD_49340,49340,02230433,PMS-METOCLOPRAMIDE ORAL SOLUTION,,,0109394002,N,22-MAR-2025
PROD_49357,49357,02230434,ACET 120,,,0102009007,N,18-JUN-2026
PROD_49359,49359,02230435,ACET 160,,,0102009006,N,18-JUN-2026
PROD_49360,49360,02230436,ACET 325,,,0102009001,N,18-JUN-2026
PROD_49361,49361,02230437,ACET 650,,,0102009008,N,18-JUN-2026
PROD_49400,49400,02230451,MITOMYCIN FOR INJECTION,SINGLE-DOSE VIAL,,0111533002,N,07-AUG-2026
PROD_49403,49403,02230454,BROMOCRIPTINE,,,0111278002,N,18-JUN-2026
PROD_49476,49476,02230485,SLEEP AID,,LS - SLEEP AIDS,0102639001,N,29-JUN-2026
PROD_49563,49563,02230509,CANESTEN COMBI 1 DAY INTERNAL + EXTERNAL CREAMS,,,0219813004,N,22-MAR-2025
PROD_49605,49605,02230535,CLINDAMYCIN INJECTION USP,PHARMACY BULK VIALS,,0105830002,N,31-AUG-2026
PROD_49612,49612,02230540,CLINDAMYCIN INJECTION USP,,,0105830002,N,31-AUG-2026
PROD_49614,49614,02230542,IMODIUM QUICK DISSOLVE,,,0111332001,N,17-MAR-2026
PROD_49664,49664,02230575,AMETOP GEL 4%,,,0108851002,N,22-MAR-2025
PROD_49687,49687,02230578,TWINRIX,,,0265323001,N,30-JUL-2025
PROD_49693,49693,02230584,TEVA-BROMAZEPAM,,,0114488003,N,24-JUN-2026
PROD_49694,49694,02230585,TEVA-BROMAZEPAM,,,0114488001,N,24-JUN-2026
PROD_49701,49701,02230592,NEOSTIGMINE OMEGA,,,0102263003,N,22-MAR-2025
PROD_49702,49702,02230593,NEOSTIGMINE OMEGA,,,0102263002,N,22-MAR-2025
PROD_49813,49813,02230641,SELEGILINE,,,0131374001,N,22-MAR-2025
PROD_49817,49817,02230640,"TOBRAMYCIN INJECTION, USP",,,0110230001,N,26-AUG-2026
PROD_49818,49818,02230642,DERMATOP EMOLLIENT CREAM,,,0120996001,N,25-SEP-2025
PROD_49895,49895,02230648,MYLAN-BUDESONIDE AQ,,,0116807002,N,17-JUN-2026
PROD_49943,49943,02230684,DICETEL,FILM-COATED TABLET,,0113429002,N,06-AUG-2026
PROD_49973,49973,02230711,LIPITOR,,,0133055001,N,21-AUG-2025
PROD_49974,49974,02230713,LIPITOR,,,0133055002,N,21-AUG-2025
PROD_49975,49975,02230714,LIPITOR,,,0133055003,N,21-AUG-2025
PROD_49993,49993,02230732,TRINIPATCH 0.2,,,0103615026,N,04-FEB-2026
PROD_49995,49995,02230733,TRINIPATCH 0.4,,,0103615009,N,04-FEB-2026
PROD_49996,49996,02230734,TRINIPATCH 0.6,,,0103615022,N,04-FEB-2026
PROD_50031,50031,02230768,PMS-VALPROIC ACID,,,0112996001,N,29-JUN-2026
PROD_50032,50032,02230770,METHYLENE BLUE INJECTION USP,,,0106816001,N,22-MAR-2025
PROD_50062,50062,02230790,MUSCLE & BACK PAIN RELIEF CAPLETS,,,0212017001,N,22-MAR-2025
PROD_50067,50067,02230803,PMS-METOPROLOL-L,,,0111923002,N,22-MAR-2025
PROD_50068,50068,02230804,PMS-METOPROLOL-L,,,0111923003,N,22-MAR-2025
PROD_50105,50105,02230844,POLYSPORIN ANTIBIOTIC CREAM,,,0205849002,N,26-AUG-2025
PROD_50116,50116,02230838,XYLAC,,,0111557004,N,18-JUN-2026
PROD_50117,50117,02230839,XYLAC,,,0111557001,N,18-JUN-2026
PROD_50121,50121,02230845,FLOLAN,,,0133040001,N,24-JUN-2026
PROD_50122,50122,02230848,FLOLAN,,,0133040002,N,24-JUN-2026
PROD_50217,50217,02230939,BUCKLEY'S NIGHTTIME COUGH & CONGESTION,,,0222484002,N,22-MAR-2025
PROD_50220,50220,02230942,PMS-BUSPIRONE,,,0116263001,N,12-JUN-2026
PROD_50227,50227,02230949,ROBAXISAL EXTRA STRENGTH,CAPLET,,0201273002,N,24-JUN-2026
PROD_50235,50235,02230956,OXYGEN U.S.P.,,,0110469001,N,22-MAR-2025
PROD_50238,50238,02230958,ONE TOUCH TOPICAL ANESTHETIC GEL,,,0204973001,N,22-MAR-2025
PROD_50269,50269,02230988,CEREBYX,,,0133016001,N,22-MAR-2025
PROD_50278,50278,02230997,APO-DILTIAZ CD,,,0115863004,N,15-JUN-2026
PROD_50279,50279,02230998,APO-DILTIAZ CD,,,0115863007,N,15-JUN-2026
PROD_50280,50280,02230999,APO-DILTIAZ CD,,,0115863006,N,15-JUN-2026
PROD_50289,50289,02231008,REFRESH TEARS,,,0107332003,N,22-MAR-2025
PROD_50295,50295,02231015,TEVA-NITROFURANTOIN,,,0101480002,N,16-JUN-2026
PROD_50297,50297,02231016,TEVA-NITROFURANTOIN,,,0101480001,N,16-JUN-2026
PROD_50327,50327,02231047,CERVIDIL,,,0111999003,N,12-JUN-2026
PROD_50339,50339,02231056,HAVRIX 720 JUNIOR,SINGLE-DOSE PREFILLED SYRINGE,,0165325001,N,06-AUG-2026
PROD_50343,50343,02231061,TEVA-KETOCONAZOLE,,,0116793001,N,23-JUN-2026
PROD_50436,50436,02231129,SEREVENT DISKUS (50MCG/DOSE),,,0126960002,N,22-MAR-2025
PROD_50442,50442,02231135,PMS-IPRATROPIUM,,,0115643003,N,22-MAR-2025
PROD_50454,50454,02231147,LIDODAN ENDOTRACHEAL NON-AEROSOL SPRAY,,,0103565007,N,22-MAR-2025
PROD_50458,50458,02231150,TIAZAC,,,0115863004,N,18-SEP-2025
PROD_50459,50459,02231151,TIAZAC,,,0115863007,N,18-SEP-2025
PROD_50460,50460,02231152,TIAZAC,,,0115863006,N,18-SEP-2025
PROD_50461,50461,02231154,TIAZAC,,,0115863008,N,18-SEP-2025
PROD_50462,50462,02231155,TIAZAC,,,0115863009,N,18-SEP-2025
PROD_50478,50478,02231171,FRAGMIN,MULTIDOSE VIAL,,0126861002,N,30-JUL-2026
PROD_50484,50484,02231176,ROBAXACET EXTRA STRENGTH,,,0212017002,N,22-MAR-2025
PROD_50551,50551,02231244,PMS-IPRATROPIUM,1 ML UNIT DOSE,,0115643001,N,30-JUL-2026
PROD_50552,50552,02231245,PMS-IPRATROPIUM,2 ML UNIT DOSE,,0115643001,N,06-AUG-2026
PROD_50628,50628,02231321,ALLERGENIC EXTRACT - STANDARDIZED MITE DERMATOPHAGOIDES FARINAE,,,0123338001,N,25-JUL-2025
PROD_50631,50631,02231324,ALLERGENIC EXTRACT - STANDARDIZED MITE DERMATOPHAGOIDES PTERONYSSINUS,,,0123337002,N,25-JUL-2025
PROD_50632,50632,02231325,ALLERGENIC EXTRACT - STANDARDIZED MITE MIX,,,0223339002,N,25-JUL-2025
PROD_50635,50635,02231328,APO-FLUOXETINE,,,0116847002,N,22-MAR-2025
PROD_50637,50637,02231329,APO-FLUVOXAMINE,,,0122450002,N,07-JAN-2026
PROD_50638,50638,02231330,APO-FLUVOXAMINE,,,0122450001,N,07-JAN-2026
PROD_50657,50657,02231348,KWELLADA-P LOTION,,,0120085002,N,12-AUG-2026
PROD_50695,50695,02231384,FEMARA,,,0132937001,N,26-JUN-2026
PROD_50758,50758,02231441,NITROLINGUAL PUMPSPRAY,,,0103615009,N,27-JUL-2026
PROD_50773,50773,02231457,MAVIK,0.5 MG,,0131524001,N,06-AUG-2026
PROD_50775,50775,02231459,MAVIK,1 MG,,0131524002,N,06-AUG-2026
PROD_50776,50776,02231460,MAVIK,2 MG,,0131524003,N,25-AUG-2026
PROD_50779,50779,02231462,ALLEGRA 12 HOUR,,,0131730001,N,03-JUL-2025
PROD_50794,50794,02231470,GAMMAGARD S/D,MEDICINAL INGREDIENT ALSO KNOW AS IMMUNE GLOBULIN (HUMAN),,0106267013,N,22-MAR-2025
PROD_50802,50802,02231478,INNOHEP,"0.5 ML UNIT DOSE. 20 000 ANTI-XA IU/ML PRESERVATIVE-FREE, PREFILLED GRADUATED SYRINGES",,0124929003,N,25-AUG-2026
PROD_50804,50804,02231480,KWELLADA-P CRÈME RINSE,,,0120085001,N,12-AUG-2026
PROD_50822,50822,02231492,TEVA-BUSPIRONE,,,0116263001,N,24-JUN-2026
PROD_50823,50823,02231493,XALATAN,,,0132916001,N,22-MAR-2025
PROD_50849,50849,02231509,CLIMARA 50,,,0106457035,N,12-JUN-2026
PROD_50876,50876,02231533,"MICONAZOLE NITRATE VAGINAL CREAM USP, 2%",,,0110272001,N,22-MAR-2025
PROD_50949,50949,02231583,EPREX STERILE SOLUTION 1000IU/0.5ML,,,0126696004,N,19-JUN-2026
PROD_50950,50950,02231584,EPREX STERILE SOLUTION 2000IU/0.5ML,,,0126696005,N,19-JUN-2026
PROD_50951,50951,02231585,EPREX STERILE SOLUTION 3000IU/0.3ML,,,0126696001,N,19-JUN-2026
PROD_50952,50952,02231586,EPREX STERILE SOLUTION 4000IU/0.4ML,,,0126696001,N,19-JUN-2026
PROD_50953,50953,02231587,EPREX STERILE SOLUTION 10000IU/1.0ML,,,0126696001,N,19-JUN-2026
PROD_50959,50959,02231592,DIFFERIN,,,0127242001,N,22-MAR-2025
PROD_50975,50975,02231603,APO-CETIRIZINE,,,0122686001,N,26-JUN-2026
PROD_51049,51049,02231674,PROTAMINE SULFATE INJECTION USP,,,0107652001,N,12-MAR-2026
PROD_51066,51066,02231689,LABETALOL HYDROCHLORIDE INJECTION USP,,,0116170002,N,22-MAR-2025
PROD_51232,51232,02231799,ODAN-INDOMETHACIN,,,0101832002,N,19-JUN-2026
PROD_51233,51233,02231800,ODAN-INDOMETHACIN,,,0101832003,N,07-MAY-2025
PROD_51375,51375,02231923,RHINOCORT AQUA,,,0116807010,N,11-MAR-2026
PROD_51381,51381,02231929,ISOFLURANE USP,,,0114368001,N,24-JUN-2026
PROD_51386,51386,02231934,OXY.IR,,,0107552003,N,26-JUN-2026
PROD_51418,51418,02231962,CYTOGAM,ALSO KNOWN AS CYTOMEGALOVIRUS IMMUNE GLOBULIN (HUMAN),,0132826001,N,07-JUL-2026
PROD_51491,51491,02232043,ARICEPT,,,0131548001,N,25-JUN-2026
PROD_51492,51492,02232044,ARICEPT,,,0131548002,N,25-JUN-2026
PROD_51594,51594,02232148,MOCLOBEMIDE,,,0122658001,N,22-MAR-2025
PROD_51595,51595,02232150,MOCLOBEMIDE,,,0122658002,N,22-MAR-2025
PROD_51742,51742,02232297,CHILDREN'S ADVIL,,,0108883005,N,05-SEP-2025
PROD_52463,52463,02232969,STOOL SOFTENER,,,0104351002,N,26-JUN-2026
PROD_53275,53275,02233143,PATANOL,,,0132394001,N,22-MAR-2025
PROD_53444,53444,02233542,DIANE-35,,,0232337001,N,26-JUN-2026
PROD_53868,53868,02233852,SYNTHROID,TAB 137MCG,,0107794013,N,22-MAR-2025
PROD_55837,55837,02234466,PROCTODAN-HC OINTMENT,,,0314223001,N,22-MAR-2025
PROD_55838,55838,02234470,ATGAM,ALSO KNOWN AS LYMPHOCYTE IMMUNE GLOBULIN ANTI-THYMOCYTE GLOBULIN (EQUINE),,0124242001,N,01-APR-2025
PROD_55839,55839,02234502,APO-TERAZOSIN,,,0136978001,N,22-MAR-2025
PROD_55840,55840,02234503,APO-TERAZOSIN,,,0136978002,N,22-MAR-2025
PROD_55841,55841,02234504,APO-TERAZOSIN,,,0136978003,N,22-MAR-2025
PROD_55842,55842,02234505,APO-TERAZOSIN,,,0136978004,N,22-MAR-2025
PROD_55866,55866,02234749,PMS-METHYLPHENIDATE,,,0107548003,N,29-JUN-2026
PROD_56852,56852,02235134,TEVA-CEFADROXIL,,,0115958005,N,26-JUN-2026
PROD_59870,59870,02236396,CLEAN & CLEAR PERSA-GEL 5,,CAT IV - ACNE THERAPY,0107205001,N,11-MAR-2026
PROD_59873,59873,02236399,ANODAN-HC 10MG SUPPOSITORIES,,,0214222002,N,22-MAR-2025
PROD_59931,59931,02236563,ACTIVATED CHARCOAL,,LS - ANTIFLATULENTS,0106680029,N,26-JUN-2026
PROD_59932,59932,02236564,LOVENOX WITH PRESERVATIVE 300MG/3ML,MULTIDOSE VIALS,,0131860001,N,13-AUG-2026
PROD_59976,59976,00060364,"10% DEXTROSE INJECTION, USP",,,0102181002,N,22-MAR-2025
PROD_60085,60085,02236796,DEEP PORE ACNE VANISHING TREATMENT,,CAT IV - ACNE THERAPY,0107205001,N,22-MAR-2025
PROD_60096,60096,02236807,PMS-VALPROIC ACID,,,0112996002,N,29-JUN-2026
PROD_60109,60109,02236819,TEVA-AZATHIOPRINE,,,0101830001,N,22-MAR-2025
PROD_60147,60147,02236857,PRO-DOMPERIDONE,,,0116957001,N,24-SEP-2025
PROD_60165,60165,02236875,PRIMENE 10%,AMINO ACID INJECTION,,2050895002,N,23-JUN-2026
PROD_60166,60166,02236876,ALPHAGAN,,,0131859001,N,22-MAR-2025
PROD_60174,60174,02236883,LOVENOX,40 MG/0.4 ML SINGLE-DOSE PREFILLED SYRINGE,,0131860001,N,07-AUG-2026
PROD_60209,60209,02236917,OZONOL ANTIBIOTICS PLUS,,,0331316001,N,22-MAR-2025
PROD_60218,60218,02236926,ACYCLOVIR SODIUM INJECTION,,,0115506007,N,24-JUN-2026
PROD_60245,60245,02236951,SEROQUEL,,,0131858001,N,27-JUL-2026
PROD_60246,60246,02236952,SEROQUEL,,,0131858002,N,27-JUL-2026
PROD_60247,60247,02236953,SEROQUEL,,,0131858003,N,27-JUL-2026
PROD_60248,60248,02236954,BAND-AID BRAND ADHESIVE BANDAGES PLUS ANTIBIOTIC,,,0231324001,N,25-MAR-2026
PROD_60269,60269,02236974,ALESSE 21,,,0220415002,N,16-JUN-2026
PROD_60270,60270,02236975,ALESSE 28,,,0220415002,N,16-JUN-2026
PROD_60289,60289,02236991,GOLD BOND MEDICATED ANTI-ITCH CREAM,,,0219439002,N,26-JUN-2026
PROD_60294,60294,02236996,LYDERM,,,0106313001,N,22-MAR-2025
PROD_60295,60295,02236997,LYDERM,,,0106313001,N,22-MAR-2025
PROD_60453,60453,02237138,"CEFAZOLIN FOR INJECTION, USP","CÉFAZOLINE FOR INJECTION, USP",,0109442001,N,17-AUG-2026
PROD_60455,60455,02237140,"CEFAZOLIN FOR INJECTION, USP",,,0109442003,N,24-JUN-2026
PROD_60463,60463,02237145,MIRAPEX,,,0152169001,N,26-JUN-2026
PROD_60487,60487,02237169,EXTRA STRENGTH NYTOL QUICKGELS,,LS - SLEEP AIDS,0102639001,N,12-AUG-2026
PROD_60542,60542,02237224,OXEZE TURBUHALER,POWDER FOR INHALATION,,0152345003,N,22-MAR-2025
PROD_60543,60543,02237225,OXEZE TURBUHALER,POWDER FOR INHALATION,,0152345004,N,22-MAR-2025
PROD_60545,60545,02237226,POLYSPORIN TRIPLE ANTIBIOTIC OINTMENT,,,0331818001,N,09-JUL-2026
PROD_60546,60546,02237227,POLYSPORIN ANTIBIOTIC OINTMENT,,,0231305001,N,18-JUN-2026
PROD_60554,60554,02237235,APO-KETOCONAZOLE,,,0116793001,N,22-MAR-2025
PROD_60565,60565,02237245,FLOVENT DISKUS,,,0124685007,N,26-JUN-2026
PROD_60566,60566,02237246,FLOVENT DISKUS,,,0124685003,N,26-JUN-2026
PROD_60567,60567,02237247,FLOVENT DISKUS,,,0124685005,N,26-JUN-2026
PROD_60600,60600,02237279,EFFEXOR XR,,,0131294002,N,22-MAR-2025
PROD_60601,60601,02237280,EFFEXOR XR,,,0131294001,N,22-MAR-2025
PROD_60603,60603,02237282,EFFEXOR XR,,,0131294005,N,22-MAR-2025
PROD_60637,60637,02237315,PEPTO-BISMOL CHEWABLES,,,0211863002,N,26-JUN-2026
PROD_60641,60641,02237319,REBIF,PREFILLED SYRINGE,,0131806001,N,31-JUL-2026
PROD_60642,60642,02237320,REBIF,PREFILLED SYRINGE,,0131806002,N,31-JUL-2026
PROD_60663,60663,02237339,PMS-TRAZODONE,,,0115713008,N,25-JUN-2026
PROD_60693,60693,02237370,APO-FLUCONAZOLE,,,0122529001,N,22-MAR-2025
PROD_60694,60694,02237371,APO-FLUCONAZOLE,,,0122529002,N,22-MAR-2025
PROD_60786,60786,02237452,PERIDEX ORAL RINSE,,,0107629007,N,22-MAR-2025
PROD_60818,60818,02237484,CELLCEPT,,,0128158002,N,25-JUN-2026
PROD_60849,60849,02237514,CIPRO ORAL SUSPENSION,,,0123207005,N,17-NOV-2025
PROD_60885,60885,02237548,TWINRIX JUNIOR,,,0265323001,N,30-JUL-2025
PROD_60900,60900,02237562,ACETAMINOPHEN 160 MG CHEWABLE TABLETS,,LS - ANALG (ACETAMINOPHEN LABELLING STANDARD),0102009006,N,22-MAR-2025
PROD_60939,60939,02237600,PMS-ATENOLOL,,,0113847002,N,22-MAR-2025
PROD_60940,60940,02237601,PMS-ATENOLOL,,,0113847001,N,22-MAR-2025
PROD_61016,61016,02237671,NEORAL,,,0115996005,N,27-AUG-2026
PROD_61044,61044,02237698,ULTRA STRENGTH PHAZYME 180MG SOFTGELS,,LS - ANTIFLATULENTS,0131347005,N,12-JUN-2026
PROD_61080,61080,02237726,ASPIRIN 81MG,,,0101169013,N,29-JUN-2026
PROD_61088,61088,02237734,CLARITIN RAPID DISSOLVE,,,0120416001,N,23-JUN-2026
PROD_61146,61146,02237789,DORMIPHEN EXTRA-FORT COMPRIME,,"LS - ANALG. (ACETAMINOPHEN, SALICYLATES, CODEINE)",0102639001,N,22-MAR-2025
PROD_61149,61149,02237792,AVAXIM,,,0165325002,N,27-MAY-2026
PROD_61169,61169,02237810,ANTITHROMBIN III NF,KIT INCLUDES 1 VIAL OF POWDER AND 1 VIAL OF DILUENT,,0124256002,N,22-MAR-2025
PROD_61170,61170,02237811,ANTITHROMBIN III NF,KIT INCLUDES 1 VIAL OF POWDER AND 1 VIAL OF DILUENT,,0124256001,N,22-MAR-2025
PROD_61289,61289,02237924,AVAPRO,,,0131700002,N,15-JUN-2026
PROD_61290,61290,02237925,AVAPRO,,,0131700003,N,15-JUN-2026
PROD_61332,61332,02237971,SAIZEN,,,0131827001,N,31-AUG-2026
PROD_61432,61432,02238048,APO-VALPROIC ACID,,,0112996001,N,12-AUG-2025
PROD_61497,61497,02238103,TEVA-GLICLAZIDE,,,0119934001,N,23-JUN-2026
PROD_61542,61542,02238151,MALARONE,,,0250721002,N,25-JUN-2026
PROD_61546,61546,02238155,CODULAX TABLETS,,LS - LAXATIVES (STIMULANT),0101506001,N,22-MAR-2025
PROD_61553,61553,02238162,DIASTAT,PREFILLED RECTAL DELIVERY SYSTEM,,0103614001,N,23-OCT-2025
PROD_61574,61574,02238183,ACETAMINOPHEN WITH ANTIHISTAMINE NIGHTTIME,,,0233808001,N,22-MAR-2025
PROD_61604,61604,02238211,RIVA-LOPERAMIDE,,,0111332001,N,26-JUN-2026
PROD_61606,61606,02238213,PROPECIA,,,0124110002,N,22-MAR-2025
PROD_61609,61609,02238216,SINGULAIR,,,0133823001,N,22-MAR-2025
PROD_61610,61610,02238217,SINGULAIR,,,0133823002,N,22-MAR-2025
PROD_61676,61676,02238280,APO-SERTRALINE,,,0123417003,N,26-JUN-2026
PROD_61677,61677,02238281,APO-SERTRALINE,,,0123417001,N,26-JUN-2026
PROD_61678,61678,02238282,APO-SERTRALINE,,,0123417002,N,26-JUN-2026
PROD_61679,61679,02238283,SIROP DOCUSATE DE SODIUM U.S.P. 4MG/ML,,LS - LAXATIVES (GENERAL),0104351003,N,22-MAR-2025
PROD_61718,61718,02238316,ATENOLOL,,,0113847002,N,22-MAR-2025
PROD_61719,61719,02238318,ATENOLOL,,,0113847001,N,22-MAR-2025
PROD_61729,61729,02238326,PMS-SOTALOL - 80 MG,,,0113778002,N,22-MAR-2025
PROD_61740,61740,02238334,TEVA-CLOBAZAM,,,0114637001,N,22-MAR-2025
PROD_61744,61744,02238337,REACTINE,,,0122686004,N,17-MAR-2026
PROD_61748,61748,02238341,DOMPERIDONE,,,0116957001,N,22-MAR-2025
PROD_61804,61804,02238389,CAELYX,SINGLE-USE VIALS,,0110825002,N,13-AUG-2026
PROD_61817,61817,02238400,PHENYLEPHRINE HYDROCHLORIDE INJECTION USP 1%,,,0100662004,N,22-MAR-2025
PROD_61820,61820,02238403,METHOPRAZINE,,,0134080005,N,11-JUN-2026
PROD_61821,61821,02238404,METHOPRAZINE,,,0134080001,N,11-JUN-2026
PROD_61822,61822,02238405,METHOPRAZINE,,,0134080002,N,11-JUN-2026
PROD_61823,61823,02238406,METHOPRAZINE,,,0134080003,N,11-JUN-2026
PROD_61860,61860,02238441,ZYBAN,,,0131140003,N,23-JAN-2026
PROD_61885,61885,02238465,NASONEX,,,0121732002,N,22-MAR-2025
PROD_61900,61900,02238480,STANDARDIZED GRASS POLLEN - KENTUCKY BLUEGRASS (100000 BAU/ML),,,0134144001,N,11-JUL-2025
PROD_61905,61905,02238485,STANDARDIZED GRASS POLLEN - ORCHARD GRASS (100000 BAU/ML),,,0134145001,N,11-JUL-2025
PROD_61909,61909,02238489,"STANDARDIZED GRASS POLLEN - REDTOP (100,000 BAU/ML)",,,0134160001,N,11-JUL-2025
PROD_61913,61913,02238493,"STANDARDIZED GRASS POLLEN - SWEET VERNAL GRASS (100,000 BAU/ML)",,,0134161003,N,11-JUL-2025
PROD_61918,61918,02238497,STANDARDIZED GRASS POLLEN - TIMOTHY (100000 BAU/ML),,,0134163002,N,11-JUL-2025
PROD_61922,61922,02238501,STANDARDIZED GRASS POLLEN - PERENNIAL RYEGRASS (100000 BAU/ML),,,0134164001,N,11-JUL-2025
PROD_61949,61949,02238526,CYSTADANE,,,0134220001,N,22-MAR-2025
PROD_61971,61971,02238545,ASAPHEN E.C. 80 MG,,,0101169013,N,22-MAR-2025
PROD_61987,61987,02238560,FLUTAMIDE,,,0116869001,N,22-MAR-2025
PROD_62005,62005,02238578,FUCIDIN H,,,0234281001,N,19-JUN-2026
PROD_62054,62054,02238626,INFANTS' MOTRIN,,,0108883007,N,27-FEB-2026
PROD_62067,62067,02238639,NABUMETONE,,,0122821001,N,22-MAR-2025
PROD_62073,62073,02238644,SLEEP-EZE EXTRA STRENGTH GELCAPS,,LS - SLEEP AIDS,0102639001,N,12-AUG-2026
PROD_62089,62089,02238660,ZOMIG,,,0134381001,N,22-JUL-2025
PROD_62114,62114,02238682,PLAVIX,,,0134440001,N,15-JUN-2026
PROD_62135,62135,02238703,LAMISIL,,,0124452001,N,22-MAR-2025
PROD_62136,62136,02238704,ESTROGEL,METERED-DOSE PUMP,,0106457004,N,26-AUG-2026
PROD_62232,62232,02238796,APO-BECLOMETHASONE NASAL SPRAY,METERED-DOSE SPRAY,,0106320002,N,26-AUG-2026
PROD_62268,62268,02238830,CLAVULIN 400,,,0234720004,N,26-JUN-2026
PROD_62269,62269,02238831,CLAVULIN 200,,,0234720006,N,26-JUN-2026
PROD_62290,62290,02238850,ZYPREXA,,,0128783005,N,15-JUL-2026
PROD_62291,62291,02238851,ZYPREXA,,,0128783006,N,15-JUL-2026
PROD_62313,62313,02238873,AZOPT,,,0134800001,N,22-MAR-2025
PROD_62325,62325,02238885,TYLENOL ARTHRITIS PAIN 8H,,LS - ANALG (ACETAMINOPHEN LABELLING STANDARD),0102009008,N,26-SEP-2025
PROD_62330,62330,02238890,HOT LEMON RELIEF FOR SYMPTOMS OF COLD AND FLU EXTRA STRENGTH,,,0411174017,N,22-MAR-2025
PROD_62344,62344,02238903,BENZTROPINE OMEGA,,,0107632001,N,22-MAR-2025
PROD_62430,62430,02238982,DEXIDIN 2 SOLUTION,,CAT IV - ANTISEPTIC SKIN CLEANSERS,0107629004,N,22-MAR-2025
PROD_62447,62447,02238998,RHO-NITRO PUMPSPRAY,,,0103615009,N,25-JUN-2026
PROD_62499,62499,02239046,SEROSTIM,,,0228557003,N,22-MAR-2025
PROD_62518,62518,02239064,DETROL,,,0135202001,N,22-MAR-2025
PROD_62519,62519,02239065,DETROL,,,0135202002,N,22-MAR-2025
PROD_62536,62536,02239081,RIVA-METFORMIN,,,0101773001,N,22-MAR-2025
PROD_62546,62546,02239090,ATACAND,,,0135220001,N,14-AUG-2026
PROD_62547,62547,02239091,ATACAND,,,0135220002,N,14-AUG-2026
PROD_62548,62548,02239092,ATACAND,,,0135220003,N,14-AUG-2026
PROD_62594,62594,02239138,EXTRA STRENGTH BENADRYL ALLERGY NIGHTTIME,,,0102639001,N,28-APR-2026
PROD_62597,62597,02239141,EXTRA STRENGTH MUSCLE & BACK PAIN RELIEF,,,0212017002,N,22-MAR-2025
PROD_62611,62611,02239155,POLYSPORIN PLUS PAIN RELIEF EAR DROPS,,,0201292001,N,27-APR-2026
PROD_62612,62612,02239156,POLYSPORIN EYE AND EAR DROPS STERILE,,,0205849001,N,28-APR-2026
PROD_62615,62615,02239159,EXTRA STRENGTH SUDAFED HEAD COLD & SINUS,,LS - COUGH AND COLD,0216113001,N,26-JUN-2026
PROD_62616,62616,02239160,ZINCOFAX EXTRA STRENGTH,,CAT IV - DIAPER RASH PRODUCTS,0244187009,N,20-AUG-2025
PROD_62617,62617,02239162,ZINCOFAX,,,0244187008,N,21-AUG-2025
PROD_62658,62658,02239201,POLYSPORIN PLUS PAIN RELIEF,,LS - TOPICAL - ANAESTHETIC/ANALGESIC/ANTIPRURITIC,0301291001,N,23-JUN-2026
PROD_62666,62666,02239208,PRIORIX,,,0368196001,N,24-MAR-2026
PROD_62695,62695,02239234,SANDOZ POLYTRIMETHOPRIM,,,0234280001,N,18-JUN-2026
PROD_62715,62715,02239252,ENDURE 400 SCRUB-STAT 4,,CAT IV - ANTISEPTIC SKIN CLEANSERS,0107629001,N,22-MAR-2025
PROD_62731,62731,02239267,MAVIK,4 MG,,0131524004,N,06-AUG-2026
PROD_62764,62764,02239298,OVOL FOR GAS 180 MG CAPSULE,,LS - ANTIFLATULENTS,0131347005,N,22-MAR-2025
PROD_62780,62780,02239311,ECOCARE 250,,CAT IV - ANTISEPTIC SKIN CLEANSERS,0108865003,N,22-MAR-2025
PROD_62787,62787,02239318,ECOCARE 360,,CAT IV - ANTISEPTIC SKIN CLEANSERS,0104993016,N,22-MAR-2025
PROD_62792,62792,02239323,SANDOSTATIN LAR,,,0121548005,N,17-MAR-2026
PROD_62793,62793,02239324,SANDOSTATIN LAR,,,0121548006,N,17-MAR-2026
PROD_62794,62794,02239325,SANDOSTATIN LAR,,,0121548007,N,17-MAR-2026
PROD_62795,62795,02239326,TRYPTAN,,,0111038004,N,06-JAN-2026
PROD_62796,62796,02239327,TRYPTAN,,,0111038005,N,06-JAN-2026
PROD_62824,62824,02239355,TEVA-DICLOFENAC-K,,,0122516001,N,25-JUN-2026
PROD_62836,62836,02239367,TEVA-SUMATRIPTAN,,,0123238001,N,22-MAR-2025
PROD_62882,62882,02239410,ALLERGENIC EXTRACT-STANDARDIZED CAT HAIR,,,0135661001,N,25-JUL-2025
PROD_62905,62905,02239432,CANESTEN EXTERNAL ANTIFUNGAL CREAM,,,0110231001,N,22-MAR-2025
PROD_62965,62965,02239491,ACID CONCENTRATE 2156,,,0617386408,N,22-MAR-2025
PROD_62979,62979,02239505,ALDARA P,,,0135820001,N,22-MAR-2025
PROD_63013,63013,02239537,PMS-BENZYDAMINE,,,0113801001,N,22-MAR-2025
PROD_63077,63077,02239607,CELEXA 20 MG,,,0136243001,N,18-JUN-2026
PROD_63078,63078,02239608,CELEXA 40 MG,,,0136243002,N,18-JUN-2026
PROD_63098,63098,02239627,PMS-IPRATROPIUM,,,0115643002,N,22-MAR-2025
PROD_63101,63101,02239630,TOBI,,,0110230004,N,19-MAY-2026
PROD_63128,63128,02239656,PROVOCHOLINE,,,0136042001,N,22-MAR-2025
PROD_63139,63139,02239665,ALERTEC,,,0136083001,N,04-AUG-2026
PROD_63179,63179,02239698,APO-DIVALPROEX,,,0112996004,N,24-AUG-2026
PROD_63180,63180,02239699,APO-DIVALPROEX,,,0112996001,N,24-AUG-2026
PROD_63181,63181,02239700,APO-DIVALPROEX,,,0112996003,N,24-AUG-2026
PROD_63199,63199,02239717,NEURONTIN,,,0125929004,N,16-JUN-2025
PROD_63200,63200,02239718,NEURONTIN,,,0125929005,N,16-JUN-2025
PROD_63248,63248,02239766,VIAGRA,,,0136261001,N,22-MAR-2025
PROD_63249,63249,02239767,VIAGRA,,,0136261002,N,22-MAR-2025
PROD_63250,63250,02239768,VIAGRA,,,0136261003,N,22-MAR-2025
PROD_63320,63320,02239833,LUPRON DEPOT,PREFILLED SYRINGE,,0116959007,N,31-JUL-2026
PROD_63321,63321,02239834,LUPRON DEPOT,PREFILLED SYRINGE,,0116959003,N,31-JUL-2026
PROD_63322,63322,02239835,TEVA-AMIODARONE,,,0118593001,N,11-JUN-2026
PROD_63341,63341,02239853,ALLEGRA-D,,,0236381001,N,24-NOV-2025
PROD_63352,63352,02239864,AA-FENO-MICRO,,,0118895001,N,22-MAR-2025
PROD_63385,63385,02239893,APO-TERBINAFINE,,,0132855002,N,22-MAR-2025
PROD_63399,63399,02239907,TOPAMAX,SPRINKLE CAPSULES,,0132938007,N,27-AUG-2026
PROD_63400,63400,02239908,TOPAMAX,SPRINKLE CAPSULES,,0132938001,N,27-AUG-2026
PROD_63442,63442,02239941,CELEBREX,,,0137043001,N,14-NOV-2025
PROD_63443,63443,02239942,CELEBREX,,,0137043002,N,14-NOV-2025
PROD_63507,63507,02240000,TRELSTAR,MICROGRANULES FOR DEPOT SUSP. 1MONTH SLOW RELEASE.,,0137103001,N,30-JUL-2026
PROD_63577,63577,02240067,MYLAN-INDAPAMIDE,,,0115402002,N,25-JUN-2026
PROD_63620,63620,02240105,AVEENO ANTI-ITCH LOTION,,,0225523001,N,26-MAR-2026
PROD_63627,63627,02240113,COSOPT,CONTAINS PRESERVATIVE,,0237301001,N,19-AUG-2026
PROD_63629,63629,02240115,LAMICTAL,CHEWABLE/DISPERSIBLE TABLETS/MAY BE SWALLOWED WHOLE,,0127134007,N,17-AUG-2026
PROD_63645,63645,02240131,OXY.IR,,,0107552002,N,26-JUN-2026
PROD_63646,63646,02240132,OXY.IR,,,0107552001,N,26-JUN-2026
PROD_63789,63789,02240255,ADACEL,,,0652741001,N,20-AUG-2026
PROD_63803,63803,02240266,ALLERGY RELIEF,,,0122686001,N,26-JUN-2026
PROD_63823,63823,02240285,MIDAZOLAM INJECTION,,,0119935002,N,25-FEB-2026
PROD_63824,63824,02240286,MIDAZOLAM INJECTION,,,0119935001,N,26-JUN-2026
PROD_63832,63832,02240294,HUMALOG MIX 25 (CARTRIDGE),,,0242161001,N,19-JUN-2026
PROD_63835,63835,02240297,HUMALOG MIX 50 (CARTRIDGE),,,0242161002,N,17-JUN-2026
PROD_63865,63865,02240325,XENICAL,,,0137562001,N,27-JUL-2026
PROD_63869,63869,02240329,ONE-ALPHA,,,0135700005,N,27-JUL-2026
PROD_63872,63872,02240333,TEVA-TRYPTOPHAN,,,0111038003,N,18-JUN-2026
PROD_63873,63873,02240334,TEVA-TRYPTOPHAN,,,0111038003,N,18-JUN-2026
PROD_63874,63874,02240335,MONUROL,SINGLE-DOSE SACHET,,0137036002,N,26-AUG-2026
PROD_63884,63884,02240344,SIALOR,,,0107863001,N,10-JUN-2026
PROD_63885,63885,02240347,CELLCEPT I.V.,,,0128158002,N,25-JUN-2026
PROD_63900,63900,02240358,ZIAGEN,,,0137623002,N,17-JUN-2026
PROD_63965,63965,02240416,ENDURE 420 CIDA-STAT,,CAT IV - ANTISEPTIC SKIN CLEANSERS,0107629004,N,22-MAR-2025
PROD_63982,63982,02240433,PMS-CHLORHEXIDINE,,,0107629007,N,15-SEP-2025
PROD_63983,63983,02240434,FENTANYL CITRATE INJECTION USP,,,0123302002,N,31-JUL-2026
PROD_64019,64019,02240456,MOCLOBEMIDE,,,0122658003,N,22-MAR-2025
PROD_64051,64051,02240481,TEVA-SERTRALINE,,,0123417002,N,22-MAR-2025
PROD_64054,64054,02240484,TEVA-SERTRALINE,,,0123417001,N,22-MAR-2025
PROD_64055,64055,02240485,TEVA-SERTRALINE,,,0123417003,N,22-MAR-2025
PROD_64089,64089,02240518,MAXALT RPD,,,0137841001,N,22-MAR-2025
PROD_64090,64090,02240519,MAXALT RPD,,,0137841002,N,22-MAR-2025
PROD_64092,64092,02240521,MAXALT,,,0137841002,N,22-MAR-2025
PROD_64119,64119,02240549,PMS-OXYBUTYNIN,,,0114692003,N,22-MAR-2025
PROD_64120,64120,02240550,PMS-OXYBUTYNIN,,,0114692001,N,22-MAR-2025
PROD_64139,64139,02240568,POLYSPORIN COMPLETE,,,0437904001,N,09-JUL-2026
PROD_64159,64159,02240588,APO-DOXAZOSIN,,,0131431001,N,22-MAR-2025
PROD_64160,64160,02240589,APO-DOXAZOSIN,,,0131431003,N,22-MAR-2025
PROD_64161,64161,02240590,APO-DOXAZOSIN,,,0131431002,N,22-MAR-2025
PROD_64177,64177,02240606,PMS-ZOPICLONE,,,0122562001,N,19-JUN-2026
PROD_64194,64194,02240621,OXYGEN USP,,,0110469001,N,22-MAR-2025
PROD_64263,64263,02240680,DEXIDIN 0.5 SOLUTION,,,0213979002,N,22-MAR-2025
PROD_64277,64277,02240692,HERCEPTIN,VIALS,,0154252001,N,14-AUG-2026
PROD_64293,64293,02240706,AGGRASTAT,,,0138141002,N,22-MAR-2025
PROD_64296,64296,02240713,IMUNOVIR,,,0137182001,N,18-JUN-2026
PROD_64311,64311,02240722,EPREX STERILE SOLUTION 40000IU/ML,,,0126696007,N,26-JUN-2026
PROD_64358,64358,02240769,MICARDIS 40MG TAB,,,0138223001,N,15-JUN-2026
PROD_64359,64359,02240770,MICARDIS 80MG TAB,,,0138223002,N,17-JUN-2026
PROD_64363,64363,02240774,APO-CEFADROXIL,,,0115958005,N,29-JUN-2026
PROD_64397,64397,02240806,EXTRANEAL,,,0538301002,N,22-MAR-2025
PROD_64426,64426,02240835,ADVAIR 100 DISKUS,,,0238341001,N,26-JUN-2026
PROD_64427,64427,02240836,ADVAIR 250 DISKUS,,,0238341002,N,26-JUN-2026
PROD_64428,64428,02240837,ADVAIR 500 DISKUS,,,0238341003,N,26-JUN-2026
PROD_64442,64442,02240851,PROCTODAN-HC SUPPOSITORIES,,,0314223002,N,22-MAR-2025
PROD_64454,64454,02240863,RELENZA,,,0138401001,N,16-JUN-2026
PROD_64498,64498,02240907,APO-PAROXETINE,,,0123131003,N,25-JUN-2026
PROD_64499,64499,02240908,APO-PAROXETINE,,,0123131002,N,25-JUN-2026
PROD_64500,64500,02240909,APO-PAROXETINE,,,0123131001,N,25-JUN-2026
PROD_64595,64595,02241003,MYLAN-BUDESONIDE AQ,,,0116807010,N,17-JUN-2026
PROD_64599,64599,02241007,HYZAAR DS,,,0233168002,N,22-JUL-2025
PROD_64606,64606,02241013,CRINONE,,,0106327006,N,17-JUN-2026
PROD_64641,64641,02241047,VARILRIX,,,0168195001,N,25-MAR-2026
PROD_64684,64684,02241089,GADOVIST 1.0,,,0138761002,N,26-JUN-2026
PROD_64686,64686,02241091,THE MAGIC BULLET,,,0101506002,N,22-MAR-2025
PROD_64696,64696,02241093,TEMODAL,,,0138781001,N,15-JUN-2026
PROD_64697,64697,02241094,TEMODAL,,,0138781002,N,15-JUN-2026
PROD_64698,64698,02241095,TEMODAL,,,0138781003,N,15-JUN-2026
PROD_64699,64699,02241096,TEMODAL,,,0138781004,N,15-JUN-2026
PROD_64815,64815,02241209,TOBRAMYCIN INJECTION USP,,,0110230002,N,13-AUG-2026
PROD_64816,64816,02241210,TOBRAMYCIN INJECTION USP,,,0110230001,N,13-AUG-2026
PROD_64883,64883,02241273,REVERSA CRÈME ANTI-RIDES CONTOUR DES YEUX FPS 15,,CAT IV - SUNBURN PROTECTANTS,0331813003,N,22-MAR-2025
PROD_64918,64918,02241302,PRO-SERTRALINE,,,0123417003,N,24-MAR-2026
PROD_64919,64919,02241303,PRO-SERTRALINE,,,0123417001,N,24-MAR-2026
PROD_64920,64920,02241304,PRO-SERTRALINE,,,0123417002,N,24-MAR-2026
PROD_64988,64988,02241356,IFEX,,,0120706001,N,26-JUN-2026
PROD_64989,64989,02241357,IFEX,,,0120706002,N,26-JUN-2026
PROD_64993,64993,02241361,CHILDREN'S TYLENOL CHEWABLES,,"LS - ANALG. (ACETAMINOPHEN, SALICYLATES, CODEINE)",0102009006,N,12-SEP-2025
PROD_65010,65010,02241377,METADOL,,,0144621001,N,31-JUL-2026
PROD_65047,65047,02241411,UROMITEXAN,,,0120705001,N,26-JUN-2026
PROD_65081,65081,02241445,DACARBAZINE FOR INJECTION BP,SINGLE-USE VIAL,,0111126003,N,13-AUG-2026
PROD_65100,65100,02241462,LOTION CALAMINE AVEC ANTIHISTAMINIQUE,,LS - TOPICAL - ANAESTHETIC/ANALGESIC/ANTIPRURITIC,0210943001,N,22-MAR-2025
PROD_65111,65111,02241472,TAMIFLU,,,0139501001,N,02-SEP-2026
PROD_65137,65137,02241497,VENTOLIN HFA,,,0108887003,N,07-JUL-2026
PROD_65175,65175,02241523,CLARITIN KIDS,,,0120416002,N,23-JUN-2026
PROD_65184,65184,02241532,ANTI-NAUSEANT,,LS - DIMENHYDRINATE,0102747004,N,22-MAR-2025
PROD_65204,65204,02241551,CUROSURF,,,0139601001,N,22-MAR-2025
PROD_65249,65249,02241592,"BUCKLEY'S COMPLETE EXTRA STRENGTH COUGH, COLD AND FLU NIGHT",,,0414717004,N,05-AUG-2026
PROD_65250,65250,02241593,"BUCKLEY'S COMPLETE EXTRA STRENGTH COUGH, COLD & FLU DAY",,,0319503001,N,05-AUG-2026
PROD_65257,65257,02241600,DEFEROXAMINE MESYLATE FOR INJECTION,SINGLE-USE VIAL,,0109208002,N,13-AUG-2026
PROD_65259,65259,02241602,LIPIDIL SUPRA,,,0118895004,N,22-MAR-2025
PROD_65288,65288,02241630,AMBISOME,SINGLE-DOSE VIAL LIPOSOMES,,0105864001,N,07-AUG-2026
PROD_65298,65298,02241638,"CEFUROXIME FOR INJECTION, USP",,,0122448004,N,24-JUN-2026
PROD_65299,65299,02241639,"CEFUROXIME FOR INJECTION, USP",,,0122448007,N,24-JUN-2026
PROD_65336,65336,02241676,POTASSIUM CHLORIDE INJECTION,,,0100273048,N,22-MAR-2025
PROD_65337,65337,02241677,POTASSIUM CHLORIDE INJECTION,,,0100273050,N,22-MAR-2025
PROD_65339,65339,02241679,POTASSIUM CHLORIDE INJECTION,,,0100273049,N,22-MAR-2025
PROD_65371,65371,02241709,TEVA-CLINDAMYCIN,,,0105830002,N,11-SEP-2025
PROD_65372,65372,02241710,TEVA-CLINDAMYCIN,,,0105830003,N,11-SEP-2025
PROD_65414,65414,02241751,CEREZYME,SINGLE-DOSE VIAL,,0131511002,N,07-AUG-2026
PROD_65418,65418,02241755,SANDOZ TOBRAMYCIN,,,0110230005,N,16-JUN-2026
PROD_65432,65432,02241769,ADVIL LIQUI-GELS,,,0108883004,N,29-JUL-2026
PROD_65460,65460,02241795,PROCYTOX,,,0107630003,N,07-AUG-2026
PROD_65461,65461,02241796,PROCYTOX,,,0107630001,N,07-AUG-2026
PROD_65462,65462,02241797,PROCYTOX,,,0107630002,N,22-MAR-2025
PROD_65463,65463,02241798,PROCYTOX,,,0107630008,N,22-MAR-2025
PROD_65464,65464,02241799,PROCYTOX,,,0107630007,N,22-MAR-2025
PROD_65465,65465,02241800,PROCYTOX,,,0107630004,N,22-MAR-2025
PROD_65469,65469,02241804,PANTOLOC,,,0133229002,N,17-JUN-2026
PROD_65472,65472,02241807,"VANCOMYCIN HYDROCHLORIDE FOR INJECTION, USP",100 ML SINGLE-USE VIAL (BULK PACKAGE),,0131315004,N,29-JUL-2026
PROD_65483,65483,02241818,AVALIDE,,,0240086001,N,26-JUN-2026
PROD_65484,65484,02241819,AVALIDE,,,0240086002,N,26-JUN-2026
PROD_65502,65502,02241835,ESTALIS 140/50 MCG,,,0242942005,N,22-MAR-2025
PROD_65503,65503,02241837,ESTALIS 250/50 MCG,,,0242942006,N,22-MAR-2025
PROD_65558,65558,02241888,ARAVA,,,0140182001,N,15-JUN-2026
PROD_65559,65559,02241889,ARAVA,,,0140182002,N,15-JUN-2026
PROD_65565,65565,02241895,APO-FLUCONAZOLE-150,,,0122529004,N,29-JUN-2026
PROD_65570,65570,02241900,DIOVAN-HCT,80 MG/12.5 MG,,0240204001,N,06-AUG-2026
PROD_65571,65571,02241901,DIOVAN-HCT,160 MG/12.5 MG,,0240204002,N,30-JUL-2026
PROD_65585,65585,02241915,MARCAINE E,SINGLE-USE VIAL,,0231290001,N,13-AUG-2026
PROD_65586,65586,02241916,MARCAINE E,SINGLE-USE VIAL,,0231290002,N,13-AUG-2026
PROD_65587,65587,02241917,MARCAINE,"PRESERVATIVE-FREE, SINGLE-USE VIAL",,0108896002,N,21-AUG-2026
PROD_65597,65597,02241927,RITUXAN,,,0140241001,N,19-JUN-2026
PROD_65603,65603,02241933,VIOKACE,,,0302964043,N,24-JUN-2026
PROD_65669,65669,02241999,CARBOCAINE 1%,30 ML SINGLE-USE VIAL,,0100583003,N,06-AUG-2026
PROD_65670,65670,02242000,CARBOCAINE 1%,,,0100583003,N,23-DEC-2025
PROD_65671,65671,02242001,CARBOCAINE 2%,20 ML SINGLE-USE VIAL,,0100583002,N,30-JUL-2026
PROD_65680,65680,02242010,DOBUTAMINE INJECTION USP,,,0112000001,N,22-MAR-2025
PROD_65700,65700,02242029,QVAR,SOLUTION FOR ORAL INHALATION ONLY,,0106320002,N,17-AUG-2026
PROD_65701,65701,02242030,QVAR,,,0106320003,N,07-JUL-2026
PROD_65741,65741,02242068,TRILEPTAL 300 MG,,,0140461002,N,16-JUN-2026
PROD_65742,65742,02242069,TRILEPTAL 600 MG,,,0140461003,N,16-JUN-2026
PROD_65753,65753,02242079,RIVA-CYCLOBENZAPRINE,,,0112363001,N,22-MAR-2025
PROD_65756,65756,02242082,PRESERVATIVE-FREE THERA TEARS LUBRICANT EYE DROPS,SINGLE-USE CONTAINERS,,0107332004,N,22-MAR-2025
PROD_65791,65791,02242115,EXELON,,,0140521001,N,30-JUL-2026
PROD_65792,65792,02242116,EXELON,,,0140521002,N,30-JUL-2026
PROD_65793,65793,02242117,EXELON,,,0140521003,N,30-JUL-2026
PROD_65794,65794,02242118,EXELON,,,0140521004,N,30-JUL-2026
PROD_65799,65799,02242121,ISOVUE MULTIPACK-370,,,0116899001,N,25-JUN-2026
PROD_65800,65800,02242122,ISOVUE MULTIPACK-300,,,0116899003,N,25-JUN-2026
PROD_65823,65823,02242145,CELLCEPT,,,0128158003,N,25-JUN-2026
PROD_65824,65824,02242146,SALOFALK,ALSO KNOWN AS MESALAMINE,,0116808009,N,17-AUG-2026
PROD_65828,65828,02242150,RIVA-BACLOFEN,,,0113246001,N,24-JUN-2026
PROD_65829,65829,02242151,RIVA-BACLOFEN,,,0113246002,N,24-JUN-2026
PROD_65841,65841,02242163,KADIAN,,,0104545001,N,21-AUG-2026
PROD_65897,65897,02242217,SUDAFED SINUS ADVANCE,,,0222394001,N,20-MAY-2026
PROD_65907,65907,02242226,DORMER 211 SPF 30,,CAT IV - SUNBURN PROTECTANTS,0527574002,N,22-MAR-2025
PROD_65975,65975,02242275,TIMOLOL MALEATE-EX,,,0131275001,N,22-MAR-2025
PROD_65976,65976,02242276,TIMOLOL MALEATE-EX,,,0131275002,N,22-MAR-2025
PROD_65982,65982,02242281,ENTROPHEN,,,0101169013,N,25-JUN-2026
PROD_66031,66031,02242320,PMS-DIGOXIN,,,0107281001,N,22-MAR-2025
PROD_66035,66035,02242324,ZADITOR,CONTAINS PRESERVATIVE,,0115676003,N,19-AUG-2026
PROD_66036,66036,02242325,AMIODARONE HYDROCHLORIDE FOR INJECTION,,,0118593002,N,25-JUN-2026
PROD_66076,66076,02242365,CHILDREN'S MOTRIN,,,0108883005,N,27-FEB-2026
PROD_66078,66078,02242367,VISUDYNE,,,0141121001,N,27-JUL-2026
PROD_66081,66081,02242370,SOOTHE DRY EYES,,,0201347002,N,24-JUN-2026
PROD_66187,66187,02242462,LOSEC MUPS,,,0121643001,N,27-JUL-2026
PROD_66188,66188,02242463,MYLAN-ACYCLOVIR,,,0115506004,N,26-JUN-2026
PROD_66189,66189,02242464,MYLAN-ACYCLOVIR,,,0115506005,N,26-JUN-2026
PROD_66190,66190,02242465,DESMOPRESSIN SPRAY,,,0112050001,N,17-JUN-2026
PROD_66193,66193,02242468,RIVACOCET,,,0215596001,N,23-JUL-2026
PROD_66196,66196,02242470,CORVERT,,,0141264001,N,22-MAR-2025
PROD_66198,66198,02242471,DOSTINEX,,,0141281001,N,29-JUN-2026
PROD_66199,66199,02242472,PMS-AMIODARONE,,,0118593001,N,25-JUN-2026
PROD_66208,66208,02242481,TEVA-ZOPICLONE,,,0122562001,N,03-JUN-2026
PROD_66221,66221,02242484,MORPHINE SULFATE INJECTION USP,,,0104545008,N,22-MAR-2025
PROD_66245,66245,02242502,ONE-ALPHA,SINGLE-USE AMPOULES,,0135700005,N,10-AUG-2026
PROD_66247,66247,02242504,BUTORPHANOL NASAL SPRAY,,,0112394002,N,24-JUN-2026
PROD_66270,66270,02242522,ADVIL PEDIATRIC DROPS,SUSPENSION,,0108883007,N,05-SEP-2025
PROD_66277,66277,02242529,MULTI-12/K1 PEDIATRIC,,,1341461001,N,18-JUN-2026
PROD_66284,66284,02242542,OXYGEN USP,,,0110469001,N,22-MAR-2025
PROD_66289,66289,02242538,TEVA-DILTIAZEM CD,,,0115863004,N,13-JUL-2026
PROD_66290,66290,02242539,TEVA-DILTIAZEM CD,,,0115863007,N,13-JUL-2026
PROD_66291,66291,02242540,TEVA-DILTIAZEM CD,,,0115863006,N,13-JUL-2026
PROD_66292,66292,02242541,TEVA-DILTIAZEM CD,,,0115863008,N,13-JUL-2026
PROD_66413,66413,02242632,MOTRIN 300MG,,,0108883001,N,02-APR-2026
PROD_66434,66434,02242652,GENTAMICIN INJECTION USP,,,0105695005,N,26-JUN-2026
PROD_66438,66438,02242658,MOTRIN 400MG,,,0108883002,N,02-APR-2026
PROD_66453,66453,02242664,ALLERGENIC EXTRACT - STANDARDIZED GRASS POLLEN - TIMOTHY,,,0134163002,N,15-JUN-2026
PROD_66455,66455,02242666,ALLERGENIC EXTRACT - STANDARDIZED GRASS POLLEN - KENTUCKY BLUE/JUNE,,,0134144001,N,25-JUL-2025
PROD_66457,66457,02242668,ALLERGENIC EXTRACT - STANDARDIZED GRASS POLLEN - SWEET VERNAL,,,0152573001,N,25-JUL-2025
PROD_66459,66459,02242670,ALLERGENIC EXTRACT - STANDARDIZED GRASS POLLEN - RED TOP,,,0134160001,N,15-JUN-2026
PROD_66461,66461,02242672,ALLERGENIC EXTRACT - STANDARDIZED GRASS POLLEN - MEADOW FESCUE,,,0134143001,N,25-JUL-2025
PROD_66463,66463,02242674,ALLERGENIC EXTRACT - STANDARDIZED GRASS POLLEN - ORCHARD,,,0134145001,N,15-JUN-2026
PROD_66465,66465,02242676,ALLERGENIC EXTRACT - STANDARDIZED GRASS POLLEN - PERENNIAL RYE,,,0134164001,N,25-JUL-2025
PROD_66470,66470,02242680,TARO-WARFARIN,,,0104597002,N,25-JUN-2026
PROD_66471,66471,02242681,TARO-WARFARIN,,,0104597006,N,25-JUN-2026
PROD_66472,66472,02242682,TARO-WARFARIN,,,0104597005,N,25-JUN-2026
PROD_66473,66473,02242683,TARO-WARFARIN,,,0104597007,N,25-JUN-2026
PROD_66474,66474,02242684,TARO-WARFARIN,,,0104597003,N,25-JUN-2026
PROD_66475,66475,02242685,TARO-WARFARIN,,,0104597001,N,25-JUN-2026
PROD_66476,66476,02242686,TARO-WARFARIN,,,0104597008,N,25-JUN-2026
PROD_66477,66477,02242687,TARO-WARFARIN,,,0104597004,N,25-JUN-2026
PROD_66484,66484,02242692,LOVENOX HP,120 MG/0.8 ML SINGLE-DOSE PREFILLED SYRINGE,,0131860002,N,19-AUG-2026
PROD_66492,66492,02242697,TARO-WARFARIN,,,0104597009,N,25-JUN-2026
PROD_66502,66502,02242705,AROMASIN,,,0141702001,N,22-MAR-2025
PROD_66518,66518,02242713,ALLERGY CANADA ALLERGEN EXTRACT - ALUM PRECIPITATED,,,0141722001,N,22-MAR-2025
PROD_66535,66535,02242728,TEVA-DOXAZOSIN,,,0131431001,N,23-JUN-2026
PROD_66536,66536,02242729,TEVA-DOXAZOSIN,,,0131431003,N,23-JUN-2026
PROD_66537,66537,02242730,TEVA-DOXAZOSIN,,,0131431002,N,23-JUN-2026
PROD_66543,66543,02242735,TERBINAFINE-250,,,0132855002,N,22-MAR-2025
PROD_66576,66576,02242763,RILUTEK,,,0141861001,N,22-MAR-2025
PROD_66582,66582,02242764,VISINE FOR ALLERGY WITH ANTIHISTAMINE,,,0213722002,N,23-JUN-2026
PROD_66606,66606,02242783,RIVA-METFORMIN,,,0101773002,N,22-MAR-2025
PROD_66607,66607,02242784,MYLAN-ACYCLOVIR,,,0115506002,N,25-JUN-2026
PROD_66635,66635,02242810,SCOPOLAMINE HYDROBROMIDE INJECTION,,,0104674001,N,31-JUL-2026
PROD_66636,66636,02242811,SCOPOLAMINE HYDROBROMIDE INJECTION,,,0104674004,N,31-JUL-2026
PROD_66643,66643,02242815,SIMULECT,,,0141982001,N,22-MAR-2025
PROD_66647,66647,02242819,ALLEGRA 24 HOUR,,,0131730002,N,03-JUL-2025
PROD_66649,66649,02242821,SANDOZ CYCLOSPORINE,,,0115996001,N,25-JUN-2026
PROD_66667,66667,02242837,APO-LITHIUM CARBONATE,,,0101163001,N,15-JUN-2026
PROD_66672,66672,02242842,DIGISAN E FOAM HAND SANITIZER,,CAT IV - ACNE THERAPY,0104993004,N,22-MAR-2025
PROD_66677,66677,02242847,DIGICLEAN E FOAM HAND SOAP,,CAT IV - ANTISEPTIC SKIN CLEANSERS,0106942005,N,22-MAR-2025
PROD_66699,66699,02242868,XYLAC,,,0111557005,N,18-JUN-2026
PROD_66736,66736,02242904,"MIDAZOLAM INJECTION, USP",MUTIDOSE VIALS,,0119935002,N,14-AUG-2026
PROD_66737,66737,02242905,"MIDAZOLAM INJECTION, USP",MULTIDOSE VIALS,,0119935001,N,13-AUG-2026
PROD_66740,66740,02242907,APO-AZATHIOPRINE,,,0101830001,N,25-JUN-2026
PROD_66754,66754,02242920,MYLAN-HYDROXYUREA,,,0113432001,N,25-JUN-2026
PROD_66762,66762,02242924,APO-WARFARIN,,,0104597002,N,16-FEB-2026
PROD_66763,66763,02242925,APO-WARFARIN,,,0104597006,N,16-FEB-2026
PROD_66764,66764,02242926,APO-WARFARIN,,,0104597005,N,16-FEB-2026
PROD_66765,66765,02242927,APO-WARFARIN,,,0104597003,N,16-FEB-2026
PROD_66766,66766,02242928,APO-WARFARIN,,,0104597001,N,16-FEB-2026
PROD_66767,66767,02242929,APO-WARFARIN,,,0104597004,N,16-FEB-2026
PROD_66810,66810,02242971,AMIKACIN SULFATE INJECTION USP,,,0111922001,N,13-JUL-2026
PROD_66820,66820,02242980,ANTIZOL,,,0142261001,N,06-AUG-2026
PROD_66824,66824,02242984,HYDROVAL CREAM 0.2%,,,0112513001,N,22-MAR-2025
PROD_66825,66825,02242985,HYDROVAL OINTMENT 0.2%,,,0112513001,N,22-MAR-2025
PROD_66827,66827,02242987,DIAMICRON MR,,,0119934002,N,22-MAR-2025
PROD_66845,66845,02243005,MIRENA,,,0125218003,N,31-JUL-2025
PROD_66907,66907,02243045,ZOMIG RAPIMELT,,,0134381001,N,22-JUL-2025
PROD_66915,66915,02243053,PEPCID COMPLETE,,,0341105001,N,02-FEB-2026
PROD_66953,66953,02243086,ZYPREXA ZYDIS,,,0128783003,N,15-JUL-2026
PROD_66954,66954,02243087,ZYPREXA ZYDIS,,,0128783002,N,15-JUL-2026
PROD_66955,66955,02243088,ZYPREXA ZYDIS,,,0128783005,N,15-JUL-2026
PROD_66956,66956,02243089,ZYPREXA ZYDIS,,,0128783006,N,15-JUL-2026
PROD_66962,66962,02243095,PRISMASOL 0,,,0552651001,N,12-JUN-2025
PROD_66964,66964,02243097,LIPITOR,,,0133055004,N,21-AUG-2025
PROD_66965,66965,02243098,ACETYLCYSTEINE SOLUTION,,,0100024001,N,19-MAR-2026
PROD_66984,66984,02243115,VENTOLIN DISKUS,,,0108887005,N,26-JUN-2026
PROD_66985,66985,02243116,TRIMETHOPRIM TABLETS,,,0114346001,N,16-JUN-2026
PROD_66986,66986,02243117,TRIMETHOPRIM TABLETS,,,0114346002,N,16-JUN-2026
PROD_67015,67015,02243144,PROGRAF,,,0127857003,N,25-JUN-2026
PROD_67049,67049,02243173,DEFINITY,,,0142602001,N,26-JUN-2026
PROD_67055,67055,02243176,"MANNITOL INJECTION, USP",,,0103277001,N,24-JUN-2026
PROD_67060,67060,02243180,AA-FENO-MICRO,,,0118895003,N,22-MAR-2025
PROD_67127,67127,02243237,RAPAMUNE,,,0142721001,N,15-JUN-2026
PROD_67133,67133,02243239,EPREX STERILE SOLUTION,,,0126696007,N,26-JUN-2026
PROD_67176,67176,02243278,LORAZEPAM INJECTION USP,,,0110731004,N,22-MAR-2025
PROD_67215,67215,02243312,TEVA-NAPROXEN EC,,,0109634001,N,30-JUN-2026
PROD_67216,67216,02243313,TEVA-NAPROXEN EC,,,0109634004,N,30-JUN-2026
PROD_67217,67217,02243314,TEVA-NAPROXEN EC,,,0109634003,N,30-JUN-2026
PROD_67227,67227,02243324,APO-PROPAFENONE,,,0116258001,N,12-JUN-2026
PROD_67228,67228,02243325,APO-PROPAFENONE,,,0116258002,N,12-JUN-2026
PROD_67232,67232,02243329,CETAPHIL DAILY FACIAL MOISTURIZER SPF 15,,CAT IV,0242881001,N,29-JUN-2026
PROD_67236,67236,02243333,FERRLECIT,,,0108536035,N,12-JUN-2026
PROD_67257,67257,02243350,APO-AMOXI CLAV,,,0234720008,N,22-MAR-2025
PROD_67258,67258,02243351,APO-AMOXI CLAV,,,0234720009,N,22-MAR-2025
PROD_67308,67308,02243400,EPREX STERILE SOLUTION 5000IU/0.5ML,,,0126696001,N,26-JUN-2026
PROD_67309,67309,02243401,EPREX STERILE SOLUTION 6000 IU/0.6 ML,,,0126696001,N,19-JUN-2026
PROD_67311,67311,02243403,EPREX STERILE SOLUTION 8000 IU/0.8 ML,,,0126696001,N,19-JUN-2026
PROD_67329,67329,02243421,POTASSIUM CHLORIDE IN LACTATED RINGER'S INJECTION,,,0400132003,N,22-MAR-2025
PROD_67334,67334,02243426,PMS-ZOPICLONE,,,0122562002,N,19-JUN-2026
PROD_67356,67356,02243446,PMS-GABAPENTIN,,,0125929001,N,26-JUN-2026
PROD_67357,67357,02243447,PMS-GABAPENTIN,,,0125929003,N,26-JUN-2026
PROD_67358,67358,02243448,PMS-GABAPENTIN,,,0125929002,N,06-AUG-2026
PROD_67424,67424,02243506,APO-PRAVASTATIN,,,0122563001,N,15-AUG-2025
PROD_67425,67425,02243507,APO-PRAVASTATIN,,,0122563002,N,15-AUG-2025
PROD_67426,67426,02243508,APO-PRAVASTATIN,,,0122563003,N,15-AUG-2025
PROD_67437,67437,02243518,PMS-TERAZOSIN,,,0136978001,N,25-JUN-2026
PROD_67438,67438,02243519,PMS-TERAZOSIN,,,0136978002,N,25-JUN-2026
PROD_67439,67439,02243520,PMS-TERAZOSIN,,,0136978003,N,25-JUN-2026
PROD_67440,67440,02243521,PMS-TERAZOSIN,,,0136978004,N,25-JUN-2026
PROD_67456,67456,02243538,APO-LABETALOL,,,0116170001,N,06-FEB-2026
PROD_67457,67457,02243539,APO-LABETALOL,,,0116170003,N,06-FEB-2026
PROD_67477,67477,02243559,SANDOZ ORPHENADRINE,,,0102078001,N,29-JUN-2026
PROD_67480,67480,02243562,HYDROMORPH CONTIN-CONTROLLED RELEASE CAP - 18MG,,,0108698015,N,05-AUG-2026
PROD_67481,67481,02243563,METOCLOPRAMIDE INJECTION USP,,,0109394003,N,22-MAR-2025
PROD_67489,67489,02243571,ANTISEPTIC ORAL RINSE,,,0106834002,N,26-JUN-2026
PROD_67513,67513,02243595,ASMANEX TWISTHALER,FOR ORAL INHALATION ONLY,,0121732003,N,22-MAR-2025
PROD_67514,67514,02243596,ASMANEX TWISTHALER,FOR ORAL INHALATION ONLY,,0121732004,N,22-MAR-2025
PROD_67521,67521,02243602,SINGULAIR,,,0133823003,N,22-MAR-2025
PROD_67530,67530,02243611,APO-ALPRAZ,,,0115008003,N,12-JUN-2026
PROD_67531,67531,02243612,APO-ALPRAZ TS,,,0115008004,N,22-MAR-2025
PROD_67570,67570,02243644,KALETRA,,,0243421002,N,13-AUG-2026
PROD_67615,67615,02243685,ZYVOXAM,,,0143501003,N,22-MAR-2025
PROD_67616,67616,02243686,ZYVOXAM,3G PER BOTTLE,,0143501006,N,26-JUN-2026
PROD_67620,67620,02243690,CLARITIN ALLERGY DECONGESTANT,,,0101481001,N,22-MAR-2025
PROD_67648,67648,02243716,VENOFER,,,0108536014,N,22-MAR-2025
PROD_67653,67653,02243721,BOTOX COSMETIC,,,0151557001,N,05-MAY-2025
PROD_67670,67670,02243737,PHENTOLAMINE MESYLATE INJECTION SANDOZ STANDARD,,,0107611001,N,22-MAR-2025
PROD_67734,67734,02243796,"PARIET, ENTERIC-COATED TABLET 10MG",,,0143681001,N,26-JUN-2026
PROD_67735,67735,02243797,"PARIET, ENTERIC-COATED TABLET 20MG",,,0143681002,N,26-JUN-2026
PROD_67741,67741,02243803,LAMICTAL,CHEWABLE/DISPERSIBLE TABLETS/MAY BE SWALLOWED WHOLE,,0127134008,N,17-AUG-2026
PROD_67763,67763,02243824,PRO-PRAVASTATIN,,,0122563001,N,06-JAN-2026
PROD_67764,67764,02243825,PRO-PRAVASTATIN,,,0122563002,N,22-APR-2026
PROD_67765,67765,02243826,PRO-PRAVASTATIN,,,0122563003,N,22-APR-2026
PROD_67775,67775,02243834,PROVOCHOLINE,,,0136042002,N,22-MAR-2025
PROD_67777,67777,02243836,SANDOZ AMIODARONE,,,0118593001,N,25-JUN-2026
PROD_67778,67778,02243837,VANIQA,,,0143801001,N,24-JUN-2026
PROD_67779,67779,02243838,BISACODYL TABLETS 5MG,,LS - LAXATIVES (GENERAL),0101506001,N,10-JUN-2026
PROD_67797,67797,02243856,TRELSTAR,MICROGRANULES FOR DEPOT SUSP. 3 MONTH SLOW-RELEASE,,0137103002,N,30-JUL-2026
PROD_67803,67803,02243862,FUCITHALMIC,CONTAINS PRESERVATIVE,,0114230001,N,19-AUG-2026
PROD_67819,67819,02243878,SERC,,,0103555003,N,22-APR-2026
PROD_67821,67821,02243880,APO-LORATADINE,,,0120416001,N,22-MAR-2025
PROD_67829,67829,02243888,STREPSILS ANAESTHETIC FORMULA,,CAT IV - THROAT LOZENGES,0124466002,N,17-MAR-2026
PROD_67852,67852,02243910,REMERON,,,0143928002,N,22-MAR-2025
PROD_67856,67856,02243914,RETIN-A MICRO,MICROSPHERES GEL,,0112395004,N,10-FEB-2026
PROD_67861,67861,02243919,AERIUS,,,0143961001,N,16-JUN-2025
PROD_67875,67875,02243933,LEVULAN KERASTICK,,,0143983001,N,31-JUL-2025
PROD_67891,67891,02243948,PUREGON,,,0141201009,N,22-MAR-2025
PROD_67909,67909,02243966,MEDLINE REMEDY ESSENTIALS CLEANSE BAZA CLEANSE & PROTECT,,CAT IV - MEDICATED SKIN CARE PRODUCTS,0106827016,N,09-MAR-2026
PROD_67917,67917,02243974,ENTROPHEN CHEWABLE,,,0101169013,N,25-JUN-2026
PROD_67942,67942,02243999,ESTRADOT 37.5,,,0106457034,N,12-JAN-2026
PROD_67943,67943,02244000,ESTRADOT 50,,,0106457035,N,12-JAN-2026
PROD_67944,67944,02244001,ESTRADOT 75,,,0106457036,N,12-JAN-2026
PROD_67945,67945,02244002,ESTRADOT 100,,,0106457037,N,12-JAN-2026
PROD_67948,67948,02244005,MONISTAT 3 VAGINAL CREAM,,,0110272004,N,17-JUN-2026
PROD_67959,67959,02244016,REMICADE,,,0144162001,N,12-JUN-2026
PROD_67964,67964,02244021,ATACAND PLUS,,,0244181001,N,27-JUL-2026
PROD_67965,67965,02244022,MISOPROSTOL,,,0116767002,N,17-JUN-2026
PROD_67966,67966,02244023,MISOPROSTOL,,,0116767001,N,17-JUN-2026
PROD_67995,67995,02244052,KEYSTONE ANTIBACTERIAL FOAM HAND SOAP,,CAT IV - ANTISEPTIC SKIN CLEANSERS,0108865003,N,22-MAR-2025
PROD_68066,68066,02244107,SEROQUEL,,,0131858005,N,27-JUL-2026
PROD_68084,68084,02244126,DOVOBET OINTMENT,,,0252270001,N,24-AUG-2026
PROD_68108,68108,02244147,SUFENTANIL CITRATE INJECTION USP,,,0144821001,N,29-JUN-2026
PROD_68109,68109,02244148,PROTOPIC,,,0127857004,N,22-MAY-2026
PROD_68110,68110,02244149,PROTOPIC,,,0127857005,N,22-MAY-2026
PROD_68166,68166,02244203,SLEEP AID LIQUID FASTGELS,,LS - SLEEP AIDS,0102639001,N,29-JUN-2026
PROD_68167,68167,02244204,ULTRA STRENGTH GAS RELIEF,,LS - ANTIFLATULENTS,0131347005,N,26-JUN-2026
PROD_68230,68230,02244263,COLTALIN COLD & ALLERGY TABLETS,,,0316099002,N,29-JUN-2026
PROD_68233,68233,02244266,CANCIDAS,,,0144763002,N,25-JUN-2026
PROD_68257,68257,02244290,METADOL-D,,,0144621001,N,31-JUL-2026
PROD_68258,68258,02244291,FLOVENT HFA,,,0124685001,N,07-JUL-2026
PROD_68259,68259,02244292,FLOVENT HFA,,,0124685004,N,07-JUL-2026
PROD_68260,68260,02244293,FLOVENT HFA,,,0124685003,N,07-JUL-2026
PROD_68271,68271,02244304,APO-GABAPENTIN,,,0125929001,N,26-JUN-2026
PROD_68273,68273,02244305,APO-GABAPENTIN,,,0125929003,N,26-JUN-2026
PROD_68274,68274,02244306,APO-GABAPENTIN,,,0125929002,N,26-JUN-2026
PROD_68278,68278,02244310,RENAGEL,,,0139865002,N,22-JUN-2026
PROD_68299,68299,02244331,TAMINOL CAPLETS,,"LS - ANALG. (ACETAMINOPHEN, SALICYLATES, CODEINE)",0102009002,N,29-JUN-2026
PROD_68312,68312,02244344,MICARDIS PLUS,,,0244783001,N,22-MAR-2025
PROD_68321,68321,02244353,NOVORAPID,3ML PENFILL CARTRIDGE,,0144802001,N,09-JUN-2026
PROD_68334,68334,02244366,MEFLOQUINE,,,0124227001,N,17-JUN-2026
PROD_68340,68340,02244372,PACLITAXEL FOR INJECTION,,,0124214001,N,22-MAR-2025
PROD_68347,68347,02244379,PROPOFOL INJECTION,,,0121833001,N,12-JAN-2026
PROD_68362,68362,02244393,APO-CEFUROXIME,,,0122448001,N,15-JUL-2026
PROD_68363,68363,02244394,APO-CEFUROXIME,,,0122448002,N,15-JUL-2026
PROD_68372,68372,02244403,TARO-CARBAMAZEPINE CHEWABLE TABLETS,,,0108674003,N,25-JUN-2026
PROD_68373,68373,02244404,TARO-CARBAMAZEPINE CHEWABLE TABLETS,,,0108674001,N,25-JUN-2026
PROD_68448,68448,02244475,"DIPYRIDAMOLE INJECTION, USP",,,0106621005,N,24-JUN-2026
PROD_68471,68471,02244495,TEVA-LEVOCARBIDOPA,,,0210315003,N,25-JUN-2026
PROD_68472,68472,02244496,TEVA-LEVOCARBIDOPA,,,0210315001,N,25-JUN-2026
PROD_68490,68490,02244513,TEVA-GABAPENTIN,100 MG,,0125929001,N,28-JUL-2026
PROD_68491,68491,02244514,TEVA-GABAPENTIN,300 MG,,0125929003,N,06-AUG-2026
PROD_68492,68492,02244515,TEVA-GABAPENTIN,400 MG,,0125929002,N,06-AUG-2026
PROD_68498,68498,02244521,NEXIUM - 20MG,,,0145162001,N,16-JUN-2026
PROD_68499,68499,02244522,NEXIUM - 40MG,,,0145162002,N,16-JUN-2026
PROD_68513,68513,02244533,MAXILENE 4,,LS - TOPICAL - ANAESTHETIC/ANALGESIC/ANTIPRURITIC,0103565009,N,26-JUN-2026
PROD_68533,68533,02244550,PAMIDRONATE DISODIUM FOR INJECTION,,,0123608001,N,22-MAR-2025
PROD_68534,68534,02244551,PAMIDRONATE DISODIUM FOR INJECTION,,,0123608005,N,22-MAR-2025
PROD_68535,68535,02244552,PAMIDRONATE DISODIUM FOR INJECTION,,,0123608006,N,22-MAR-2025
PROD_68558,68558,02244573,MYOFLEX MAXIMUM STRENGTH,,LS - TRIETHANOLAMINE SALICYLATE (TROLAMINE),0103740004,N,22-MAR-2025
PROD_68562,68562,02244577,ADVIL EXTRA STRENGTH CAPLETS,,,0108883002,N,09-JUN-2025
PROD_68599,68599,02244612,DETROL LA,,,0135202002,N,22-MAR-2025
PROD_68600,68600,02244613,DETROL LA,,,0135202003,N,22-MAR-2025
PROD_68609,68609,02244622,"MILRINONE LACTATE INJECTION, USP",,,0131285001,N,22-MAR-2025
PROD_68625,68625,02244638,APO-CLOBAZAM,,,0114637001,N,29-JUN-2026
PROD_68628,68628,02244641,BIAXIN,,,0123752004,N,23-JUN-2026
PROD_68637,68637,02244650,REFRESH LIQUIGEL,,,0107332002,N,16-JUN-2025
PROD_68661,68661,02244673,TRILEPTAL ORAL SUSPENSION,,,0140461004,N,25-JUN-2026
PROD_68715,68715,02244726,AA-MEDROXY,,,0106339004,N,20-AUG-2026
PROD_68716,68716,02244727,AA-MEDROXY,,,0106339005,N,20-AUG-2026
PROD_68717,68717,02244728,DILTIAZEM HYDROCHLORIDE INJECTION,,,0115863003,N,30-JUL-2026
PROD_68767,68767,02244777,ODOR-EATERS,,CAT IV - ATHLETES FOOT TREATMENTS,0102537001,N,22-JUN-2026
PROD_68771,68771,02244781,DIOVAN 80MG TABLETS,,,0131885001,N,25-JUN-2026
PROD_68772,68772,02244782,DIOVAN 160MG TABLETS,,,0131885002,N,25-JUN-2026
PROD_68780,68780,02244790,SANDOZ MORPHINE SR,,,0104545009,N,25-JUN-2026
PROD_68781,68781,02244791,SANDOZ MORPHINE SR,,,0104545011,N,31-JUL-2026
PROD_68782,68782,02244792,SANDOZ MORPHINE SR,,,0104545010,N,25-JUN-2026
PROD_68816,68816,02244826,TNKASE,,,0145681001,N,26-JUN-2026
PROD_68828,68828,02244838,PMS-SERTRALINE,,,0123417003,N,26-JUN-2026
PROD_68829,68829,02244839,PMS-SERTRALINE,,,0123417001,N,26-JUN-2026
PROD_68830,68830,02244840,PMS-SERTRALINE,,,0123417002,N,26-JUN-2026
PROD_68839,68839,02244849,COLISTIMETHATE FOR INJECTION U.S.P.,,,0105857001,N,22-MAR-2025
PROD_68850,68850,02244858,REVERSA UV CREME VISAGE ET COU FPS 15,,CAT IV - SUNBURN PROTECTANTS,0322013029,N,22-MAR-2025
PROD_68929,68929,02244931,MESNA FOR INJECTION,,,0120705001,N,22-MAR-2025
PROD_68945,68945,02244947,"KETOROLAC TROMETHAMINE INJECTION, USP",,,0121995002,N,24-JUN-2026
PROD_68979,68979,02244981,TRACLEER,,,0145922001,N,24-OCT-2025
PROD_68980,68980,02244982,TRACLEER,,,0145922002,N,24-OCT-2025
PROD_68992,68992,02244993,ASA 81 MG,,,0101169013,N,12-JUN-2026
PROD_69017,69017,02245016,SINUS MEDICATION,,,0337541001,N,26-JUN-2026
PROD_69061,69061,02245057,NEISVAC-C,,,0246022001,N,24-JUN-2026
PROD_69062,69062,02245058,APO-OMEPRAZOLE,,,0121643001,N,22-MAR-2025
PROD_69081,69081,02245077,APO-ZOPICLONE,,,0122562002,N,25-JUN-2026
PROD_69136,69136,02245126,ADVAIR,,,0238341005,N,22-MAR-2025
PROD_69137,69137,02245127,ADVAIR,,,0238341006,N,22-MAR-2025
PROD_69200,69200,02245185,IMODIUM COMPLETE,,,0231812001,N,29-DEC-2025
PROD_69223,69223,02245208,APO-LAMOTRIGINE,,,0127134003,N,15-JUN-2026
PROD_69224,69224,02245209,APO-LAMOTRIGINE,,,0127134001,N,15-JUN-2026
PROD_69225,69225,02245210,APO-LAMOTRIGINE,,,0127134006,N,15-JUN-2026
PROD_69226,69226,02245211,AA-LEVOCARB CR,,,0210315004,N,22-MAR-2025
PROD_69229,69229,02245214,VITAMIN C,,,0108469006,N,23-JUN-2026
PROD_69230,69230,02245215,"PYRIDOXINE HYDROCHLORIDE INJECTION, USP",,,0131229002,N,22-MAR-2025
PROD_69257,69257,02245240,EXELON,,,0140521005,N,22-MAR-2025
PROD_69269,69269,02245247,APO-GLICLAZIDE,,,0119934001,N,26-JUN-2026
PROD_69270,69270,02245246,APO-INDAPAMIDE 1.25 MG TABLETS,,,0115402002,N,25-JUN-2026
PROD_69271,69271,02245248,"AMIODARONE HYDROCHLORIDE FOR INJECTION, USP",,,0118593002,N,23-JAN-2026
PROD_69316,69316,02245292,MYLAN-FLUCONAZOLE,,,0122529001,N,25-JUN-2026
PROD_69317,69317,02245293,MYLAN-FLUCONAZOLE,,,0122529002,N,25-JUN-2026
PROD_69356,69356,02245329,FOSAMAX,,,0150323002,N,22-MAR-2025
PROD_69384,69384,02245345,ANDROGEL,2.5 G GEL PER PACK,,0106405004,N,21-AUG-2026
PROD_69385,69385,02245346,ANDROGEL,5 G GEL PER PACK,,0106405004,N,23-JUN-2026
PROD_69428,69428,02245385,SYMBICORT 100 TURBUHALER,,,0246421003,N,17-JUN-2026
PROD_69429,69429,02245386,SYMBICORT 200 TURBUHALER,,,0246421004,N,17-JUN-2026
PROD_69441,69441,02245397,NOVORAPID,10 ML VIAL,,0144802001,N,30-JUL-2026
PROD_69468,69468,02245416,JAMP-DIMENHYDRINATE,,LS - DIMENHYDRINATE,0102747004,N,22-MAR-2025
PROD_69484,69484,02245432,PIMOZIDE,,,0109963001,N,23-JUN-2026
PROD_69485,69485,02245433,PIMOZIDE,,,0109963003,N,23-JUN-2026
PROD_69524,69524,02245464,BLES,SINGLE-USE VIALS,,0252489001,N,10-AUG-2026
PROD_69597,69597,02245510,PEDIACOL,,LS - ANTIFLATULENTS,0131347009,N,26-JUN-2026
PROD_69609,69609,02245522,"TARO-CLOBETASOL TOPICAL SOLUTION USP, 0.05%",,,0110995001,N,22-MAR-2025
PROD_69610,69610,02245523,"TARO-CLOBETASOL CREAM USP, 0.05%",,,0110995001,N,22-MAR-2025
PROD_69611,69611,02245524,"TARO-CLOBETASOL OINTMENT USP, 0.05%",,,0110995001,N,22-MAR-2025
PROD_69618,69618,02245531,ARIXTRA,0.5 ML SINGLE-USE PREFILLED SYRINGE,,0146781001,N,19-AUG-2026
PROD_69619,69619,02245532,PMS-PREDNISOLONE,,,0106287004,N,22-MAR-2025
PROD_69637,69637,02245546,MICONAZOLE NITRATE VAGINAL CREAM 2%,,,0110272001,N,22-MAR-2025
PROD_69657,69657,02245565,XATRAL,,,0146806001,N,22-MAR-2025
PROD_69667,69667,02245571,BACIJECT,,,0105859001,N,29-JUN-2026
PROD_69670,69670,02245575,DRIXORAL NO DRIP EXTRA MOISTURIZING,SOLUTION,,0101481001,N,12-AUG-2026
PROD_69673,69673,02245578,DRIXORAL NO DRIP ORIGINAL UNSCENTED,SOLUTION,,0101481001,N,12-AUG-2026
PROD_69676,69676,02245580,DRIXORAL NO DRIP COOLING MENTHOL,,,0101481001,N,22-MAR-2025
PROD_69689,69689,02245592,DAMYLIN WITH CODEINE SYRUP,,,0311067001,Y,26-JUN-2026
PROD_69718,69718,02245618,APO-WARFARIN,,,0104597007,N,16-FEB-2026
PROD_69719,69719,02245619,COPAXONE,SINGLE-USE PREFILLED SYRINGE,,0132525001,N,10-AUG-2026
PROD_69723,69723,02245623,APO-AMOXI CLAV,,,0234720005,N,22-MAR-2025
PROD_69741,69741,02245641,ORGALUTRAN,SINGLE-DOSE PREFILLED SYRINGE,,0146941001,N,06-AUG-2026
PROD_69743,69743,02245643,PMS-FLUCONAZOLE,,,0122529001,N,26-JUN-2026
PROD_69744,69744,02245644,PMS-FLUCONAZOLE,,,0122529002,N,26-JUN-2026
PROD_69762,69762,02245662,KETODERM CREAM 2%,,,0116793002,N,17-JUN-2026
PROD_69763,69763,02245663,APO-TRIMEBUTINE,,,0115865003,N,22-MAR-2025
PROD_69764,69764,02245664,APO-TRIMEBUTINE,,,0115865004,N,22-MAR-2025
PROD_69769,69769,02245669,APO-SALBUTAMOL HFA,,,0108887003,N,07-JUL-2026
PROD_69776,69776,02245676,ESTRADOT 25,,,0106457033,N,12-JAN-2026
PROD_69790,69790,02245689,LANTUS,VIAL,,0147062001,N,06-AUG-2026
PROD_69814,69814,02245710,"BENYLIN EXTRA STRENGTH ALL-IN-ONE COUGH, COLD & FLU",,,0421980003,N,14-JUL-2026
PROD_69848,69848,02245741,ANTISEPTIC BODY CLEANSER,,CAT IV - ANTISEPTIC SKIN CLEANSERS,0107629004,N,22-MAR-2025
PROD_69890,69890,02245777,VALCYTE,,,0147203001,N,27-JUL-2026
PROD_69937,69937,02245821,KETOROLAC,,,0121995003,N,23-JUN-2026
PROD_69944,69944,02245828,CLASTEON,,,0122982001,N,12-NOV-2025
PROD_69976,69976,02245859,CATHFLO,SINGLE-USE VIAL,,0120086004,N,12-AUG-2026
PROD_69984,69984,02245867,GRAVOL LIQUID GELS,,LS - DIMENHYDRINATE,0102747004,N,22-MAR-2025
PROD_69988,69988,02245871,COMFORT SHIELD,,,0106827017,N,26-JUN-2026
PROD_69999,69999,02245882,METHAZOLAMIDE,,,0107657001,N,17-JUN-2026
PROD_70015,70015,02245898,CYPROTERONE,,,0116806001,N,16-JUN-2026
PROD_70033,70033,02245913,KINERET,"100 MG/SYRINGE PRESERVATIVE-FREE, SINGLE-USE PREFILLED SYRINGES",,0147441001,N,20-AUG-2026
PROD_70034,70034,02245914,PMS-CARVEDILOL,,,0122683003,N,25-JUN-2026
PROD_70035,70035,02245915,PMS-CARVEDILOL,,,0122683004,N,25-JUN-2026
PROD_70036,70036,02245916,PMS-CARVEDILOL,,,0122683005,N,25-JUN-2026
PROD_70037,70037,02245917,PMS-CARVEDILOL,,,0122683001,N,25-JUN-2026
PROD_70063,70063,02245939,MAXILENE 5,,LS - TOPICAL - ANAESTHETIC/ANALGESIC/ANTIPRURITIC,0103565001,N,26-JUN-2026
PROD_70072,70072,02245948,LEVOTHYROXINE SODIUM FOR INJECTION,,,0107794010,N,24-JUN-2026
PROD_70103,70103,02245977,RECOMBIVAX HB,"ADULT DIALYSIS, PRESERVATIVE-FREE",,0119570003,N,30-OCT-2025
PROD_70136,70136,02246010,APO-METOPROLOL,,,0111923005,N,06-AUG-2026
PROD_70142,70142,02246016,THYROGEN,SINGLE-DOSE VIAL,,0147561001,N,07-AUG-2026
PROD_70170,70170,02246039,JAMP-BISACODYL,,LS - LAXATIVES (GENERAL),0101506001,N,30-DEC-2025
PROD_70187,70187,02246056,APO-CITALOPRAM,,,0136243001,N,16-JUL-2026
PROD_70188,70188,02246057,APO-CITALOPRAM,,,0136243002,N,16-JUL-2026
PROD_70191,70191,02246060,TYLENOL MUSCLE & BODY,,LS - ANALG (ACETAMINOPHEN LABELLING STANDARD),0102009008,N,12-SEP-2025
PROD_70216,70216,02246081,VARIVAX III,SINGLE-DOSE VIALS,,0165422001,N,07-AUG-2026
PROD_70217,70217,02246082,FLUNARIZINE,,,0133140001,N,12-JUN-2026
PROD_70219,70219,02246084,IPRAVENT,,,0115643004,N,23-JUN-2026
PROD_70300,70300,02246156,POLYSPORIN ITCH RELIEF,,LS - TOPICAL - ANAESTHETIC/ANALGESIC/ANTIPRURITIC,0233086001,N,28-MAR-2026
PROD_70312,70312,02246162,REACTINE COMPLETE,,,0247823001,N,17-MAR-2026
PROD_70344,70344,02246194,APO-AMIODARONE TABLETS,,,0118593001,N,25-JUN-2026
PROD_70384,70384,02246226,FLUDARA,,,0123842002,N,22-JUN-2026
PROD_70477,70477,02246314,GABAPENTIN,,,0125929001,N,29-APR-2026
PROD_70478,70478,02246315,GABAPENTIN,,,0125929003,N,29-APR-2026
PROD_70479,70479,02246316,GABAPENTIN,,,0125929002,N,29-APR-2026
PROD_70531,70531,02246365,TRANEXAMIC ACID INJECTION BP,,,0114760002,N,16-JUN-2026
PROD_70567,70567,02246397,TEARS NATURALE FORTE,,,0359110001,N,22-MAR-2025
PROD_70575,70575,02246403,JUNIOR STRENGTH ADVIL,,,0108883008,N,05-SEP-2025
PROD_70601,70601,02246427,KEYSTONE FOAM HAND SANITIZER,,CAT IV - ANTISEPTIC SKIN CLEANSERS,0104993004,N,22-MAR-2025
PROD_70715,70715,02246533,ANGIOMAX,SINGLE-USE VIAL,,0148342001,N,13-AUG-2026
PROD_70717,70717,02246534,TEVA-ZOPICLONE,,,0122562002,N,03-JUN-2026
PROD_70735,70735,02246552,REMODULIN,,,0148361001,N,25-JUN-2026
PROD_70736,70736,02246553,REMODULIN,,,0148361002,N,25-JUN-2026
PROD_70737,70737,02246554,REMODULIN,,,0148361003,N,25-JUN-2026
PROD_70738,70738,02246555,REMODULIN,,,0148361004,N,25-JUN-2026
PROD_70742,70742,02246559,VALTREX,,,0128626003,N,26-JUN-2026
PROD_70751,70751,02246568,COVERSYL PLUS LD,,,0248401002,N,26-JUN-2026
PROD_70752,70752,02246569,COVERSYL PLUS,,,0248401001,N,26-JUN-2026
PROD_70768,70768,02246581,PMS-ATENOLOL,,,0113847004,N,22-MAR-2025
PROD_70784,70784,02246597,PAMIDRONATE DISODIUM FOR INJECTION,,,0123608001,N,23-JUN-2026
PROD_70785,70785,02246598,PAMIDRONATE DISODIUM FOR INJECTION,,,0123608005,N,23-JUN-2026
PROD_70786,70786,02246599,PAMIDRONATE DISODIUM FOR INJECTION,,,0123608006,N,23-JUN-2026
PROD_70807,70807,02246619,XALACOM,,,0248501001,N,22-MAR-2025
PROD_70814,70814,02246624,COVERSYL,,,0127178003,N,22-MAR-2025
PROD_70886,70886,02246691,APO-HYDROXYQUINE,,,0107403001,N,15-JUN-2026
PROD_70888,70888,02246693,TRIPLE ANTIBIOTIC OINTMENT,,,0331818001,N,26-JUN-2026
PROD_70894,70894,02246699,APO-NAPROXEN EC TABLETS,,,0109634001,N,22-MAR-2025
PROD_70895,70895,02246700,APO-NAPROXEN EC,,,0109634004,N,22-MAR-2025
PROD_70896,70896,02246701,APO-NAPROXEN EC,,,0109634003,N,22-MAR-2025
PROD_70909,70909,02246714,TARO-AMCINONIDE,,,0113040001,N,25-JUN-2026
PROD_70993,70993,02246793,SPIRIVA,,,0148683001,N,16-JUN-2026
PROD_70995,70995,02246795,KETAMINE HYDROCHLORIDE INJECTION USP,,,0131360002,N,25-JUN-2026
PROD_70996,70996,02246796,KETAMINE HYDROCHLORIDE INJECTION USP,,,0131360003,N,22-MAR-2025
PROD_71005,71005,02246805,THYMOGLOBULIN,,,0148686001,N,22-JUN-2026
PROD_71020,71020,02246820,SANDOZ METFORMIN FC,,,0101773001,N,22-MAR-2025
PROD_71021,71021,02246821,SANDOZ METFORMIN FC,,,0101773002,N,22-MAR-2025
PROD_71050,71050,02246848,"HOT LEMON RELIEF FOR SYMPTOMS OF COUGH, COLD AND FLU EXTRA STRENGTH",,,0414717002,N,22-MAR-2025
PROD_71082,71082,02246859,AA-FENO-SUPER,,,0118895002,N,22-MAR-2025
PROD_71083,71083,02246860,AA-FENO-SUPER,,,0118895004,N,22-MAR-2025
PROD_71113,71113,02246888,AVAGARD CHG,,,0220398001,N,03-MAR-2026
PROD_71123,71123,02246896,ACTONEL,,,0135301003,N,25-APR-2025
PROD_71177,71177,02246950,STANHEXIDINE AQUEOUS 2% WITH 4% ISOPROPYL ALCOHOL,,,0213979001,N,22-MAR-2025
PROD_71178,71178,02246951,SENNA S. TABLETS,,LS - LAXATIVES (GENERAL),0215780001,N,22-MAR-2025
PROD_71182,71182,02246955,DIOVAN-HCT,160 MG/25 MG,,0240204003,N,30-JUL-2026
PROD_71189,71189,02246962,PYLERA,,,0348802001,N,27-JUL-2026
PROD_71196,71196,02246967,SANDOZ ESTRADIOL DERM 50,,,0106457035,N,16-JUN-2026
PROD_71197,71197,02246968,SANDOZ ESTRADIOL DERM 75,,,0106457036,N,16-JUN-2026
PROD_71198,71198,02246969,SANDOZ ESTRADIOL DERM 100,,,0106457037,N,16-JUN-2026
PROD_71241,71241,02247008,TEVA-PRAVASTATIN,,,0122563001,N,15-JUN-2026
PROD_71242,71242,02247009,TEVA-PRAVASTATIN,,,0122563002,N,15-JUN-2026
PROD_71243,71243,02247010,TEVA-PRAVASTATIN,,,0122563003,N,15-JUN-2026
PROD_71245,71245,02247011,APO-SIMVASTATIN,,,0122415001,N,22-MAR-2025
PROD_71246,71246,02247012,APO-SIMVASTATIN,,,0122415004,N,22-MAR-2025
PROD_71247,71247,02247013,APO-SIMVASTATIN,,,0122415003,N,22-MAR-2025
PROD_71248,71248,02247014,APO-SIMVASTATIN,,,0122415002,N,22-MAR-2025
PROD_71249,71249,02247015,APO-SIMVASTATIN,,,0122415005,N,22-MAR-2025
PROD_71256,71256,02247022,DEFEROXAMINE MESYLATE FOR INJECTION,SINGLE-USE VIAL,,0109208001,N,07-AUG-2026
PROD_71262,71262,02247027,KEPPRA,,,0148843001,N,22-MAR-2025
PROD_71263,71263,02247028,KEPPRA,,,0148843002,N,22-MAR-2025
PROD_71264,71264,02247029,KEPPRA,,,0148843003,N,22-MAR-2025
PROD_71308,71308,02247073,SANDOZ CYCLOSPORINE,,,0115996002,N,25-JUN-2026
PROD_71309,71309,02247074,SANDOZ CYCLOSPORINE,,,0115996003,N,25-JUN-2026
PROD_71336,71336,02247099,ZYPREXA INTRAMUSCULAR,,,0128783002,N,15-JUL-2026
PROD_71343,71343,02247104,PMS-DOXYCYCLINE,,,0105569005,N,11-DEC-2025
PROD_71350,71350,02247111,RAPAMUNE,,,0142721001,N,15-JUN-2026
PROD_71367,71367,02247127,OVOL FOR GAS 180 MG TABLET,,LS - ANTIFLATULENTS,0131347005,N,22-MAR-2025
PROD_71368,71368,02247128,VIREAD,,,0152569001,N,22-MAR-2025
PROD_71374,71374,02247134,SENNA LAXATIVE AND DOCUSATE SODIUM TABLETS,,LS - LAXATIVES (GENERAL),0215780001,N,11-JUN-2026
PROD_71388,71388,02247147,ROBAX PLATINUM,,,0248961001,N,15-SEP-2025
PROD_71404,71404,02247162,CRESTOR - 10MG,,,0148963001,N,17-AUG-2026
PROD_71405,71405,02247163,CRESTOR - 20MG,,,0148963002,N,17-AUG-2026
PROD_71406,71406,02247164,CRESTOR - 40MG,,,0148963003,N,17-AUG-2026
PROD_71435,71435,02247193,AERIUS KIDS,,,0143961002,N,16-JUN-2025
PROD_71450,71450,02247208,DUKORAL,,,0548981004,N,19-AUG-2026
PROD_71459,71459,02247217,RIVA-AMIODARONE,,,0118593001,N,22-MAR-2025
PROD_71463,71463,02247221,PRO-SIMVASTATIN,,,0122415004,N,23-APR-2026
PROD_71464,71464,02247222,PRO-SIMVASTATIN,,,0122415003,N,23-APR-2026
PROD_71465,71465,02247223,PRO-SIMVASTATIN,,,0122415002,N,29-JUL-2026
PROD_71466,71466,02247224,PRO-SIMVASTATIN,,,0122415005,N,03-JUL-2026
PROD_71480,71480,02247238,ELIDEL,,,0149001001,N,24-NOV-2025
PROD_71485,71485,02247243,GEN-CLOZAPINE,,,0122583001,N,26-JUN-2026
PROD_71486,71486,02247244,GEN-CLOZAPINE,,,0122583002,N,26-JUN-2026
PROD_71508,71508,02247265,PENNSAID,,,0114417007,N,25-NOV-2025
PROD_71565,71565,02247322,PROCTOL OINTMENT,,,0404592001,N,22-MAR-2025
PROD_71582,71582,02247339,ACT CIPROFLOXACIN,,,0123207006,N,18-JUN-2026
PROD_71583,71583,02247340,ACT CIPROFLOXACIN,,,0123207001,N,18-JUN-2026
PROD_71584,71584,02247341,ACT CIPROFLOXACIN,,,0123207002,N,18-JUN-2026
PROD_71589,71589,02247346,TEVA-GABAPENTIN,800 MG,,0125929005,N,06-AUG-2026
PROD_71619,71619,02247374,METADOL-D,,,0144621002,N,31-JUL-2026
PROD_71631,71631,02247386,PMS-HYDROCHLOROTHIAZIDE,,,0101048002,N,22-JUN-2026
PROD_71632,71632,02247387,PMS-HYDROCHLOROTHIAZIDE,,,0101048001,N,22-JUN-2026
PROD_71683,71683,02247437,INVANZ,,,0149104001,N,26-JUN-2026
PROD_71705,71705,02247459,"CHORIONIC GONADOTROPIN FOR INJECTION, USP",,,0106481003,N,22-JUN-2026
PROD_71749,71749,02247499,CLIMARA 25,,,0106457033,N,12-JUN-2026
PROD_71750,71750,02247500,CLIMARA 75,,,0106457036,N,12-JUN-2026
PROD_71771,71771,02247521,EZETROL,,,0149164001,N,22-MAR-2025
PROD_71788,71788,02247538,MURINE,,,0219598002,N,26-JUN-2026
PROD_71812,71812,02247560,ANTI-ITCH CREAM,,LS - TOPICAL - ANAESTHETIC/ANALGESIC/ANTIPRURITIC,0102639006,N,26-JUN-2026
PROD_71860,71860,02247600,BOOSTRIX,,,0533121002,N,29-JUN-2026
PROD_71882,71882,02247621,CHLORAL HYDRATE SYRUP ODAN,,,0101992002,N,09-JUN-2026
PROD_71914,71914,02247651,TARO-TERCONAZOLE,,,0122582001,N,26-JUN-2026
PROD_71918,71918,02247655,PMS-PRAVASTATIN,,,0122563001,N,26-JUN-2026
PROD_71919,71919,02247656,PMS-PRAVASTATIN,,,0122563002,N,26-JUN-2026
PROD_71920,71920,02247657,PMS-PRAVASTATIN,,,0122563003,N,26-JUN-2026
PROD_71950,71950,02247686,ATROVENT HFA,,,0115643002,N,07-JUL-2026
PROD_71958,71958,02247694,METADOL,,,0144621002,N,31-JUL-2026
PROD_71959,71959,02247698,METADOL,,,0144621002,N,31-JUL-2026
PROD_71963,71963,02247699,METADOL,,,0144621003,N,31-JUL-2026
PROD_71964,71964,02247700,METADOL,,,0144621001,N,31-JUL-2026
PROD_71965,71965,02247701,METADOL,,,0144621004,N,31-JUL-2026
PROD_71993,71993,02247721,PHYSIONEAL 40 GLUCOSE 1.36%,,,0649302004,N,22-MAR-2025
PROD_71997,71997,02247722,PHYSIONEAL 40 GLUCOSE 2.27%,,,0649302005,N,22-MAR-2025
PROD_71998,71998,02247723,PHYSIONEAL 40 GLUCOSE 3.86%,,,0649302006,N,22-MAR-2025
PROD_72002,72002,02247724,GAMUNEX,ALSO KNOW AS IMMUNE GLOBULIN (HUMAN). SINGLE-USE VIALS.,,0106267015,N,27-AUG-2026
PROD_72012,72012,02247732,CONCERTA,,,0107548004,N,24-JUL-2026
PROD_72013,72013,02247733,CONCERTA,,,0107548005,N,24-JUL-2026
PROD_72014,72014,02247734,CONCERTA,,,0107548006,N,24-JUL-2026
PROD_72016,72016,02247735,FAMOTIDINE OMEGA -(WITHOUT PRESERVATIVE),,,0118722003,N,22-MAR-2025
PROD_72026,72026,02247745,"FAMOTIDINE OMEGA  -(WITH PRESERVATIVE,BENZYL ALCOHOL)",,,0118722003,N,22-MAR-2025
PROD_72042,72042,02247750,PMS-PAROXETINE,,,0123131003,N,15-JUN-2026
PROD_72043,72043,02247751,PMS-PAROXETINE,,,0123131002,N,15-JUN-2026
PROD_72044,72044,02247752,PMS-PAROXETINE,,,0123131001,N,15-JUN-2026
PROD_72045,72045,02247753,OMEGA ALLERGENIC EXTRACTS - POLLENS (AQUEOUS),,,0149326001,N,22-MAR-2025
PROD_72046,72046,02247754,OMEGA ALLERGENIC EXTRACTS - POLLENS (GLYCERINATED),,,0149326001,N,22-MAR-2025
PROD_72047,72047,02247755,OMEGA ALLERGENIC EXTRACTS - POLLENS (SUSPAL),,,0149326001,N,22-MAR-2025
PROD_72048,72048,02247756,OMEGA ALLERGENIC EXTRACTS - NON-POLLENS (AQUEOUS),,,0149327001,N,22-MAR-2025
PROD_72049,72049,02247757,OMEGA ALLERGENIC EXTRACTS - NON-POLLENS (GLYCERINATED),,,0149327001,N,22-MAR-2025
PROD_72050,72050,02247758,OMEGA ALLERGENIC EXTRACTS - NON-POLLENS (SUSPAL),,,0149327001,N,22-MAR-2025
PROD_72060,72060,02247766,CETROTIDE,,,0149341001,N,22-MAR-2025
PROD_72096,72096,02247802,TEVA-FOSINOPRIL,,,0122777001,N,22-MAR-2025
PROD_72097,72097,02247803,TEVA-FOSINOPRIL,,,0122777002,N,22-MAR-2025
PROD_72107,72107,02247813,AVODART,,,0149361001,N,13-AUG-2026
PROD_72120,72120,02247825,3TC,,,0128157005,N,22-JUN-2026
PROD_72159,72159,02247852,OXYGEN USP,,,0110469001,N,22-MAR-2025
PROD_72190,72190,02247882,PROCTOL SUPPOSITORIES,,,0404592002,N,22-MAR-2025
PROD_72247,72247,02247937,APO-HYDROXYUREA,,,0113432001,N,23-APR-2026
PROD_72248,72248,02247938,VASOPRESSIN INJECTION USP,,,0106469001,N,22-MAR-2025
PROD_72255,72255,02247945,TEVA-RAMIPRIL,,,0122858004,N,18-JUN-2026
PROD_72256,72256,02247946,TEVA-RAMIPRIL,,,0122858003,N,18-JUN-2026
PROD_72257,72257,02247947,TEVA-RAMIPRIL,,,0122858002,N,18-JUN-2026
PROD_72312,72312,02247998,SERC,,,0103555004,N,23-JUN-2026
PROD_72326,72326,02248010,PMS-CITALOPRAM,,,0136243001,N,25-JUN-2026
PROD_72327,72327,02248011,PMS-CITALOPRAM,,,0136243002,N,25-JUN-2026
PROD_72354,72354,02248034,AA-CLOZAPINE,,,0122583001,N,22-MAR-2025
PROD_72355,72355,02248035,AA-CLOZAPINE,,,0122583002,N,22-MAR-2025
PROD_72379,72379,02248059,CLEAR EYES ALLERGY,,,0332648002,N,26-JUN-2026
PROD_72380,72380,02248060,CLEAR EYES,,,0103282002,N,26-AUG-2026
PROD_72399,72399,02248077,PEGASYS,SINGLE-USE PREFILLED SYRINGE,,0149481001,N,06-AUG-2026
PROD_72410,72410,02248088,CIALIS,,,0149485001,N,25-JUN-2026
PROD_72411,72411,02248089,CIALIS,,,0149485002,N,25-JUN-2026
PROD_72459,72459,02248130,TEVA-MOMETASONE,,,0121732001,N,15-JUL-2026
PROD_72483,72483,02248151,ALPHAGAN P,,,0131859003,N,22-MAR-2025
PROD_72525,72525,02248189,POLYSPORIN FOR KIDS,,LS - TOPICAL ANTIBIOTICS,0301291001,N,29-JUN-2026
PROD_72537,72537,02248201,APO-SILDENAFIL,,,0136261001,N,15-JUN-2026
PROD_72538,72538,02248202,APO-SILDENAFIL,,,0136261002,N,15-JUN-2026
PROD_72539,72539,02248203,APO-SILDENAFIL,,,0136261003,N,15-JUN-2026
PROD_72567,72567,02248231,ADVIL EXTRA STRENGTH LIQUI-GELS,,,0108883002,N,29-JUL-2026
PROD_72576,72576,02248239,ELIGARD,1-MONTH. SINGLE-DOSE PREFILLED SYRINGES,,0116959002,N,24-AUG-2026
PROD_72577,72577,02248240,ELIGARD,3-MONTH. SINGLE-DOSE PREFILLED SYRINGES,,0116959005,N,24-AUG-2026
PROD_72606,72606,02248267,PMS-MELOXICAM,,,0131676003,N,22-MAR-2025
PROD_72607,72607,02248268,PMS-MELOXICAM,,,0131676004,N,22-MAR-2025
PROD_72636,72636,02248296,ZOMETA CONCENTRATE,,,0141761002,N,26-JUN-2026
PROD_72637,72637,02248297,EVRA,,,0248061003,N,20-AUG-2026
PROD_72643,72643,02248302,MULTIHANCE,,,0149628001,N,26-JUN-2026
PROD_72648,72648,02248307,FLONASE ALLERGY RELIEF,SUSPENSION,,0124685001,N,14-AUG-2026
PROD_72692,72692,02248347,COMBIGAN,,,0249643001,N,22-MAR-2025
PROD_72766,72766,02248416,FASTURTEC,,,0149668001,N,25-JUN-2026
PROD_72789,72789,02248438,PMS-CIPROFLOXACIN,,,0123207001,N,16-JUN-2026
PROD_72809,72809,02248457,TEVA-GABAPENTIN,600 MG,,0125929004,N,06-AUG-2026
PROD_72824,72824,02248472,BENZACLIN,,,0242561001,N,22-MAR-2025
PROD_72840,72840,02248488,"4% ASTRACAINE DENTAL WITH EPINEPHRINE FORTE 1:100,000 (0.01MG/ML)",,,0226661001,N,22-MAR-2025
PROD_72841,72841,02248489,"4% ASTRACAINE DENTAL WITH EPINEPHRINE 1:200,000 (0.005MG/ML)",,,0226661002,N,22-MAR-2025
PROD_72848,72848,02248496,RIVA-SERTRALINE,,,0123417003,N,22-MAR-2025
PROD_72849,72849,02248497,RIVA-SERTRALINE,,,0123417001,N,22-MAR-2025
PROD_72850,72850,02248498,RIVA-SERTRALINE,,,0123417002,N,22-MAR-2025
PROD_72855,72855,02248503,PAXIL CR,,,0123131005,N,25-JUN-2026
PROD_72856,72856,02248504,PAXIL CR,,,0123131006,N,25-JUN-2026
PROD_72892,72892,02248538,APO-TRYPTOPHAN,,,0111038003,N,01-APR-2026
PROD_72893,72893,02248539,APO-TRYPTOPHAN,,,0111038001,N,01-APR-2026
PROD_72895,72895,02248540,APO-TRYPTOPHAN,,,0111038003,N,01-APR-2026
PROD_72897,72897,02248542,REMERON RD,,,0143928001,N,22-MAR-2025
PROD_72898,72898,02248543,REMERON RD,,,0143928002,N,22-MAR-2025
PROD_72899,72899,02248544,REMERON RD,,,0143928003,N,22-MAR-2025
PROD_72911,72911,02248556,TEVA-PAROXETINE,,,0123131003,N,22-MAR-2025
PROD_72912,72912,02248557,TEVA-PAROXETINE,,,0123131002,N,22-MAR-2025
PROD_72913,72913,02248558,TEVA-PAROXETINE,,,0123131001,N,22-MAR-2025
PROD_72914,72914,02248559,RIVA-PAROXETINE,,,0123131003,N,22-MAR-2025
PROD_72915,72915,02248560,RIVA-PAROXETINE,,,0123131002,N,22-MAR-2025
PROD_72916,72916,02248561,RIVA-PAROXETINE,,,0123131001,N,22-MAR-2025
PROD_72917,72917,02248562,APO-METRONIDAZOLE,,,0102572003,N,19-JUN-2026
PROD_72923,72923,02248568,ROBITUSSIN SUGAR FREE COUGH CONTROL,,,0200826005,N,22-MAR-2025
PROD_72935,72935,02248580,EXTRA STRENGTH FLU RELIEF DAYTIME,,,0319503001,N,11-JUN-2026
PROD_72981,72981,02248624,FASLODEX,SINGLE-USE PREFILLED SYRINGE,,0149744001,N,12-AUG-2026
PROD_72996,72996,02248639,OCTREOTIDE ACETATE OMEGA,,,0121548004,N,09-JAN-2026
PROD_72997,72997,02248640,OCTREOTIDE ACETATE OMEGA,,,0121548001,N,09-JAN-2026
PROD_72998,72998,02248641,OCTREOTIDE ACETATE OMEGA,,,0121548002,N,09-JAN-2026
PROD_72999,72999,02248642,OCTREOTIDE ACETATE OMEGA,,,0121548003,N,09-JAN-2026
PROD_73002,73002,02248645,ADVIL COLD & SINUS PLUS,,,0349765001,N,02-SEP-2026
PROD_73003,73003,02248646,EXTRA STRENGTH HEAD COLD AND SINUS,CAPLETS,,0216113001,N,17-AUG-2026
PROD_73040,73040,02248676,IRESSA,,,0149783001,N,16-JUN-2026
PROD_73064,73064,02248700,EXTRA STRENGTH FLU RELIEF NIGHTIME,,,0327704004,N,26-JUN-2026
PROD_73070,73070,02248706,PRO-ALPRAZOLAM,,,0115008003,N,22-MAR-2025
PROD_73098,73098,02248730,APO-ALENDRONATE,,,0150323002,N,22-MAR-2025
PROD_73120,73120,02248752,CARVEDILOL,,,0122683003,N,09-JAN-2026
PROD_73121,73121,02248753,CARVEDILOL,,,0122683004,N,09-JAN-2026
PROD_73122,73122,02248754,CARVEDILOL,,,0122683005,N,09-JAN-2026
PROD_73123,73123,02248755,CARVEDILOL,,,0122683001,N,09-JAN-2026
PROD_73124,73124,02248756,SANDOZ CIPROFLOXACIN,,,0123207006,N,26-JUN-2026
PROD_73125,73125,02248757,SANDOZ CIPROFLOXACIN,,,0123207001,N,26-JUN-2026
PROD_73126,73126,02248758,SANDOZ CIPROFLOXACIN,,,0123207002,N,26-JUN-2026
PROD_73131,73131,02248763,AA-ATENIDONE,,,0216877002,N,22-MAR-2025
PROD_73132,73132,02248764,AA-ATENIDONE,,,0216877001,N,22-MAR-2025
PROD_73177,73177,02248808,ADDERALL XR,,,0161310001,N,10-OCT-2025
PROD_73178,73178,02248809,ADDERALL XR,,,0161310002,N,10-OCT-2025
PROD_73179,73179,02248810,ADDERALL XR,,,0161310003,N,10-OCT-2025
PROD_73180,73180,02248811,ADDERALL XR,,,0161310004,N,10-OCT-2025
PROD_73181,73181,02248812,ADDERALL XR,,,0161310005,N,10-OCT-2025
PROD_73182,73182,02248813,ADDERALL XR,,,0161310006,N,10-OCT-2025
PROD_73225,73225,02248854,THERATEARS LUBRICANT EYE DROPS,,,0107332004,N,22-MAR-2025
PROD_73226,73226,02248855,PMS-METOPROLOL-L,,,0111923005,N,25-JUN-2026
PROD_73230,73230,02248858,BENYLIN FOR CHILDREN COUGH NIGHT,,,0102639004,N,28-JAN-2026
PROD_73231,73231,02248859,BENYLIN SLEEP TIME,,LS - COUGH AND COLD,0102639003,N,22-JUN-2026
PROD_73232,73232,02248860,TEVA-TOPIRAMATE,,,0132938001,N,09-JAN-2026
PROD_73233,73233,02248861,TEVA-TOPIRAMATE,,,0132938002,N,09-JAN-2026
PROD_73234,73234,02248862,TEVA-TOPIRAMATE,,,0132938006,N,09-JAN-2026
PROD_73287,73287,02248913,PRO-PAROXETINE,,,0123131003,N,06-MAR-2026
PROD_73288,73288,02248914,PRO-PAROXETINE,,,0123131002,N,29-OCT-2025
PROD_73289,73289,02248915,PRO-PAROXETINE,,,0123131001,N,06-MAR-2026
PROD_73309,73309,02248934,BICARBONATE CONCENTRATE B38,,,0104153004,N,22-MAR-2025
PROD_73340,73340,02248965,FABRAZYME,,,0149901001,N,15-JUN-2026
PROD_73341,73341,02248966,FABRAZYME,,,0149901002,N,22-MAR-2025
PROD_73355,73355,02248973,APO-MELOXICAM,,,0131676003,N,25-JUN-2026
PROD_73356,73356,02248974,APO-MELOXICAM,,,0131676004,N,25-JUN-2026
PROD_73377,73377,02248992,ZOMIG NASAL SPRAY,,,0134381001,N,22-JUL-2025
PROD_73378,73378,02248993,ZOMIG NASAL SPRAY,,,0134381002,N,22-JUL-2025
PROD_73379,73379,02248994,DIARRHEA RELIEF,,,0111332001,N,16-JUN-2026
PROD_73384,73384,02248999,ELIGARD,4-MONTH. SINGLE-DOSE PREFILLED SYRINGES,,0116959007,N,24-AUG-2026
PROD_73392,73392,02249057,REPLAGAL,SINGLE-USE VIAL,,0149941001,N,07-AUG-2026
PROD_73416,73416,02249324,APO-METHYLPHENIDATE,,,0107548001,N,30-JUL-2026
PROD_73417,73417,02249332,APO-METHYLPHENIDATE,,,0107548002,N,30-JUL-2026
PROD_73420,73420,02249405,ACTIVELLE,,,0242942003,N,25-JUN-2026
PROD_73429,73429,02249464,PREVACID FASTAB,,,0127666002,N,17-JUN-2026
PROD_73430,73430,02249472,PREVACID FASTAB,,,0127666001,N,17-JUN-2026
PROD_73432,73432,02249499,ANDROGEL,1% METERED-DOSE PUMP,,0106405003,N,19-AUG-2026
PROD_73433,73433,02249510,MIDAMOR,,,0113867001,N,17-JUN-2026
PROD_73439,73439,02249561,FLUMAZENIL INJECTION,,,0122202001,N,26-JUN-2026
PROD_73448,73448,02249677,PAMIDRONATE DISODIUM OMEGA 6 MG/ML,,,0123608005,N,18-DEC-2025
PROD_73449,73449,02249685,PAMIDRONATE DISODIUM OMEGA 9 MG/ML,,,0123608006,N,18-DEC-2025
PROD_73463,73463,02249790,NEULASTA,,,0149962001,N,30-JUL-2026
PROD_73487,73487,02250055,APO-DEXAMETHASONE,,,0106303003,N,26-JUN-2026
PROD_73495,73495,02250144,TEVA-SIMVASTATIN,,,0122415001,N,15-JUN-2026
PROD_73496,73496,02250152,TEVA-SIMVASTATIN,,,0122415004,N,15-JUN-2026
PROD_73497,73497,02250160,TEVA-SIMVASTATIN,,,0122415003,N,15-JUN-2026
PROD_73498,73498,02250179,TEVA-SIMVASTATIN,,,0122415002,N,15-JUN-2026
PROD_73499,73499,02250187,TEVA-SIMVASTATIN,,,0122415005,N,15-JUN-2026
PROD_73505,73505,02250241,CONCERTA,,,0107548007,N,24-JUL-2026
PROD_73533,73533,02250519,ZAVESCA,,,0150021001,N,22-MAR-2025
PROD_73540,73540,02250594,SANDOZ MIRTAZAPINE,,,0143928001,N,26-JUN-2026
PROD_73541,73541,02250608,SANDOZ MIRTAZAPINE,,,0143928002,N,26-JUN-2026
PROD_73565,73565,02250705,ADVIL COLD & SINUS LIQUI-GELS,,,0222394001,N,29-AUG-2026
PROD_73583,73583,02250896,TARO-PHENYTOIN,,,0101372001,N,26-JUN-2026
PROD_73592,73592,02250993,"BENADRYL ALLERGY, SINUS & PAIN TOTAL",,,0327704004,N,14-MAY-2026
PROD_73612,73612,02251167,RIVA-GABAPENTIN,,,0125929001,N,26-JAN-2026
PROD_73613,73613,02251175,RIVA-GABAPENTIN,,,0125929003,N,26-JAN-2026
PROD_73614,73614,02251183,RIVA-GABAPENTIN,,,0125929002,N,26-JAN-2026
PROD_73619,73619,02251248,RIVA-CIPROFLOXACIN,,,0123207001,N,22-MAR-2025
PROD_73640,73640,02251477,BAXEDIN 2% - 70%,,,0213979006,N,22-MAR-2025
PROD_73644,73644,02251515,APO-RAMIPRIL,,,0122858001,N,25-JUN-2026
PROD_73646,73646,02251531,APO-RAMIPRIL,,,0122858004,N,25-JUN-2026
PROD_73648,73648,02251574,APO-RAMIPRIL,,,0122858003,N,25-JUN-2026
PROD_73650,73650,02251582,APO-RAMIPRIL,,,0122858002,N,25-JUN-2026
PROD_73683,73683,02251930,LANTUS,CARTRIDGE,,0147062001,N,17-AUG-2026
PROD_73690,73690,02252007,PMS-RISPERIDONE,,,0124332006,N,22-MAR-2025
PROD_73691,73691,02252015,PMS-RISPERIDONE,,,0124332007,N,22-MAR-2025
PROD_73692,73692,02252023,PMS-RISPERIDONE,,,0124332003,N,22-MAR-2025
PROD_73693,73693,02252031,PMS-RISPERIDONE,,,0124332004,N,22-MAR-2025
PROD_73694,73694,02252058,PMS-RISPERIDONE,,,0124332002,N,22-MAR-2025
PROD_73695,73695,02252066,PMS-RISPERIDONE,,,0124332005,N,22-MAR-2025
PROD_73710,73710,02252228,EXTRA STRENGTH MUSCLE & BACK PAIN ASA 500 MG METHOCARBAMOL 400 MG & ACETYLSALICYLIC ACID 500 MG,,,0201273002,N,12-JUN-2026
PROD_73714,73714,02252260,VIGAMOX,,,0142242003,N,22-MAR-2025
PROD_73718,73718,02252309,TEVA-CARVEDILOL,,,0122683003,N,22-MAR-2025
PROD_73719,73719,02252317,TEVA-CARVEDILOL,,,0122683004,N,22-MAR-2025
PROD_73720,73720,02252325,TEVA-CARVEDILOL,,,0122683005,N,22-MAR-2025
PROD_73721,73721,02252333,TEVA-CARVEDILOL,,,0122683001,N,22-MAR-2025
PROD_73724,73724,02252376,"BENYLIN EXTRA STRENGTH ALL-IN-ONE COUGH, COLD & FLU NIGHT",,,0550062001,N,14-JUL-2026
PROD_73742,73742,02252554,ROBITUSSIN DM COUGHGELS LIQUI-GELS TOUX,,,0100807007,N,22-MAR-2025
PROD_73758,73758,02252716,CIPRODEX,,,0250083001,N,22-MAR-2025
PROD_73770,73770,02252767,APO-CLOPIDOGREL,,,0134440001,N,15-JUN-2026
PROD_73774,73774,02252805,ACETAMINOPHEN 325MG TABLETS REGULAR STRENGTH,,"LS - ANALG. (ACETAMINOPHEN, SALICYLATES, CODEINE)",0102009001,N,22-MAR-2025
PROD_73775,73775,02252813,ACETAMINOPHEN 500MG TABLETS EXTRA STRENGTH,,"LS - ANALG. (ACETAMINOPHEN, SALICYLATES, CODEINE)",0102009002,N,22-MAR-2025
PROD_73815,73815,02253186,NUVARING,,,0250087001,N,22-MAR-2025
PROD_73824,73824,02253275,GLEEVEC,,,0145503002,N,17-JUN-2026
PROD_73825,73825,02253283,GLEEVEC,,,0145503003,N,17-JUN-2026
PROD_73878,73878,02253852,INFANRIX HEXA,,,1165324001,N,22-MAR-2025
PROD_73901,73901,02254085,ACID CONCENTRATE A1230,,,0517387047,N,22-MAR-2025
PROD_73916,73916,02254247,ACID CONCENTRATE A1227,,,0617386134,N,22-MAR-2025
PROD_73917,73917,02254255,ACID CONCENTRATE A1226,,,0617386192,N,22-MAR-2025
PROD_73919,73919,02254298,ACID CONCENTRATE A1225,,,0617386165,N,22-MAR-2025
PROD_73921,73921,02254301,ACID CONCENTRATE A1224,,,0617386153,N,19-JUN-2026
PROD_73922,73922,02254328,ACID CONCENTRATE A1223,,,0617386128,N,22-MAR-2025
PROD_73923,73923,02254336,ACID CONCENTRATE A1222,,,0617386183,N,22-MAR-2025
PROD_73924,73924,02254344,ACID CONCENTRATE A1221,,,0617386056,N,22-MAR-2025
PROD_73930,73930,02254409,GRAVOL IMMEDIATE RELEASE & LONG ACTING CAPLETS,,,0102747003,N,12-JUN-2026
PROD_73935,73935,02254468,TYLENOL ULTRA RELIEF,,,0211744002,N,11-JUL-2025
PROD_73940,73940,02254506,ALDURAZYME,,,0150149001,N,09-FEB-2026
PROD_73989,73989,02254727,TEVA-TERBINAFINE,,,0132855002,N,22-MAR-2025
PROD_73995,73995,02254794,PICO-SALAX,,,0350181002,N,22-MAR-2025
PROD_74040,74040,02255251,ACETAMINOPHEN 500 MG TABLETS EXTRA STRENGTH EASY TO SWALLOW,,"LS - ANALG. (ACETAMINOPHEN, SALICYLATES, CODEINE)",0102009002,N,22-MAR-2025
PROD_74047,74047,02255316,RAMIPRIL,,,0122858004,N,22-MAR-2025
PROD_74048,74048,02255324,RAMIPRIL,,,0122858003,N,22-MAR-2025
PROD_74051,74051,02255332,RAMIPRIL,,,0122858002,N,22-MAR-2025
PROD_74071,74071,02255510,RIVA-FLUCONAZOLE,,,0122529004,N,23-JUN-2026
PROD_74072,74072,02255529,TEVA-FLUVOXAMINE,,,0122450002,N,22-MAR-2025
PROD_74073,74073,02255537,TEVA-FLUVOXAMINE,,,0122450001,N,22-MAR-2025
PROD_74089,74089,02255707,RISPERDAL CONSTA,,,0124332008,N,23-JUN-2026
PROD_74091,74091,02255723,RISPERDAL CONSTA,,,0124332009,N,23-JUN-2026
PROD_74093,74093,02255758,RISPERDAL CONSTA,,,0124332010,N,23-JUN-2026
PROD_74133,74133,02256096,MYLAN-MIRTAZAPINE,,,0143928001,N,26-JUN-2026
PROD_74134,74134,02256118,MYLAN-MIRTAZAPINE,,,0143928002,N,26-JUN-2026
PROD_74135,74135,02256126,MYLAN-MIRTAZAPINE,,,0143928003,N,26-JUN-2026
PROD_74136,74136,02256134,APO-BISOPROLOL,,,0122418001,N,30-APR-2026
PROD_74140,74140,02256177,APO-BISOPROLOL,,,0122418002,N,30-APR-2026
PROD_74143,74143,02256193,CESAMET,,,0115009002,N,22-MAR-2025
PROD_74152,74152,02256290,RELPAX,,,0150241001,N,22-MAR-2025
PROD_74153,74153,02256304,RELPAX,,,0150241002,N,22-MAR-2025
PROD_74161,74161,02256371,CLOBEX SHAMPOO,,,0110995001,N,22-MAR-2025
PROD_74163,74163,02256428,PMS-SUMATRIPTAN,,,0123238007,N,25-JUN-2026
PROD_74164,74164,02256436,PMS-SUMATRIPTAN,,,0123238002,N,25-JUN-2026
PROD_74165,74165,02256444,PMS-SUMATRIPTAN,,,0123238001,N,25-JUN-2026
PROD_74169,74169,02256452,DIARRHEA RELIEF,,,0111332001,N,16-JUN-2026
PROD_74170,74170,02256460,VFEND,,,0150242001,N,26-JUN-2026
PROD_74171,74171,02256479,VFEND,,,0150242002,N,26-JUN-2026
PROD_74172,74172,02256487,VFEND,,,0150242002,N,26-JUN-2026
PROD_74173,74173,02256495,APO-LEFLUNOMIDE,,,0140182001,N,25-JUN-2026
PROD_74174,74174,02256509,APO-LEFLUNOMIDE,,,0140182002,N,25-JUN-2026
PROD_74181,74181,02256576,"BENYLIN EXTRA STRENGTH ALL-IN-ONE COLD, FLU & COUGH NIGHT",,LS - COUGH AND COLD,0327704004,N,26-AUG-2026
PROD_74195,74195,02256738,TIAZAC XC,,,0115863004,N,12-SEP-2025
PROD_74196,74196,02256746,TIAZAC XC,,,0115863007,N,12-SEP-2025
PROD_74197,74197,02256754,TIAZAC XC,,,0115863006,N,12-SEP-2025
PROD_74198,74198,02256762,TIAZAC XC,,,0115863008,N,12-SEP-2025
PROD_74199,74199,02256770,TIAZAC XC,,,0115863009,N,12-SEP-2025
PROD_74220,74220,02256975,PROSHIELD PLUS,,,0106827013,N,22-MAR-2025
PROD_74230,74230,02257084,FROVA,,,0150262001,N,08-MAY-2026
PROD_74234,74234,02257122,INFANRIX-IPV/HIB,,,0950281002,N,17-APR-2026
PROD_74243,74243,02257238,LINESSA 28,,,0650285001,N,07-MAY-2025
PROD_74247,74247,02257270,ZYMAR,,,0142621005,N,22-MAR-2025
PROD_74277,74277,02257513,PRO-CITALOPRAM,,,0136243001,N,29-JUL-2026
PROD_74278,74278,02257521,PRO-CITALOPRAM,,,0136243002,N,29-JUL-2026
PROD_74279,74279,02257548,JAMP DIPHENHYDRAMINE 25 MG,,,0102639002,N,22-MAR-2025
PROD_74280,74280,02257556,JAMP DIPHENHYDRAMINE 50 MG,,LS - SLEEP AIDS,0102639001,N,22-MAR-2025
PROD_74296,74296,02257726,TEVA-METFORMIN,,,0101773001,N,22-MAR-2025
PROD_74297,74297,02257734,TEVA-METFORMIN,,,0101773002,N,22-MAR-2025
PROD_74314,74314,02257912,IBUPROFEN 200 MG,,,0108883004,N,22-MAR-2025
PROD_74319,74319,02257955,CLARUS,,,0115751001,N,25-JUN-2026
PROD_74320,74320,02257963,CLARUS,,,0115751002,N,25-JUN-2026
PROD_74328,74328,02258056,ARIXTRA,0.6 ML SINGLE-USE PREFILLED SYRINGE,,0146781002,N,19-AUG-2026
PROD_74341,74341,02258188,PMS-ONDANSETRON,,,0131120003,N,22-MAR-2025
PROD_74342,74342,02258196,PMS-ONDANSETRON,,,0131120001,N,22-MAR-2025
PROD_74343,74343,02258218,IRINOTECAN HYDROCHLORIDE INJECTION USP,,,0132910001,N,22-MAR-2025
PROD_74353,74353,02258315,TEVA-MELOXICAM,,,0131676003,N,22-MAR-2025
PROD_74354,74354,02258323,TEVA-MELOXICAM,,,0131676004,N,22-MAR-2025
PROD_74372,74372,02258528,EDECRIN,,,0101703002,N,22-MAR-2025
PROD_74379,74379,02258595,HUMIRA,,,0150364001,N,15-JUN-2026
PROD_74388,74388,02258692,COSOPT PRESERVATIVE-FREE,,,0237301001,N,22-MAR-2025
PROD_74414,74414,02258919,DAYTIME COLD & FLU LIQUID CAPSULES,,,0319503004,N,22-MAR-2025
PROD_74415,74415,02258927,NIGHTTIME COLD & FLU LIQUID CAPSULES,,,0419805008,N,22-MAR-2025
PROD_74461,74461,02259354,TEVA-MIRTAZAPINE,,,0143928002,N,22-MAR-2025
PROD_74506,74506,02259796,RIVA-GABAPENTIN,,,0125929004,N,14-MAY-2026
PROD_74507,74507,02259818,RIVA-GABAPENTIN,,,0125929005,N,14-MAY-2026
PROD_74515,74515,02259893,APO-TIZANIDINE,,,0135342001,N,31-DEC-2025
PROD_74601,74601,02260557,CLARITIN ALLERGY + SINUS EXTRA STRENGTH,,,0245861001,N,22-MAR-2025
PROD_74602,74602,02260565,XOLAIR,,,0150422001,N,16-JUN-2026
PROD_74647,74647,02261057,"BALANCE 1.5% GLUCOSE, 1.25 MMOL/L CALCIUM",,,0500162047,N,22-MAR-2025
PROD_74648,74648,02261065,"BALANCE 4.25% GLUCOSE, 1.25 MMOL/L CALCIUM",,,0500162048,N,22-MAR-2025
PROD_74649,74649,02261073,"BALANCE 2.3% GLUCOSE, 1.25 MMOL/L CALCIUM",,,0500162049,N,22-MAR-2025
PROD_74650,74650,02261081,APO-DEXAMETHASONE,,,0106303001,N,26-JUN-2026
PROD_74661,74661,02261219,HUMATE-P,,,0250427015,N,02-MAR-2026
PROD_74662,74662,02261227,HUMATE-P,,,0250427015,N,02-MAR-2026
PROD_74663,74663,02261235,HUMATE-P,,,0250427014,N,02-MAR-2026
PROD_74665,74665,02261251,TEVA-LEFLUNOMIDE,,,0140182001,N,21-AUG-2026
PROD_74666,74666,02261278,TEVA-LEFLUNOMIDE,,,0140182002,N,21-AUG-2026
PROD_74685,74685,02261472,FLUCONAZOLE IN SODIUM CHLORIDE INJECTION USP,,,0122529003,N,22-MAR-2025
PROD_74701,74701,02261634,PMS-AZITHROMYCIN,,,0126072001,N,19-AUG-2026
PROD_74709,74709,02261715,TEVA-ALENDRONATE,,,0150323002,N,22-MAR-2025
PROD_74710,74710,02261723,YASMIN 21,,,0250430001,N,15-JUN-2026
PROD_74711,74711,02261731,YASMIN 28,,,0250430001,N,15-JUN-2026
PROD_74714,74714,02261774,SANDOZ DICLOFENAC RAPIDE,,,0122516001,N,26-JUN-2026
PROD_74720,74720,02261839,SANDOZ-CARBAMAZEPINE CR,,,0108674001,N,26-JUN-2026
PROD_74721,74721,02261847,SANDOZ-CARBAMAZEPINE CR,,,0108674004,N,26-JUN-2026
PROD_74725,74725,02261898,TEVA-METOPROLOL,UNCOATED,,0111923005,N,14-AUG-2026
PROD_74727,74727,02261928,SANDOZ-DICLOFENAC,,,0114417002,N,26-JUN-2026
PROD_74742,74742,02262088,OVIDREL,,,0150432003,N,22-MAR-2025
PROD_74782,74782,02262452,VELCADE,SINGLE-USE VIAL,,0150433001,N,12-AUG-2026
PROD_74786,74786,02262479,ACID CONCENTRATE A1261,,,0617386054,N,22-MAR-2025
PROD_74787,74787,02262487,ACID CONCENTRATE A1262,,,0617386043,N,22-MAR-2025
PROD_74791,74791,02262525,ACID CONCENTRATE A1266,,,0617386042,N,22-MAR-2025
PROD_74839,74839,02262983,SUPEUDOL 20,,,0107552001,N,11-JUL-2025
PROD_74840,74840,02262991,PMS-TOPIRAMATE,FILM-COATED TABLET,,0132938001,N,06-AUG-2026
PROD_74841,74841,02263009,PMS-TOPIRAMATE,FILM-COATED TABLET,,0132938002,N,06-AUG-2026
PROD_74842,74842,02263017,PMS-TOPIRAMATE,FILM-COATED TABLET,,0132938006,N,06-AUG-2026
PROD_74862,74862,02263238,CIPRALEX  -10MG,,,0150435002,N,17-JUN-2026
PROD_74864,74864,02263254,CIPRALEX  -20MG,,,0150435004,N,17-JUN-2026
PROD_74874,74874,02263351,MYLAN-TOPIRAMATE,,,0132938001,N,25-JUN-2026
PROD_74875,74875,02263378,MYLAN-TOPIRAMATE,,,0132938002,N,25-JUN-2026
PROD_74876,74876,02263386,MYLAN-TOPIRAMATE,,,0132938006,N,25-JUN-2026
PROD_74932,74932,02263912,METHACHOLINE OMEGA,,,0136042007,N,22-MAR-2025
PROD_74940,74940,02263998,STREPSILS EXTRA BLACK CHERRY,,CAT IV - THROAT LOZENGES,0250443001,N,13-MAR-2026
PROD_74951,74951,02264099,CANESTEN COMBI 3 DAY,,,0219813002,N,22-MAR-2025
PROD_74952,74952,02264102,CANESTEN COMBI 1 DAY,,,0219813001,N,22-MAR-2025
PROD_74963,74963,02264196,TEVA-RISPERIDONE,,,0124332003,N,22-MAR-2025
PROD_74964,74964,02264218,TEVA-RISPERIDONE,,,0124332004,N,22-MAR-2025
PROD_74965,74965,02264226,TEVA-RISPERIDONE,,,0124332002,N,22-MAR-2025
PROD_74966,74966,02264234,TEVA-RISPERIDONE,,,0124332005,N,22-MAR-2025
PROD_74973,74973,02264307,"HEPARIN SODIUM INJECTION, USP",CONTAINS PRESERVATIVE,,0104596002,N,19-AUG-2026
PROD_74976,74976,02264315,"HEPARIN SODIUM INJECTION, USP",,,0104596004,N,19-JUN-2026
PROD_75000,75000,02264560,MYFORTIC,,,0150521001,N,12-FEB-2026
PROD_75001,75001,02264579,MYFORTIC,,,0150521002,N,12-FEB-2026
PROD_75010,75010,02264633,RETIN-A MICRO,MICROSPHERES GEL,,0112395006,N,10-FEB-2026
PROD_75038,75038,02264870,ULTRA HEADACHE RELIEF,,LS - ANALGESICS/CAFFEINE,0211744002,N,26-JUN-2026
PROD_75044,75044,02264935,MALARONE PEDIATRIC,,,0250721001,N,25-JUN-2026
PROD_75087,75087,02265400,BENYLIN EXTRA STRENGTH COUGH COMPLETE,,,0450661001,N,30-JUN-2026
PROD_75088,75088,02265419,BENYLIN EXTRA STRENGTH COUGH & CHEST CONGESTION,,,0350662001,N,14-APR-2026
PROD_75089,75089,02265427,BENYLIN EXTRA STRENGTH CHEST CONGESTION & COLD,,,0250663001,N,14-APR-2026
PROD_75090,75090,02265435,NOVOMIX 30,3ML PENFILL CARTRIDGE,,0252426004,N,18-JUN-2026
PROD_75095,75095,02265494,MYLAN-LAMOTRIGINE,,,0127134003,N,26-JUN-2026
PROD_75096,75096,02265508,MYLAN-LAMOTRIGINE,,,0127134001,N,26-JUN-2026
PROD_75097,75097,02265516,MYLAN-LAMOTRIGINE,,,0127134006,N,25-JUN-2026
PROD_75100,75100,02265540,CRESTOR - 5MG,,,0148963004,N,17-AUG-2026
PROD_75127,75127,02265826,SANDOZ AZITHROMYCIN,,,0126072001,N,24-JUN-2026
PROD_75141,75141,02265974,SEVOFLURANE,,,0127780001,N,25-JUN-2026
PROD_75142,75142,02265982,BLEOMYCIN FOR INJECTION,,,0133328001,N,22-MAR-2025
PROD_75144,75144,02266008,APO-FOSINOPRIL,,,0122777001,N,22-MAR-2025
PROD_75145,75145,02266016,APO-FOSINOPRIL,,,0122777002,N,22-MAR-2025
PROD_75157,75157,02266121,SATIVEX,,,0250921002,N,24-JUL-2026
PROD_75176,75176,02266342,"FLUMAZENIL INJECTION, USP",,,0122202001,N,10-MAR-2026
PROD_75180,75180,02266385,TARO-MOMETASONE LOTION,,,0121732001,N,22-MAR-2025
PROD_75196,75196,02266539,SANDOZ CLARITHROMYCIN,,,0123752001,N,25-JUN-2026
PROD_75197,75197,02266547,SANDOZ CLARITHROMYCIN,,,0123752002,N,25-JUN-2026
PROD_75207,75207,02266660,TEVA-ATENOLOL,,,0113847004,N,22-MAR-2025
PROD_75209,75209,02266687,AA-METHYLPHENIDATE SR,,,0107548002,N,01-APR-2026
PROD_75210,75210,02266695,LITHMAX,,,0101163002,N,17-JUN-2026
PROD_75233,75233,02266938,TARO-CLINDAMYCIN,,,0105830004,N,26-JUN-2026
PROD_75254,75254,02267144,HYGENIPAK 2% CHG FOAMING SKIN CLEANSER,,,0107629004,N,10-APR-2025
PROD_75263,75263,02267233,TECTA,,,0133229001,N,17-JUN-2026
PROD_75288,75288,02267470,TEVA-BISOPROLOL,,,0122418001,N,23-JUN-2026
PROD_75289,75289,02267489,TEVA-BISOPROLOL,,,0122418002,N,23-JUN-2026
PROD_75302,75302,02267616,ADVIL COLD AND SINUS DAYTIME,CAPLET,,0222394001,N,29-AUG-2026
PROD_75304,75304,02267632,ADVIL COLD AND SINUS NIGHTTIME,CAPLET,,0349765001,N,02-SEP-2026
PROD_75305,75305,02267640,AA-MEDROXY,,,0106339007,N,20-AUG-2026
PROD_75307,75307,02267659,ADENOSINE INJECTION,SINGLE-DOSE VIAL,,0113219001,N,24-JUN-2026
PROD_75308,75308,02267667,RABAVERT,,,0165642001,N,20-JUL-2026
PROD_75325,75325,02267845,TEVA-AZITHROMYCIN,,,0126072001,N,22-MAR-2025
PROD_75326,75326,02267853,METOPROLOL TARTRATE INJECTION USP,,,0111923004,N,16-JUN-2026
PROD_75337,75337,02267985,TARO-ATENOLOL,,,0113847002,N,22-MAR-2025
PROD_75338,75338,02267993,TARO-ATENOLOL,,,0113847001,N,22-MAR-2025
PROD_75346,75346,02268078,TARO-DOMPERIDONE,,,0116957001,N,09-APR-2025
PROD_75367,75367,02268272,XYREM,,,0151061001,N,22-MAR-2025
PROD_75377,75377,02268388,APO-SUMATRIPTAN,,,0123238002,N,11-AUG-2026
PROD_75378,75378,02268396,APO-SUMATRIPTAN,,,0123238001,N,11-AUG-2026
PROD_75379,75379,02268418,LYRICA,,,0151121001,N,22-MAR-2025
PROD_75380,75380,02268426,LYRICA,,,0151121002,N,22-MAR-2025
PROD_75381,75381,02268434,LYRICA,,,0151121003,N,22-MAR-2025
PROD_75383,75383,02268450,LYRICA,,,0151121005,N,22-MAR-2025
PROD_75385,75385,02268477,LYRICA,,,0151121007,N,22-MAR-2025
PROD_75386,75386,02268485,LYRICA,,,0151121008,N,22-MAR-2025
PROD_75387,75387,02268493,GLUMETZA,,,0101773001,N,31-JUL-2026
PROD_75394,75394,02268531,GENTAMICIN INJECTION USP,,,0105695003,N,26-JUN-2026
PROD_75411,75411,02268728,ACID CONCENTRATE A1294,,,0617386470,N,22-MAR-2025
PROD_75422,75422,02268825,ANGELIQ,,,0251181001,N,22-MAR-2025
PROD_75427,75427,02268884,CREST PRO-HEALTH MULTI PROTECTION,,,0106834010,N,29-JUN-2026
PROD_75428,75428,02268892,ELIGARD,6-MONTH. SINGLE-DOSE PREFILLED SYRINGES,,0116959012,N,24-AUG-2026
PROD_75430,75430,02268906,MYLAN-SUMATRIPTAN,,,0123238007,N,25-JUN-2026
PROD_75431,75431,02268914,MYLAN-SUMATRIPTAN,,,0123238002,N,25-JUN-2026
PROD_75432,75432,02268922,MYLAN-SUMATRIPTAN,,,0123238001,N,25-JUN-2026
PROD_75446,75446,02269066,LUVERIS,,,0151221001,N,29-JUN-2026
PROD_75447,75447,02269074,LIPIDIL EZ,,,0118895005,N,05-JAN-2026
PROD_75448,75448,02269082,LIPIDIL EZ,,,0118895006,N,05-JAN-2026
PROD_75453,75453,02269139,JAMP-ASA CHEW,,"LS - ANALG. (ACETAMINOPHEN, SALICYLATES, CODEINE)",0101169013,N,29-AUG-2025
PROD_75458,75458,02269198,ACLASTA,,,0141761003,N,22-MAR-2025
PROD_75459,75459,02269201,AVONEX,PREFILLED SYRINGE AND PREFILLED AUTOINJECTOR,,0131806004,N,21-AUG-2026
PROD_75479,75479,02269414,POTASSIUM CHLORIDE IN SODIUM CHLORIDE INJECTION USP,,,0213340004,N,20-MAY-2026
PROD_75489,75489,02269562,INFLUVAC,PREFILLED SYRINGES 1 OR 10 PER PACK PRESERVATIVE FREE,,0324197002,N,05-AUG-2026
PROD_75494,75494,02269589,SANDOZ GLIMEPIRIDE,,,0146247001,N,25-JUN-2026
PROD_75495,75495,02269597,SANDOZ GLIMEPIRIDE,,,0146247002,N,25-JUN-2026
PROD_75497,75497,02269619,SANDOZ GLIMEPIRIDE,,,0146247003,N,25-JUN-2026
PROD_75541,75541,02270013,OCTAPLASMA,,,0151262001,N,29-JUN-2026
PROD_75561,75561,02270226,TEVA-BICALUTAMIDE,,,0127996001,N,24-JUN-2026
PROD_75576,75576,02270382,GONAL-F PEN,,,0145621007,N,16-APR-2026
PROD_75577,75577,02270390,GONAL-F PEN,,,0145621007,N,16-APR-2026
PROD_75578,75578,02270404,GONAL-F PEN,,,0145621007,N,16-APR-2026
PROD_75580,75580,02270420,SOAPOPULAR,,,0104993027,N,22-MAR-2025
PROD_75588,75588,02270528,DIOVAN,,,0131885003,N,25-JUN-2026
PROD_75597,75597,02270609,PMS-CITALOPRAM,,,0136243003,N,25-JUN-2026
PROD_75617,75617,02270811,FINACEA,,,0126787002,N,02-APR-2026
PROD_75619,75619,02270846,INOMAX,,,0151361002,N,12-JUN-2026
PROD_75626,75626,02270889,RIVA-ALENDRONATE,,,0150323002,N,10-DEC-2025
PROD_75630,75630,02270919,"ALLERGENIC EXTRACT, STANDARDIZED MITE MIXED",,,0223339002,N,27-JUN-2025
PROD_75642,75642,02270994,AVASTIN,,,0151381001,N,12-JUN-2026
PROD_75669,75669,02271214,VINORELBINE TARTRATE FOR INJECTION,,,0126071001,N,23-JUN-2026
PROD_75672,75672,02271249,ERBITUX,,,0151441001,N,26-JUN-2026
PROD_75697,75697,02271508,CLINIQUE FOR MEN SPF 21 MOISTURIZER,,CAT IV - SUNBURN PROTECTANTS,0423152016,N,22-MAR-2025
PROD_75765,75765,02272113,MYLAN-AMLODIPINE,,,0131437002,N,29-JUN-2026
PROD_75766,75766,02272121,MYLAN-AMLODIPINE,,,0131437001,N,26-JUN-2026
PROD_75772,75772,02272199,SOMAVERT,KIT INCLUDES 1 SINGLE DOSE VIAL & STERILE WATER,,0151545001,N,16-JUN-2026
PROD_75774,75774,02272202,SOMAVERT,KIT INCLUDES 1 SINGLE DOSE VIAL & STERILE WATER,,0151545002,N,16-JUN-2026
PROD_75775,75775,02272210,SOMAVERT,KIT INCLUDES 1 SINGLE DOSE VIAL & STERILE WATER,,0151545003,N,16-JUN-2026
PROD_75800,75800,02272482,ACETAMINOPHEN ARTHRITIS PAIN,,,0102009008,N,26-JUN-2026
PROD_75803,75803,02272512,ACID CONCENTRATE A1270,,,0517387039,N,31-JUL-2026
PROD_75808,75808,02272563,ACID CONCENTRATE A1275,,,0617386127,N,22-MAR-2025
PROD_75810,75810,02272598,ACID CONCENTRATE A1277,,,0617386058,N,22-MAR-2025
PROD_75812,75812,02272628,ACID CONCENTRATE A1279,,,0617386180,N,22-MAR-2025
PROD_75820,75820,02272695,TEVA-COMBO STERINEBS,,,0232902001,N,18-JUN-2026
PROD_75828,75828,02272784,VICKS DAYQUIL COLD & FLU MULTI-SYMPTOM RELIEF LIQUICAPS,,,0351264003,N,22-MAR-2025
PROD_75829,75829,02272792,NYQUIL COLD & FLU LIQUICAPS,,,0351552003,N,09-APR-2025
PROD_75834,75834,02272830,APO-ISMN,,,0120456002,N,22-MAR-2025
PROD_75835,75835,02272849,IBUPROFEN TABLETS 200 MG,,,0108883004,N,27-JUL-2026
PROD_75836,75836,02272857,IBUPROFEN CAPLETS 200 MG,,,0108883004,N,15-JUN-2026
PROD_75839,75839,02272873,AA-LEVOCARB CR,,,0210315003,N,22-MAR-2025
PROD_75841,75841,02272903,LINESSA 21,,,0650285001,N,07-MAY-2025
PROD_75871,75871,02273217,ENABLEX,,,0151554001,N,22-MAR-2025
PROD_75872,75872,02273225,ENABLEX,,,0151554002,N,22-MAR-2025
PROD_75873,75873,02273233,CADUET,,,0251555001,N,21-AUG-2025
PROD_75874,75874,02273241,CADUET,,,0251555002,N,21-AUG-2025
PROD_75875,75875,02273268,CADUET,,,0251555003,N,21-AUG-2025
PROD_75876,75876,02273276,CADUET,,,0251555004,N,21-AUG-2025
PROD_75877,75877,02273284,CADUET,,,0251555005,N,21-AUG-2025
PROD_75878,75878,02273292,CADUET,,,0251555006,N,21-AUG-2025
PROD_75879,75879,02273306,CADUET,,,0251555007,N,21-AUG-2025
PROD_75880,75880,02273314,CADUET,,,0251555008,N,21-AUG-2025
PROD_75882,75882,02273330,NYQUIL KIDS COUGH & COLD,,LS - COUGH AND COLD,0200625005,N,22-MAR-2025
PROD_75884,75884,02273357,MAXIMUM STRENGTH PEPCID AC,FILM-COATED,,0118722001,N,29-JUL-2026
PROD_75886,75886,02273373,APO-AMLODIPINE,,,0131437002,N,25-JUN-2026
PROD_75887,75887,02273381,APO-AMLODIPINE,,,0131437001,N,25-JUN-2026
PROD_75889,75889,02273411,BISACODYL-ODAN,,LS - LAXATIVES (GENERAL),0101506001,N,26-JUN-2026
PROD_75893,75893,02273446,ORIGINAL EYE DROPS,,,0107579001,N,22-MAR-2025
PROD_75895,75895,02273462,BENYLIN EXTRA STRENGTH COLD & SINUS DAY,CONVENIENCE PACK,LS - COUGH AND COLD,0217793003,N,17-AUG-2026
PROD_75898,75898,02273497,PMS-URSODIOL C,,,0122789001,N,22-MAR-2025
PROD_75899,75899,02273500,PMS-URSODIOL C,,,0122789002,N,22-MAR-2025
PROD_75929,75929,02273810,NYQUIL SINUS LIQUICAPS,,,0351558001,N,29-JUN-2026
PROD_75930,75930,02273829,DAYQUIL SINUS LIQUICAPS,,,0217793002,N,29-JUN-2026
PROD_75937,75937,02273918,BENAZEPRIL,,,0122438002,N,16-JUN-2026
PROD_75941,75941,02273950,APO-METHYLPHENIDATE,,,0107548003,N,30-JUL-2026
PROD_75946,75946,02274000,DIFFERIN XP,,,0127242002,N,22-MAR-2025
PROD_75953,75953,02274086,PMS-HYDROCHLOROTHIAZIDE,,,0101048004,N,22-JUN-2026
PROD_75964,75964,02274183,TEVA-LEVETIRACETAM,,,0148843001,N,22-MAR-2025
PROD_75965,75965,02274191,TEVA-LEVETIRACETAM,,,0148843002,N,22-MAR-2025
PROD_75966,75966,02274205,TEVA-LEVETIRACETAM,,,0148843003,N,22-MAR-2025
PROD_75976,75976,02274310,SANDOZ ONDANSETRON,,,0131120003,N,18-JUN-2026
PROD_75977,75977,02274329,SANDOZ ONDANSETRON,,,0131120001,N,18-JUN-2026
PROD_75986,75986,02274418,ONDANSETRON HYDROCHLORIDE DIHYDRATE INJECTION,,,0131120004,N,18-JUN-2026
PROD_76013,76013,02274655,ALBUREX - 5,,,0131452001,N,25-JUN-2026
PROD_76014,76014,02274663,ALBUREX - 25,,,0131452002,N,26-JUN-2026
PROD_76019,76019,02274728,ENBREL,,,0151564001,N,26-JUN-2026
PROD_76021,76021,02274744,APO-CLARITHROMYCIN,,,0123752001,N,15-JUN-2026
PROD_76022,76022,02274752,APO-CLARITHROMYCIN,,,0123752002,N,15-JUN-2026
PROD_76040,76040,02274876,PRISM0CAL,,,0451567002,N,22-MAR-2025
PROD_76043,76043,02274906,TRUVADA,,,0251568001,N,22-MAR-2025
PROD_76047,76047,02274949,PMS-ANAGRELIDE,,,0131875001,N,23-JUL-2026
PROD_76058,76058,02275074,ODAN BUPROPION SR,,,0131140002,N,27-NOV-2025
PROD_76059,76059,02275082,ODAN BUPROPION SR,,,0131140003,N,27-NOV-2025
PROD_76060,76060,02275090,WELLBUTRIN XL,,,0131140003,N,02-APR-2026
PROD_76061,76061,02275104,WELLBUTRIN XL,,,0131140004,N,02-APR-2026
PROD_76086,76086,02275201,MIDOL COMPLETE,,,0324673001,N,22-MAR-2025
PROD_76087,76087,02275228,MIDOL PMS,,,0316117002,N,22-MAR-2025
PROD_76094,76094,02275309,RIVA-AZITHROMYCIN,,,0126072001,N,22-MAR-2025
PROD_76117,76117,02275538,APO-FLECAINIDE,,,0116696004,N,02-FEB-2026
PROD_76118,76118,02275546,APO-FLECAINIDE,,,0116696001,N,02-FEB-2026
PROD_76120,76120,02275562,AURO-CITALOPRAM,,,0136243001,N,17-JUN-2026
PROD_76121,76121,02275570,AURO-CITALOPRAM,,,0136243002,N,17-JUN-2026
PROD_76122,76122,02275589,PMS-BICALUTAMIDE,,,0127996001,N,25-JUN-2026
PROD_76152,76152,02275864,HYPURIN NPH INSULIN ISOPHANE PORK,,,0151573001,N,22-MAR-2025
PROD_76153,76153,02275872,HYPURIN REGULAR INSULIN PORK,,,0151574001,N,22-MAR-2025
PROD_76167,76167,02275996,EXTRA STRENGTH TYLENOL FLU DAYTIME,,,0351264005,N,26-JUN-2026
PROD_76168,76168,02276003,EXTRA STRENGTH TYLENOL SINUS DAYTIME,,LS - COUGH AND COLD,0217793003,N,20-AUG-2026
PROD_76170,76170,02276038,EXTRA STRENGTH TYLENOL SINUS NIGHTTIME,,LS - COUGH AND COLD,0316099001,N,03-JUL-2026
PROD_76171,76171,02276046,EXTRA STRENGTH TYLENOL FLU NIGHTTIME,,,0451565002,N,26-JUN-2026
PROD_76185,76185,02276186,EXTRA STRENGTH TYLENOL COLD DAYTIME,,,0351264005,N,19-JUN-2026
PROD_76192,76192,02276259,EXTRA STRENGTH TYLENOL COLD NIGHTTIME,,LS - COUGH AND COLD,0451565002,N,19-JUN-2026
PROD_76210,76210,02276429,FOSAVANCE,,,0251575001,N,22-MAR-2025
PROD_76239,76239,02276712,TEVA-OLANZAPINE,,,0128783001,N,26-JUN-2026
PROD_76240,76240,02276720,TEVA-OLANZAPINE,,,0128783003,N,26-JUN-2026
PROD_76241,76241,02276739,TEVA-OLANZAPINE,,,0128783004,N,26-JUN-2026
PROD_76242,76242,02276747,TEVA-OLANZAPINE,,,0128783002,N,26-JUN-2026
PROD_76243,76243,02276755,TEVA-OLANZAPINE,,,0128783005,N,26-JUN-2026
PROD_76258,76258,02276917,QUICK CLEAN,,CAT IV - ANTISEPTIC SKIN CLEANSERS,0106942005,N,22-MAR-2025
PROD_76279,76279,02277131,BIPHENTIN,,,0107548008,N,13-AUG-2026
PROD_76280,76280,02277158,BIPHENTIN,,,0107548002,N,13-AUG-2026
PROD_76281,76281,02277166,BIPHENTIN,,,0107548001,N,13-AUG-2026
PROD_76282,76282,02277174,BIPHENTIN,,,0107548009,N,13-AUG-2026
PROD_76283,76283,02277182,BIPHENTIN,,,0107548010,N,13-AUG-2026
PROD_76284,76284,02277190,BIPHENTIN,,,0107548011,N,13-AUG-2026
PROD_76285,76285,02277204,BIPHENTIN,,,0107548012,N,13-AUG-2026
PROD_76286,76286,02277212,BIPHENTIN,,,0107548013,N,13-AUG-2026
PROD_76292,76292,02277263,VESICARE,,,0151584001,N,22-MAR-2025
PROD_76293,76293,02277271,VESICARE,,,0151584002,N,22-MAR-2025
PROD_76294,76294,02277298,AA-MEDROXY,,,0106339006,N,20-AUG-2026
PROD_76310,76310,02277476,PRISMASOL 4,,,0752650004,N,22-MAR-2025
PROD_76338,76338,02277778,MEDLINE REMEDY SIMPLIFIED PREVENT CRITIC-AID CLEAR,,CAT IV - DIAPER RASH PRODUCTS,0148022004,N,22-JAN-2026
PROD_76352,76352,02277921,IGIVNEX,ALSO KNOW AS IMMUNE GLOBULIN (HUMAN),,0106267015,N,26-AUG-2026
PROD_76362,76362,02278030,RIVA-ZOPICLONE,,,0122562002,N,04-AUG-2026
PROD_76363,76363,02278049,RIVA-ZOPICLONE,,,0122562001,N,04-AUG-2026
PROD_76364,76364,02278057,VOLUVEN,6% HYDROXYETHYL STARCH 130/0.4 IN 0.9% SODIUM CHLORIDE INJECTION,,0147581001,N,24-JUN-2026
PROD_76380,76380,02278219,ARESTIN MICROSPHERES,,,0131309003,N,17-JUN-2026
PROD_76384,76384,02278251,DUOTRAV PQ,,,0251602001,N,22-MAR-2025
PROD_76425,76425,02278677,APO-MIDODRINE,,,0123066001,N,22-MAR-2025
PROD_76426,76426,02278685,APO-MIDODRINE,,,0123066002,N,22-MAR-2025
PROD_76469,76469,02279150,CHILDREN'S TYLENOL COLD AND COUGH NIGHTTIME,,,0351606001,N,26-JUN-2026
PROD_76475,76475,02279215,APO-RALOXIFENE,,,0151607001,N,15-JUN-2026
PROD_76481,76481,02279266,PMS-RISPERIDONE,,,0124332003,N,15-JUN-2026
PROD_76497,76497,02279363,PMS-DEXAMETHASONE,,,0106303002,N,12-DEC-2025
PROD_76500,76500,02279401,REVATIO,,,0136261004,N,22-MAR-2025
PROD_76501,76501,02279428,ONDANSETRON INJECTION USP   -(PRESERVATIVE FREE),,,0131120004,N,25-JUN-2026
PROD_76502,76502,02279436,ONDANSETRON INJECTION USP   -(WITH PRESERVATIVE),,,0131120004,N,25-JUN-2026
PROD_76503,76503,02279444,GAMMAGARD LIQUID,ALSO KNOW AS IMMUNE GLOBULIN (HUMAN),,0106267005,N,26-AUG-2026
PROD_76506,76506,02279460,APIDRA,10 ML VIAL,,0151630001,N,30-JUL-2026
PROD_76507,76507,02279479,APIDRA,3 ML CARTRIDGE,,0151630001,N,06-AUG-2026
PROD_76514,76514,02279525,VISIONBLUE,SINGLE-USE PREFILLED SYRINGE,,0151631001,N,12-AUG-2026
PROD_76520,76520,02279592,RESULTZ,,,0151632001,N,22-MAR-2025
PROD_76522,76522,02279614,APO-TOPIRAMATE,,,0132938001,N,16-JAN-2026
PROD_76524,76524,02279630,APO-TOPIRAMATE,,,0132938002,N,16-JAN-2026
PROD_76525,76525,02279649,APO-TOPIRAMATE,,,0132938006,N,16-JAN-2026
PROD_76530,76530,02279703,BUCKLEY'S COMPLETE,,,0251634001,N,22-MAR-2025
PROD_76539,76539,02279800,SANDOZ RISPERIDONE,,,0124332003,N,26-JUN-2026
PROD_76540,76540,02279819,SANDOZ RISPERIDONE,,,0124332004,N,26-JUN-2026
PROD_76541,76541,02279827,SANDOZ RISPERIDONE,,,0124332002,N,26-JUN-2026
PROD_76542,76542,02279835,SANDOZ RISPERIDONE,,,0124332005,N,26-JUN-2026
PROD_76560,76560,02279983,TARO-MUPIROCIN,,,0117081001,N,29-JUN-2026
PROD_76561,76561,02279991,VFEND,,,0150242003,N,26-JUN-2026
PROD_76583,76583,02280159,24 HOUR ALLERGY REMEDY,,,0120416001,N,17-JUN-2026
PROD_76585,76585,02280175,CHILDREN'S IBUPROFEN SUSPENSION,,,0108883005,N,28-AUG-2025
PROD_76586,76586,02280183,TEVA-BETAHISTINE,,,0103555002,N,23-JUN-2026
PROD_76587,76587,02280191,TEVA-BETAHISTINE,,,0103555003,N,23-JUN-2026
PROD_76588,76588,02280205,TEVA-BETAHISTINE,,,0103555004,N,23-JUN-2026
PROD_76591,76591,02280248,TESTIM 1%,5 G UNIT DOSE TUBE,,0106405004,N,25-AUG-2026
PROD_76593,76593,02280264,SANDOZ FELODIPINE,,,0121733002,N,13-AUG-2026
PROD_76594,76594,02280272,SANDOZ FELODIPINE,,,0121733001,N,13-AUG-2026
PROD_76603,76603,02280353,OMBRELLE CREAM SPF 60,,,0551637003,N,22-MAR-2025
PROD_76617,76617,02280515,TEVA-LANSOPRAZOLE,,,0127666002,N,29-JUN-2026
PROD_76618,76618,02280523,TEVA-LANSOPRAZOLE,,,0127666001,N,29-JUN-2026
PROD_76647,76647,02280795,SUTENT,,,0151642001,N,15-JUN-2026
PROD_76648,76648,02280809,SUTENT,,,0151642002,N,15-JUN-2026
PROD_76649,76649,02280817,SUTENT,,,0151642003,N,15-JUN-2026
PROD_76653,76653,02280868,BENADRYL BUG BITE RELIEF,,,0248141001,N,14-APR-2026
PROD_76671,76671,02281031,STOOL SOFTENER,,,0104351002,N,12-JUN-2026
PROD_76673,76673,02281066,ABRAXANE FOR INJECTABLE SUSPENSION,,,0124214002,N,22-MAR-2025
PROD_76674,76674,02281074,ACZONE,,,0106115002,N,22-MAR-2025
PROD_76681,76681,02281147,COLD AND FLU-IN-ONE EXTRA STRENGTH,,,0421980007,N,10-JUN-2026
PROD_76691,76691,02281260,ACT FLUCONAZOLE,,,0122529001,N,22-MAR-2025
PROD_76692,76692,02281279,ACT FLUCONAZOLE,,,0122529002,N,22-MAR-2025
PROD_76745,76745,02281791,APO-OLANZAPINE,,,0128783001,N,12-JUN-2026
PROD_76746,76746,02281805,APO-OLANZAPINE,,,0128783003,N,12-JUN-2026
PROD_76747,76747,02281813,APO-OLANZAPINE,,,0128783004,N,15-JUN-2026
PROD_76748,76748,02281821,APO-OLANZAPINE,,,0128783002,N,15-JUN-2026
PROD_76749,76749,02281848,APO-OLANZAPINE,,,0128783005,N,15-JUN-2026
PROD_76776,76776,02282097,ORENCIA,,,0151647001,N,16-JUN-2026
PROD_76778,76778,02282119,APO-RISPERIDONE,,,0124332006,N,15-JUN-2026
PROD_76779,76779,02282127,APO-RISPERIDONE,,,0124332007,N,15-JUN-2026
PROD_76780,76780,02282135,APO-RISPERIDONE,,,0124332003,N,15-JUN-2026
PROD_76781,76781,02282143,APO-RISPERIDONE,,,0124332004,N,15-JUN-2026
PROD_76782,76782,02282151,APO-RISPERIDONE,,,0124332002,N,15-JUN-2026
PROD_76783,76783,02282178,APO-RISPERIDONE,,,0124332005,N,15-JUN-2026
PROD_76788,76788,02282224,BARACLUDE,,,0151648001,N,22-MAR-2025
PROD_76809,76809,02282445,ZOPICLONE,,,0122562001,N,11-AUG-2026
PROD_76833,76833,02282690,TEVA-RISPERIDONE,,,0124332006,N,22-MAR-2025
PROD_76846,76846,02282844,PAROXETINE,,,0123131003,N,22-MAR-2025
PROD_76847,76847,02282852,PAROXETINE,,,0123131002,N,22-MAR-2025
PROD_76848,76848,02282860,PAROXETINE,,,0123131001,N,22-MAR-2025
PROD_76857,76857,02282941,TEVA-FENTANYL,,,0123302014,N,18-JUN-2026
PROD_76858,76858,02282968,TEVA-FENTANYL,,,0123302002,N,18-JUN-2026
PROD_76859,76859,02282976,TEVA-FENTANYL,,,0123302013,N,18-JUN-2026
PROD_76860,76860,02282984,TEVA-FENTANYL,,,0123302012,N,18-JUN-2026
PROD_76872,76872,02283093,MENOPUR,,,0149345001,N,25-JUN-2026
PROD_76900,76900,02283395,SOMATULINE AUTOGEL,PREFILLED SYRINGE,,0151653006,N,31-JUL-2026
PROD_76901,76901,02283409,SOMATULINE AUTOGEL,PREFILLED SYRINGE,,0151653007,N,31-JUL-2026
PROD_76902,76902,02283417,SOMATULINE AUTOGEL,PREFILLED SYRINGE,,0151653005,N,31-JUL-2026
PROD_76916,76916,02283565,RIVA-RISPERIDONE,,,0124332006,N,22-MAR-2025
PROD_76918,76918,02283581,RIVA-RISPERIDONE,,,0124332003,N,22-MAR-2025
PROD_76919,76919,02283603,RIVA-RISPERIDONE,,,0124332004,N,22-MAR-2025
PROD_76920,76920,02283611,RIVA-RISPERIDONE,,,0124332002,N,22-MAR-2025
PROD_76921,76921,02283638,RIVA-RISPERIDONE,,,0124332005,N,22-MAR-2025
PROD_76929,76929,02283700,PRAXIS ASA EC 81 MG DAILY LOW DOSE,,,0101169013,N,29-JUN-2026
PROD_76932,76932,02283735,STERILE DILUENT FOR ALLERGENIC EXTRACT - ALBUMIN SALINE WITH PHENOL,,,0131452003,N,10-JUN-2026
PROD_76935,76935,02283778,MYLAN-CILAZAPRIL,,,0122806001,N,25-JUN-2026
PROD_76936,76936,02283786,MYLAN-CILAZAPRIL,,,0122806004,N,25-JUN-2026
PROD_76937,76937,02283794,MYLAN-CILAZAPRIL,,,0122806002,N,25-JUN-2026
PROD_76939,76939,02283816,ANTIBACTERIAL CLEAN & SMOOTH,,CAT IV - ANTISEPTIC SKIN CLEANSERS,0108865003,N,22-MAR-2025
PROD_76943,76943,02283859,FLUDARABINE PHOSPHATE FOR INJECTION,,,0123842003,N,23-JUN-2026
PROD_76948,76948,02283905,JAMP-ASA EC,,,0101169013,N,22-MAR-2025
PROD_76953,76953,02283964,SANDOZ LEFLUNOMIDE,,,0140182001,N,25-JUN-2026
PROD_76954,76954,02283972,SANDOZ LEFLUNOMIDE,,,0140182002,N,25-JUN-2026
PROD_76957,76957,02284006,PMS-ALENDRONATE-FC,,,0150323002,N,25-JUN-2026
PROD_76960,76960,02284030,APO-DESMOPRESSIN,,,0112050005,N,22-MAR-2025
PROD_76961,76961,02284049,APO-DESMOPRESSIN,,,0112050003,N,22-MAR-2025
PROD_76963,76963,02284065,PMS-AMLODIPINE,,,0131437002,N,29-JUN-2026
PROD_76964,76964,02284073,PMS-AMLODIPINE,,,0131437001,N,29-JUN-2026
PROD_76977,76977,02284227,NEXAVAR,,,0151657001,N,15-JUN-2026
PROD_76987,76987,02284294,APO-OXCARBAZEPINE,,,0140461001,N,04-MAR-2026
PROD_76988,76988,02284308,APO-OXCARBAZEPINE,,,0140461002,N,04-MAR-2026
PROD_76989,76989,02284316,APO-OXCARBAZEPINE,,,0140461003,N,04-MAR-2026
PROD_76997,76997,02284383,SANDOZ AMLODIPINE,,,0131437002,N,17-JUN-2026
PROD_76998,76998,02284391,SANDOZ AMLODIPINE,,,0131437001,N,17-JUN-2026
PROD_76999,76999,02284413,ROTATEQ,"ROTAVIRUS VACCINE, LIVE, ORAL, PENTAVALENT. PREFILLED 2 ML UNIT DOSE TUBE",,0551661002,N,06-AUG-2026
PROD_77000,77000,02284421,TARO-PRAVASTATIN,,,0122563001,N,22-MAR-2025
PROD_77001,77001,02284448,TARO-PRAVASTATIN,,,0122563002,N,22-MAR-2025
PROD_77002,77002,02284456,TARO-PRAVASTATIN,,,0122563003,N,22-MAR-2025
PROD_77019,77019,02284642,AZILECT,,,0151662001,N,22-MAR-2025
PROD_77020,77020,02284650,AZILECT,,,0151662002,N,22-MAR-2025
PROD_77026,77026,02284707,APO-LEVOFLOXACIN,,,0131663003,N,22-MAR-2025
PROD_77027,77027,02284715,APO-LEVOFLOXACIN,,,0131663004,N,22-MAR-2025
PROD_77028,77028,02284723,SIMVASTATIN,,,0122415001,N,22-MAR-2025
PROD_77029,77029,02284731,SIMVASTATIN,,,0122415004,N,22-MAR-2025
PROD_77030,77030,02284758,SIMVASTATIN,,,0122415003,N,22-MAR-2025
PROD_77031,77031,02284766,SIMVASTATIN,,,0122415002,N,22-MAR-2025
PROD_77032,77032,02284774,SIMVASTATIN,,,0122415005,N,22-MAR-2025
PROD_77041,77041,02284863,MYOZYME,,,0151663001,N,10-APR-2025
PROD_77051,77051,02284987,APO-CILAZAPRIL/HCTZ,,,0227949001,N,15-JUN-2026
PROD_77052,77052,02284995,DDAVP MELT,,,0151664002,N,22-MAR-2025
PROD_77053,77053,02285002,DDAVP MELT,,,0151664001,N,22-MAR-2025
PROD_77062,77062,02285118,TEVA-LISINOPRIL (TYPE Z),,,0121550003,N,22-MAR-2025
PROD_77063,77063,02285126,TEVA-LISINOPRIL (TYPE Z),,,0121550001,N,22-MAR-2025
PROD_77064,77064,02285134,TEVA-LISINOPRIL (TYPE Z),,,0121550002,N,22-MAR-2025
PROD_77067,77067,02285169,AA-METOPROLOL SR,,,0111923003,N,22-MAR-2025
PROD_77089,77089,02285398,APO-MODAFINIL,,,0136083001,N,23-JUN-2026
PROD_77090,77090,02285401,TYGACIL,SINGLE-USE VIALS,,0151666001,N,10-AUG-2026
PROD_77096,77096,02285479,TEVA-PANTOPRAZOLE,,,0133229002,N,22-MAR-2025
PROD_77097,77097,02285487,TEVA-PANTOPRAZOLE,,,0133229001,N,22-MAR-2025
PROD_77104,77104,02285533,KALETRA,,,0243421003,N,13-AUG-2026
PROD_77111,77111,02285606,ALVESCO,,,0151669003,N,30-JUL-2026
PROD_77112,77112,02285614,ALVESCO,,,0151669002,N,30-JUL-2026
PROD_77128,77128,02285797,EXTRA STRENGTH ACETAMINOPHEN,,,0102009002,N,26-JUN-2026
PROD_77141,77141,02285924,APO-LEVETIRACETAM,,,0148843001,N,15-JUN-2026
PROD_77142,77142,02285932,APO-LEVETIRACETAM,,,0148843002,N,15-JUN-2026
PROD_77143,77143,02285940,APO-LEVETIRACETAM,,,0148843003,N,15-JUN-2026
PROD_77144,77144,02285959,TEVA-ACYCLOVIR,,,0115506002,N,25-JUN-2026
PROD_77145,77145,02285967,TEVA-ACYCLOVIR,,,0115506004,N,25-JUN-2026
PROD_77146,77146,02285975,TEVA-ACYCLOVIR,,,0115506005,N,25-JUN-2026
PROD_77154,77154,02286068,FLUOXETINE,,,0116847003,N,22-MAR-2025
PROD_77155,77155,02286076,FLUOXETINE,,,0116847001,N,22-MAR-2025
PROD_77176,77176,02286300,MITOXANTRONE INJECTION,SINGLE-USE VIAL,,0116465001,N,07-AUG-2026
PROD_77184,77184,02286386,TYSABRI,,,0151674001,N,12-JUN-2026
PROD_77185,77185,02286394,TOTAL COLD AND FLU,,,0421980007,N,26-JUN-2026
PROD_77188,77188,02286424,ZYTRAM XL,,,0151694002,N,19-JUN-2026
PROD_77189,77189,02286432,ZYTRAM XL,,,0151694003,N,26-JUN-2026
PROD_77190,77190,02286440,ZYTRAM XL,,,0151694001,N,19-JUN-2026
PROD_77191,77191,02286459,ZYTRAM XL,,,0151694004,N,19-JUN-2026
PROD_77198,77198,02286521,SUMATRIPTAN,,,0123238002,N,29-JUL-2026
PROD_77199,77199,02286548,SUMATRIPTAN,,,0123238001,N,29-JUL-2026
PROD_77206,77206,02286610,APO-MIRTAZAPINE,,,0143928001,N,15-JUN-2026
PROD_77207,77207,02286629,APO-MIRTAZAPINE,,,0143928002,N,15-JUN-2026
PROD_77208,77208,02286637,APO-MIRTAZAPINE,,,0143928003,N,15-JUN-2026
PROD_77219,77219,02286750,WILATE,,,0351695002,N,15-JUN-2026
PROD_77222,77222,02286769,WILATE,,,0351695002,N,25-JUN-2026
PROD_77227,77227,02286815,TEVA-SUMATRIPTAN DF,,,0123238007,N,28-AUG-2026
PROD_77228,77228,02286823,TEVA-SUMATRIPTAN DF,,,0123238002,N,28-AUG-2026
PROD_77229,77229,02286831,TEVA-SUMATRIPTAN DF,,,0123238001,N,28-AUG-2026
PROD_77246,77246,02287021,BACLOFEN,,,0113246001,N,22-MAR-2025
PROD_77247,77247,02287048,BACLOFEN,,,0113246002,N,22-MAR-2025
PROD_77249,77249,02287064,CYCLOBENZAPRINE,,,0112363001,N,25-AUG-2026
PROD_77250,77250,02287072,GLICLAZIDE,,,0119934001,N,23-JUN-2026
PROD_77283,77283,02287420,EXJADE,,,0151733001,N,15-JUN-2026
PROD_77284,77284,02287439,EXJADE,,,0151733002,N,12-JUN-2026
PROD_77285,77285,02287447,EXJADE,,,0151733003,N,15-JUN-2026
PROD_77308,77308,02287684,SONOVUE,,,0149542002,N,22-MAR-2025
PROD_77316,77316,02287765,GLN-TOPIRAMATE,,,0132938001,N,02-APR-2026
PROD_77317,77317,02287773,GLN-TOPIRAMATE,,,0132938002,N,02-APR-2026
PROD_77318,77318,02287781,GLN-TOPIRAMATE,,,0132938006,N,02-APR-2026
PROD_77332,77332,02287927,RAMIPRIL,,,0122858004,N,22-MAR-2025
PROD_77334,77334,02287935,RAMIPRIL,,,0122858003,N,22-MAR-2025
PROD_77335,77335,02287943,RAMIPRIL,,,0122858002,N,22-MAR-2025
PROD_77362,77362,02288184,APO-ONDANSETRON,,,0131120003,N,16-JUN-2026
PROD_77363,77363,02288192,APO-ONDANSETRON,,,0131120001,N,16-JUN-2026
PROD_77409,77409,02288680,EPREX STERILE SOLUTION,,,0126696007,N,26-JUN-2026
PROD_77421,77421,02288826,PROVOCHOLINE,,,0136042007,N,22-MAR-2025
PROD_77454,77454,02289164,BUCKLEY'S CHEST CONGESTION,,,0250663002,N,22-MAR-2025
PROD_77465,77465,02289261,APO-PERINDOPRIL,,,0127178001,N,22-MAR-2025
PROD_77466,77466,02289288,APO-PERINDOPRIL,,,0127178002,N,22-MAR-2025
PROD_77467,77467,02289296,APO-PERINDOPRIL,,,0127178003,N,22-MAR-2025
PROD_77486,77486,02289504,DIOVAN,,,0131885004,N,25-JUN-2026
PROD_77503,77503,02289695,CEFTRIAXONE FOR INJECTION,,,0117292007,N,22-MAR-2025
PROD_77504,77504,02289709,CEFTRIAXONE FOR INJECTION,,,0117292006,N,22-MAR-2025
PROD_77528,77528,02289970,ASPIRIN 81MG QUICK CHEWS,,,0101169013,N,26-JUN-2026
PROD_77558,77558,02290308,CYESTRA-35,,,0232337001,N,18-FEB-2026
PROD_77563,77563,02290332,BENAZEPRIL,,,0122438001,N,16-JUN-2026
PROD_77564,77564,02290340,BENAZEPRIL,,,0122438003,N,16-JUN-2026
PROD_77584,77584,02290510,EXTRA STRENGTH TYLENOL BACK PAIN,,,0212017002,N,29-JUN-2026
PROD_77590,77590,02290561,CLINIQUE ACNE SOLUTIONS ALL-OVER CLEARING TREATMENT,,CAT IV - ACNE THERAPY,0107205004,N,22-MAR-2025
PROD_77592,77592,02290596,ALLERGY EYE DROPS,,,0214226001,N,22-MAR-2025
PROD_77627,77627,02290855,X3 CLEAN GERM ATTACK HAND SANITIZER,,,0104993016,N,22-MAR-2025
PROD_77636,77636,02290960,MABCAMPATH,,,0151562002,N,12-FEB-2026
PROD_77637,77637,02290979,HEPAGAM B,"HEPATITIS B IMMUNE GLOBULIN (HUMAN), STRENGTH > 312 IU/ML",,0114080004,N,07-JUL-2026
PROD_77648,77648,02291096,ORO CLEAR,,,0107629007,N,17-JUN-2026
PROD_77652,77652,02291142,APO-CILAZAPRIL,,,0122806004,N,15-JUN-2026
PROD_77653,77653,02291150,APO-CILAZAPRIL,,,0122806002,N,15-JUN-2026
PROD_77675,77675,02291371,"ROBITUSSIN TOTAL COUGH, COLD & FLU NIGHTTIME EXTRA STRENGTH",,,0414717015,N,22-MAR-2025
PROD_77716,77716,02291800,IMODIUM CALMING LIQUID,,,0111332003,N,17-MAR-2026
PROD_77724,77724,02291878,ACT ENALAPRIL,,,0152325001,N,22-MAR-2025
PROD_77725,77725,02291886,ACT ENALAPRIL,,,0152325004,N,22-MAR-2025
PROD_77726,77726,02291894,ACT ENALAPRIL,,,0152325002,N,22-MAR-2025
PROD_77727,77727,02291908,ACT ENALAPRIL,,,0152325003,N,22-MAR-2025
PROD_77729,77729,02291924,BICILLIN L-A,2ML SINGLE-USE CARTRIDGE NEEDLE UNITS,,0134766002,N,12-JUN-2026
PROD_77733,77733,02291967,APO-ONDANSETRON,,,0131120002,N,22-MAR-2025
PROD_77739,77739,02292025,APO-FAMCICLOVIR,,,0127885003,N,12-JUN-2026
PROD_77741,77741,02292041,APO-FAMCICLOVIR,,,0127885001,N,12-JUN-2026
PROD_77742,77742,02292068,APO-FAMCICLOVIR,,,0127885002,N,12-JUN-2026
PROD_77753,77753,02292165,DUODOPA,,,0210315005,N,17-JUN-2026
PROD_77754,77754,02292173,PMS-AMIODARONE,,,0118593003,N,25-JUN-2026
PROD_77762,77762,02292262,CEFTRIAXONE SODIUM FOR INJECTION BP,,,0117292001,N,22-MAR-2025
PROD_77763,77763,02292270,CEFTRIAXONE SODIUM FOR INJECTION BP,,,0117292007,N,22-MAR-2025
PROD_77764,77764,02292289,CEFTRIAXONE SODIUM FOR INJECTION BP,,,0117292006,N,22-MAR-2025
PROD_77765,77765,02292297,CEFTRIAXONE SODIUM FOR INJECTION BP,,,0117292008,N,22-MAR-2025
PROD_77772,77772,02292378,APO-PRAMIPEXOLE,,,0152169001,N,12-JUN-2026
PROD_77773,77773,02292386,APO-PRAMIPEXOLE,,,0152169002,N,12-JUN-2026
PROD_77774,77774,02292394,APO-PRAMIPEXOLE,,,0152169003,N,12-JUN-2026
PROD_77776,77776,02292408,APO-PRAMIPEXOLE,,,0152169004,N,12-JUN-2026
PROD_77826,77826,02292912,APO-PANTOPRAZOLE,,,0133229002,N,15-JUN-2026
PROD_77827,77827,02292920,APO-PANTOPRAZOLE,,,0133229001,N,15-JUN-2026
PROD_77850,77850,02293129,SPRYCEL,FILM-COATED,,0152198001,N,29-JUL-2026
PROD_77851,77851,02293137,SPRYCEL,FILM-COATED,,0152198002,N,28-JUL-2026
PROD_77852,77852,02293145,SPRYCEL,FILM-COATED,,0152198003,N,28-JUL-2026
PROD_77854,77854,02293161,TEVA-CLOPIDOGREL,,,0134440001,N,16-JUN-2026
PROD_77858,77858,02293218,TEVA-CITALOPRAM,,,0136243001,N,19-MAY-2026
PROD_77859,77859,02293226,TEVA-CITALOPRAM,,,0136243002,N,19-MAY-2026
PROD_77863,77863,02293269,CAMPRAL,,,0152200001,N,22-MAR-2025
PROD_77872,77872,02293358,APO-GABAPENTIN,,,0125929004,N,23-DEC-2025
PROD_77873,77873,02293366,APO-GABAPENTIN,,,0125929005,N,23-DEC-2025
PROD_77877,77877,02293404,POSANOL,,,0152201001,N,15-JUN-2026
PROD_77884,77884,02293471,MAXIMUM STRENGTH ACID REDUCER WITHOUT PRESCRIPTION,,,0115150002,N,24-NOV-2025
PROD_77887,77887,02293528,SPC-CEFPROZIL,,,0127613003,N,21-JUL-2025
PROD_77888,77888,02293536,SPC-CEFPROZIL,,,0127613002,N,21-JUL-2025
PROD_77893,77893,02293579,SPC-CEFPROZIL,,,0127613004,N,04-NOV-2025
PROD_77916,77916,02293773,BENEFIX,ALSO KNOWN AS NONACOG ALFA,,0152202002,N,20-AUG-2026
PROD_77917,77917,02293781,BENEFIX,ALSO KNOWN AS NONACOG ALFA,,0152202003,N,20-AUG-2026
PROD_77918,77918,02293803,BENEFIX,ALSO KNOWN AS NONACOG ALFA,,0152202004,N,20-AUG-2026
PROD_77919,77919,02293811,APO-LANSOPRAZOLE,,,0127666002,N,15-JUN-2026
PROD_77920,77920,02293838,APO-LANSOPRAZOLE,,,0127666001,N,15-JUN-2026
PROD_77922,77922,02293854,PLAN B,,,0125218004,N,22-MAR-2025
PROD_77963,77963,02294273,PMS-TERBINAFINE,,,0132855002,N,25-JUN-2026
PROD_77967,77967,02294338,LANTUS,3ML SOLOSTAR PREFILLED DISPOSABLE PEN,,0147062001,N,15-JUN-2026
PROD_77968,77968,02294346,APIDRA,3ML SOLOSTAR PRE-FILLED PEN,,0151630001,N,22-MAR-2025
PROD_78001,78001,02294664,OCTAPLEX,HUMAN PROTHROMBIN COMPLEX. 20ML RECONSTITUTED.,,0652205003,N,14-AUG-2026
PROD_78009,78009,02294745,APO-FLUTICASONE,,,0124685001,N,12-JUN-2026
PROD_78032,78032,02294990,INSTILLAGEL,,,0252212001,N,22-MAR-2025
PROD_78034,78034,02295016,APO-ESCITALOPRAM,,,0150435002,N,12-JUN-2026
PROD_78035,78035,02295024,APO-ESCITALOPRAM,,,0150435004,N,12-JUN-2026
PROD_78046,78046,02295148,PMS-AMLODIPINE,,,0131437003,N,16-JUN-2026
PROD_78057,78057,02295253,CHLORHEXIDINE SOLUTION,,CAT IV - ANTISEPTIC SKIN CLEANSERS,0107629004,N,22-MAR-2025
PROD_78058,78058,02295261,APO-ATORVASTATIN,,,0133055001,N,12-JUN-2026
PROD_78059,78059,02295288,APO-ATORVASTATIN,,,0133055002,N,12-JUN-2026
PROD_78060,78060,02295296,APO-ATORVASTATIN,,,0133055003,N,12-JUN-2026
PROD_78061,78061,02295318,APO-ATORVASTATIN,,,0133055004,N,12-JUN-2026
PROD_78062,78062,02295326,"TYLENOL COMPLETE COLD, COUGH & FLU PLUS MUCUS RELIEF",LIQUID GELS,LS - COUGH AND COLD,0421980002,N,26-AUG-2026
PROD_78071,78071,02295407,TEVA-OMEPRAZOLE,,,0121643003,N,18-JUN-2026
PROD_78072,78072,02295415,TEVA-OMEPRAZOLE,,,0121643001,N,18-JUN-2026
PROD_78102,78102,02295679,CHLORHEXIDINE 4% ANTISEPTIC HAND WASH,,CAT IV - ANTISEPTIC SKIN CLEANSERS,0107629001,N,22-MAR-2025
PROD_78104,78104,02295695,SUBOXONE,,,0252216001,N,22-MAR-2025
PROD_78105,78105,02295709,SUBOXONE,,,0252216002,N,22-MAR-2025
PROD_78118,78118,02295822,APO-VALACYCLOVIR,,,0128626001,N,15-JUN-2026
PROD_78123,78123,02295873,FLEXITOL MEDICATED ANTI-FUNGAL CREAM,,CAT IV - ATHLETES FOOT TREATMENTS,0102537001,N,25-JUN-2026
PROD_78124,78124,02295881,JAMP-LACTULOSE,,,0113020001,N,22-MAR-2025
PROD_78129,78129,02295946,PORTIA 21,,,0220415001,N,24-JUN-2026
PROD_78130,78130,02295954,PORTIA 28,,,0220415001,N,24-JUN-2026
PROD_78145,78145,02296101,PMS-LEVETIRACETAM,,,0148843001,N,22-MAR-2025
PROD_78146,78146,02296128,PMS-LEVETIRACETAM,,,0148843002,N,22-MAR-2025
PROD_78147,78147,02296136,PMS-LEVETIRACETAM,,,0148843003,N,22-MAR-2025
PROD_78149,78149,02296152,CTP 30,,,0136243004,N,01-APR-2026
PROD_78165,78165,02296314,ELAPRASE,SINGLE-USE,,0152221001,N,04-AUG-2026
PROD_78168,78168,02296349,TEVA-ONDANSETRON,,,0131120003,N,22-MAR-2025
PROD_78169,78169,02296357,TEVA-ONDANSETRON,,,0131120001,N,22-MAR-2025
PROD_78172,78172,02296381,TRIDURAL,,,0151694005,N,11-MAR-2026
PROD_78173,78173,02296403,TRIDURAL,,,0151694003,N,11-MAR-2026
PROD_78174,78174,02296411,TRIDURAL,,,0151694001,N,11-MAR-2026
PROD_78179,78179,02296462,ADVAGRAF,,,0127857003,N,26-JUN-2026
PROD_78180,78180,02296470,ADVAGRAF,,,0127857002,N,26-JUN-2026
PROD_78181,78181,02296489,ADVAGRAF,,,0127857001,N,26-JUN-2026
PROD_78185,78185,02296527,APO-LATANOPROST,,,0132916002,N,05-MAR-2026
PROD_78188,78188,02296551,PMS-QUETIAPINE,,,0131858001,N,16-JUN-2026
PROD_78189,78189,02296578,PMS-QUETIAPINE,,,0131858002,N,16-JUN-2026
PROD_78191,78191,02296594,PMS-QUETIAPINE,,,0131858003,N,16-JUN-2026
PROD_78192,78192,02296608,PMS-QUETIAPINE,,,0131858005,N,16-JUN-2026
PROD_78201,78201,02296659,SEASONALE,,,0220415001,N,22-MAR-2025
PROD_78208,78208,02296713,PRO-METOPROLOL,,,0111923005,N,24-MAR-2026
PROD_78217,78217,02296810,LUCENTIS,,,0152224001,N,23-JUN-2026
PROD_78223,78223,02296888,CIALIS,,,0149485003,N,25-JUN-2026
PROD_78224,78224,02296896,CIALIS,,,0149485004,N,25-JUN-2026
PROD_78261,78261,02297248,LIQUID NITROGEN NF,,,0115497001,N,22-MAR-2025
PROD_78262,78262,02297256,MIRAPEX,,,0152169005,N,16-JUN-2026
PROD_78267,78267,02297302,ACT PRAMIPEXOLE,,,0152169001,N,22-MAR-2025
PROD_78268,78268,02297310,ACT PRAMIPEXOLE,,,0152169002,N,22-MAR-2025
PROD_78269,78269,02297329,ACT PRAMIPEXOLE,,,0152169003,N,22-MAR-2025
PROD_78270,78270,02297337,ACT PRAMIPEXOLE,,,0152169004,N,22-MAR-2025
PROD_78283,78283,02297485,TEVA-AMLODIPINE,,,0131437002,N,02-SEP-2025
PROD_78284,78284,02297493,TEVA-AMLODIPINE,,,0131437001,N,02-SEP-2025
PROD_78289,78289,02297558,MEZAVANT,ALSO KNOWN AS MESALAMINE,,0116808011,N,17-AUG-2026
PROD_78291,78291,02297574,APO-PERINDOPRIL-INDAPAMIDE,,,0248401001,N,22-MAR-2025
PROD_78292,78292,02297582,MOTRIN LIQUID GELS 200MG,,,0108883004,N,12-MAR-2026
PROD_78313,78313,02297795,APO-GLICLAZIDE MR,,,0119934002,N,23-JUN-2026
PROD_78314,78314,02297809,METROGEL 1%,,,0102572009,N,27-MAY-2026
PROD_78318,78318,02297841,HYZAAR,,,0233168003,N,22-JUL-2025
PROD_78319,78319,02297868,MYLAN-ONDANSETRON,,,0131120003,N,17-JUN-2026
PROD_78320,78320,02297876,MYLAN-ONDANSETRON,,,0131120001,N,17-JUN-2026
PROD_78322,78322,02297884,PRIORIX-TETRA,,,0468197001,N,01-APR-2026
PROD_78346,78346,02298155,DESLORATADINE ALLERGY CONTROL,,,0143961001,N,22-MAR-2025
PROD_78367,78367,02298376,TEVA-RISEDRONATE,,,0135301002,N,22-MAR-2025
PROD_78368,78368,02298384,TEVA-RISEDRONATE,,,0135301001,N,22-MAR-2025
PROD_78369,78369,02298392,TEVA-RISEDRONATE,,,0135301003,N,22-MAR-2025
PROD_78376,78376,02298457,PMS-VALACYCLOVIR,,,0128626001,N,16-JUN-2026
PROD_78377,78377,02298465,RISPERDAL CONSTA,,,0124332011,N,23-JUN-2026
PROD_78380,78380,02298503,DIPHENHYDRAMINE HYDROCHLORIDE ELIXIR USP,,,0102639003,N,26-JUN-2026
PROD_78383,78383,02298538,AVIANE 21,,,0220415005,N,24-JUN-2026
PROD_78384,78384,02298546,AVIANE 28,,,0220415005,N,24-JUN-2026
PROD_78388,78388,02298589,AVAMYS,,,0152271001,N,16-JUN-2026
PROD_78389,78389,02298597,ZELDOX,,,0152272001,N,22-MAR-2025
PROD_78392,78392,02298600,ZELDOX,,,0152272002,N,22-MAR-2025
PROD_78393,78393,02298619,ZELDOX,,,0152272003,N,22-MAR-2025
PROD_78394,78394,02298627,ZELDOX,,,0152272004,N,22-MAR-2025
PROD_78395,78395,02298635,SANDOZ LEVOFLOXACIN,,,0131663003,N,16-JUN-2026
PROD_78396,78396,02298643,SANDOZ LEVOFLOXACIN,,,0131663004,N,16-JUN-2026
PROD_78397,78397,02298651,SANDOZ LEVOFLOXACIN,,,0131663005,N,16-JUN-2026
PROD_78410,78410,02298791,EMEND,,,0152292001,N,12-JUN-2026
PROD_78411,78411,02298805,EMEND,,,0152292002,N,12-JUN-2026
PROD_78412,78412,02298813,EMEND TRI-PACK,,,0252291001,N,12-JUN-2026
PROD_78435,78435,02298953,APO-CICLOPIROX,,,0150022001,N,12-JUN-2026
PROD_78457,78457,02299186,STERILE WATER FOR INJECTION USP,,,0105143002,N,22-MAR-2025
PROD_78458,78458,02299194,RALIVIA,,,0151694005,N,22-MAR-2025
PROD_78459,78459,02299208,RALIVIA,,,0151694003,N,22-MAR-2025
PROD_78460,78460,02299216,RALIVIA,,,0151694001,N,26-MAY-2026
PROD_78461,78461,02299224,TEVA-FLUVASTATIN,,,0125247002,N,15-JUN-2026
PROD_78462,78462,02299232,TEVA-FLUVASTATIN,,,0125247001,N,15-JUN-2026
PROD_78497,78497,02299593,TEVA-TOLTERODINE,,,0135202001,N,16-JUN-2026
PROD_78498,78498,02299607,TEVA-TOLTERODINE,,,0135202002,N,16-JUN-2026
PROD_78499,78499,02299615,APO-DORZO-TIMOP,,,0237301001,N,02-SEP-2025
PROD_78500,78500,02299623,PIPERACILLIN AND TAZOBACTAM FOR INJECTION,,,0225919004,N,22-MAR-2025
PROD_78501,78501,02299631,PIPERACILLIN AND TAZOBACTAM FOR INJECTION,,,0225919005,N,22-MAR-2025
PROD_78502,78502,02299658,PIPERACILLIN AND TAZOBACTAM FOR INJECTION,,,0225919006,N,22-MAR-2025
PROD_78508,78508,02299712,ALENDRONATE,,,0150323002,N,22-MAR-2025
PROD_78510,78510,02299739,CLOBEX SPRAY,SOLUTION,,0110995001,N,12-AUG-2026
PROD_78516,78516,02299801,AURO-MIRTAZAPINE OD,,,0143928001,N,25-JUN-2026
PROD_78517,78517,02299828,AURO-MIRTAZAPINE OD,,,0143928002,N,25-JUN-2026
PROD_78518,78518,02299836,AURO-MIRTAZAPINE OD,,,0143928003,N,25-JUN-2026
PROD_78519,78519,02299844,CELSENTRI,,,0152296001,N,12-JUN-2026
PROD_78520,78520,02299852,CELSENTRI,,,0152296002,N,15-JUN-2026
PROD_78527,78527,02299925,ATRIANCE,,,0152299001,N,22-MAR-2025
PROD_78550,78550,02300184,SEROQUEL XR,,,0131858006,N,27-JUL-2026
PROD_78551,78551,02300192,SEROQUEL XR,,,0131858003,N,27-JUL-2026
PROD_78552,78552,02300206,SEROQUEL XR,,,0131858005,N,27-JUL-2026
PROD_78553,78553,02300214,SEROQUEL XR,,,0131858007,N,27-JUL-2026
PROD_78559,78559,02300273,INVEGA,,,0152320001,N,16-JUN-2026
PROD_78560,78560,02300281,INVEGA,,,0152320002,N,16-JUN-2026
PROD_78561,78561,02300303,INVEGA,,,0152320003,N,16-JUN-2026
PROD_78575,78575,02300451,GLUMETZA,,,0101773003,N,31-JUL-2026
PROD_78581,78581,02300524,NEXIUM,,,0145162003,N,16-JUN-2026
PROD_78584,78584,02300559,DERMOTIC OIL EAR DROPS,,,0106314002,N,16-JUN-2026
PROD_78588,78588,02300591,ROTARIX,,,0152324003,N,06-AUG-2025
PROD_78612,78612,02300761,GAS X ULTRA STRENGTH,,LS - ANTIFLATULENTS,0131347005,N,24-JUN-2026
PROD_78620,78620,02300842,DAYQUIL COLD & FLU,,,0351264004,N,26-JUN-2026
PROD_78642,78642,02301075,SANDOZ PANTOPRAZOLE,,,0133229002,N,16-JUN-2026
PROD_78643,78643,02301083,SANDOZ PANTOPRAZOLE,,,0133229001,N,16-JUN-2026
PROD_78661,78661,02301288,PMS-ISMN,,,0120456002,N,16-JUN-2026
PROD_78666,78666,02301334,BRIMONIDINE P,,,0131859003,N,22-MAR-2025
PROD_78699,78699,02301687,CLEAR EYES TRIPLE ACTION RELIEF,,,0320960002,N,26-JUN-2026
PROD_78703,78703,02301725,DIMETHICONE PROTECTANT,,,0106827019,N,29-JUN-2026
PROD_78704,78704,02301733,ALEVE CAPLETS,,,0113934003,N,25-NOV-2025
PROD_78710,78710,02301768,TEVA-LISINOPRIL/HCTZ (TYPE Z),,,0222417003,N,22-MAR-2025
PROD_78711,78711,02301776,TEVA-LISINOPRIL/HCTZ (TYPE Z),,,0222417001,N,22-MAR-2025
PROD_78712,78712,02301784,TEVA-LISINOPRIL/HCTZ (TYPE Z),,,0222417002,N,22-MAR-2025
PROD_78722,78722,02301881,ISENTRESS,,,0152351001,N,12-JUN-2026
PROD_78754,78754,02302209,PMS-RISEDRONATE,,,0135301003,N,16-JUN-2026
PROD_78769,78769,02302365,SANDOZ LISINOPRIL HCT,,,0222417003,N,16-JUN-2026
PROD_78770,78770,02302373,SANDOZ LISINOPRIL HCT,,,0222417001,N,16-JUN-2026
PROD_78771,78771,02302381,SANDOZ LISINOPRIL HCT,,,0222417002,N,16-JUN-2026
PROD_78773,78773,02302411,XYLOCAINE 1%,CONTAINS PRESERVATIVE,,0101280004,N,19-AUG-2026
PROD_78774,78774,02302438,XYLOCAINE 2%,CONTAINS PRESERVATIVE,,0101280001,N,19-AUG-2026
PROD_78787,78787,02302551,WINRHO SDF,ALSO KNOWN AS RHO D IMMUNE GLOBULIN HUMAN. SINGLE DOSE VIAL,,0106269002,N,07-JUL-2026
PROD_78788,78788,02302578,WINRHO SDF,ALSO KNOWN AS RHO D IMMUNE GLOBULIN HUMAN. SINGLE DOSE VIAL,,0106269004,N,07-JUL-2026
PROD_78791,78791,02302616,PMS-DICLOFENAC,,,0114417003,N,16-JUN-2026
PROD_78792,78792,02302624,PMS-DICLOFENAC,,,0114417002,N,16-JUN-2026
PROD_78808,78808,02302764,TEVA-MORPHINE SR,,,0104545009,N,26-JUN-2026
PROD_78809,78809,02302772,TEVA-MORPHINE SR,,,0104545011,N,26-JUN-2026
PROD_78810,78810,02302780,TEVA-MORPHINE SR,,,0104545010,N,26-JUN-2026
PROD_78811,78811,02302799,TEVA-MORPHINE SR,,,0104545012,N,26-JUN-2026
PROD_78812,78812,02302802,TEVA-MORPHINE SR,,,0104545013,N,26-JUN-2026
PROD_78816,78816,02302845,EXELON PATCH 5,,,0140521007,N,30-JUL-2026
PROD_78817,78817,02302853,EXELON PATCH 10,,,0140521008,N,30-JUL-2026
PROD_78818,78818,02302861,TEVA-PIOGLITAZONE,,,0141541001,N,06-JAN-2026
PROD_78819,78819,02302888,TEVA-PIOGLITAZONE,,,0141541002,N,06-JAN-2026
PROD_78820,78820,02302896,TEVA-PIOGLITAZONE,,,0141541003,N,06-JAN-2026
PROD_78826,78826,02302969,LAMOTRIGINE-25,,,0127134003,N,20-JAN-2026
PROD_78830,78830,02302985,LAMOTRIGINE-100,,,0127134001,N,20-JAN-2026
PROD_78831,78831,02302993,LAMOTRIGINE-150,,,0127134006,N,20-JAN-2026
PROD_78840,78840,02303078,ALENDRONATE-70,,,0150323002,N,22-MAR-2025
PROD_78841,78841,02303086,HEPARIN SODIUM INJECTION USP    (MULTIDOSE VIAL-WITH PRESERVATIVE),,,0104596004,N,10-JUN-2026
PROD_78844,78844,02303116,PMS-OLANZAPINE,,,0128783001,N,16-JUN-2026
PROD_78848,78848,02303159,PMS-OLANZAPINE,,,0128783003,N,16-JUN-2026
PROD_78849,78849,02303167,PMS-OLANZAPINE,,,0128783004,N,16-JUN-2026
PROD_78850,78850,02303175,PMS-OLANZAPINE,,,0128783002,N,16-JUN-2026
PROD_78851,78851,02303183,PMS-OLANZAPINE,,,0128783005,N,16-JUN-2026
PROD_78852,78852,02303191,PMS-OLANZAPINE ODT,,,0128783003,N,16-JUN-2026
PROD_78853,78853,02303205,PMS-OLANZAPINE ODT,,,0128783002,N,16-JUN-2026
PROD_78854,78854,02303213,PMS-OLANZAPINE ODT,,,0128783005,N,16-JUN-2026
PROD_78858,78858,02303256,RIVA-CITALOPRAM,,,0136243003,N,12-AUG-2026
PROD_78859,78859,02303264,RIVA-CITALOPRAM,,,0136243001,N,12-AUG-2026
PROD_78860,78860,02303272,RIVA-CITALOPRAM,,,0136243002,N,12-AUG-2026
PROD_78897,78897,02303655,SANDOZ RISPERIDONE,,,0124332006,N,16-JUN-2026
PROD_78898,78898,02303663,SANDOZ RISPERIDONE,,,0124332007,N,16-JUN-2026
PROD_78899,78899,02303671,OMNARIS,,,0151669001,N,30-JUL-2026
PROD_78902,78902,02303728,TARO-CIPROFLOX,,,0123207006,N,22-MAR-2025
PROD_78903,78903,02303736,TARO-CIPROFLOX,,,0123207001,N,22-MAR-2025
PROD_78904,78904,02303744,TARO-CIPROFLOX,,,0123207002,N,22-MAR-2025
PROD_78913,78913,02303833,EXTRA STRENGTH ALLERGY TOTAL,,,0327704004,N,26-JUN-2026
PROD_78924,78924,02303922,JANUVIA,,,0152414001,N,15-JUN-2026
PROD_78932,78932,02304015,REFRESH CONTACTS,,,0107332003,N,22-MAR-2025
PROD_78939,78939,02304082,"PHENOBARBITAL SODIUM INJECTION, USP",,,0105985003,N,10-JUN-2026
PROD_78940,78940,02304090,"PHENOBARBITAL SODIUM INJECTION, USP",,,0105985001,N,10-JUN-2026
PROD_78941,78941,02304104,TORISEL,SINGLE-USE VIAL,,0152415001,N,12-AUG-2026
PROD_78942,78942,02304112,WET ONES,,CAT IV - ANTISEPTIC SKIN CLEANSERS,0104367009,N,22-MAR-2025
PROD_78947,78947,02304163,TEVA-CLONIDINE,,,0108891003,N,23-JUN-2026
PROD_78954,78954,02304252,BENADRYL ALLERGY LIQUIGELS,,,0102639002,N,29-JUN-2026
PROD_78960,78960,02304317,ACT VENLAFAXINE XR,,,0131294002,N,22-MAR-2025
PROD_78961,78961,02304325,ACT VENLAFAXINE XR,,,0131294001,N,22-MAR-2025
PROD_78962,78962,02304333,ACT VENLAFAXINE XR,,,0131294005,N,22-MAR-2025
PROD_78963,78963,02304341,0.9% SODIUM CHLORIDE INJECTION USP,SINGLE-USE,,0100053002,N,04-AUG-2026
PROD_78965,78965,02304368,PMS-DESMOPRESSIN,,,0112050005,N,22-MAR-2025
PROD_78966,78966,02304376,PMS-DESMOPRESSIN,,,0112050003,N,22-MAR-2025
PROD_78974,78974,02304457,ANTIBIOTIC PLUS PAIN RELIEF CREAM,,,0333294002,N,26-JUN-2026
PROD_78975,78975,02304465,COMPLETE ANTIBIOTIC OINTMENT,,,0452420001,N,26-JUN-2026
PROD_78988,78988,02304619,PRIVIGEN,ALSO KNOW AS IMMUNE GLOBULIN (HUMAN),,0106267005,N,26-AUG-2026
PROD_78993,78993,02304678,SANDOZ ALFUZOSIN,,,0146806001,N,25-JUN-2026
PROD_79003,79003,02304759,CIPROFLOXACIN INTRAVENOUS INFUSION BP,,,0123207007,N,26-JUN-2026
PROD_79011,79011,02304848,TAMIFLU,,,0139501003,N,02-SEP-2026
PROD_79012,79012,02304856,TAMIFLU,,,0139501004,N,02-SEP-2026
PROD_79016,79016,02304899,REVLIMID,,,0152422001,N,22-MAR-2025
PROD_79017,79017,02304902,REVLIMID,,,0152422002,N,22-MAR-2025
PROD_79038,79038,02305003,GEN-CLOZAPINE,,,0122583003,N,26-JUN-2026
PROD_79039,79039,02305011,GEN-CLOZAPINE,,,0122583004,N,26-JUN-2026
PROD_79041,79041,02305046,SPC-PANTOPRAZOLE,,,0133229001,N,14-OCT-2025
PROD_79043,79043,02305062,APO-METFORMIN ER,,,0101773001,N,09-JAN-2026
PROD_79079,79079,02305259,MINT-ONDANSETRON,,,0131120003,N,18-JUN-2026
PROD_79080,79080,02305267,MINT-ONDANSETRON,,,0131120001,N,18-JUN-2026
PROD_79084,79084,02305305,NIGHTTIME TOTAL COLD AND FLU,,,0327704004,N,10-JUN-2026
PROD_79088,79088,02305356,COLD & SINUS LIQUID FASTGELS,,,0421980002,N,26-JUN-2026
PROD_79097,79097,02305429,SANDOZ BRIMONIDINE,,,0131859001,N,22-MAR-2025
PROD_79103,79103,02305461,RIVA-FLUOXETINE,,,0116847003,N,25-JUN-2026
PROD_79104,79104,02305488,RIVA-FLUOXETINE,,,0116847001,N,25-JUN-2026
PROD_79105,79105,02305496,BENYLIN FOR CHILDREN ALL-IN-ONE COLD & FEVER,,LS - COUGH AND COLD,0414717001,N,11-JUN-2026
PROD_79122,79122,02305666,BENYLIN FOR CHILDREN ALL-IN-ONE COLD & FEVER NIGHTIME,,LS - COUGH AND COLD,0351606001,N,20-AUG-2026
PROD_79145,79145,02305909,MARCAINE,"CONTAINS PRESERVATIVE, MULTIDOSE VIAL",,0108896004,N,19-AUG-2026
PROD_79150,79150,02305933,STALEVO,,,0352427001,N,22-MAR-2025
PROD_79151,79151,02305941,STALEVO,,,0352427002,N,22-MAR-2025
PROD_79152,79152,02305968,STALEVO,,,0352427003,N,22-MAR-2025
PROD_79164,79164,02306085,VALCYTE,,,0147203002,N,27-JUL-2026
PROD_79190,79190,02306352,ALLERGY FORMULA LIQUID CAPSULES,,,0102639002,N,12-JUN-2026
PROD_79195,79195,02306409,BENYLIN EXTRA STRENGTH COLD & SINUS NIGHT,CONVENIENCE PACK,LS - COUGH AND COLD,0316099001,N,17-AUG-2026
PROD_79215,79215,02306441,FLAWLESS EFFECT LIQUID FOUNDATION BROAD SPECTRUM SPF 15,,CAT IV - SUNBURN PROTECTANTS,0216932003,N,22-MAR-2025
PROD_79224,79224,02306530,APO-OXYCODONE CR,,,0107552005,N,12-JUN-2026
PROD_79246,79246,02306778,INTELENCE,,,0152450001,N,12-JUN-2026
PROD_79267,79267,02306999,PRO-BISOPROLOL,,,0122418001,N,04-AUG-2026
PROD_79268,79268,02307006,PRO-BISOPROLOL,,,0122418002,N,04-AUG-2026
PROD_79274,79274,02307065,VOLIBRIS,,,0152452001,N,16-JUN-2026
PROD_79275,79275,02307073,VOLIBRIS,,,0152452002,N,16-JUN-2026
PROD_79278,79278,02307111,BUCKLEYS COLD & SINUS,,,0319503004,N,22-MAR-2025
PROD_79344,79344,02307766,SEVOFLURANE,,,0127780001,N,17-JUL-2026
PROD_79355,79355,02307871,PMS-PANTOPRAZOLE,,,0133229001,N,16-JUN-2026
PROD_79388,79388,02308215,RELISTOR,12 MG/0.6 ML SINGLE-USE VIAL,,0152456001,N,30-JUL-2026
PROD_79402,79402,02308363,RAMIPRIL,,,0122858001,N,22-MAR-2025
PROD_79412,79412,02308487,VECTIBIX,,,0152457001,N,19-JUN-2026
PROD_79414,79414,02308509,VECTIBIX,SINGLE-USE VIAL,,0152457001,N,22-MAR-2025
PROD_79420,79420,02308576,DEEP MOISTURE RENEWAL WITH SPF 15,,,0216932017,N,26-JUN-2026
PROD_79435,79435,02308738,TEVA-SILDENAFIL,,,0136261001,N,17-JUN-2026
PROD_79436,79436,02308746,TEVA-SILDENAFIL,,,0136261002,N,17-JUN-2026
PROD_79437,79437,02308754,TEVA-SILDENAFIL,,,0136261003,N,17-JUN-2026
PROD_79450,79450,02308894,APO-GRANISETRON,,,0123183001,N,22-MAR-2025
PROD_79451,79451,02308908,DIOVAN-HCT,,,0240204004,N,16-JUN-2026
PROD_79452,79452,02308916,DIOVAN-HCT,,,0240204005,N,16-JUN-2026
PROD_79454,79454,02308932,CEFAZOLIN FOR INJECTION USP,,,0109442002,N,22-MAR-2025
PROD_79456,79456,02308959,CEFAZOLIN FOR INJECTION USP,,,0109442005,N,22-MAR-2025
PROD_79457,79457,02308967,CEFAZOLIN FOR INJECTION USP,,,0109442006,N,22-MAR-2025
PROD_79459,79459,02308983,NEVANAC,,,0152459001,N,22-MAR-2025
PROD_79461,79461,02309009,ACTIVELLE LD,,,0242942004,N,16-JUN-2026
PROD_79467,79467,02309076,TPR20,,LS - TOPICAL - ANAESTHETIC/ANALGESIC/ANTIPRURITIC,0233049002,N,22-MAR-2025
PROD_79471,79471,02309114,PMS-LETROZOLE,,,0132937001,N,16-JUN-2026
PROD_79472,79472,02309122,PRAMIPEXOLE,,,0152169001,N,22-MAR-2025
PROD_79473,79473,02309130,PRAMIPEXOLE,,,0152169002,N,22-MAR-2025
PROD_79474,79474,02309149,PRAMIPEXOLE,,,0152169003,N,22-MAR-2025
PROD_79475,79475,02309157,PRAMIPEXOLE,,,0152169004,N,22-MAR-2025
PROD_79483,79483,02309238,BREVIBLOC PREMIXED INJECTION,,,0123418003,N,16-JUN-2026
PROD_79491,79491,02309300,AERIUS SINUS + ALLERGY,,,0252460001,N,16-APR-2026
PROD_79504,79504,02309440,COLDASIDE COUGH & COLD,,LS - COUGH AND COLD,0200625004,N,14-NOV-2025
PROD_79506,79506,02309467,MYLAN-ESCITALOPRAM,,,0150435002,N,16-JUN-2026
PROD_79507,79507,02309475,MYLAN-ESCITALOPRAM,,,0150435004,N,16-JUN-2026
PROD_79508,79508,02309483,XYNTHA,,,0147521003,N,12-JUN-2026
PROD_79509,79509,02309491,XYNTHA,,,0147521002,N,12-JUN-2026
PROD_79517,79517,02309556,TEVA-CYPROTERONE / ETHINYL ESTRADIOL,,,0232337001,N,22-MAR-2025
PROD_79532,79532,02309661,PRO-AMIODARONE - 200,,,0118593001,N,25-JUN-2026
PROD_79542,79542,02309750,PMS-LOSARTAN,,,0127971001,N,22-MAR-2025
PROD_79543,79543,02309769,PMS-LOSARTAN,,,0127971003,N,22-MAR-2025
PROD_79544,79544,02309777,PMS-LOSARTAN,,,0127971002,N,12-JUN-2026
PROD_79557,79557,02309882,PMS-OXYCODONE CR,,,0107552002,N,15-JUN-2026
PROD_79558,79558,02309890,PMS-OXYCODONE CR,,,0107552001,N,15-JUN-2026
PROD_79559,79559,02309904,PMS-OXYCODONE CR,,,0107552005,N,15-JUN-2026
PROD_79560,79560,02309912,PMS-OXYCODONE CR,,,0107552006,N,15-JUN-2026
PROD_79569,79569,02310023,PRO-RAMIPRIL - 1.25,,,0122858001,N,25-JUN-2026
PROD_79571,79571,02310066,PRO-RAMIPRIL - 2.5,,,0122858004,N,25-JUN-2026
PROD_79574,79574,02310074,PRO-RAMIPRIL - 5,,,0122858003,N,25-JUN-2026
PROD_79575,79575,02310104,PRO-RAMIPRIL - 10,,,0122858002,N,25-JUN-2026
PROD_79578,79578,02310112,PMS-FINASTERIDE,,,0124110001,N,16-JUN-2026
PROD_79596,79596,02310317,SANDOZ VENLAFAXINE XR,,,0131294002,N,25-APR-2025
PROD_79597,79597,02310325,SANDOZ VENLAFAXINE XR,,,0131294001,N,25-APR-2025
PROD_79598,79598,02310333,SANDOZ VENLAFAXINE XR,,,0131294005,N,25-APR-2025
PROD_79599,79599,02310341,SANDOZ OLANZAPINE,,,0128783001,N,16-JUN-2026
PROD_79600,79600,02310368,SANDOZ OLANZAPINE,,,0128783003,N,16-JUN-2026
PROD_79601,79601,02310376,SANDOZ OLANZAPINE,,,0128783004,N,16-JUN-2026
PROD_79602,79602,02310384,SANDOZ OLANZAPINE,,,0128783002,N,16-JUN-2026
PROD_79603,79603,02310392,SANDOZ OLANZAPINE,,,0128783005,N,16-JUN-2026
PROD_79608,79608,02310449,PRO-GABAPENTIN,,,0125929001,N,12-AUG-2026
PROD_79609,79609,02310457,PRO-GABAPENTIN,,,0125929003,N,12-AUG-2026
PROD_79610,79610,02310465,PRO-GABAPENTIN,,,0125929002,N,12-AUG-2026
PROD_79611,79611,02310473,PRO-GABAPENTIN,,,0125929004,N,09-JUN-2026
PROD_79612,79612,02310481,PRO-GABAPENTIN,,,0125929005,N,09-JUN-2026
PROD_79613,79613,02310503,TARO-RAMIPRIL,,,0122858001,N,22-MAR-2025
PROD_79614,79614,02310511,TARO-RAMIPRIL,,,0122858004,N,22-MAR-2025
PROD_79615,79615,02310538,TARO-RAMIPRIL,,,0122858003,N,22-MAR-2025
PROD_79616,79616,02310546,TARO-RAMIPRIL,,,0122858002,N,22-MAR-2025
PROD_79623,79623,02310600,PRO-AZITHROMYCINE,,,0126072001,N,19-NOV-2025
PROD_79630,79630,02310686,PRO-FLUCONAZOLE,,,0122529002,N,22-MAR-2025
PROD_79651,79651,02310899,TEVA-ATORVASTATIN,,,0133055001,N,05-AUG-2026
PROD_79652,79652,02310902,TEVA-ATORVASTATIN,,,0133055002,N,05-AUG-2026
PROD_79653,79653,02310910,TEVA-ATORVASTATIN,,,0133055003,N,05-AUG-2026
PROD_79654,79654,02310929,TEVA-ATORVASTATIN,,,0133055004,N,05-AUG-2026
PROD_79657,79657,02310953,PRO-NAPROXEN EC,,,0109634003,N,22-MAR-2025
PROD_79663,79663,02311038,PRO-BICALUTAMIDE,,,0127996001,N,11-MAR-2026
PROD_79680,79680,02311216,PRO-QUININE - 200,,,0106604001,N,22-MAR-2025
PROD_79681,79681,02311224,PRO-QUININE - 300,,,0106604002,N,22-MAR-2025
PROD_79692,79692,02311321,PRO-ISMN - 60,,,0120456002,N,22-MAR-2025
PROD_79695,79695,02311372,PRO-LEVETIRACETAM - 250,,,0148843001,N,22-MAR-2025
PROD_79696,79696,02311380,PRO-LEVETIRACETAM - 500,,,0148843002,N,22-MAR-2025
PROD_79697,79697,02311399,PRO-LEVETIRACETAM - 750,,,0148843003,N,22-MAR-2025
PROD_79698,79698,02311402,PRO-ENALAPRIL - 2.5,,,0117649004,N,22-MAR-2025
PROD_79699,79699,02311410,PRO-ENALAPRIL - 5,,,0117649003,N,22-MAR-2025
PROD_79700,79700,02311429,PRO-ENALAPRIL - 10,,,0117649001,N,22-MAR-2025
PROD_79701,79701,02311437,PRO-ENALAPRIL - 20,,,0117649002,N,22-MAR-2025
PROD_79706,79706,02311496,PRO-AAS EC - 80,,,0101169013,N,22-MAR-2025
PROD_79707,79707,02311518,PRO-AAS - 80 (CROQUABLE),,,0101169013,N,17-SEP-2025
PROD_79720,79720,02311658,ATACAND,,,0135220004,N,14-AUG-2026
PROD_79724,79724,02311690,CANESORAL,,,0122529004,N,24-JUN-2026
PROD_79727,79727,02311720,CANESTEN EXTERNAL CREAM,,,0110231001,N,16-JUN-2026
PROD_79746,79746,02311925,TEVA-FENTANYL,,,0123302015,N,18-JUN-2026
PROD_79749,79749,02311968,OLANZAPINE,,,0128783001,N,22-MAR-2025
PROD_79750,79750,02311976,OLANZAPINE,,,0128783003,N,22-MAR-2025
PROD_79751,79751,02311984,OLANZAPINE,,,0128783004,N,22-MAR-2025
PROD_79752,79752,02311992,OLANZAPINE,,,0128783002,N,22-MAR-2025
PROD_79753,79753,02312018,OLANZAPINE,,,0128783005,N,22-MAR-2025
PROD_79760,79760,02312085,PMS-TOPIRAMATE,FILM-COATED TABLET,,0132938003,N,06-AUG-2026
PROD_79778,79778,02312263,CESAMET,,,0115009003,N,22-MAR-2025
PROD_79781,79781,02312301,KALETRA,,,0243421004,N,13-AUG-2026
PROD_79783,79783,02312336,TEVA-CITALOPRAM,,,0136243003,N,19-MAY-2026
PROD_79791,79791,02312409,IRINOTECAN FOR INJECTION,,,0132910001,N,23-JUN-2026
PROD_79795,79795,02312441,PRADAXA,KNOWN AS PRADAX,,0152467002,N,17-JUN-2026
PROD_79806,79806,02312557,BOOSTRIX-POLIO,,,0852468001,N,16-JUN-2026
PROD_79823,79823,02312700,PRO-RISPERIDONE,,,0124332006,N,26-JUN-2026
PROD_79824,79824,02312719,PRO-RISPERIDONE,,,0124332007,N,26-JUN-2026
PROD_79825,79825,02312727,PRO-RISPERIDONE,,,0124332003,N,26-JUN-2026
PROD_79826,79826,02312735,PRO-RISPERIDONE,,,0124332004,N,26-JUN-2026
PROD_79827,79827,02312743,PRO-RISPERIDONE,,,0124332002,N,26-JUN-2026
PROD_79828,79828,02312751,PRO-RISPERIDONE,,,0124332005,N,26-JUN-2026
PROD_79829,79829,02312778,PRO-MIRTAZAPINE,,,0143928001,N,22-MAR-2025
PROD_79830,79830,02312786,PRO-MIRTAZAPINE,,,0143928002,N,22-MAR-2025
PROD_79831,79831,02312794,TEMODAL,,,0138781006,N,15-JUN-2026
PROD_79861,79861,02313065,PRO-ZOPICLONE,,,0122562002,N,12-AUG-2026
PROD_79862,79862,02313073,PRO-ZOPICLONE,,,0122562001,N,12-AUG-2026
PROD_79869,79869,02313162,BISMUTH SUBSALICYLATE SUSPENSION,,LS - ANTACID/BISMUTH SUBSALICYLATES,0111864001,N,22-MAR-2025
PROD_79886,79886,02313332,SANDOZ LOSARTAN,,,0127971001,N,16-JUN-2026
PROD_79887,79887,02313340,SANDOZ LOSARTAN,,,0127971003,N,16-JUN-2026
PROD_79888,79888,02313359,SANDOZ LOSARTAN,,,0127971002,N,16-JUN-2026
PROD_79890,79890,02313375,SANDOZ LOSARTAN HCT,,,0233168001,N,16-JUN-2026
PROD_79891,79891,02313383,SANDOZ LOSARTAN HCT DS,,,0233168002,N,16-JUN-2026
PROD_79893,79893,02313405,JAMP-CITALOPRAM,,,0136243001,N,08-DEC-2025
PROD_79894,79894,02313413,JAMP-CITALOPRAM,,,0136243002,N,08-DEC-2025
PROD_79915,79915,02313650,PRO-TOPIRAMATE,,,0132938001,N,22-JUN-2026
PROD_79916,79916,02313669,PRO-TOPIRAMATE,,,0132938002,N,22-JUN-2026
PROD_79917,79917,02313677,PRO-TOPIRAMATE,,,0132938006,N,22-JUN-2026
PROD_79919,79919,02313685,JAMP-ONDANSETRON,,,0131120003,N,25-JUN-2026
PROD_79920,79920,02313693,JAMP-ONDANSETRON,,,0131120001,N,25-JUN-2026
PROD_79921,79921,02313707,SPC-ATORVASTATIN,,,0133055001,N,15-JUL-2026
PROD_79922,79922,02313715,SPC-ATORVASTATIN,,,0133055002,N,15-JUL-2026
PROD_79923,79923,02313723,SPC-ATORVASTATIN,,,0133055003,N,15-JUL-2026
PROD_79925,79925,02313758,SPC-ATORVASTATIN,,,0133055004,N,15-JUL-2026
PROD_79937,79937,02313855,SANDOZ MYCOPHENOLATE MOFETIL,,,0128158002,N,26-JUN-2026
PROD_79948,79948,02313960,TEVA-ZOLMITRIPTAN,,,0134381001,N,16-JUN-2026
PROD_79955,79955,02314037,SPC-ROPINIROLE,,,0132618001,N,11-JUL-2025
PROD_79957,79957,02314053,SPC-ROPINIROLE,,,0132618003,N,11-JUL-2025
PROD_79958,79958,02314061,SPC-ROPINIROLE,,,0132618004,N,11-JUL-2025
PROD_79959,79959,02314088,SPC-ROPINIROLE,,,0132618005,N,11-JUL-2025
PROD_79962,79962,02314126,PHENREX MVD,,CAT IV - ANTISEPTIC SKIN CLEANSERS,0106942007,N,22-MAR-2025
PROD_79974,79974,02314177,SANDOZ RABEPRAZOLE,,,0143681001,N,16-JUN-2026
PROD_79975,79975,02314185,SANDOZ RABEPRAZOLE,,,0143681002,N,16-JUN-2026
PROD_79985,79985,02314290,TEVA-NARATRIPTAN,,,0131121001,N,22-MAR-2025
PROD_79986,79986,02314304,TEVA-NARATRIPTAN,,,0131121002,N,12-JUN-2026
PROD_80008,80008,02314541,TEVA-ATOMOXETINE,,,0150434001,N,22-MAR-2025
PROD_80009,80009,02314568,TEVA-ATOMOXETINE,,,0150434002,N,22-MAR-2025
PROD_80010,80010,02314576,TEVA-ATOMOXETINE,,,0150434003,N,22-MAR-2025
PROD_80011,80011,02314584,TEVA-ATOMOXETINE,,,0150434004,N,22-MAR-2025
PROD_80012,80012,02314592,TEVA-ATOMOXETINE,,,0150434005,N,22-MAR-2025
PROD_80029,80029,02314754,IBUPROFEN TABLETS,,,0108883004,N,21-AUG-2025
PROD_80030,80030,02314762,IBUPROFEN CAPLETS,,,0108883004,N,21-AUG-2025
PROD_80031,80031,02314770,EXTRA STRENGTH IBUPROFEN,,,0108883002,N,17-JUN-2026
PROD_80042,80042,02314894,PRO-METFORMIN,,,0101773002,N,29-JUL-2025
PROD_80043,80043,02314908,PRO-METFORMIN,,,0101773001,N,29-JUL-2025
PROD_80045,80045,02314924,ELTAMD SKINCARE UV SPORT SPF 50,,CAT IV - SUNBURN PROTECTANTS,0346162008,N,31-JUL-2025
PROD_80046,80046,02314932,LEVOFLOXACIN IN 5% DEXTROSE INJECTION,,,0131663001,N,22-MAR-2025
PROD_80047,80047,02314940,FOSAVANCE,,,0251575002,N,22-MAR-2025
PROD_80053,80053,02314991,PRO-FLUOXETINE,,,0116847003,N,16-DEC-2025
PROD_80054,80054,02315009,PRO-FLUOXETINE,,,0116847001,N,22-MAR-2025
PROD_80057,80057,02315033,ANTIBIOTIC CREAM FOR KIDS,,,0333294002,N,26-JUN-2026
PROD_80073,80073,02315173,PRO-VALACYCLOVIR,,,0128626001,N,22-MAR-2025
PROD_80080,80080,02315262,SANDOZ PRAMIPEXOLE,,,0152169001,N,16-JUN-2026
PROD_80081,80081,02315270,SANDOZ PRAMIPEXOLE,,,0152169002,N,16-JUN-2026
PROD_80082,80082,02315289,SANDOZ PRAMIPEXOLE,,,0152169003,N,16-JUN-2026
PROD_80083,80083,02315297,SANDOZ PRAMIPEXOLE,,,0152169004,N,16-JUN-2026
PROD_80085,80085,02315300,RIVA-METOPROLOL-L,,,0111923005,N,22-MAR-2025
PROD_80086,80086,02315319,RIVA-METOPROLOL-L,,,0111923002,N,22-MAR-2025
PROD_80087,80087,02315327,RIVA-METOPROLOL-L,,,0111923003,N,22-MAR-2025
PROD_80096,80096,02315424,TEVA-LEVOFLOXACIN,,,0131663003,N,04-NOV-2025
PROD_80097,80097,02315432,TEVA-LEVOFLOXACIN,,,0131663004,N,04-NOV-2025
PROD_80098,80098,02315440,TEVA-LEVOFLOXACIN,,,0131663005,N,04-NOV-2025
PROD_80117,80117,02315645,MINT-TOPIRAMATE,,,0132938001,N,02-JUL-2026
PROD_80118,80118,02315653,MINT-TOPIRAMATE,,,0132938002,N,02-JUL-2026
PROD_80119,80119,02315661,MINT-TOPIRAMATE,,,0132938006,N,02-JUL-2026
PROD_80135,80135,02315831,CETAPHIL DAILY FACIAL MOISTURIZER   (SPF 50),,CAT IV - SUNBURN PROTECTANTS,0524585013,N,29-JUN-2026
PROD_80137,80137,02315866,APO-ALFUZOSIN,,,0146806001,N,12-JUN-2026
PROD_80138,80138,02315874,TASIGNA,,,0152484001,N,23-JUL-2026
PROD_80148,80148,02315955,EXTRA STRENGTH ALLERGY RELIEF,,,0122686001,N,18-JUN-2026
PROD_80149,80149,02315963,PMS-CETIRIZINE,,,0122686003,N,16-JUN-2026
PROD_80161,80161,02316080,ACT QUETIAPINE,,,0131858001,N,22-MAR-2025
PROD_80162,80162,02316099,ACT QUETIAPINE,,,0131858002,N,22-MAR-2025
PROD_80164,80164,02316110,ACT QUETIAPINE,,,0131858003,N,22-MAR-2025
PROD_80165,80165,02316129,ACT QUETIAPINE,,,0131858005,N,22-MAR-2025
PROD_80181,80181,02316307,SANDOZ DORZOLAMIDE,,,0128558001,N,22-MAR-2025
PROD_80195,80195,02316447,RIVA-VALACYCLOVIR,,,0128626001,N,22-MAR-2025
PROD_80199,80199,02316498,CLINIQUE SPF 50 FACE CREAM,,CAT IV - SUNBURN PROTECTANTS,0544758046,N,22-MAR-2025
PROD_80220,80220,02316692,RIVA-QUETIAPINE,,,0131858001,N,22-JUN-2026
PROD_80221,80221,02316706,RIVA-QUETIAPINE,,,0131858002,N,22-JUN-2026
PROD_80223,80223,02316722,RIVA-QUETIAPINE,,,0131858003,N,22-JUN-2026
PROD_80224,80224,02316730,RIVA-QUETIAPINE,,,0131858005,N,22-JUN-2026
PROD_80233,80233,02316838,ACTONEL,,,0135301005,N,17-JUN-2025
PROD_80234,80234,02316846,TEVA-ROPINIROLE,,,0132618001,N,22-MAR-2025
PROD_80235,80235,02316854,TEVA-ROPINIROLE,,,0132618003,N,22-MAR-2025
PROD_80236,80236,02316862,TEVA-ROPINIROLE,,,0132618004,N,22-MAR-2025
PROD_80237,80237,02316870,TEVA-ROPINIROLE,,,0132618005,N,22-MAR-2025
PROD_80244,80244,02316943,GALANTAMINE ER,,,0144660002,N,14-AUG-2026
PROD_80245,80245,02316951,GALANTAMINE ER,,,0144660004,N,14-AUG-2026
PROD_80246,80246,02316978,GALANTAMINE ER,,,0144660005,N,14-AUG-2026
PROD_80247,80247,02316986,XARELTO,,,0152487001,N,15-JUN-2026
PROD_80257,80257,02317060,PMS-IRBESARTAN,,,0131700001,N,16-JUN-2026
PROD_80258,80258,02317079,PMS-IRBESARTAN,,,0131700002,N,16-JUN-2026
PROD_80259,80259,02317087,PMS-IRBESARTAN,,,0131700003,N,16-JUN-2026
PROD_80270,80270,02317192,APRI 21,,,0224591001,N,24-JUN-2026
PROD_80272,80272,02317206,APRI 28,,,0224591001,N,24-JUN-2026
PROD_80286,80286,02317338,IBUPROFEN 400 MG,,,0108883002,N,22-MAR-2025
PROD_80287,80287,02317346,PRO-QUETIAPINE,,,0131858001,N,15-SEP-2025
PROD_80288,80288,02317354,PRO-QUETIAPINE,,,0131858002,N,15-SEP-2025
PROD_80289,80289,02317362,PRO-QUETIAPINE,,,0131858003,N,15-SEP-2025
PROD_80290,80290,02317370,PRO-QUETIAPINE,,,0131858005,N,15-SEP-2025
PROD_80298,80298,02317451,MINT-PRAVASTATIN,,,0122563001,N,22-MAR-2025
PROD_80299,80299,02317478,MINT-PRAVASTATIN,,,0122563002,N,22-MAR-2025
PROD_80300,80300,02317486,MINT-PRAVASTATIN,,,0122563003,N,22-MAR-2025
PROD_80308,80308,02317559,SILDENAFIL,DIAMOND-SHAPED TABLETS,,0136261001,N,21-AUG-2026
PROD_80310,80310,02317575,SILDENAFIL,DIAMOND-SHAPED TABLETS,,0136261002,N,21-AUG-2026
PROD_80311,80311,02317583,SILDENAFIL,DIAMOND-SHAPED TABLETS,,0136261003,N,21-AUG-2026
PROD_80317,80317,02317656,ORIGINAL ANTIBIOTIC CREAM,,,0231247004,N,26-JUN-2026
PROD_80321,80321,02317680,LAX-A-DAY,,,0152488002,N,24-NOV-2025
PROD_80322,80322,02317699,REVLIMID,,,0152422003,N,22-MAR-2025
PROD_80324,80324,02317710,REVLIMID,,,0152422004,N,22-MAR-2025
PROD_80332,80332,02317796,PRO-CIPROFLOXACIN,,,0123207006,N,22-MAR-2025
PROD_80333,80333,02317818,PRO-CIPROFLOXACIN,,,0123207001,N,22-MAR-2025
PROD_80341,80341,02317893,QUETIAPINE,,,0131858001,N,22-MAR-2025
PROD_80342,80342,02317907,QUETIAPINE,,,0131858002,N,22-MAR-2025
PROD_80344,80344,02317923,QUETIAPINE,,,0131858003,N,22-MAR-2025
PROD_80345,80345,02317931,QUETIAPINE,,,0131858005,N,22-MAR-2025
PROD_80347,80347,02317966,PURG-ODAN,,,0350181002,N,22-MAR-2025
PROD_80351,80351,02318008,TRAVATAN Z,,,0145801001,N,22-MAR-2025
PROD_80353,80353,02318024,APO-ATOMOXETINE,,,0150434001,N,12-JUN-2026
PROD_80354,80354,02318032,APO-ATOMOXETINE,,,0150434002,N,12-JUN-2026
PROD_80355,80355,02318040,APO-ATOMOXETINE,,,0150434003,N,12-JUN-2026
PROD_80356,80356,02318059,APO-ATOMOXETINE,,,0150434004,N,12-JUN-2026
PROD_80357,80357,02318067,APO-ATOMOXETINE,,,0150434005,N,12-JUN-2026
PROD_80358,80358,02318075,APO-ATOMOXETINE,,,0150434006,N,12-JUN-2026
PROD_80359,80359,02318083,APO-ATOMOXETINE,,,0150434007,N,12-JUN-2026
PROD_80366,80366,02318164,RESTORALAX,,,0152488002,N,22-MAR-2025
PROD_80368,80368,02318180,TEVA-ESCITALOPRAM,,,0150435002,N,15-JUN-2026
PROD_80371,80371,02318202,TEVA-ESCITALOPRAM,,,0150435004,N,15-JUN-2026
PROD_80376,80376,02318253,REBIF,MULTIDOSE PREFILLED CARTRIDGE,,0131806001,N,14-AUG-2026
PROD_80377,80377,02318261,REBIF,MULTIDOSE PREFILLED CARTRIDGE,,0131806006,N,14-AUG-2026
PROD_80390,80390,02318415,ROCURONIUM BROMIDE INJECTION,,,0126317001,N,16-JUN-2026
PROD_80397,80397,02318482,GOLD BOND ANTI-ITCH LOTION,,LS - TOPICAL - ANAESTHETIC/ANALGESIC/ANTIPRURITIC,0352493001,N,26-JUN-2026
PROD_80408,80408,02318601,AURO-NEVIRAPINE,,,0134602001,N,22-MAR-2025
PROD_80414,80414,02318660,OLMETEC,,,0152496002,N,22-MAR-2025
PROD_80415,80415,02318679,OLMETEC,,,0152496003,N,22-MAR-2025
PROD_80417,80417,02318695,PANTOPRAZOLE,,,0133229001,N,22-MAR-2025
PROD_80418,80418,02318709,MICARDIS PLUS,,,0244783002,N,16-JUN-2026
PROD_80450,80450,02319012,DOVOBET GEL,,,0252270001,N,24-AUG-2026
PROD_80468,80468,02319217,SANDOZ TAMSULOSIN,,,0133680001,N,16-JUN-2026
PROD_80475,80475,02319276,TINACTIN CHILL DEODORANT POWDER SPRAY,,,0102537001,N,22-MAR-2025
PROD_80479,80479,02319314,TINACTIN CHILL LIQUID SPRAY,,,0102537001,N,22-MAR-2025
PROD_80498,80498,02319500,TEVA-SILDENAFIL R,,,0136261004,N,22-MAR-2025
PROD_80508,80508,02319616,OLMETEC PLUS,,,0252502001,N,22-MAR-2025
PROD_80509,80509,02319624,OLMETEC PLUS,,,0252502002,N,22-MAR-2025
PROD_80510,80510,02319632,OLMETEC PLUS,,,0252502003,N,22-MAR-2025
PROD_80536,80536,02319918,CLADRIBINE INJECTION,,,0124270001,N,22-MAR-2025
PROD_80542,80542,02319977,PMS-OXYCODONE,,,0107552003,N,16-JUN-2026
PROD_80543,80543,02319985,PMS-OXYCODONE,,,0107552002,N,16-JUN-2026
PROD_80544,80544,02319993,PMS-OXYCODONE,,,0107552001,N,16-JUN-2026
PROD_80558,80558,02320134,AURO-TERBINAFINE,,,0132855002,N,15-JUN-2026
PROD_80560,80560,02320150,PACLITAXEL INJECTION USP,,,0124214001,N,16-JUN-2026
PROD_80561,80561,02320169,PMS-FINASTERIDE,,,0124110002,N,17-JUN-2026
PROD_80562,80562,02320177,TEVA-TELMISARTAN,,,0138223001,N,22-MAR-2025
PROD_80563,80563,02320185,TEVA-TELMISARTAN,,,0138223002,N,22-MAR-2025
PROD_80564,80564,02320193,SPRYCEL,FILM-COATED,,0152198004,N,28-JUL-2026
PROD_80576,80576,02320320,SELSUN BLUE ANTI-DANDRUFF SHAMPOO,,CAT IV - ANTIDANDRUFF PRODUCTS,0108628001,N,26-JUN-2026
PROD_80581,80581,02320371,CARBOPLATIN INJECTION BP,,,0117892002,N,16-JUN-2026
PROD_80582,80582,02320398,M-EDIAT,,,0104545003,N,31-JUL-2026
PROD_80584,80584,02320428,M-EDIAT,,,0104545001,N,31-JUL-2026
PROD_80585,80585,02320436,M-EDIAT,,,0104545002,N,31-JUL-2026
PROD_80586,80586,02320444,M-EDIAT,,,0104545011,N,31-JUL-2026
PROD_80604,80604,02320630,SANDOZ MYCOPHENOLATE MOFETIL,,,0128158001,N,26-JUN-2026
PROD_80608,80608,02320673,STELARA,SINGLE-USE VIAL AND PREFILLED SYRINGE,,0152506001,N,13-AUG-2026
PROD_80609,80609,02320681,STELARA,,,0152506001,N,12-JUN-2026
PROD_80614,80614,02320738,PMS-ANASTROZOLE,,,0128681001,N,16-JUN-2026
PROD_80634,80634,02320924,ALREX,,,0152508001,N,16-JUN-2026
PROD_80636,80636,02320940,BENYLIN EXTRA STRENGTH MUCUS & PHLEGM,,LS - COUGH AND COLD,0250663001,N,03-JUL-2026
PROD_80637,80637,02320959,BENYLIN EXTRA STRENGTH MUCUS & PHLEGM PLUS COUGH CONTROL,SUCROSE-FREE,LS - COUGH AND COLD,0350662001,N,14-AUG-2026
PROD_80650,80650,02321092,PRISTIQ,,,0152509001,N,12-JUN-2026
PROD_80651,80651,02321106,PRISTIQ,,,0152509002,N,12-JUN-2026
PROD_80652,80652,02321114,LOTEMAX,,,0152508002,N,16-JUN-2026
PROD_80653,80653,02321130,PMS-MEMANTINE,,,0150423001,N,17-JUN-2026
PROD_80655,80655,02321149,MYLAN-NIFEDIPINE EXTENDED RELEASE,,,0115253005,N,22-MAR-2025
PROD_80656,80656,02321157,YAZ,,,0250430002,N,15-JUN-2026
PROD_80660,80660,02321203,AURO-GABAPENTIN,,,0125929001,N,18-JUN-2026
PROD_80661,80661,02321211,AURO-GABAPENTIN,,,0125929003,N,18-JUN-2026
PROD_80662,80662,02321238,AURO-GABAPENTIN,,,0125929002,N,18-JUN-2026
PROD_80667,80667,02321270,EXTRA STRENGTH ALLERGY FORMULA LIQUID CAPSULES,,,0102639001,N,29-JUN-2026
PROD_80682,80682,02321432,"BENYLIN EXTRA STRENGTH ALL-IN-ONE COUGH, COLD & FLU WITH WARMING SENSATION",,,0421980003,N,14-JUL-2026
PROD_80692,80692,02321513,SEROQUEL XR,,,0131858004,N,27-JUL-2026
PROD_80705,80705,02321653,COVERSYL PLUS HD,,,0248401003,N,12-JUN-2026
PROD_80709,80709,02321696,LUBRICANT EYE DROPS/ ARTIFICIAL TEARS,,,0201347002,N,01-AUG-2025
PROD_80728,80728,02321874,EMERGENCY ACNE VANISHING FACIAL CLEANSER,,CAT IV - ACNE THERAPY,0107205001,N,22-MAR-2025
PROD_80774,80774,02322285,SOLIRIS,300 MG/30 ML SINGLE-USE,,0152512001,N,12-AUG-2026
PROD_80776,80776,02322307,ELTAMD SKINCARE UV DAILY SPF 40,,CAT IV - SUNBURN PROTECTANTS,0216792017,N,31-JUL-2025
PROD_80778,80778,02322323,SANDOZ NARATRIPTAN,,,0131121002,N,22-MAR-2025
PROD_80779,80779,02322331,PMS-DONEPEZIL,,,0131548001,N,12-JUN-2026
PROD_80780,80780,02322358,PMS-DONEPEZIL,,,0131548002,N,12-JUN-2026
PROD_80782,80782,02322374,ABILIFY,,,0152514001,N,19-JUN-2026
PROD_80783,80783,02322382,ABILIFY,,,0152514002,N,19-JUN-2026
PROD_80784,80784,02322390,ABILIFY,,,0152514006,N,19-JUN-2026
PROD_80785,80785,02322404,ABILIFY,,,0152514003,N,19-JUN-2026
PROD_80786,80786,02322412,ABILIFY,,,0152514004,N,19-JUN-2026
PROD_80790,80790,02322455,ABILIFY,,,0152514005,N,19-JUN-2026
PROD_80824,80824,02322765,GRANISETRON HYDROCHLORIDE INJECTION,,,0123183001,N,16-JUN-2026
PROD_80832,80832,02322854,NPLATE,TOTAL EXTRACTABLE DOSE PER VIAL IS 250 MCG IN 0.5 ML,,0152535003,N,14-AUG-2026
PROD_80833,80833,02322862,NPLATE,TOTAL EXTRACTABLE DOSE PER VIAL IS 500 MCG IN 1 ML,,0152535004,N,14-AUG-2026
PROD_80843,80843,02322951,VYVANSE,,,0152536001,N,16-OCT-2025
PROD_80844,80844,02322978,VYVANSE,,,0152536002,N,16-OCT-2025
PROD_80855,80855,02323052,INSPRA,,,0152537001,N,22-MAR-2025
PROD_80856,80856,02323060,INSPRA,,,0152537002,N,22-MAR-2025
PROD_80876,80876,02323273,METVIX,,,0152538002,N,14-AUG-2026
PROD_80952,80952,02324032,XEOMIN,,,0153613001,N,02-APR-2025
PROD_80955,80955,02324067,ACT MEMANTINE,,,0150423001,N,22-MAR-2025
PROD_80958,80958,02324091,EPIRUBICIN HYDROCHLORIDE INJECTION,,,0116901002,N,22-MAY-2026
PROD_80973,80973,02324253,PDP-HYDROCODONE,,,0107555001,N,30-JUL-2026
PROD_80993,80993,02324482,PRO-CLARITHROMYCIN,,,0123752001,N,29-DEC-2025
PROD_80994,80994,02324490,PRO-CLARITHROMYCIN,,,0123752002,N,29-DEC-2025
PROD_80995,80995,02324504,CARVEDILOL,,,0122683003,N,22-MAR-2025
PROD_80996,80996,02324512,CARVEDILOL,,,0122683004,N,22-MAR-2025
PROD_80997,80997,02324520,CARVEDILOL,,,0122683005,N,22-MAR-2025
PROD_80998,80998,02324539,CARVEDILOL,,,0122683001,N,22-MAR-2025
PROD_81005,81005,02324628,APO-OXYCODONE/ACET,,,0215596001,N,22-MAR-2025
PROD_81009,81009,02324652,SUMATRIPTAN,,,0123238002,N,27-AUG-2026
PROD_81010,81010,02324660,SUMATRIPTAN,,,0123238001,N,27-AUG-2026
PROD_81020,81020,02324776,SIMPONI,SINGLE-USE PREFILLED SYRINGE,,0152549001,N,11-AUG-2026
PROD_81021,81021,02324784,SIMPONI,SINGLE-USE AUTO-INJECTOR,,0152549001,N,14-AUG-2026
PROD_81036,81036,02324946,SANDOZ ATORVASTATIN,,,0133055001,N,16-JUN-2026
PROD_81037,81037,02324954,SANDOZ ATORVASTATIN,,,0133055002,N,16-JUN-2026
PROD_81038,81038,02324962,SANDOZ ATORVASTATIN,,,0133055003,N,16-JUN-2026
PROD_81039,81039,02324970,SANDOZ ATORVASTATIN,,,0133055004,N,16-JUN-2026
PROD_81040,81040,02324989,CLEARLAX,,,0152488002,N,11-JUN-2026
PROD_81041,81041,02324997,LUMIGAN RC,,,0147303002,N,22-MAR-2025
PROD_81046,81046,02325047,PRO-CITALOPRAM,,,0136243003,N,29-JUL-2026
PROD_81048,81048,02325063,OMNITROPE,CARTRIDGE,,0131827010,N,17-AUG-2026
PROD_81049,81049,02325071,OMNITROPE,CARTRIDGE,,0131827011,N,17-AUG-2026
PROD_81057,81057,02325160,ONDANSETRON,,,0131120001,N,22-MAR-2025
PROD_81078,81078,02325381,APO-RAMIPRIL,,,0122858005,N,12-JUN-2026
PROD_81083,81083,02325454,ALLERGENIC EXTRACT - STANDARDIZED JUNE GRASS POLLEN,,,0134144001,N,10-JUN-2026
PROD_81084,81084,02325462,VAGIFEM 10,,,0106457031,N,12-JUN-2026
PROD_81085,81085,02325470,ALLERGENIC EXTRACT - STANDARDIZED TIMOTHY GRASS POLLEN,,,0134163002,N,27-JUN-2025
PROD_81086,81086,02325489,ALLERGENIC EXTRACT - STANDARDIZED ORCHARD GRASS POLLEN,,,0134145001,N,10-JUN-2026
PROD_81087,81087,02325497,ALLERGENIC EXTRACT - STANDARDIZED REDTOP GRASS POLLEN,,,0134160001,N,10-JUN-2026
PROD_81088,81088,02325500,ALLERGENIC EXTRACT - STANDARDIZED PERENNNIAL RYE GRASS POLLEN,,,0134164001,N,10-JUN-2026
PROD_81089,81089,02325519,ALLERGENIC EXTRACT - STANDARDIZED SWEET VERNAL GRASS POLLEN,,,0152573001,N,10-JUN-2026
PROD_81090,81090,02325527,ALLERGENIC EXTRACT - STANDARDIZED MEADOW FESCUE GRASS POLLEN,,,0134143001,N,10-JUN-2026
PROD_81092,81092,02325543,ALLERGENIC EXTRACT - MIXTURE OF 5 STANDARDIZED GRASS POLLEN,,,0557494001,N,10-JUN-2026
PROD_81095,81095,02325586,BIBAG,,,0104153021,N,22-MAR-2025
PROD_81096,81096,02325594,CEFTRIAXONE SODIUM FOR INJECTION BP,,,0117292001,N,17-JUN-2026
PROD_81098,81098,02325616,CEFTRIAXONE SODIUM FOR INJECTION BP,,,0117292007,N,17-JUN-2026
PROD_81099,81099,02325624,CEFTRIAXONE SODIUM FOR INJECTION BP,,,0117292006,N,17-JUN-2026
PROD_81100,81100,02325632,CEFTRIAXONE SODIUM FOR INJECTION BP,,,0117292008,N,17-JUN-2026
PROD_81109,81109,02325721,SANDOZ TRANDOLAPRIL,,,0131524001,N,16-JUN-2026
PROD_81110,81110,02325748,SANDOZ TRANDOLAPRIL,,,0131524002,N,16-JUN-2026
PROD_81111,81111,02325756,SANDOZ TRANDOLAPRIL,,,0131524003,N,16-JUN-2026
PROD_81112,81112,02325764,SANDOZ TRANDOLAPRIL,,,0131524004,N,16-JUN-2026
PROD_81113,81113,02325772,HEMACART,,,0104153021,N,22-MAR-2025
PROD_81116,81116,02325802,PRAMIPEXOLE,,,0152169001,N,22-MAR-2025
PROD_81117,81117,02325810,PRAMIPEXOLE,,,0152169002,N,22-MAR-2025
PROD_81118,81118,02325829,PRAMIPEXOLE,,,0152169003,N,22-MAR-2025
PROD_81119,81119,02325837,PRAMIPEXOLE,,,0152169004,N,22-MAR-2025
PROD_81127,81127,02325926,NIMOTOP,,,0116077001,N,21-AUG-2026
PROD_81129,81129,02325942,APO-LEVOFLOXACIN,,,0131663005,N,17-JUN-2026
PROD_81133,81133,02325985,ACH-BICALUTAMIDE,,,0127996001,N,29-JUL-2026
PROD_81134,81134,02325993,ORAQIX,FOR PERIODONTAL USE,,0222447001,N,27-AUG-2026
PROD_81147,81147,02326132,TISSEEL,"KIT(SYNTHETIC APROTININ),FAST SET(500IU)-SEALER PROTEIN CONC.&HUMAN THROMBIN(BOTH FREEZE-DRIED)FOR RECONSTITUTN WITH APROTININ&CACL2 SOL RESPECTIVELY",,0452577003,N,24-JUN-2026
PROD_81150,81150,02326167,ARTISS,"FROZEN(SYNTHETIC APROTININ),SLOW SET(4IU)-PRE-FILLED DOUBLE-CHAMBERED SYRINGE OF SEALER PROTEIN-APROTININ SOLN AND THROMBIN-CALCIUM CHLORIDE SOLN",,0452577004,N,15-DEC-2025
PROD_81151,81151,02326175,TISSEEL,"FROZEN(SYNTHETIC APROTININ),FAST SET(500 IU)-PRE-FILLED DOUBLE-CHAMBERED SYRINGE OF SEALER PROTEIN-APROTININ SOLN AND THROMBIN-CALCIUM CHLORIDE SOLN",,0452577003,N,05-NOV-2025
PROD_81164,81164,02326302,BI-PEGLYTE,,,0652579001,N,10-JUN-2026
PROD_81175,81175,02326426,PREVAGE ANTI-AGING MOISTURE LOTION SPF 30,,,0544759019,N,08-JUL-2026
PROD_81179,81179,02326442,TYKERB,,,0152580001,N,22-MAR-2025
PROD_81180,81180,02326450,TEVA-SALBUTAMOL HFA,,,0108887013,N,07-JUL-2026
PROD_81184,81184,02326477,MINT-PIOGLITAZONE,,,0141541001,N,22-MAR-2025
PROD_81185,81185,02326485,MINT-PIOGLITAZONE,,,0141541002,N,22-MAR-2025
PROD_81186,81186,02326493,MINT-PIOGLITAZONE,,,0141541003,N,22-MAR-2025
PROD_81194,81194,02326582,BISMUTH SUBSALICYLATE CAPLETS,,,0111864003,N,26-JUN-2026
PROD_81202,81202,02326663,ERYTHROMYCIN OPHTHALMIC OINTMENT USP,,,0105708019,N,22-MAR-2025
PROD_81205,81205,02326701,PRO-ATENOLOL,,,0113847004,N,29-MAY-2026
PROD_81213,81213,02326795,AMLODIPINE,,,0131437003,N,22-MAR-2025
PROD_81214,81214,02326809,AMLODIPINE,,,0131437002,N,22-MAR-2025
PROD_81215,81215,02326817,AMLODIPINE,,,0131437001,N,22-MAR-2025
PROD_81227,81227,02326949,NATURALYTE H-229,,,0617386410,N,22-MAR-2025
PROD_81228,81228,02326957,SANDOZ CANDESARTAN,,,0135220001,N,16-JUN-2026
PROD_81229,81229,02326965,SANDOZ CANDESARTAN,,,0135220002,N,22-MAR-2025
PROD_81230,81230,02326973,SANDOZ CANDESARTAN,,,0135220003,N,16-JUN-2026
PROD_81238,81238,02327066,NATURALYTE H-616,,,0617386329,N,22-MAR-2025
PROD_81243,81243,02327112,SANDOZ FENTANYL PATCH,,,0123302015,N,17-JUN-2026
PROD_81244,81244,02327120,SANDOZ FENTANYL PATCH,,,0123302014,N,17-JUN-2026
PROD_81245,81245,02327139,SANDOZ FENTANYL PATCH,,,0123302016,N,17-JUN-2026
PROD_81246,81246,02327147,SANDOZ FENTANYL PATCH,,,0123302002,N,17-JUN-2026
PROD_81247,81247,02327155,SANDOZ FENTANYL PATCH,,,0123302013,N,17-JUN-2026
PROD_81248,81248,02327163,SANDOZ FENTANYL PATCH,,,0123302012,N,17-JUN-2026
PROD_81253,81253,02327236,METHOTREXATE INJECTION BP,"2 ML PRESERVATIVE-FREE, SINGLE-USE VIALS",,0107545002,N,25-AUG-2026
PROD_81256,81256,02327260,APO-GATIFLOXACIN,,,0142621005,N,22-MAR-2025
PROD_81259,81259,02327295,SANDOZ RISEDRONATE,,,0135301003,N,15-JUN-2026
PROD_81262,81262,02327309,NATURALYTE H-401,,,0617386392,N,22-MAR-2025
PROD_81265,81265,02327333,NATURALYTE H-332,,,0617386424,N,22-MAR-2025
PROD_81270,81270,02327384,NATURALYTE H-260,,,0617386395,N,22-MAR-2025
PROD_81272,81272,02327406,NATURALYTE H-226,,,0617386382,N,22-MAR-2025
PROD_81275,81275,02327422,NATURALYTE H-402,,,0617386400,N,22-MAR-2025
PROD_81279,81279,02327465,NATURALYTE H-225,,,0617386384,N,22-MAR-2025
PROD_81282,81282,02327503,NATURALYTE H-330,,,0617386286,N,22-MAR-2025
PROD_81283,81283,02327511,NATURALYTE H-410,,,0617386417,N,22-MAR-2025
PROD_81300,81300,02327619,ZOLINZA,,,0152588001,N,15-JUN-2026
PROD_81318,81318,02327775,SANDOZ OLANZAPINE ODT,,,0128783003,N,16-JUN-2026
PROD_81319,81319,02327783,SANDOZ OLANZAPINE ODT,,,0128783002,N,16-JUN-2026
PROD_81320,81320,02327791,SANDOZ OLANZAPINE ODT,,,0128783005,N,16-JUN-2026
PROD_81321,81321,02327805,SANDOZ OLANZAPINE ODT,,,0128783006,N,16-JUN-2026
PROD_81335,81335,02327856,APO-HYDROCHLOROTHIAZIDE,,,0101048004,N,22-MAR-2025
PROD_81340,81340,02327902,SANDOZ CANDESARTAN PLUS,,,0244181001,N,17-JUN-2026
PROD_81363,81363,02328127,GAS RELIEF TABLETS,,,0131347001,N,22-MAR-2025
PROD_81395,81395,02328429,JUNIOR STRENGTH ADVIL FEVER FROM COLDS OR FLU,FRUIT FLAVOUR,,0108883008,N,05-SEP-2025
PROD_81396,81396,02328437,CHILDREN'S ADVIL FEVER FROM COLDS OR FLU,,,0108883005,N,05-SEP-2025
PROD_81398,81398,02328453,EXTRA STRENGTH BISMUTH SUBSALICYLATE SUSPENSION,,,0111864004,N,22-MAR-2025
PROD_81399,81399,02328461,SANDOZ IRBESARTAN,,,0131700001,N,17-JUN-2026
PROD_81400,81400,02328488,SANDOZ IRBESARTAN,,,0131700002,N,17-JUN-2026
PROD_81401,81401,02328496,SANDOZ IRBESARTAN,,,0131700003,N,17-JUN-2026
PROD_81403,81403,02328518,PMS-IRBESARTAN-HCTZ,,,0240086001,N,17-JUN-2026
PROD_81404,81404,02328526,PMS-IRBESARTAN-HCTZ,,,0240086002,N,17-JUN-2026
PROD_81405,81405,02328534,PMS-IRBESARTAN-HCTZ,,,0240086003,N,17-JUN-2026
PROD_81411,81411,02328593,SANDOZ MONTELUKAST,,,0133823002,N,16-JUN-2026
PROD_81417,81417,02328666,SANDOZ DONEPEZIL,,,0131548001,N,17-JUN-2026
PROD_81419,81419,02328682,SANDOZ DONEPEZIL,,,0131548002,N,17-JUN-2026
PROD_81483,81483,02329131,TARO-SIMVASTATIN,,,0122415001,N,22-MAR-2025
PROD_81484,81484,02329158,TARO-SIMVASTATIN,,,0122415004,N,22-MAR-2025
PROD_81485,81485,02329166,TARO-SIMVASTATIN,,,0122415003,N,22-MAR-2025
PROD_81486,81486,02329174,TARO-SIMVASTATIN,,,0122415002,N,22-MAR-2025
PROD_81487,81487,02329182,TARO-SIMVASTATIN,,,0122415005,N,22-MAR-2025
PROD_81489,81489,02329204,SPC-CEFPROZIL,,,0127613001,N,04-NOV-2025
PROD_81558,81558,02329840,CAYSTON,,,0122819004,N,17-JUN-2026
PROD_81574,81574,02329980,NATURALYTE H-208,,,0617386387,N,22-MAR-2025
PROD_81577,81577,02330016,NATURALYTE H-623,,,0617386342,N,22-MAR-2025
PROD_81578,81578,02330024,NATURALYTE H-201,,,0617386332,N,22-MAR-2025
PROD_81579,81579,02330032,NATURALYTE H-624,,,0617386341,N,22-MAR-2025
PROD_81592,81592,02330164,NATURALYTE H-608,,,0617386394,N,22-MAR-2025
PROD_81593,81593,02330172,NATURALYTE H-200,,,0617386339,N,22-MAR-2025
PROD_81598,81598,02330229,NATURALYTE H-320,,,0617386396,N,22-MAR-2025
PROD_81601,81601,02330253,NATURALYTE H-232,,,0617386343,N,22-MAR-2025
PROD_81603,81603,02330288,TEVA-TELMISARTAN HCTZ,,,0244783001,N,17-JUN-2026
PROD_81611,81611,02330377,APO-METHYLPHENIDATE ER,,,0107548006,N,06-MAY-2025
PROD_81612,81612,02330385,SANDOZ MONTELUKAST,,,0133823003,N,17-JUN-2026
PROD_81613,81613,02330393,SANDOZ MONTELUKAST,,,0133823001,N,17-JUN-2026
PROD_81614,81614,02330407,CLOLAR,,,0152637001,N,22-JUN-2026
PROD_81620,81620,02330474,SANDOZ AMLODIPINE,,,0131437003,N,17-JUN-2026
PROD_81624,81624,02330512,TEVA-IRBESARTAN HCTZ,,,0240086001,N,02-APR-2026
PROD_81625,81625,02330520,TEVA-IRBESARTAN HCTZ,,,0240086002,N,02-APR-2026
PROD_81626,81626,02330539,TEVA-IRBESARTAN HCTZ,,,0240086003,N,02-APR-2026
PROD_81627,81627,02330547,PIPERACILLIN AND TAZOBACTAM FOR INJECTION,,,0225919007,N,22-MAR-2025
PROD_81644,81644,02330695,ERAXIS,,,0152373001,N,17-JUN-2026
PROD_81649,81649,02330733,3% POLOCAINE DENTAL,,,0100583001,N,22-MAR-2025
PROD_81664,81664,02330881,AZITHROMYCIN,,,0126072001,N,22-MAR-2025
PROD_81669,81669,02330954,JAMP-PRAVASTATIN,,,0122563001,N,24-JUN-2026
PROD_81670,81670,02330962,JAMP-PRAVASTATIN,,,0122563002,N,24-JUN-2026
PROD_81671,81671,02330970,JAMP-PRAVASTATIN,,,0122563003,N,24-JUN-2026
PROD_81672,81672,02330989,MULTAQ,FILM-COATED TABLET,,0152642001,N,06-AUG-2026
PROD_81684,81684,02331128,JAMP RAMIPRIL,,,0122858004,N,01-SEP-2026
PROD_81685,81685,02331136,JAMP RAMIPRIL,,,0122858003,N,01-SEP-2026
PROD_81686,81686,02331144,JAMP RAMIPRIL,,,0122858002,N,01-SEP-2026
PROD_81699,81699,02331284,AMLODIPINE,,,0131437002,N,22-MAR-2025
PROD_81700,81700,02331292,AMLODIPINE,,,0131437001,N,22-MAR-2025
PROD_81710,81710,02331403,OTRIVIN COMPLETE RELIEF,,LS - TOPICAL NASAL DECONGESTANTS,0107655001,N,22-JUN-2026
PROD_81717,81717,02331489,RIVA-AMLODIPINE,,,0131437003,N,18-DEC-2025
PROD_81718,81718,02331497,RIVA-AMLODIPINE,,,0131437002,N,18-DEC-2025
PROD_81719,81719,02331500,RIVA-AMLODIPINE,,,0131437001,N,18-DEC-2025
PROD_81724,81724,02331551,TEVA-LACTULOSE,,,0113020001,N,23-JUN-2026
PROD_81730,81730,02331624,AZARGA,,,0252645001,N,22-MAR-2025
PROD_81732,81732,02331640,"XYLOCAINE DENTAL LIDOCAINE HCL 2% AND EPINEPHRINE 1:100,000",,,0201284005,N,22-MAR-2025
PROD_81736,81736,02331667,ADVAGRAF,,,0127857006,N,15-JUN-2026
PROD_81737,81737,02331675,CIMZIA,SINGLE-USE PREFILLED SYRINGE,,0152646001,N,06-AUG-2026
PROD_81790,81790,02332248,JAMP-CYPROHEPTADINE,,LS - CYPROHEPTADINE,0102134002,N,22-MAR-2025
PROD_81804,81804,02332388,SANDOZ AZITHROMYCIN,,,0126072002,N,22-MAR-2025
PROD_81805,81805,02332396,SANDOZ AZITHROMYCIN,,,0126072003,N,22-MAR-2025
PROD_81858,81858,02332922,ATACAND PLUS,,,0244181002,N,27-JUL-2026
PROD_81859,81859,02332957,ATACAND PLUS,,,0244181003,N,27-JUL-2026
PROD_81866,81866,02333015,APO-OLANZAPINE,,,0128783006,N,15-JUN-2026
PROD_81890,81890,02333279,IXIARO,,,0152652001,N,15-JUL-2026
PROD_81917,81917,02333554,ONGLYZA,FILM-COATED,,0152653001,N,29-JUL-2026
PROD_81954,81954,02333856,JANUMET,,,0252656001,N,12-JUN-2026
PROD_81956,81956,02333872,JANUMET,,,0252656003,N,15-JUN-2026
PROD_82084,82084,02335239,BUCKLEY'S COMPLETE NIGHTTIME SOFTGELS,,,0419805008,N,07-AUG-2026
PROD_82129,82129,02335700,PMS-DIGOXIN,,,0107281004,N,22-MAR-2025
PROD_82130,82130,02335719,PMS-DIGOXIN,,,0107281006,N,22-MAR-2025
PROD_82152,82152,02335948,BUCKLEY'S COMPLETE + MUCUS RELIEF,,,0421980002,N,22-MAR-2025
PROD_82233,82233,02336707,VIDAZA,,,0152665001,N,22-MAR-2025
PROD_82234,82234,02336715,APO-RIVASTIGMINE,,,0140521001,N,15-JUN-2026
PROD_82235,82235,02336723,APO-RIVASTIGMINE,,,0140521002,N,15-JUN-2026
PROD_82236,82236,02336731,APO-RIVASTIGMINE,,,0140521003,N,15-JUN-2026
PROD_82237,82237,02336758,APO-RIVASTIGMINE,,,0140521004,N,15-JUN-2026
PROD_82241,82241,02336790,APO-TRAMADOL/ACET,,,0250601001,N,22-MAR-2025
PROD_82243,82243,02336812,ACNE TREATMENT LOTION,,CAT IV - ACNE THERAPY,0107205001,N,22-JUN-2026
PROD_82246,82246,02336847,BESIVANCE,,,0152666001,N,15-JUN-2026
PROD_82263,82263,02337029,FIRMAGON,,,0152667001,N,12-JUN-2026
PROD_82264,82264,02337037,FIRMAGON,,,0152667002,N,12-JUN-2026
PROD_82301,82301,02337428,SANDOZ IRBESARTAN HCT,,,0240086001,N,17-JUN-2026
PROD_82302,82302,02337436,SANDOZ IRBESARTAN HCT,,,0240086002,N,17-JUN-2026
PROD_82303,82303,02337444,SANDOZ IRBESARTAN HCT,,,0240086003,N,17-JUN-2026
PROD_82304,82304,02337452,DIAPER RASH CREAM,,,0244187005,N,26-JUN-2026
PROD_82347,82347,02337827,STALEVO,,,0352427004,N,22-MAR-2025
PROD_82348,82348,02337835,STALEVO,,,0352427005,N,22-MAR-2025
PROD_82362,82362,02337975,APO-ROSUVASTATIN,,,0148963004,N,30-JUN-2026
PROD_82363,82363,02337983,APO-ROSUVASTATIN,,,0148963001,N,30-JUN-2026
PROD_82364,82364,02337991,APO-ROSUVASTATIN,,,0148963002,N,30-JUN-2026
PROD_82365,82365,02338009,APO-ROSUVASTATIN,,,0148963003,N,30-JUN-2026
PROD_82411,82411,02338459,ACH-LETROZOLE,,,0132937001,N,23-JUN-2026
PROD_82412,82412,02338467,SANDOZ ANASTROZOLE,,,0128681001,N,16-JUN-2026
PROD_82423,82423,02338580,VOLTAREN EMULGEL JOINT PAIN REGULAR STRENGTH,,,0152187001,N,07-JUL-2026
PROD_82425,82425,02338602,VISINE MULTI-SYMPTOM,,,0214226001,N,02-APR-2026
PROD_82431,82431,02338645,OLANZAPINE ODT,,,0128783003,N,22-MAR-2025
PROD_82432,82432,02338653,OLANZAPINE ODT,,,0128783002,N,22-MAR-2025
PROD_82433,82433,02338661,OLANZAPINE ODT,,,0128783005,N,22-MAR-2025
PROD_82437,82437,02338726,SANDOZ ROSUVASTATIN,,,0148963004,N,06-AUG-2026
PROD_82438,82438,02338734,SANDOZ ROSUVASTATIN,,,0148963001,N,06-AUG-2026
PROD_82439,82439,02338742,SANDOZ ROSUVASTATIN,,,0148963002,N,06-AUG-2026
PROD_82440,82440,02338750,SANDOZ ROSUVASTATIN,,,0148963003,N,06-AUG-2026
PROD_82471,82471,02339080,JAMP-ANASTROZOLE,,,0128681001,N,18-JUN-2026
PROD_82472,82472,02339099,APO-ESOMEPRAZOLE,,,0145162001,N,22-MAR-2025
PROD_82473,82473,02339102,APO-ESOMEPRAZOLE,,,0145162002,N,22-MAR-2025
PROD_82485,82485,02339242,VENLAFAXINE XR,,,0131294002,N,22-MAR-2025
PROD_82486,82486,02339250,VENLAFAXINE XR,,,0131294001,N,22-MAR-2025
PROD_82487,82487,02339269,VENLAFAXINE XR,,,0131294005,N,22-MAR-2025
PROD_82495,82495,02339358,PLASMA-LYTE A INJECTION,,,0500064002,N,11-JUN-2026
PROD_82501,82501,02339390,AG-CITALOPRAM,,,0136243001,N,02-JUL-2026
PROD_82502,82502,02339404,AG-CITALOPRAM,,,0136243002,N,02-JUL-2026
PROD_82505,82505,02339439,MYLAN-GALANTAMINE ER,,,0144660002,N,17-JUN-2026
PROD_82506,82506,02339447,MYLAN-GALANTAMINE ER,,,0144660004,N,17-JUN-2026
PROD_82507,82507,02339455,MYLAN-GALANTAMINE ER,,,0144660005,N,17-JUN-2026
PROD_82509,82509,02339471,SANDOZ FINASTERIDE A,,,0124110002,N,17-JUN-2026
PROD_82511,82511,02339501,AFINITOR,,,0152682001,N,15-JUN-2026
PROD_82512,82512,02339528,AFINITOR,,,0152682002,N,15-JUN-2026
PROD_82513,82513,02339536,ARTICAINE HYDROCHLORIDE AND EPINEPHRINE BITARTRATE INJECTION,,,0252683001,N,22-MAR-2025
PROD_82514,82514,02339544,ARTICAINE HYDROCHLORIDE AND EPINEPHRINE BITARTRATE INJECTION,,,0252683002,N,22-MAR-2025
PROD_82518,82518,02339587,ACH-PIOGLITAZONE,,,0141541002,N,23-JUN-2026
PROD_82519,82519,02339595,ACH-PIOGLITAZONE,,,0141541003,N,23-JUN-2026
PROD_82520,82520,02339609,TARGIN,,,0252684001,N,15-JUN-2026
PROD_82521,82521,02339617,TARGIN,,,0252684002,N,15-JUN-2026
PROD_82522,82522,02339625,TARGIN,,,0252684003,N,15-JUN-2026
PROD_82550,82550,02339927,OMEPRAZOLE,,,0121643001,N,22-MAR-2025
PROD_82577,82577,02340208,SANDOZ TAMSULOSIN CR,,,0133680001,N,17-JUN-2026
PROD_82603,82603,02340445,ZYCLARA,,,0135820002,N,26-FEB-2026
PROD_82614,82614,02340569,PMS-QUINAPRIL,,,0123206002,N,15-JUN-2026
PROD_82615,82615,02340577,PMS-QUINAPRIL,,,0123206003,N,15-JUN-2026
PROD_82616,82616,02340585,PMS-QUINAPRIL,,,0123206004,N,15-JUN-2026
PROD_82618,82618,02340607,TEVA-DONEPEZIL,,,0131548001,N,17-JUN-2026
PROD_82619,82619,02340615,TEVA-DONEPEZIL,,,0131548002,N,17-JUN-2026
PROD_82625,82625,02340666,PRIMOVIST,,,0152685001,N,17-JUN-2026
PROD_82662,82662,02341077,RIVA-RISEDRONATE,,,0135301003,N,22-MAR-2025
PROD_82663,82663,02341085,RIVA-LATANOPROST,,,0132916002,N,01-DEC-2025
PROD_82671,82671,02341174,BUTRANS 5,,,0142241006,N,12-JUN-2026
PROD_82675,82675,02341212,BUTRANS 10,,,0142241007,N,12-JUN-2026
PROD_82676,82676,02341220,BUTRANS 20,,,0142241008,N,12-JUN-2026
PROD_82711,82711,02341611,REVATIO,SINGLE-DOSE VIAL,,0136261005,N,07-AUG-2026
PROD_82718,82718,02341689,GD-DICLOFENAC/MISOPROSTOL 50,,,0222885003,N,15-JUN-2026
PROD_82719,82719,02341697,GD-DICLOFENAC/MISOPROSTOL 75,,,0222885004,N,15-JUN-2026
PROD_82765,82765,02342154,PMS-RAMIPRIL-HCTZ,,,0251649003,N,16-JUN-2026
PROD_82767,82767,02342170,PMS-RAMIPRIL-HCTZ,,,0251649005,N,16-JUN-2026
PROD_82773,82773,02342227,CERVARIX,,,0252688001,N,15-JUN-2026
PROD_82774,82774,02342235,VTRS-ELETRIPTAN,,,0150241001,N,06-AUG-2026
PROD_82775,82775,02342243,VTRS-ELETRIPTAN,,,0150241002,N,06-AUG-2026
PROD_82803,82803,02342545,TEVA-ZOLMITRIPTAN OD,,,0134381001,N,17-JUN-2026
PROD_82835,82835,02342855,VANCOMYCIN HYDROCHLORIDE FOR INJECTION USP,,,0131315003,N,05-AUG-2026
PROD_82836,82836,02342863,VANCOMYCIN HYDROCHLORIDE FOR INJECTION USP,,,0131315009,N,05-AUG-2026
PROD_82850,82850,02343010,LAMOTRIGINE,,,0127134003,N,25-JUN-2026
PROD_82851,82851,02343029,LAMOTRIGINE,,,0127134001,N,25-JUN-2026
PROD_82852,82852,02343037,LAMOTRIGINE,,,0127134006,N,25-JUN-2026
PROD_82897,82897,02343541,PROLIA,"PRESERVATIVE-FREE, PREFILLED SYRINGE",,0152691001,N,20-AUG-2026
PROD_82909,82909,02343657,TEVA-LETROZOLE,,,0132937001,N,17-JUN-2026
PROD_82910,82910,02343665,OLANZAPINE ODT,,,0128783003,N,22-MAR-2025
PROD_82911,82911,02343673,OLANZAPINE ODT,,,0128783002,N,22-MAR-2025
PROD_82912,82912,02343681,OLANZAPINE ODT,,,0128783005,N,22-MAR-2025
PROD_82913,82913,02343703,OLANZAPINE ODT,,,0128783006,N,22-MAR-2025
PROD_82952,82952,02344122,ZOPICLONE,,,0122562002,N,11-AUG-2026
PROD_82979,82979,02344319,ADVANCED RELIEF EYE DROPS,,,0449769001,N,22-MAR-2025
PROD_82981,82981,02344327,CLINOLEIC 20%,,,0252693001,N,17-JUN-2026
PROD_82984,82984,02344351,SANDOZ DORZOLAMIDE/TIMOLOL,,,0237301001,N,22-MAR-2025
PROD_83004,83004,02344548,NIGHT TIME TOTAL EXTRA STRENGTH,,,0414717002,N,22-MAR-2025
PROD_83029,83029,02344815,SANDOZ LETROZOLE,,,0132937001,N,17-JUN-2026
PROD_83030,83030,02344823,AURO-CEFUROXIME,,,0122448001,N,22-MAR-2025
PROD_83031,83031,02344831,AURO-CEFUROXIME,,,0122448002,N,22-MAR-2025
PROD_83052,83052,02345072,"XYLOCAINE DENTAL LIDOCAINE HYDROCHLORIDE 2% AND EPINEPHRINE 1:50,000",,,0201284004,N,11-JUN-2026
PROD_83068,83068,02345250,JAMP TOPIRAMATE TABLETS,,,0132938001,N,18-MAR-2026
PROD_83069,83069,02345269,JAMP TOPIRAMATE TABLETS,,,0132938002,N,18-MAR-2026
PROD_83070,83070,02345277,JAMP TOPIRAMATE TABLETS,,,0132938006,N,18-MAR-2026
PROD_83123,83123,02345803,AURO-TOPIRAMATE,,,0132938001,N,09-MAR-2026
PROD_83125,83125,02345838,AURO-TOPIRAMATE,,,0132938002,N,09-MAR-2026
PROD_83126,83126,02345846,AURO-TOPIRAMATE,,,0132938006,N,09-MAR-2026
PROD_83160,83160,02346176,SEASONIQUE,,,0352700002,N,22-MAR-2025
PROD_83185,83185,02346486,PRO-ATORVASTATIN,,,0133055001,N,26-JUN-2026
PROD_83190,83190,02346451,BUCKLEY'S MUCUS & PHLEGM,,LS - COUGH AND COLD,0250663002,N,22-MAR-2025
PROD_83192,83192,02346494,PRO-ATORVASTATIN,,,0133055002,N,26-JUN-2026
PROD_83193,83193,02346508,PRO-ATORVASTATIN,,,0133055003,N,26-JUN-2026
PROD_83194,83194,02346516,PRO-ATORVASTATIN,,,0133055004,N,26-JUN-2026
PROD_83209,83209,02346672,RELAXA,,,0152488002,N,02-MAR-2026
PROD_83249,83249,02347091,SANDOZ VALACYCLOVIR,,,0128626001,N,19-AUG-2026
PROD_83254,83254,02347156,VYVANSE,,,0152536003,N,16-OCT-2025
PROD_83255,83255,02347164,VYVANSE,,,0152536004,N,16-OCT-2025
PROD_83256,83256,02347172,VYVANSE,,,0152536005,N,16-OCT-2025
PROD_83257,83257,02347180,TEVA-TRAMADOL/ACETAMINOPHEN,,,0250601001,N,17-JUN-2026
PROD_83266,83266,02347253,AURO-CEFPROZIL,,,0127613002,N,15-JUN-2026
PROD_83267,83267,02347261,AURO-CEFPROZIL,,,0127613001,N,22-MAR-2025
PROD_83268,83268,02347288,AURO-CEFPROZIL,,,0127613004,N,22-MAR-2025
PROD_83276,83276,02347393,MENVEO,1 VIAL LYOPH. MEN. A CONJUGATE & 1 VIAL  SOL. MEN. CWY CONJUGATE,,0552705002,N,31-JUL-2026
PROD_83286,83286,02347474,RISEDRONATE,,,0135301003,N,22-MAR-2025
PROD_83303,83303,02347652,BENYLIN EXTRA STRENGTH MUCUS & PHLEGM PLUS COLD RELIEF,,LS - COUGH AND COLD,0421980007,N,17-JUN-2026
PROD_83304,83304,02347660,"EXTRA STRENGTH TYLENOL COMPLETE COLD, COUGH & FLU",,,0421980007,N,26-AUG-2026
PROD_83307,83307,02347695,"4% CITANEST FORTE DENTAL WITH EPINEPHRINE 1:200,000",,,0211806001,N,17-JUN-2026
PROD_83336,83336,02348004,PMS-CLOPIDOGREL,,,0134440001,N,16-JUN-2026
PROD_83343,83343,02348071,EXTRA STRENGTH TYLENOL COLD & SINUS DAYTIME,,LS - COUGH AND COLD,0216113003,N,19-JUN-2026
PROD_83344,83344,02348098,EXTRA STRENGTH TYLENOL COLD & SINUS NIGHTTIME,,LS - COUGH AND COLD,0312435001,N,20-AUG-2026
PROD_83386,83386,02348500,TEVA-FINASTERIDE,,,0124110001,N,26-JUN-2026
PROD_83395,83395,02348608,SLEEP-EZE,DISSOLVING TABLETS,,0102639002,N,24-AUG-2026
PROD_83402,83402,02348675,TEVA-MYCOPHENOLATE,,,0128158002,N,07-AUG-2026
PROD_83404,83404,02348691,OMEPRAZOLE,,,0121643001,N,22-MAR-2025
PROD_83405,83405,02348705,ATORVASTATIN,,,0133055001,N,22-MAY-2026
PROD_83406,83406,02348713,ATORVASTATIN,,,0133055002,N,22-MAY-2026
PROD_83407,83407,02348721,ATORVASTATIN,,,0133055003,N,22-MAY-2026
PROD_83408,83408,02348748,ATORVASTATIN,,,0133055004,N,22-MAY-2026
PROD_83411,83411,02348772,TRAZODONE,,,0115713001,N,23-JUN-2026
PROD_83412,83412,02348780,TRAZODONE,,,0115713002,N,23-JUN-2026
PROD_83413,83413,02348799,TRAZODONE,,,0115713003,N,23-JUN-2026
PROD_83419,83419,02348853,AURO-CYCLOBENZAPRINE,,,0112363001,N,17-JUN-2026
PROD_83428,83428,02348950,RIVA-MEMANTINE,,,0150423001,N,17-JUN-2026
PROD_83448,83448,02349167,MYLAN-NIFEDIPINE EXTENDED RELEASE,,,0115253004,N,22-MAR-2025
PROD_83481,83481,02349523,COLD AND SINUS COMPLETE LIQUID GELS,,,0421980002,N,12-JUN-2026
PROD_83533,83533,02350092,ACTEMRA,"PRESERVATIVE-FREE, SINGLE USE VIALS",,0152713001,N,17-AUG-2026
PROD_83534,83534,02350106,ACTEMRA,"4 PRESERVATIVE-FREE, SINGLE-USE VIALS",,0152713001,N,27-AUG-2026
PROD_83535,83535,02350114,ACTEMRA,"4 PRESERVATIVE-FREE, SINGLE-USE VIALS",,0152713001,N,27-AUG-2026
PROD_83536,83536,02350122,SAIZEN,6 MG/CARTRIDGE,,0131827003,N,31-AUG-2026
PROD_83537,83537,02350130,SAIZEN,12 MG/CARTRIDGE,,0131827013,N,31-AUG-2026
PROD_83538,83538,02350149,SAIZEN,20 MG/CARTRIDGE,,0131827013,N,31-AUG-2026
PROD_83549,83549,02350270,PRO-FINASTERIDE,,,0124110001,N,11-MAY-2026
PROD_83560,83560,02350394,METOPROLOL,FILM-COATED,,0111923002,N,29-JUL-2026
PROD_83561,83561,02350408,METOPROLOL,FILM-COATED,,0111923003,N,28-JUL-2026
PROD_83565,83565,02350440,DOMPERIDONE,,,0116957001,N,22-JUN-2026
PROD_83577,83577,02350580,KUVAN,,,0152714001,N,10-JUL-2026
PROD_83612,83612,02350939,LATISSE,,,0147303001,N,22-MAR-2025
PROD_83627,83627,02351064,VICTOZA,MULTIDOSE PEN-INJECTOR. 30DOSES(0.6MG)-15DOSES(1.2MG)-10DOSES(1.8MG). 1/2/3,,0152718001,N,12-JUN-2026
PROD_83631,83631,02351102,FAMOTIDINE,,,0118722001,N,22-MAR-2025
PROD_83632,83632,02351110,FAMOTIDINE,,,0118722002,N,22-MAR-2025
PROD_83640,83640,02351218,ACH-ANASTROZOLE,,,0128681001,N,23-JUN-2026
PROD_83679,83679,02351528,YONDELIS,,,0152719002,N,22-MAR-2025
PROD_83683,83683,02351579,MYLAN-VALACYCLOVIR,,,0128626001,N,24-JUL-2026
PROD_83684,83684,02351560,MYLAN-VALACYCLOVIR,,,0128626003,N,24-JUL-2026
PROD_83692,83692,02351668,LEFLUNOMIDE,FILM-COATED TABLET,,0140182001,N,06-AUG-2026
PROD_83693,83693,02351676,LEFLUNOMIDE,FILM-COATED TABLET,,0140182002,N,06-AUG-2026
PROD_83696,83696,02351706,TARO-IMIPENEM-CILASTATIN,,,0218820001,N,22-MAR-2025
PROD_83711,83711,02351870,SANDOZ RIZATRIPTAN ODT,,,0137841001,N,18-JUN-2026
PROD_83712,83712,02351889,SANDOZ RIZATRIPTAN ODT,,,0137841002,N,18-JUN-2026
PROD_83726,83726,02352044,ADACEL-POLIO,,,0965263002,N,22-MAR-2025
PROD_83738,83738,02352133,FLUCONAZOLE 150,,,0122529004,N,17-JUN-2026
PROD_83745,83745,02352214,PANTOPRAZOLE FOR INJECTION,LYOPHILIZED POWDER,,0133229001,N,26-AUG-2026
PROD_83747,83747,02352230,TARO-ENALAPRIL,,,0152325001,N,22-MAR-2025
PROD_83748,83748,02352249,TARO-ENALAPRIL,,,0152325004,N,22-MAR-2025
PROD_83749,83749,02352257,TARO-ENALAPRIL,,,0152325002,N,22-MAR-2025
PROD_83750,83750,02352265,TARO-ENALAPRIL,,,0152325003,N,22-MAR-2025
PROD_83757,83757,02352281,COLD + SINUS,,,0222394001,N,17-NOV-2025
PROD_83758,83758,02352303,VOTRIENT,,,0152743001,N,22-MAR-2025
PROD_83768,83768,02352419,JAMP TAMSULOSIN,,,0133680001,N,22-MAR-2025
PROD_83774,83774,02352494,PERIOLIMEL 2.5% E,EMULSION FOR INFUSION,,2552744001,N,18-AUG-2026
PROD_83779,83779,02352532,OLIMEL 5.7% E,EMULSION FOR INFUSION,,2552744004,N,18-AUG-2026
PROD_83780,83780,02352540,OLIMEL 5.7%,EMULSION FOR INFUSION,,2052745002,N,18-AUG-2026
PROD_83783,83783,02352575,BERINERT 500,HUMAN C1 ESTERASE INHIBITOR 400 - 625 IU. SINGLE-USE VIAL & DILUENT.,,0152746001,N,23-JUN-2026
PROD_83784,83784,02352583,APO-RILUZOLE,,,0141861001,N,22-MAR-2025
PROD_83789,83789,02352621,FLUMIST,,,0352747003,N,17-JUL-2026
PROD_83790,83790,02352648,FRAGMIN,SINGLE-DOSE PREFILLED SYRINGE,,0126861002,N,06-AUG-2026
PROD_83791,83791,02352656,FRAGMIN,SINGLE-DOSE PREFILLED SYRINGE,,0126861002,N,06-AUG-2026
PROD_83792,83792,02352664,FRAGMIN,SINGLE-DOSE PREFILLED SYRINGE,,0126861002,N,06-AUG-2026
PROD_83793,83793,02352672,FRAGMIN,SINGLE-DOSE PREFILLED SYRINGE,,0126861002,N,06-AUG-2026
PROD_83794,83794,02352680,FRAGMIN,SINGLE-DOSE PREFILLED SYRINGE,,0126861002,N,06-AUG-2026
PROD_83795,83795,02352699,RHINARIS NASAL GEL,,,0215107001,N,29-JUN-2026
PROD_83801,83801,02352753,AMOXICILLIN,,,0131314003,N,23-JUN-2026
PROD_83803,83803,02352788,AMOXICILLIN,SUGAR-REDUCED,,0131314003,N,26-AUG-2026
PROD_83816,83816,02352923,ENALAPRIL MALEATE/HCTZ,,,0217290002,N,22-MAR-2025
PROD_83817,83817,02352931,ENALAPRIL MALEATE/HCTZ,,,0217290001,N,22-MAR-2025
PROD_83819,83819,02352966,ALENDRONATE,,,0150323002,N,09-APR-2026
PROD_83820,83820,02352974,OLANZAPINE ODT,,,0128783003,N,22-MAR-2025
PROD_83821,83821,02352982,OLANZAPINE ODT,,,0128783002,N,22-MAR-2025
PROD_83822,83822,02352990,OLANZAPINE ODT,,,0128783005,N,22-MAR-2025
PROD_83836,83836,02353148,MELOXICAM,,,0131676003,N,22-MAR-2025
PROD_83837,83837,02353156,MELOXICAM,,,0131676004,N,22-MAR-2025
PROD_83838,83838,02353164,QUETIAPINE,,,0131858001,N,17-JUN-2026
PROD_83839,83839,02353172,QUETIAPINE,,,0131858002,N,17-JUN-2026
PROD_83841,83841,02353199,QUETIAPINE,,,0131858003,N,17-JUN-2026
PROD_83842,83842,02353202,QUETIAPINE,,,0131858005,N,17-JUN-2026
PROD_83846,83846,02353245,GABAPENTIN,,,0125929001,N,23-JUN-2026
PROD_83847,83847,02353253,GABAPENTIN,,,0125929003,N,23-JUN-2026
PROD_83848,83848,02353261,GABAPENTIN,,,0125929002,N,23-JUN-2026
PROD_83849,83849,02353288,TARO-CICLOPIROX,,,0150022001,N,17-JUN-2026
PROD_83851,83851,02353318,CIPROFLOXACIN,,,0123207006,N,22-MAY-2026
PROD_83852,83852,02353326,CIPROFLOXACIN,,,0123207001,N,22-MAY-2026
PROD_83854,83854,02353342,LEVETIRACETAM,,,0148843001,N,22-MAR-2025
PROD_83855,83855,02353350,LEVETIRACETAM,,,0148843002,N,22-MAR-2025
PROD_83856,83856,02353369,LEVETIRACETAM,,,0148843003,N,22-MAR-2025
PROD_83857,83857,02353377,METFORMIN,,,0101773001,N,22-MAR-2025
PROD_83858,83858,02353385,METFORMIN,,,0101773002,N,22-MAR-2025
PROD_83874,83874,02353520,SERTRALINE,,,0123417003,N,22-MAR-2025
PROD_83875,83875,02353539,SERTRALINE,,,0123417001,N,22-MAR-2025
PROD_83876,83876,02353547,SERTRALINE,,,0123417002,N,22-MAR-2025
PROD_83886,83886,02353660,CITALOPRAM,,,0136243001,N,05-AUG-2026
PROD_83887,83887,02353679,CITALOPRAM,,,0136243002,N,05-AUG-2026
PROD_83888,83888,02353687,APO-RISEDRONATE,,,0135301003,N,15-JUN-2026
PROD_83904,83904,02353830,MYLAN-LANSOPRAZOLE,,,0127666002,N,17-JUN-2026
PROD_83905,83905,02353849,MYLAN-LANSOPRAZOLE,,,0127666001,N,17-JUN-2026
PROD_83908,83908,02353873,ANEW PLATINUM DAY CREAM,,CAT IV - SUNBURN PROTECTANTS,0423152039,N,10-JUN-2026
PROD_83912,83912,02353903,FEIBA NF,1750 UNITS/VIAL TO 3250 UNITS/VIAL AND 50 ML DILUENT,,0133136003,N,20-AUG-2026
PROD_83921,83921,02353997,UROCIT-K,,,0131342003,N,15-JUL-2026
PROD_83931,83931,02354101,TEVA-EZETIMIBE,,,0149164001,N,15-JUN-2026
PROD_83941,83941,02354217,INVEGA SUSTENNA,PREFILLED SYRINGE,,0152320009,N,31-JUL-2026
PROD_83942,83942,02354225,INVEGA SUSTENNA,PREFILLED SYRINGE,,0152320009,N,31-JUL-2026
PROD_83943,83943,02354233,INVEGA SUSTENNA,PREFILLED SYRINGE,,0152320009,N,31-JUL-2026
PROD_83944,83944,02354241,INVEGA SUSTENNA,PREFILLED SYRINGE,,0152320009,N,31-JUL-2026
PROD_83966,83966,02354497,PHOTODERM SPF/FPS 50+ LAIT,,,0452761001,N,29-JUL-2026
PROD_83967,83967,02354500,PHOTODERM SPF/FPS 40 SPRAY,"LOTION, SPRAY",,0352762001,N,29-JUL-2026
PROD_83969,83969,02354527,DR. NUMB,TOPICAL ANESTHETIC CREAM,,0103565001,N,14-AUG-2026
PROD_83970,83970,02354535,ARTIFICIAL TEARS,,,0233242001,N,22-MAR-2025
PROD_83971,83971,02354543,LORIS 0.13% BZK,,CAT IV - ANTISEPTIC SKIN CLEANSERS,0104993016,N,22-MAR-2025
PROD_83972,83972,02354551,RHINARIS NASAL MIST,SOLUTION,,0215107002,N,14-AUG-2026
PROD_83974,83974,02354586,RENVELA,,,0152763001,N,19-MAY-2026
PROD_83977,83977,02354608,TEVA-ROSUVASTATIN,,,0148963004,N,06-AUG-2026
PROD_83978,83978,02354616,TEVA-ROSUVASTATIN,,,0148963001,N,06-AUG-2026
PROD_83979,83979,02354624,TEVA-ROSUVASTATIN,,,0148963002,N,06-AUG-2026
PROD_83980,83980,02354632,TEVA-ROSUVASTATIN,,,0148963003,N,06-AUG-2026
PROD_83987,83987,02354705,APO-VALACYCLOVIR,,,0128626003,N,15-JUN-2026
PROD_83988,83988,02354713,VENLAFAXINE XR,,,0131294002,N,22-MAR-2025
PROD_83989,83989,02354721,VENLAFAXINE XR,,,0131294001,N,22-MAR-2025
PROD_83990,83990,02354748,VENLAFAXINE XR,,,0131294005,N,22-MAR-2025
PROD_84011,84011,02354926,JAMP REPAGLINIDE,,,0137035001,N,22-MAR-2025
PROD_84012,84012,02354934,JAMP REPAGLINIDE,,,0137035002,N,22-MAR-2025
PROD_84013,84013,02354942,JAMP REPAGLINIDE,,,0137035003,N,22-MAR-2025
PROD_84014,84014,02354950,DEXILANT,,,0152766001,N,22-MAR-2025
PROD_84015,84015,02354969,DEXILANT,,,0152766002,N,22-MAR-2025
PROD_84016,84016,02354977,PMS-MONTELUKAST,,,0133823003,N,15-JUN-2026
PROD_84017,84017,02354985,PMS-MONTELUKAST,,,0133823001,N,15-JUN-2026
PROD_84031,84031,02355043,ACH-FINASTERIDE,,,0124110001,N,24-JUN-2026
PROD_84044,84044,02355183,"CISPLATIN INJECTION, BP","10 MG/10 ML, 50 MG/50 ML, AND 100 MG/100 ML PRESERVATIVE-FREE, SINGLE-DOSE VIALS",,0113245002,N,21-AUG-2026
PROD_84045,84045,02355191,THALOMID,,,0152770001,N,19-AUG-2025
PROD_84046,84046,02355205,THALOMID,,,0152770002,N,19-AUG-2025
PROD_84055,84055,02355302,PREVAGE ANTI-AGING EYE CREAM SPF 15,,CAT IV - SUNBURN PROTECTANTS,0216932020,N,08-JUL-2026
PROD_84058,84058,02355337,APO-IMATINIB,,,0145503002,N,12-JUN-2026
PROD_84059,84059,02355345,APO-IMATINIB,,,0145503003,N,12-JUN-2026
PROD_84073,84073,02355507,TEVA-MONTELUKAST,,,0133823003,N,12-JUN-2026
PROD_84074,84074,02355515,TEVA-MONTELUKAST,,,0133823001,N,12-JUN-2026
PROD_84075,84075,02355523,TEVA-MONTELUKAST,,,0133823002,N,12-JUN-2026
PROD_84087,84087,02355655,RESTASIS,,,0115996006,N,22-MAR-2025
PROD_84091,84091,02355701,ADVIL MUSCLE AND JOINT,,,0108883002,N,09-JUN-2025
PROD_84093,84093,02355736,BENZALKONIUM CHLORIDE ANTISEPTIC TOWELETTE,,CAT IV - ANTISEPTIC SKIN CLEANSERS,0104993016,N,22-MAR-2025
PROD_84104,84104,02355841,ADVIL NIGHTTIME,,,0252788001,N,16-SEP-2025
PROD_84115,84115,02355965,LORIS 2% CHG WIPE/SERVIETTE,,CAT IV - ANTISEPTIC SKIN CLEANSERS,0107629004,N,11-JUN-2026
PROD_84117,84117,02355981,ASCOR L 500,ASCORBIC ACID INJECTION,,0108469006,N,10-JUN-2026
PROD_84157,84157,02356422,DIAMICRON MR,MODIFIED-RELEASE BREAKABLE TABLET,,0119934003,N,17-AUG-2026
PROD_84166,84166,02356511,RABEPRAZOLE EC,,,0143681001,N,22-MAR-2025
PROD_84167,84167,02356538,RABEPRAZOLE EC,,,0143681002,N,22-MAR-2025
PROD_84168,84168,02356546,PRAVASTATIN,,,0122563001,N,05-JAN-2026
PROD_84169,84169,02356554,PRAVASTATIN,,,0122563002,N,05-JAN-2026
PROD_84170,84170,02356562,PRAVASTATIN,,,0122563003,N,05-JAN-2026
PROD_84173,84173,02356597,HAIR REGROWTH FORMULA,,,0114429001,N,18-JUN-2026
PROD_84178,84178,02356643,TEVA-VALSARTAN,,,0131885003,N,22-MAR-2025
PROD_84179,84179,02356651,TEVA-VALSARTAN,,,0131885001,N,17-JUN-2026
PROD_84180,84180,02356678,TEVA-VALSARTAN,,,0131885002,N,17-JUN-2026
PROD_84181,84181,02356686,TEVA-VALSARTAN,,,0131885004,N,17-JUN-2026
PROD_84182,84182,02356694,SANDOZ VALSARTAN HCT,80 MG/12.5 MG,,0240204001,N,06-AUG-2026
PROD_84183,84183,02356708,SANDOZ VALSARTAN HCT,160 MG/12.5 MG,,0240204002,N,30-JUL-2026
PROD_84184,84184,02356716,SANDOZ VALSARTAN HCT,160 MG/25 MG,,0240204003,N,20-AUG-2026
PROD_84185,84185,02356724,SANDOZ VALSARTAN HCT,320 MG/12.5 MG,,0240204004,N,06-AUG-2026
PROD_84186,84186,02356732,SANDOZ VALSARTAN HCT,320 MG/25 MG,,0240204005,N,06-AUG-2026
PROD_84187,84187,02356740,SANDOZ VALSARTAN,,,0131885003,N,17-JUN-2026
PROD_84188,84188,02356759,SANDOZ VALSARTAN,,,0131885001,N,17-JUN-2026
PROD_84189,84189,02356767,SANDOZ VALSARTAN,,,0131885002,N,17-JUN-2026
PROD_84190,84190,02356775,SANDOZ VALSARTAN,,,0131885004,N,17-JUN-2026
PROD_84194,84194,02356813,JAMP-METOPROLOL-L,,,0111923005,N,22-MAR-2025
PROD_84195,84195,02356821,JAMP-METOPROLOL-L,,,0111923002,N,22-MAR-2025
PROD_84196,84196,02356848,JAMP-METOPROLOL-L,,,0111923003,N,22-MAR-2025
PROD_84197,84197,02356856,TOPIRAMATE,,,0132938001,N,17-JUN-2026
PROD_84198,84198,02356864,TOPIRAMATE,,,0132938002,N,17-JUN-2026
PROD_84199,84199,02356872,TOPIRAMATE,,,0132938006,N,17-JUN-2026
PROD_84200,84200,02356880,RISPERIDONE,,,0124332006,N,22-MAR-2025
PROD_84201,84201,02356899,RISPERIDONE,,,0124332007,N,22-MAR-2025
PROD_84202,84202,02356902,RISPERIDONE,,,0124332003,N,22-MAR-2025
PROD_84203,84203,02356910,RISPERIDONE,,,0124332004,N,22-MAR-2025
PROD_84204,84204,02356929,RISPERIDONE,,,0124332002,N,22-MAR-2025
PROD_84205,84205,02356937,RISPERIDONE,,,0124332005,N,22-MAR-2025
PROD_84210,84210,02356996,TEVA-VALSARTAN/HCTZ,,,0240204001,N,17-JUN-2026
PROD_84211,84211,02357003,TEVA-VALSARTAN/HCTZ,,,0240204002,N,17-JUN-2026
PROD_84212,84212,02357011,TEVA-VALSARTAN/HCTZ,,,0240204003,N,17-JUN-2026
PROD_84213,84213,02357038,TEVA-VALSARTAN/HCTZ,,,0240204004,N,17-JUN-2026
PROD_84214,84214,02357046,TEVA-VALSARTAN/HCTZ,,,0240204005,N,17-JUN-2026
PROD_84215,84215,02357054,JAMP-PANTOPRAZOLE,,,0133229001,N,22-MAR-2025
PROD_84221,84221,02357119,VPRIV,SINGLE-USE VIAL,,0152808002,N,12-AUG-2026
PROD_84222,84222,02357127,JAMP-CYCLOBENZAPRINE,,,0112363001,N,24-JUL-2026
PROD_84231,84231,02357186,JAMP-AMLODIPINE,,,0131437003,N,22-MAR-2025
PROD_84232,84232,02357194,JAMP-AMLODIPINE,,,0131437002,N,22-APR-2025
PROD_84233,84233,02357208,JAMP-AMLODIPINE,,,0131437001,N,16-JUN-2026
PROD_84234,84234,02357216,JAMP BICALUTAMIDE,,,0127996001,N,09-JUN-2026
PROD_84236,84236,02357232,BUCKLEY'S COMPLETE PLUS EXTRA STRENGTH MUCUS RELIEF,,,0352599003,N,22-MAR-2025
PROD_84240,84240,02357275,IBUPROFEN LIQUID CAPSULES,,,0108883004,N,17-JUN-2026
PROD_84241,84241,02357283,EXTRA STRENGTH IBUPROFEN LIQUID CAPSULES,,,0108883002,N,17-JUN-2026
PROD_84242,84242,02357291,VOLULYTE,6% HYDROXYETHYL STARCH 130/0.4 IN AN ISOTONIC ELECTROLYTE INJECTION - SINGLE USE.,,0147581001,N,24-JUN-2026
PROD_84243,84243,02357305,STOOL SOFTENER,,,0104351002,N,22-MAR-2025
PROD_84247,84247,02357356,EXTRA STRENGTH TYLENOL BODY PAIN NIGHT,,,0212017002,N,08-APR-2026
PROD_84259,84259,02357453,SANDOZ REPAGLINIDE,,,0137035001,N,17-JUN-2026
PROD_84260,84260,02357461,SANDOZ REPAGLINIDE,,,0137035002,N,17-JUN-2026
PROD_84261,84261,02357488,SANDOZ REPAGLINIDE,,,0137035003,N,17-JUN-2026
PROD_84264,84264,02357534,TEVA-VALACYCLOVIR,,,0128626001,N,17-JUN-2026
PROD_84269,84269,02357585,IRINOTECAN HYDROCHLORIDE INJECTION USP,,,0132910001,N,12-DEC-2025
PROD_84270,84270,02357593,NORVIR,FILM-COATED TABLET,,0128780001,N,13-AUG-2026
PROD_84272,84272,02357615,VIMPAT,FILM-COATED TABLET,,0152810001,N,06-AUG-2026
PROD_84273,84273,02357623,VIMPAT,FILM-COATED TABLET,,0152810002,N,06-AUG-2026
PROD_84274,84274,02357631,VIMPAT,FILM-COATED TABLET,,0152810003,N,06-AUG-2026
PROD_84275,84275,02357658,VIMPAT,FILM-COATED TABLET,,0152810004,N,06-AUG-2026
PROD_84276,84276,02357666,VIMPAT,20 ML SINGLE-USE VIAL,,0152810005,N,30-JUL-2026
PROD_84278,84278,02357682,LANSOPRAZOLE,,,0127666002,N,02-JUL-2026
PROD_84279,84279,02357690,LANSOPRAZOLE,,,0127666001,N,02-JUL-2026
PROD_84283,84283,02357739,DOVE MEN+CARE FORTIFYING SHAMPOO + CONDITIONER ANTI-DANDRUFF 2 IN 1,,CAT IV - ANTIDANDRUFF PRODUCTS,0108628001,N,22-MAR-2025
PROD_84285,84285,02357755,PMS-TRANDOLAPRIL,,,0131524001,N,15-JUN-2026
PROD_84286,84286,02357763,PMS-TRANDOLAPRIL,,,0131524002,N,15-JUN-2026
PROD_84287,84287,02357771,PMS-TRANDOLAPRIL,,,0131524003,N,15-JUN-2026
PROD_84288,84288,02357798,PMS-TRANDOLAPRIL,,,0131524004,N,15-JUN-2026
PROD_84304,84304,02357968,TEVA-LOSARTAN,FILM-COATED,,0127971003,N,28-JUL-2026
PROD_84305,84305,02357976,TEVA-LOSARTAN,FILM-COATED,,0127971002,N,29-JUL-2026
PROD_84308,84308,02358018,LORIS 2% CHG SOLUTION,,CAT IV - ANTISEPTIC SKIN CLEANSERS,0107629004,N,10-JUN-2026
PROD_84310,84310,02358034,PEG 3350,,,0152488002,N,11-JUN-2026
PROD_84320,84320,02358131,PAIN RELIEF CREAM REGULAR STRENGTH,,LS - TRIETHANOLAMINE SALICYLATE (TROLAMINE),0103740005,N,22-MAR-2025
PROD_84321,84321,02358158,INNOHEP,"0.35 ML UNIT DOSE. 10 000 ANTI-XA IU/ML PRESERVATIVE-FREE, PREFILLED SYRINGES",,0124929001,N,25-AUG-2026
PROD_84322,84322,02358166,INNOHEP,"0.45 ML UNIT DOSE. 10 000 ANTI-XA IU/ML PRESERVATIVE-FREE, PREFILLED SYRINGES",,0124929001,N,25-AUG-2026
PROD_84323,84323,02358174,INNOHEP,"0.7 ML UNIT DOSE. 20 000 ANTI-XA IU/ML PRESERVATIVE-FREE, PREFILLED GRADUATED SYRINGES",,0124929003,N,25-AUG-2026
PROD_84324,84324,02358182,INNOHEP,"0.9 ML UNIT DOSE. 20 000 ANTI-XA IU/ML PRESERVATIVE-FREE, PREFILLED GRADUATED SYRINGES",,0124929003,N,25-AUG-2026
PROD_84340,84340,02358344,IMIPENEM AND CILASTATIN FOR INJECTION USP,,,0218820001,N,17-JUN-2026
PROD_84341,84341,02358352,REACTINE FAST MELT JUNIOR,,,0122686001,N,17-MAR-2026
PROD_84356,84356,02358514,APO-LETROZOLE,,,0132937001,N,22-MAR-2025
PROD_84365,84365,02358611,SANDOZ MONTELUKAST,,,0133823003,N,17-JUN-2026
PROD_84377,84377,02358743,"NOREPINEPHRINE BITARTRATE INJECTION, USP",,,0131301001,N,22-MAR-2025
PROD_84384,84384,02358808,PRADAXA,KNOWN AS PRADAX,,0152467003,N,17-JUN-2026
PROD_84388,84388,02358840,ACT RALOXIFENE,,,0151607001,N,22-MAR-2025
PROD_84395,84395,02358913,SANDOZ OLOPATADINE,,,0132394001,N,17-JUN-2026
PROD_84427,84427,02359243,COLD + SINUS PLUS,,,0349765001,N,17-JUN-2026
PROD_84428,84428,02359251,BERIPLEX P/N 500,,,0652205002,N,15-JUN-2026
PROD_84447,84447,02359456,DAXAS,FILM-COATED TABLET,,0152826001,N,06-AUG-2026
PROD_84451,84451,02359499,MOVIPREP,,,0652827001,N,23-JAN-2026
PROD_84452,84452,02359502,HYDROMORPH CONTIN,CONTROLLED-RELEASE CAPSULE,,0108698018,N,24-AUG-2026
PROD_84453,84453,02359510,HYDROMORPH CONTIN,CONTROLLED-RELEASE CAPSULE,,0108698019,N,24-AUG-2026
PROD_84454,84454,02359529,JAMP-RISPERIDONE,,,0124332006,N,22-MAR-2025
PROD_84455,84455,02359537,JAMP-RISPERIDONE,,,0124332007,N,22-MAR-2025
PROD_84456,84456,02359545,JAMP-RISPERIDONE,,,0124332003,N,22-MAR-2025
PROD_84457,84457,02359553,JAMP-RISPERIDONE,,,0124332004,N,22-MAR-2025
PROD_84458,84458,02359561,JAMP-RISPERIDONE,,,0124332002,N,22-MAR-2025
PROD_84459,84459,02359588,JAMP-RISPERIDONE,,,0124332005,N,22-MAR-2025
PROD_84460,84460,02359596,PMS-PREGABALIN,,,0151121001,N,15-JUN-2026
PROD_84461,84461,02359618,PMS-PREGABALIN,,,0151121002,N,15-JUN-2026
PROD_84462,84462,02359626,PMS-PREGABALIN,,,0151121003,N,15-JUN-2026
PROD_84463,84463,02359634,PMS-PREGABALIN,,,0151121005,N,15-JUN-2026
PROD_84464,84464,02359642,PMS-PREGABALIN,,,0151121008,N,15-JUN-2026
PROD_84468,84468,02359685,BIACNA TOPICAL GEL,,,0252829001,N,14-OCT-2025
PROD_84470,84470,02359707,TEVA-OLANZAPINE,FILM-COATED TABLET,,0128783006,N,06-AUG-2026
PROD_84478,84478,02359790,MINT-RISPERIDON,,,0124332006,N,26-JUN-2026
PROD_84479,84479,02359804,MINT-RISPERIDON,,,0124332007,N,26-JUN-2026
PROD_84480,84480,02359812,MINT-RISPERIDON,,,0124332003,N,26-JUN-2026
PROD_84481,84481,02359820,MINT-RISPERIDON,,,0124332004,N,26-JUN-2026
PROD_84482,84482,02359839,MINT-RISPERIDON,,,0124332002,N,26-JUN-2026
PROD_84483,84483,02359847,MINT-RISPERIDON,,,0124332005,N,26-JUN-2026
PROD_84489,84489,02359928,STERISPORIN,,,0231324002,N,22-MAR-2025
PROD_84507,84507,02360101,THEO ER,,,0103582009,N,16-JUN-2026
PROD_84508,84508,02360128,THEO ER,,,0103582010,N,16-JUN-2026
PROD_84529,84529,02360322,ZYTRAM XL,,,0151694007,N,18-JUN-2026
PROD_84531,84531,02360349,ZYTRAM XL,,,0151694005,N,18-JUN-2026
PROD_84556,84556,02360594,HYDROCHLOROTHIAZIDE,,,0101048002,N,19-MAR-2026
PROD_84558,84558,02360616,APO-OLANZAPINE ODT,,,0128783003,N,15-JUN-2026
PROD_84559,84559,02360624,APO-OLANZAPINE ODT,,,0128783002,N,15-JUN-2026
PROD_84560,84560,02360632,APO-OLANZAPINE ODT,,,0128783005,N,15-JUN-2026
PROD_84561,84561,02360640,APO-OLANZAPINE ODT,,,0128783006,N,15-JUN-2026
PROD_84581,84581,02360810,SPRYCEL,FILM-COATED,,0152198005,N,29-JUL-2026
PROD_84582,84582,02360829,SPRYCEL,FILM-COATED,,0152198006,N,29-JUL-2026
PROD_84583,84583,02360837,CLEAR EYES EXTRA STRENGTH REDNESS RELIEF,,,0252847001,N,26-JUN-2026
PROD_84609,84609,02361043,DIGIFAB,"LYOPHILIZED POWDER AND PRESERVATIVE-FREE, SINGLE-USE VIAL",,0122996001,N,26-AUG-2026
PROD_84620,84620,02361159,TEVA-PREGABALIN,,,0151121001,N,12-JUN-2026
PROD_84623,84623,02361175,TEVA-PREGABALIN,,,0151121002,N,12-JUN-2026
PROD_84624,84624,02361183,TEVA-PREGABALIN,,,0151121003,N,12-JUN-2026
PROD_84626,84626,02361205,TEVA-PREGABALIN,,,0151121005,N,12-JUN-2026
PROD_84628,84628,02361221,TEVA-PREGABALIN,,,0151121007,N,12-JUN-2026
PROD_84629,84629,02361248,TEVA-PREGABALIN,,,0151121008,N,12-JUN-2026
PROD_84648,84648,02361426,TARO-CLARITHROMYCIN,FILM-COATED TABLET,,0123752001,N,06-AUG-2026
PROD_84649,84649,02361434,TARO-CLARITHROMYCIN,FILM-COATED TABLET,,0123752002,N,06-AUG-2026
PROD_84651,84651,02361450,BISACODYL SUPPOSITORY,,,0101506002,N,22-JUN-2026
PROD_84675,84675,02361698,TARO-SUMATRIPTAN,,,0123238006,N,17-JUN-2026
PROD_84676,84676,02361701,VIMOVO,MODIFIED-RELEASE TABLET,,0252870001,N,17-AUG-2026
PROD_84677,84677,02361728,VIMOVO,MODIFIED-RELEASE TABLET,,0252870002,N,17-AUG-2026
PROD_84680,84680,02361752,ZENHALE,SUSPENSION,,0252871005,N,22-JUL-2025
PROD_84681,84681,02361760,ZENHALE,,,0252871004,N,22-JUL-2025
PROD_84684,84684,02361795,ALEVE LIQUID GELS,LIQUID-FILLED,,0113934003,N,18-AUG-2026
PROD_84687,84687,02361825,REVOLADE,FILM-COATED,,0152873001,N,29-JUL-2026
PROD_84688,84688,02361833,REVOLADE,FILM-COATED,,0152873002,N,29-JUL-2026
PROD_84693,84693,02361892,PMS-QUETIAPINE,,,0131858006,N,15-JUN-2026
PROD_84694,84694,02361906,"ORABLOC 1:200,000",,,0252683001,N,22-MAR-2025
PROD_84695,84695,02361914,"ORABLOC 1:100,000",,,0252683002,N,22-MAR-2025
PROD_84698,84698,02361949,BENZAGEL SPOT-ON ACNE GEL,,CAT IV - ACNE THERAPY,0107205004,N,29-JUN-2026
PROD_84699,84699,02361957,DOCETAXEL INJECTION USP,,,0127884002,N,22-MAR-2025
PROD_84721,84721,02362171,PATADAY,,,0132394002,N,22-MAR-2025
PROD_84722,84722,02362198,ACÉTAMINOPHÈNE CAPLET 325,,,0102009001,N,11-JUN-2026
PROD_84724,84724,02362228,ACÉTAMINOPHÈNE CAPLET 500,,,0102009002,N,11-JUN-2026
PROD_84726,84726,02362244,ACETAMINOPHEN TABLETS USP 500 MG,,,0102009002,N,11-JUN-2026
PROD_84728,84728,02362260,APO-DONEPEZIL,FILM-COATED,,0131548001,N,29-JUL-2026
PROD_84729,84729,02362279,APO-DONEPEZIL,FILM-COATED,,0131548002,N,28-JUL-2026
PROD_84736,84736,02362341,ACETAMINOPHEN CAPLETS 325 MG,,"LS - ANALG. (ACETAMINOPHEN, SALICYLATES, CODEINE)",0102009001,N,11-JUN-2026
PROD_84737,84737,02362368,ACETAMINOPHEN CAPLETS 500 MG,,"LS - ANALG. (ACETAMINOPHEN, SALICYLATES, CODEINE)",0102009002,N,11-JUN-2026
PROD_84739,84739,02362384,FLUAD,CONTAINS 1 X 0.5 ML DOSES. 1 ML SINGLE-DOSE PREFILLED GLASS SYRINGE,,0324197003,N,01-SEP-2026
PROD_84741,84741,02362406,APO-TAMSULOSIN CR,CONTROLLED-RELEASE TABLET,,0133680001,N,24-AUG-2026
PROD_84743,84743,02362422,ACETAMINOPHEN TABLETS USP 325 MG,,,0102009001,N,11-JUN-2026
PROD_84744,84744,02362430,NAPROXEN,,,0113934003,N,12-JUN-2026
PROD_84745,84745,02362449,SANDOZ LOSARTAN HCT,,,0233168003,N,17-JUN-2026
PROD_84752,84752,02362511,TEVA-ATOMOXETINE,,,0150434006,N,18-JUN-2026
PROD_84760,84760,02362597,POTASSIUM ACETATE INJECTION USP,4 MMOL/ML POTASSIUM. 50 ML SINGLE-USE VIALS,,0107304002,N,27-AUG-2026
PROD_84762,84762,02362619,PIPERACILLIN AND TAZOBACTAM FOR INJECTION,SINGLE-USE VIAL,,0225919004,N,12-AUG-2026
PROD_84763,84763,02362627,PIPERACILLIN AND TAZOBACTAM FOR INJECTION,SINGLE-USE VIAL,,0225919005,N,12-AUG-2026
PROD_84764,84764,02362635,PIPERACILLIN AND TAZOBACTAM FOR INJECTION,SINGLE-USE VIAL,,0225919006,N,12-AUG-2026
PROD_84766,84766,02362651,MINT-AMLODIPINE,,,0131437002,N,18-JUN-2026
PROD_84767,84767,02362678,MINT-AMLODIPINE,,,0131437001,N,18-JUN-2026
PROD_84775,84775,02362759,MYLAN-AMLODIPINE/ATORVASTATIN,,,0251555001,N,02-MAR-2026
PROD_84776,84776,02362767,MYLAN-AMLODIPINE/ATORVASTATIN,,,0251555002,N,02-MAR-2026
PROD_84777,84777,02362775,MYLAN-AMLODIPINE/ATORVASTATIN,,,0251555003,N,02-MAR-2026
PROD_84778,84778,02362783,MYLAN-AMLODIPINE/ATORVASTATIN,,,0251555004,N,02-MAR-2026
PROD_84779,84779,02362791,MYLAN-AMLODIPINE/ATORVASTATIN,,,0251555005,N,02-MAR-2026
PROD_84780,84780,02362805,MYLAN-AMLODIPINE/ATORVASTATIN,,,0251555006,N,02-MAR-2026
PROD_84781,84781,02362813,MYLAN-AMLODIPINE/ATORVASTATIN,,,0251555007,N,02-MAR-2026
PROD_84782,84782,02362821,MYLAN-AMLODIPINE/ATORVASTATIN,,,0251555008,N,02-MAR-2026
PROD_84793,84793,02362945,LISINOPRIL/HCTZ (TYPE Z),,,0222417003,N,23-JUN-2026
PROD_84794,84794,02362953,LISINOPRIL/HCTZ (TYPE Z),,,0222417001,N,23-JUN-2026
PROD_84795,84795,02362961,LISINOPRIL/HCTZ (TYPE Z),,,0222417002,N,23-JUN-2026
PROD_84796,84796,02362988,SANDOZ ZOLMITRIPTAN,FILM-COATED,,0134381001,N,29-JUL-2026
PROD_84797,84797,02362996,SANDOZ ZOLMITRIPTAN ODT,,,0134381001,N,17-JUN-2026
PROD_84808,84808,02363062,TARO-VALSARTAN,,,0131885003,N,22-MAR-2025
PROD_84812,84812,02363100,TARO-VALSARTAN,,,0131885001,N,22-MAR-2025
PROD_84813,84813,02363119,TARO-VALSARTAN,,,0131885002,N,22-MAR-2025
PROD_84814,84814,02363127,ENTERIC COATED DAILY LOW DOSE ASA 81 MG,,,0101169013,N,05-DEC-2025
PROD_84835,84835,02363356,EMEND IV,SINGLE-DOSE VIAL,,0152547002,N,10-AUG-2026
PROD_84844,84844,02363445,OZURDEX,IMPLANT IN SINGLE-USE APPLICATOR. PRESERVATIVE-FREE,,0106303011,N,19-MAY-2026
PROD_84860,84860,02363615,NXSTAGE PUREFLOW DIALYSATE CONCENTRATE (SAK-301),,,0633087005,N,31-JUL-2026
PROD_84861,84861,02363631,NXSTAGE PUREFLOW DIALYSATE CONCENTRATE (SAK 304),,,0633087007,N,31-JUL-2026
PROD_84863,84863,02363666,NXSTAGE PUREFLOW DIALYSATE CONCENTRATE (SAK-302),,,0633087006,N,31-JUL-2026
PROD_84901,84901,02364077,SANDOZ ESCITALOPRAM,,,0150435002,N,17-JUN-2026
PROD_84902,84902,02364085,SANDOZ ESCITALOPRAM,,,0150435004,N,17-JUN-2026
PROD_84905,84905,02364115,APO-HYDROMORPHONE,,,0108698004,N,15-JUN-2026
PROD_84906,84906,02364123,APO-HYDROMORPHONE,,,0108698003,N,15-JUN-2026
PROD_84907,84907,02364131,APO-HYDROMORPHONE,,,0108698006,N,15-JUN-2026
PROD_84908,84908,02364158,APO-HYDROMORPHONE,,,0108698005,N,15-JUN-2026
PROD_84924,84924,02364336,AMIODARONE,,,0118593001,N,01-JUN-2026
PROD_84976,84976,02364883,TEVA-MYCOPHENOLATE,,,0128158001,N,07-AUG-2026
PROD_84979,84979,02364913,CARVEDILOL,,,0122683003,N,23-JUN-2026
PROD_84980,84980,02364921,CARVEDILOL,,,0122683004,N,23-JUN-2026
PROD_84981,84981,02364948,CARVEDILOL,,,0122683005,N,23-JUN-2026
PROD_84982,84982,02364956,CARVEDILOL,FILM-COATED,,0122683001,N,28-JUL-2026
PROD_85000,85000,02365154,TOBI PODHALER,FOR ORAL INHALATION ONLY. TOBRAMYCIN INHALATION POWDER,,0110230007,N,14-AUG-2026
PROD_85001,85001,02365162,PRO-IRBESARTAN-HCTZ,,,0240086001,N,23-MAR-2026
PROD_85002,85002,02365170,PRO-IRBESARTAN-HCTZ,,,0240086002,N,23-MAR-2026
PROD_85003,85003,02365189,PRO-IRBESARTAN-HCTZ,,,0240086003,N,23-MAR-2026
PROD_85004,85004,02365197,PRO-IRBESARTAN,,,0131700001,N,23-JUL-2026
PROD_85005,85005,02365200,PRO-IRBESARTAN,,,0131700002,N,23-JUL-2026
PROD_85006,85006,02365219,PRO-IRBESARTAN,,,0131700003,N,23-JUL-2026
PROD_85038,85038,02365480,GILENYA,,,0152886001,N,11-JUN-2026
PROD_85042,85042,02365529,JAMP PIOGLITAZONE,,,0141541002,N,22-MAR-2025
PROD_85043,85043,02365537,JAMP PIOGLITAZONE,,,0141541003,N,22-MAR-2025
PROD_85046,85046,02365561,VYLOMA,,,0135820002,N,22-MAR-2025
PROD_85048,85048,02365596,"EXTRA STRENGTH TYLENOL COMPLETE COLD, COUGH & FLU PLUS MUCUS RELIEF NIGHTTIME",,,0550062001,N,26-JUN-2026
PROD_85049,85049,02365618,BENYLIN EXTRA STRENGTH MUCUS & PHLEGM PLUS COLD RELIEF NIGHT,,,0550062001,N,10-JUN-2026
PROD_85053,85053,02365650,TARO-ANASTROZOLE,,,0128681001,N,17-JUN-2026
PROD_85056,85056,02365685,REGULAR STRENGTH SLEEP AID,,,0102639002,N,11-JUN-2026
PROD_85059,85059,02365707,FLUZONE,INFLUENZA VIRUS VACCINE TRIVALENT TYPES A & B (SPLIT VIRION). 0.5ML PRE-FILLED SYRINGE,,0324197003,N,28-SEP-2025
PROD_85062,85062,02365731,"EXTRA STRENGTH TYLENOL COMPLETE COLD, COUGH & FLU DAYTIME",CAPLET,,0421980007,N,29-JUL-2026
PROD_85064,85064,02365766,"EXTRA STRENGTH TYLENOL COMPLETE COLD, COUGH & FLU NIGHTTIME",,LS - COUGH AND COLD,0327704004,N,26-JUN-2026
PROD_85065,85065,02365774,"EXTRA STRENGTH TYLENOL COMPLETE COLD, COUGH & FLU PLUS MUCUS RELIEF",,LS - COUGH AND COLD,0421980003,N,08-JUL-2026
PROD_85075,85075,02365871,TACTUPUMP,,,0252888001,N,22-JUN-2026
PROD_85079,85079,02365936,FLUZONE,INFLUENZA VIRUS VACCINE TRIVALENT TYPES A & B (SPLIT VIRION).  5 ML MULTIDOSE VIAL,,0324197003,N,28-SEP-2025
PROD_85088,85088,02366010,HALOPERIDOL INJECTION,FOR I.M. INJECTION ONLY. NOT FOR I.V USE. PRESERVATIVE-FREE,,0101774001,N,25-AUG-2026
PROD_85094,85094,02366061,JAMP-FOLIC ACID,,,0108418001,N,15-AUG-2025
PROD_85095,85095,02366088,JAMP-DICYCLOMINE HCL,,,0107449002,N,11-JUN-2026
PROD_85102,85102,02366169,PREVAGE ANTI-AGING MOISTURE CREAM SPF 30,,CAT IV - SUNBURN PROTECTANTS,0544759019,N,08-JUL-2026
PROD_85106,85106,02366207,BENYLIN EXTRA STRENGTH MUCUS & PHLEGM PLUS COLD RELIEF,,,0421980003,N,09-JUL-2026
PROD_85108,85108,02366223,CLEVIPREX,"FOR I.V. INFUSION ONLY. 50 ML AND 100 ML PRESERVATIVE-FREE, SINGLE-USE VIALS",,0152890001,N,13-AUG-2026
PROD_85113,85113,02366282,PRO-LANSOPRAZOLE,,,0127666001,N,23-DEC-2025
PROD_85116,85116,02366312,TEVA-CANDESARTAN,,,0135220002,N,12-JUN-2026
PROD_85118,85118,02366320,TEVA-CANDESARTAN,,,0135220003,N,12-JUN-2026
PROD_85119,85119,02366339,TEVA-CANDESARTAN,,,0135220004,N,12-JUN-2026
PROD_85127,85127,02366444,LORATADINE,,,0120416001,N,16-JUN-2026
PROD_85130,85130,02366487,APO-MEMANTINE,FILM-COATED,,0150423001,N,28-JUL-2026
PROD_85131,85131,02366460,REMIFENTANIL HYDROCHLORIDE FOR INJECTION,,,0133098001,N,17-JUN-2026
PROD_85132,85132,02366479,REMIFENTANIL HYDROCHLORIDE FOR INJECTION,,,0133098002,N,17-JUN-2026
PROD_85157,85157,02366746,APO-OXYCODONE CR,,,0107552003,N,12-JUN-2026
PROD_85158,85158,02366754,APO-OXYCODONE CR,,,0107552002,N,12-JUN-2026
PROD_85159,85159,02366762,APO-OXYCODONE CR,,,0107552001,N,12-JUN-2026
PROD_85161,85161,02366789,APO-OXYCODONE CR,,,0107552006,N,12-JUN-2026
PROD_85176,85176,02366940,VALSARTAN,,,0131885003,N,22-MAR-2025
PROD_85177,85177,02366959,VALSARTAN,,,0131885001,N,22-MAR-2025
PROD_85178,85178,02366967,VALSARTAN,,,0131885002,N,22-MAR-2025
PROD_85179,85179,02366975,VALSARTAN,,,0131885004,N,22-MAR-2025
PROD_85182,85182,02367009,VALSARTAN HCT,,,0240204001,N,22-MAR-2025
PROD_85183,85183,02367017,VALSARTAN HCT,,,0240204002,N,22-MAR-2025
PROD_85184,85184,02367025,VALSARTAN HCT,,,0240204003,N,22-MAR-2025
PROD_85185,85185,02367033,VALSARTAN HCT,,,0240204004,N,22-MAR-2025
PROD_85186,85186,02367041,VALSARTAN HCT,,,0240204005,N,22-MAR-2025
PROD_85196,85196,02367157,TARO-MOMETASONE CREAM,,,0121732001,N,17-JUN-2026
PROD_85213,85213,02367335,SANDOZ LATANOPROST,,,0132916002,N,17-JUN-2026
PROD_85224,85224,02367394,TARO-CARBAMAZEPINE,,,0108674002,N,17-JUN-2026
PROD_85225,85225,02367408,CLOXACILLIN FOR INJECTION,,,0131306001,N,10-JUN-2026
PROD_85226,85226,02367416,CLOXACILLIN FOR INJECTION,FOR I.V. USE ONLY,,0131306009,N,14-AUG-2026
PROD_85227,85227,02367424,CLOXACILLIN FOR INJECTION,FOR I.V. USE ONLY,,0131306010,N,14-AUG-2026
PROD_85239,85239,02367556,JAMP-ATENOLOL,,,0113847004,N,22-MAR-2025
PROD_85240,85240,02367564,JAMP-ATENOLOL,,,0113847002,N,18-JUN-2026
PROD_85241,85241,02367572,JAMP-ATENOLOL,,,0113847001,N,18-JUN-2026
PROD_85244,85244,02367602,PRAMIPEXOLE,,,0152169001,N,22-MAR-2025
PROD_85245,85245,02367610,PRAMIPEXOLE,,,0152169002,N,22-MAR-2025
PROD_85247,85247,02367629,PRAMIPEXOLE,,,0152169003,N,22-MAR-2025
PROD_85256,85256,02367726,VALSARTAN,,,0131885003,N,22-MAR-2025
PROD_85257,85257,02367734,VALSARTAN,,,0131885001,N,22-MAR-2025
PROD_85258,85258,02367742,VALSARTAN,,,0131885002,N,22-MAR-2025
PROD_85259,85259,02367750,VALSARTAN,,,0131885004,N,22-MAR-2025
PROD_85260,85260,02367769,VALSARTAN-HCTZ,,,0240204001,N,22-MAR-2025
PROD_85261,85261,02367777,VALSARTAN-HCTZ,,,0240204002,N,22-MAR-2025
PROD_85262,85262,02367785,VALSARTAN-HCTZ,,,0240204003,N,22-MAR-2025
PROD_85277,85277,02367947,SOLU-MEDROL,SINGLE-DOSE ACT-O-VIAL WITHOUT PRESERVATIVE. SUPPLIED WITH DILUENT.,,0106290002,N,17-JUN-2026
PROD_85278,85278,02367955,SOLU-MEDROL,SINGLE-DOSE ACT-O-VIAL WITHOUT PRESERVATIVE. SUPPLIED WITH DILUENT.,,0106290004,N,17-JUN-2026
PROD_85279,85279,02367963,SOLU-MEDROL,ACT-O-VIAL. SINGLE-DOSE. WITHOUT PRESERVATIVE. SUPPLIED WITH DILUENT.,,0106290005,N,17-JUN-2026
PROD_85280,85280,02367971,SOLU-MEDROL,ACT-O-VIAL. SINGLE-DOSE.  WITHOUT PRESERVATIVE. SUPPLIED WITH DILUENT.,,0106290009,N,17-JUN-2026
PROD_85281,85281,02367998,CLINIQUE EVEN BETTER MAKEUP SPF 15,,CAT IV - SUNBURN PROTECTANTS,0327220024,N,11-JUN-2026
PROD_85283,85283,02368013,MINT-ATENOL,,,0113847004,N,22-MAR-2025
PROD_85284,85284,02368021,MINT-ATENOL,,,0113847002,N,29-JUN-2026
PROD_85285,85285,02368048,MINT-ATENOL,,,0113847001,N,29-JUN-2026
PROD_85288,85288,02368064,REACTINE ALLERGY LIQUID GELS,,,0122686001,N,17-MAR-2026
PROD_85290,85290,02368080,IBUPROFEN CAPLETS,CAPLET,,0108883004,N,29-JUL-2026
PROD_85291,85291,02368099,IBUPROFEN EXTRA STRENGTH CAPLETS,CAPLET,,0108883002,N,29-JUL-2026
PROD_85304,85304,02368153,XGEVA,SINGLE-USE VIAL. FOR S.C. USE ONLY. PRESERVATIVE-FREE.,,0152691002,N,29-JUL-2026
PROD_85318,85318,02368218,LIQUID NITROGEN,,,0115497001,N,11-JUN-2026
PROD_85321,85321,02368242,TEVA-TAMSULOSIN CR,,,0133680001,N,17-JUN-2026
PROD_85322,85322,02368250,TASIGNA,,,0152484002,N,23-JUL-2026
PROD_85335,85335,02368382,RAPID WRINKLE REPAIR MOISTURIZER,,CAT IV - SUNBURN PROTECTANTS,0451521010,N,12-MAR-2026
PROD_85341,85341,02368455,FOUNDATION PRIMER PLUS SPF 15,,CAT IV - SUNBURN PROTECTANTS,0218807007,N,11-JUN-2026
PROD_85343,85343,02368463,LIP CONDITIONER SPF 15,,CAT IV - SUNBURN PROTECTANTS,0218807007,N,11-JUN-2026
PROD_85347,85347,02368528,COLD & FLU-IN-ONE,"COMBO PACK, DAYTIME AND NIGHTTIME RELIEF",,0752931001,N,17-AUG-2026
PROD_85348,85348,02368536,COLD & FLU,"COMBO PACK, DAYTIME AND NIGHTTIME CAPSULES",,0752932001,N,17-AUG-2026
PROD_85352,85352,02368544,BRILINTA,,,0152934001,N,12-JUN-2026
PROD_85366,85366,02368676,TRIESENCE,,,0106310006,N,22-MAR-2025
PROD_85367,85367,02368684,MEN'S ROGAINE FOAM 5%,,,0114429004,N,23-JAN-2026
PROD_85372,85372,02368730,PHYSIONEAL 40 GLUCOSE 1.36% CLEAR-FLEX,,,0649302007,N,22-MAR-2025
PROD_85373,85373,02368749,PHYSIONEAL 40 GLUCOSE 3.86% CLEAR-FLEX,,,0649302008,N,22-MAR-2025
PROD_85374,85374,02368757,PHYSIONEAL 40 GLUCOSE 2.27% CLEAR-FLEX,,,0649302009,N,22-MAR-2025
PROD_85382,85382,02368854,SINUS MEDICATION DAYTIME RELIEF,,,0216113003,N,11-JUN-2026
PROD_85386,85386,02368897,JAMP-CARVEDILOL,,,0122683003,N,22-MAR-2025
PROD_85387,85387,02368900,JAMP-CARVEDILOL,,,0122683004,N,22-MAR-2025
PROD_85388,85388,02368919,JAMP-CARVEDILOL,,,0122683005,N,22-MAR-2025
PROD_85389,85389,02368927,JAMP-CARVEDILOL,,,0122683001,N,22-MAR-2025
PROD_85400,85400,02369052,APO-LAMIVUDINE,,,0128157001,N,23-JUN-2026
PROD_85401,85401,02369060,APO-LAMIVUDINE,,,0128157005,N,23-JUN-2026
PROD_85414,85414,02369206,JAMP-DOMPERIDONE,,,0116957001,N,04-SEP-2025
PROD_85416,85416,02369222,AG-AMLODIPINE,,,0131437003,N,22-MAR-2025
PROD_85417,85417,02369230,AG-AMLODIPINE,,,0131437002,N,22-MAR-2025
PROD_85418,85418,02369249,AG-AMLODIPINE,,,0131437001,N,22-MAR-2025
PROD_85419,85419,02369257,AFINITOR,,,0152682003,N,17-JUN-2026
PROD_85428,85428,02369362,ACUVAIL,,,0121995006,N,22-MAR-2025
PROD_85449,85449,02369567,"DIPHENHYDRAMINE HYDROCHLORIDE INJECTION, USP",SINGLE-DOSE VIAL,,0102639001,N,16-MAY-2025
PROD_85450,85450,02369575,X3 ON-THE-GO ANTISEPTIC SPRAY,,CAT IV - ANTISEPTIC SKIN CLEANSERS,0104993016,N,22-JUN-2026
PROD_85454,85454,02369613,BANZEL,,,0152938001,N,15-JUN-2026
PROD_85455,85455,02369621,BANZEL,,,0152938002,N,15-JUN-2026
PROD_85456,85456,02369648,BANZEL,,,0152938003,N,15-JUN-2026
PROD_85508,85508,02370050,BENLYSTA,FOR I.V. INFUSION ONLY. 80MG/ML(RECONST.) - 5ML VIAL.,,0152941002,N,15-JUN-2026
PROD_85509,85509,02370069,BENLYSTA,FOR I.V. INFUSION ONLY. 80MG/ML (RECONST.) - 20ML VIAL.,,0152941001,N,15-JUN-2026
PROD_85511,85511,02370085,JAMP-CITALOPRAM,,,0136243003,N,16-JUN-2026
PROD_85541,85541,02370255,RISEDRONATE,,,0135301003,N,21-AUG-2025
PROD_85557,85557,02370417,ACTONEL DR,,,0135301003,N,23-JUN-2025
PROD_85558,85558,02370425,CLINIQUE REDNESS SOLUTIONS MAKEUP SPF 15 WITH PROBIOTIC TECHNOLOGY,,CAT IV - SUNBURN PROTECTANTS,0327220024,N,11-JUN-2026
PROD_85559,85559,02370433,SUBLINOX,,,0122857002,N,22-MAR-2025
PROD_85560,85560,02370441,TEVA-DILTIAZEM T,,,0115863004,N,06-MAY-2026
PROD_85561,85561,02370468,SAMSCA,,,0152943001,N,19-JUN-2026
PROD_85562,85562,02370476,SAMSCA,,,0152943002,N,19-JUN-2026
PROD_85564,85564,02370492,TEVA-DILTIAZEM T,,,0115863007,N,06-MAY-2026
PROD_85565,85565,02370506,TEVA-DILTIAZEM T,,,0115863006,N,06-MAY-2026
PROD_85566,85566,02370514,TEVA-DILTIAZEM T,,,0115863008,N,06-MAY-2026
PROD_85567,85567,02370522,TEVA-DILTIAZEM T,,,0115863009,N,06-MAY-2026
PROD_85574,85574,02370603,EDURANT,,,0152944001,N,15-JUN-2026
PROD_85581,85581,02370689,MIRTAZAPINE,,,0143928002,N,06-NOV-2025
PROD_85592,85592,02370808,PANTOPRAZOLE,,,0133229001,N,22-MAR-2025
PROD_85604,85604,02370840,CATHEJELL,SINGLE-USE SYRINGE WITH APPLICATOR PRESERVATIVE-FREE,,0101280001,N,06-AUG-2026
PROD_85612,85612,02370921,TRAJENTA,,,0152946001,N,15-JUN-2026
PROD_85622,85622,02371022,TWYNSTA,,,0252947001,N,17-JUN-2026
PROD_85623,85623,02371030,TWYNSTA,,,0252947002,N,17-JUN-2026
PROD_85624,85624,02371049,TWYNSTA,,,0252947003,N,17-JUN-2026
PROD_85625,85625,02371057,TWYNSTA,,,0252947004,N,17-JUN-2026
PROD_85626,85626,02371065,ZYTIGA,,,0152948001,N,15-JUN-2026
PROD_85628,85628,02371081,XEOMIN,,,0153613002,N,02-APR-2025
PROD_85632,85632,02371146,ARTHRITIS PAIN RELIEF,,,0102009008,N,26-JUN-2026
PROD_85666,85666,02371502,EURO-D 50000 IU,,,0108524010,N,31-DEC-2025
PROD_85673,85673,02371588,OVIDREL,1 PREFILLED PEN OF 250 G SOLUTION FOR INJECTION,,0150432003,N,31-JUL-2026
PROD_85684,85684,02371707,MAR-AMLODIPINE,,,0131437003,N,22-MAR-2025
PROD_85685,85685,02371715,MAR-AMLODIPINE,,,0131437002,N,22-MAR-2025
PROD_85686,85686,02371723,MAR-AMLODIPINE,,,0131437001,N,22-MAR-2025
PROD_85687,85687,02371731,MAR-ONDANSETRON,,,0131120003,N,18-JUN-2026
PROD_85688,85688,02371758,MAR-ONDANSETRON,,,0131120001,N,18-JUN-2026
PROD_85689,85689,02371766,MAR-RISPERIDONE,,,0124332006,N,16-JUN-2026
PROD_85690,85690,02371774,MAR-RISPERIDONE,,,0124332007,N,16-JUN-2026
PROD_85691,85691,02371782,MAR-RISPERIDONE,,,0124332003,N,16-JUN-2026
PROD_85692,85692,02371790,MAR-RISPERIDONE,,,0124332004,N,17-FEB-2026
PROD_85693,85693,02371804,MAR-RISPERIDONE,,,0124332002,N,17-FEB-2026
PROD_85694,85694,02371812,MAR-RISPERIDONE,,,0124332005,N,17-FEB-2026
PROD_85696,85696,02371839,UROMITEXAN,WITH BENZYL ALCOHOL AS PRESERVATIVE,,0120705001,N,14-AUG-2026
PROD_85697,85697,02371847,CERAMIDE PREMIERE INTENSE MOISTURE AND RENEWAL ACTIVATION CREAM SPF 30,,,0544759022,N,08-JUL-2026
PROD_85700,85700,02371871,MAR-CITALOPRAM,,,0136243003,N,31-AUG-2026
PROD_85701,85701,02371898,MAR-CITALOPRAM,,,0136243001,N,31-AUG-2026
PROD_85702,85702,02371901,MAR-CITALOPRAM,,,0136243002,N,31-AUG-2026
PROD_85710,85710,02371979,MAR-ATENOLOL,,,0113847004,N,18-JUN-2026
PROD_85711,85711,02371987,MAR-ATENOLOL,,,0113847002,N,18-JUN-2026
PROD_85712,85712,02371995,MAR-ATENOLOL,,,0113847001,N,18-JUN-2026
PROD_85714,85714,02372010,JALYN,"MODIFIED-RELEASE CAPSULE (DUTASTERIDE: IMMEDIATE RELEASE, AND TAMSULOSIN HCL: EXTENDED RELEASE)",,0252960001,N,17-AUG-2026
PROD_85732,85732,02372177,ASA 81 MG,,,0101169013,N,20-AUG-2026
PROD_85748,85748,02372347,IRBESARTAN,,,0131700001,N,01-MAY-2026
PROD_85751,85751,02372371,IRBESARTAN,,,0131700002,N,01-MAY-2026
PROD_85752,85752,02372398,IRBESARTAN,,,0131700003,N,01-MAY-2026
PROD_85754,85754,02372428,NON STANDARDIZED ALLERGENIC EXTRACTS - NON POLLENS,"THE POTENCY IS EXPRESSED IN PNU (PROTEIN NITROGEN UNITS) PER ML UP TO AND INCLUDING UPPER LIMIT 40,000 PNU/ML",,0109346005,N,14-AUG-2026
PROD_85756,85756,02372444,NON STANDARDIZED ALLERGENIC EXTRACTS - POLLENS,"THE POTENCY IS EXPRESSED IN PNU (PROTEIN NITROGEN UNITS) PER ML UP TO AND INCLUDING UPPER LIMIT 40,000 PNU/ML",,0107826007,N,14-AUG-2026
PROD_85760,85760,02372525,OXYNEO,,,0107552002,N,16-JUN-2026
PROD_85765,85765,02372533,OXYNEO,,,0107552007,N,16-JUN-2026
PROD_85766,85766,02372541,OXYNEO,,,0107552008,N,16-JUN-2026
PROD_85767,85767,02372568,OXYNEO,,,0107552005,N,16-JUN-2026
PROD_85768,85768,02372576,OXYNEO,,,0107552009,N,16-JUN-2026
PROD_85769,85769,02372584,OXYNEO,,,0107552006,N,16-JUN-2026
PROD_85782,85782,02372738,APO-MYCOPHENOLIC ACID,,,0150521001,N,15-JUN-2026
PROD_85783,85783,02372746,APO-MYCOPHENOLIC ACID,,,0150521002,N,15-JUN-2026
PROD_85788,85788,02372797,OXYNEO,,,0107552001,N,16-JUN-2026
PROD_85790,85790,02372819,OLANZAPINE,,,0128783001,N,23-JUN-2026
PROD_85791,85791,02372827,OLANZAPINE,,,0128783003,N,23-JUN-2026
PROD_85792,85792,02372835,OLANZAPINE,,,0128783004,N,23-JUN-2026
PROD_85793,85793,02372843,OLANZAPINE,,,0128783002,N,23-JUN-2026
PROD_85794,85794,02372851,OLANZAPINE,,,0128783005,N,23-JUN-2026
PROD_85804,85804,02372932,MINT-SIMVASTATIN,,,0122415001,N,18-JUN-2026
PROD_85805,85805,02372940,MINT-SIMVASTATIN,,,0122415004,N,18-JUN-2026
PROD_85806,85806,02372959,MINT-SIMVASTATIN,,,0122415003,N,18-JUN-2026
PROD_85807,85807,02372967,MINT-SIMVASTATIN,,,0122415002,N,18-JUN-2026
PROD_85808,85808,02372975,MINT-SIMVASTATIN,,,0122415005,N,18-JUN-2026
PROD_85810,85810,02372983,XYLOCAINE 0.5%,"20 ML PRESERVATIVE-FREE, SINGLE-USE VIAL",,0101280003,N,25-AUG-2026
PROD_85812,85812,02372991,MAXIDOL LIQUID GELS,LIQUID-FILLED,,0113934003,N,18-AUG-2026
PROD_85814,85814,02373017,DURELA,,,0151694005,N,17-JUL-2026
PROD_85815,85815,02373025,DURELA,,,0151694003,N,17-JUL-2026
PROD_85816,85816,02373033,DURELA,,,0151694001,N,17-JUL-2026
PROD_85817,85817,02373041,MYLAN-LATANOPROST,,,0132916002,N,22-MAR-2025
PROD_85818,85818,02373068,MYLAN-LATANOPROST/TIMOLOL,,,0248501001,N,22-MAR-2025
PROD_85829,85829,02373130,XYLOCAINE 2% WITH EPINEPHRINE 1:200000,CONTAINS PRESERVATIVE,,0201284006,N,19-AUG-2026
PROD_85857,85857,02373424,MAR-LETROZOLE,,,0132937001,N,22-MAR-2025
PROD_85900,85900,02373785,NYDA,DIMETICONE 100 CST,,0106827021,N,17-AUG-2026
PROD_85904,85904,02373823,JAMP-COLCHICINE,,,0107264001,N,11-JUN-2026
PROD_85916,85916,02373947,PMS-MONTELUKAST FC,FILM-COATED TABLET,,0133823002,N,15-JUN-2026
PROD_85917,85917,02373955,LODALIS,FILM-COATED TABLET,,0153000001,N,06-AUG-2026
PROD_85918,85918,02373963,TARO-ATENOLOL,,,0113847004,N,22-MAR-2025
PROD_85926,85926,02374064,XYNTHA SOLOFUSE,"SINGLE-USE, DUAL-CHAMBER SYRINGE, PREFILLED WITH XYNTHA AND 4ML DILUENT",,0147521002,N,22-MAR-2025
PROD_85927,85927,02374072,XYNTHA SOLOFUSE,"SINGLE-USE, DUAL-CHAMBER SYRINGE, PREFILLED WITH XYNTHA AND 4ML DILUENT",,0147521001,N,12-JUN-2026
PROD_85928,85928,02374080,XYNTHA SOLOFUSE,"SINGLE-USE, DUAL-CHAMBER SYRINGE, PREFILLED WITH XYNTHA AND 4ML DILUENT",,0147521004,N,12-JUN-2026
PROD_85929,85929,02374099,XYNTHA SOLOFUSE,"SINGLE-USE, DUAL-CHAMBER SYRINGE, PREFILLED WITH XYNTHA AND 4ML DILUENT",,0147521005,N,12-JUN-2026
PROD_85932,85932,02374129,COMPLERA,,,0353001001,N,15-JUN-2026
PROD_85934,85934,02374137,EMOLAX,,,0152488002,N,11-JUN-2026
PROD_85940,85940,02374196,SPF 45 SPORT CLEAR CONTINUOUS SPRAY,,CAT IV - SUNBURN PROTECTANTS,0552875001,N,11-JUN-2026
PROD_85941,85941,02374218,SPORT CLEAR SPRAY SUNSCREEN,,CAT IV - SUNBURN PROTECTANTS,0552875002,N,22-MAR-2025
PROD_85942,85942,02374226,MUSCLE & JOINT,CAPLET,,0108883002,N,29-JUL-2026
PROD_85947,85947,02374277,VICKS NYQUIL COLD & FLU,,,0351552006,N,22-MAR-2025
PROD_85968,85968,02374420,APO-ANASTROZOLE,,,0128681001,N,15-JUN-2026
PROD_85969,85969,02374447,FLUOXETINE,,,0116847003,N,22-MAR-2025
PROD_85980,85980,02374455,FLUOXETINE,,,0116847001,N,22-MAR-2025
PROD_85986,85986,02374536,CETAPHIL PRO DERMACONTROL OIL CONTROL MOISTURIZER,,CAT IV - SUNBURN PROTECTANTS,0335121006,N,22-MAR-2025
PROD_85993,85993,02374609,APO-MONTELUKAST,FILM-COATED,,0133823002,N,28-JUL-2026
PROD_85994,85994,02374617,AG-CITALOPRAM,,,0136243003,N,02-JUL-2026
PROD_86017,86017,02374803,SAPHRIS,,,0153020001,N,22-MAR-2025
PROD_86018,86018,02374811,SAPHRIS,,,0153020002,N,22-MAR-2025
PROD_86025,86025,02374900,VISANNE,,,0153021001,N,17-JUN-2026
PROD_86044,86044,02375044,MAR-SIMVASTATIN,,,0122415004,N,22-MAR-2025
PROD_86045,86045,02375052,MAR-SIMVASTATIN,,,0122415003,N,22-MAR-2025
PROD_86046,86046,02375060,MAR-SIMVASTATIN,,,0122415002,N,22-MAR-2025
PROD_86064,86064,02375249,AURO-LEVETIRACETAM,,,0148843001,N,17-JUN-2026
PROD_86065,86065,02375257,AURO-LEVETIRACETAM,,,0148843002,N,17-JUN-2026
PROD_86066,86066,02375265,AURO-LEVETIRACETAM,,,0148843003,N,17-JUN-2026
PROD_86073,86073,02375311,APO-BRIMONIDINE-TIMOP,,,0249643001,N,22-MAR-2025
PROD_86078,86078,02375370,CYANOKIT,LYOPHILIZED POWDER FOR SOLUTION FOR INFUSION. SINGLE-USE VIAL,,0108455004,N,27-AUG-2026
PROD_86095,86095,02375532,SANDOZ MEMANTINE FCT,,,0150423001,N,17-JUN-2026
PROD_86096,86096,02375540,APO-LAMIVUDINE-ZIDOVUDINE,,,0235460001,N,22-JUN-2026
PROD_86097,86097,02375559,TEVA-ENTACAPONE,FILM-COATED,,0143623001,N,29-JUL-2026
PROD_86098,86098,02375567,ANTIBACTERIAL THROAT LOZENGES,,,0206936001,N,22-MAR-2025
PROD_86101,86101,02375591,JAMP-SIMVASTATIN,,,0122415001,N,22-MAR-2025
PROD_86102,86102,02375605,JAMP-SIMVASTATIN,,,0122415004,N,22-MAR-2025
PROD_86103,86103,02375613,JAMP-SIMVASTATIN,,,0122415003,N,22-MAR-2025
PROD_86104,86104,02375621,JAMP-SIMVASTATIN,,,0122415002,N,22-MAR-2025
PROD_86105,86105,02375648,JAMP-SIMVASTATIN,,,0122415005,N,22-MAR-2025
PROD_86112,86112,02375702,TEVA-MOXIFLOXACIN,,,0142242001,N,15-JUN-2026
PROD_86119,86119,02375788,SPF 30 SPRAY-ON ALCOHOL-FREE SUNSCREEN,,CAT IV - SUNBURN PROTECTANTS,0439981018,N,22-MAR-2025
PROD_86124,86124,02375842,ONGLYZA,FILM-COATED,,0152653002,N,29-JUL-2026
PROD_86128,86128,02375885,APPRILON,MODIFIED-RELEASE CAPSULE,,0105569008,N,17-AUG-2026
PROD_86137,86137,02375931,INTELENCE,,,0152450002,N,12-JUN-2026
PROD_86141,86141,02375958,SANDOZ TELMISARTAN,,,0138223001,N,17-JUN-2026
PROD_86142,86142,02375966,SANDOZ TELMISARTAN,,,0138223002,N,17-JUN-2026
PROD_86145,86145,02375990,ALLERGY REMEDY,,,0120416001,N,22-MAR-2025
PROD_86147,86147,02376016,IMODIUM LIQUI-GELS,LACTOSE-FREE,,0111332001,N,17-AUG-2026
PROD_86192,86192,02376466,REGENERIST ENHANCING UVA/UVB LOTION WITH SPF 15,,CAT IV - SUNBURN PROTECTANTS,0451521022,N,03-FEB-2026
PROD_86193,86193,02376474,"CHILDREN'S TYLENOL COMPLETE COLD, COUGH & FEVER",,LS - COUGH AND COLD,0414717001,N,31-JUL-2026
PROD_86208,86208,02376598,IBUPROFEN LIQUID GEL CAPSULES,,,0108883004,N,25-JUL-2025
PROD_86209,86209,02376601,EXTRA STRENGTH IBUPROFEN LIQUID GEL CAPSULES,,,0108883002,N,25-JUL-2025
PROD_86259,86259,02377012,RESOTRAN,FILM-COATED,,0153049001,N,29-JUL-2026
PROD_86260,86260,02377020,RESOTRAN,FILM-COATED,,0153049002,N,29-JUL-2026
PROD_86261,86261,02377039,RIVA-PREGABALIN,,,0151121001,N,18-JUN-2026
PROD_86262,86262,02377047,RIVA-PREGABALIN,,,0151121002,N,18-JUN-2026
PROD_86263,86263,02377055,RIVA-PREGABALIN,,,0151121003,N,18-JUN-2026
PROD_86264,86264,02377063,RIVA-PREGABALIN,,,0151121005,N,18-JUN-2026
PROD_86265,86265,02377071,RIVA-PREGABALIN,,,0151121008,N,18-JUN-2026
PROD_86271,86271,02377101,IBUPROFEN MUSCLE AND JOINT,,,0108883002,N,23-JUL-2026
PROD_86287,86287,02377233,ELIQUIS,FILM-COATED,,0153051001,N,29-JUL-2026
PROD_86313,86313,02377411,"ANTICOAGULANT SODIUM CITRATE 4% W/V SOLUTION, USP",FOR USE WITH APHERESIS DEVICES ONLY. NOT FOR DIRECT I.V. INFUSION.,,0153063001,N,01-DEC-2025
PROD_86314,86314,02377438,HALAVEN,2 ML SINGLE-USE VIAL,,0153064001,N,06-AUG-2026
PROD_86341,86341,02377608,APO-MONTELUKAST,,,0133823003,N,22-MAR-2025
PROD_86342,86342,02377616,APO-MONTELUKAST,,,0133823001,N,22-MAR-2025
PROD_86351,86351,02377691,TEVA-ERLOTINIB,FILM-COATED TABLET,,0151203001,N,06-AUG-2026
PROD_86352,86352,02377705,TEVA-ERLOTINIB,FILM-COATED TABLET,,0151203002,N,06-AUG-2026
PROD_86353,86353,02377713,TEVA-ERLOTINIB,FILM-COATED TABLET,,0151203003,N,06-AUG-2026
PROD_86354,86354,02377721,APO-RISEDRONATE,,,0135301005,N,15-JUN-2026
PROD_86356,86356,02377748,PIPERACILLIN AND TAZOBACTAM FOR INJECTION,FOR I.V. INFUSION,,0225919007,N,10-AUG-2026
PROD_86372,86372,02377934,CANDESARTAN,,,0135220002,N,25-JUN-2026
PROD_86373,86373,02377942,CANDESARTAN,,,0135220003,N,25-JUN-2026
PROD_86409,86409,02378272,NUCYNTA IR,,,0152846001,N,10-MAR-2026
PROD_86410,86410,02378280,NUCYNTA IR,,,0152846006,N,10-MAR-2026
PROD_86411,86411,02378299,NUCYNTA IR,,,0152846002,N,10-MAR-2026
PROD_86413,86413,02378310,MOTRIN LIQUID GELS 400 MG,,,0108883002,N,24-JUN-2026
PROD_86414,86414,02378329,JAMPLYTE,,,0524479007,N,26-AUG-2025
PROD_86422,86422,02378426,LOVENOX,60 MG/0.6 ML SINGLE-DOSE PREFILLED SYRINGE,,0131860001,N,19-AUG-2026
PROD_86423,86423,02378434,LOVENOX,80 MG/0.8 ML SINGLE-DOSE PREFILLED SYRINGE,,0131860001,N,19-AUG-2026
PROD_86424,86424,02378442,LOVENOX,100 MG/ML SINGLE-DOSE PREFILLED SYRINGE,,0131860001,N,19-AUG-2026
PROD_86426,86426,02378469,LOVENOX HP,150 MG/ML SINGLE-DOSE PREFILLED SYRINGE,,0131860002,N,19-AUG-2026
PROD_86432,86432,02378523,PMS-ROSUVASTATIN,,,0148963004,N,17-JUN-2026
PROD_86433,86433,02378531,PMS-ROSUVASTATIN,,,0148963001,N,17-JUN-2026
PROD_86434,86434,02378558,PMS-ROSUVASTATIN,,,0148963002,N,17-JUN-2026
PROD_86435,86435,02378566,PMS-ROSUVASTATIN,,,0148963003,N,17-JUN-2026
PROD_86436,86436,02378574,ACH-MYCOPHENOLATE,,,0128158002,N,22-MAR-2025
PROD_86437,86437,02378582,CAPRELSA,,,0153066001,N,30-APR-2026
PROD_86438,86438,02378590,CAPRELSA,,,0153066002,N,30-APR-2026
PROD_86439,86439,02378604,XARELTO,,,0152487002,N,15-JUN-2026
PROD_86440,86440,02378612,XARELTO,,,0152487003,N,15-JUN-2026
PROD_86441,86441,02378620,MAR-METFORMIN,,,0101773001,N,22-MAR-2025
PROD_86442,86442,02378639,MAR-METFORMIN,,,0101773002,N,22-MAR-2025
PROD_86463,86463,02378787,MEROPENEM FOR INJECTION,SINGLE-USE VIALS,,0128599001,N,10-AUG-2026
PROD_86467,86467,02378795,MEROPENEM FOR INJECTION,SINGLE-USE VIALS,,0128599003,N,10-AUG-2026
PROD_86508,86508,02379198,MYLAN-RIZATRIPTAN ODT,,,0137841001,N,17-JUN-2026
PROD_86509,86509,02379201,MYLAN-RIZATRIPTAN ODT,,,0137841002,N,17-JUN-2026
PROD_86511,86511,02379236,ACH-MONTELUKAST,,,0133823002,N,22-MAR-2025
PROD_86513,86513,02379252,TEVA-TELMISARTAN HCTZ,,,0244783002,N,17-JUN-2026
PROD_86515,86515,02379279,ACH-CANDESARTAN,,,0135220002,N,23-JUN-2026
PROD_86516,86516,02379287,ACH-CANDESARTAN,,,0135220003,N,23-JUN-2026
PROD_86517,86517,02379295,ACH-CANDESARTAN,,,0135220004,N,23-JUN-2026
PROD_86520,86520,02379325,MONTELUKAST,,,0133823001,N,22-MAR-2025
PROD_86521,86521,02379333,MONTELUKAST,,,0133823002,N,22-MAR-2025
PROD_86525,86525,02379384,YERVOY,FOR I.V. INFUSION ONLY. 50 MG/10 ML AND 200 MG/40 ML SINGLE-USE VIALS,,0153088001,N,10-AUG-2026
PROD_86529,86529,02379422,TOPOTECAN HYDROCHLORIDE FOR INJECTION,SINGLE-USE VIAL,,0132984002,N,13-AUG-2026
PROD_86538,86538,02379481,LORATADINE SOFT GEL CAPSULES,,,0120416001,N,16-JUN-2026
PROD_86544,86544,02379562,MAR-ANASTROZOLE,,,0128681001,N,18-JUN-2026
PROD_86554,86554,02379678,MAR-RIZATRIPTAN,,,0137841002,N,22-MAR-2025
PROD_86555,86555,02379686,MAR-CIPROFLOXACIN,,,0123207006,N,22-MAR-2025
PROD_86556,86556,02379694,MAR-CIPROFLOXACIN,,,0123207001,N,22-MAR-2025
PROD_86568,86568,02379813,TARO-CLOPIDOGREL,,,0134440001,N,22-MAR-2025
PROD_86569,86569,02379821,MONTELUKAST,,,0133823003,N,22-MAR-2025
PROD_86570,86570,02379848,MONTELUKAST,,,0133823001,N,22-MAR-2025
PROD_86571,86571,02379856,MONTELUKAST,FILM-COATED TABLET,,0133823002,N,06-AUG-2026
PROD_86577,86577,02379910,FAMPYRA,,,0153090001,N,02-APR-2026
PROD_86585,86585,02380005,SANDOZ ENTACAPONE,,,0143623001,N,18-JUN-2026
PROD_86586,86586,02380013,RIVA-ROSUVASTATIN,,,0148963004,N,27-NOV-2025
PROD_86587,86587,02380021,TOVIAZ,,,0153091001,N,16-JUN-2026
PROD_86588,86588,02380048,TOVIAZ,,,0153091002,N,16-JUN-2026
PROD_86589,86589,02380056,RIVA-ROSUVASTATIN,,,0148963001,N,27-NOV-2025
PROD_86590,86590,02380064,RIVA-ROSUVASTATIN,,,0148963002,N,27-NOV-2025
PROD_86591,86591,02380072,TARO-VENLAFAXINE XR,,,0131294002,N,22-MAR-2025
PROD_86592,86592,02380080,TARO-VENLAFAXINE XR,,,0131294001,N,22-MAR-2025
PROD_86593,86593,02380099,TARO-VENLAFAXINE XR,,,0131294005,N,22-MAR-2025
PROD_86594,86594,02380102,RIVA-ROSUVASTATIN,,,0148963003,N,27-NOV-2025
PROD_86596,86596,02380129,DRIXORAL NASAL CONGESTION,SOLUTION,,0101481001,N,12-AUG-2026
PROD_86602,86602,02380196,JAMP METFORMIN,,,0101773001,N,22-MAR-2025
PROD_86603,86603,02380218,JAMP METFORMIN,,,0101773002,N,22-MAR-2025
PROD_86606,86606,02380242,ZELBORAF,FILM-COATED TABLET,,0153092001,N,06-AUG-2026
PROD_86616,86616,02380358,JAMP-CIPROFLOXACIN,,,0123207006,N,18-JUN-2026
PROD_86617,86617,02380366,JAMP-CIPROFLOXACIN,,,0123207001,N,18-JUN-2026
PROD_86619,86619,02380382,JAMP-MYCOPHENOLATE,FILM-COATED TABLETS,,0128158002,N,31-AUG-2026
PROD_86625,86625,02380447,"FLU, COUGH & COLD COMPLETE",,,0421980007,N,22-MAR-2025
PROD_86627,86627,02380463,JAMP RIZATRIPTAN,,,0137841002,N,22-MAR-2025
PROD_86635,86635,02380560,MINT-FLUOXETINE,,,0116847003,N,22-MAR-2025
PROD_86636,86636,02380579,MINT-FLUOXETINE,,,0116847001,N,22-MAR-2025
PROD_86640,86640,02380617,JAMP-PYRANTEL PAMOATE,,LS - ANTHELMINTICS,0108709003,N,11-JUN-2026
PROD_86646,86646,02380684,TARO-CANDESARTAN,,,0135220001,N,29-JUL-2026
PROD_86647,86647,02380692,TARO-CANDESARTAN,,,0135220002,N,29-JUL-2026
PROD_86648,86648,02380706,TARO-CANDESARTAN,,,0135220003,N,29-JUL-2026
PROD_86649,86649,02380714,TARO-CANDESARTAN,,,0135220004,N,29-JUL-2026
PROD_86658,86658,02380811,"STERILE DILUENT FOR MERCK SHARP & DOHME LLC LIVE, ATTENUATED, VIRUS VACCINES",,,0105143002,N,22-MAR-2025
PROD_86659,86659,02380838,TEVA-LOSARTAN,,,0127971001,N,17-JUN-2026
PROD_86665,86665,02380897,PMS-NABILONE,,,0115009003,N,15-JUN-2026
PROD_86666,86666,02380900,PMS-NABILONE,,,0115009002,N,15-JUN-2026
PROD_86667,86667,02380919,PMS-NABILONE,,,0115009001,N,15-JUN-2026
PROD_86668,86668,02380927,TEVA-ATOVAQUONE PROGUANIL,,,0250721002,N,25-JUN-2026
PROD_86676,86676,02381028,PMS-ATOMOXETINE,,,0150434001,N,17-JUN-2026
PROD_86677,86677,02381036,PMS-ATOMOXETINE,,,0150434002,N,17-JUN-2026
PROD_86678,86678,02381044,PMS-ATOMOXETINE,,,0150434003,N,17-JUN-2026
PROD_86679,86679,02381052,PMS-ATOMOXETINE,,,0150434004,N,17-JUN-2026
PROD_86680,86680,02381060,PMS-ATOMOXETINE,,,0150434005,N,17-JUN-2026
PROD_86695,86695,02381176,PRO-ROSUVASTATIN,,,0148963004,N,26-JUN-2026
PROD_86696,86696,02381184,PRO-ROSUVASTATIN,,,0148963001,N,26-JUN-2026
PROD_86697,86697,02381192,PRO-ROSUVASTATIN,,,0148963002,N,26-JUN-2026
PROD_86698,86698,02381206,PRO-ROSUVASTATIN,,,0148963003,N,26-JUN-2026
PROD_86701,86701,02381230,PMS-VALACYCLOVIR,,,0128626003,N,15-JUN-2026
PROD_86711,86711,02381311,POSICAINE N,,,0226661002,N,18-JUN-2026
PROD_86712,86712,02381338,POSICAINE SP,,,0226661001,N,18-JUN-2026
PROD_86718,86718,02381354,AURO-LAMOTRIGINE,,,0127134003,N,17-JUN-2026
PROD_86719,86719,02381362,AURO-LAMOTRIGINE,,,0127134001,N,17-JUN-2026
PROD_86720,86720,02381370,AURO-LAMOTRIGINE,,,0127134006,N,17-JUN-2026
PROD_86721,86721,02381389,EDARBI,,,0153128001,N,19-JUN-2026
PROD_86722,86722,02381397,EDARBI,,,0153128002,N,19-JUN-2026
PROD_86732,86732,02381478,ACH-ALENDRONATE,,,0150323004,N,23-JUN-2026
PROD_86733,86733,02381486,ACH-ALENDRONATE,,,0150323003,N,23-JUN-2026
PROD_86734,86734,02381494,ACH-ALENDRONATE,,,0150323002,N,23-JUN-2026
PROD_86735,86735,02381508,TARO-DONEPEZIL,,,0131548001,N,22-MAR-2025
PROD_86736,86736,02381516,TARO-DONEPEZIL,,,0131548002,N,22-MAR-2025
PROD_86737,86737,02381524,MYLAN-EFAVIRENZ,,,0137031005,N,16-JUN-2026
PROD_86754,86754,02381680,CAMBIA,,,0122516001,N,26-NOV-2025
PROD_86756,86756,02381702,ACT RIZATRIPTAN,,,0137841002,N,22-MAR-2025
PROD_86757,86757,02381710,ALOXI,SINGLE-USE VIAL,,0153130001,N,12-AUG-2026
PROD_86761,86761,02381753,MOISTURE THERAPY LIP BALM SPF 25,,CAT IV - SUNBURN PROTECTANTS,0218882007,N,09-JUL-2026
PROD_86767,86767,02381834,MINERAL OIL USP,,,0136741002,N,12-JUN-2026
PROD_86768,86768,02381842,TAMIFLU,390 MG/65 ML,,0139501005,N,02-SEP-2026
PROD_86772,86772,02381885,ORALAIR,"GRASS POLLEN ALLERGEN EXTRACT 100 IR (COMPOSED OF COCKSFOOT, SWEET VERNAL GRASS, RYE GRASS, MEADOW GRASS & TIMOTHY)",,0153132001,N,23-JUN-2026
PROD_86773,86773,02381893,ORALAIR,"GRASS POLLEN ALLERGEN EXTRACT 300 IR (COMPOSED OF COCKSFOOT, SWEET VERNAL GRASS, RYE GRASS, MEADOW GRASS & TIMOTHY)",,0153132002,N,23-JUN-2026
PROD_86775,86775,02381907,AURO-CIPROFLOXACIN,,,0123207006,N,17-JUN-2026
PROD_86776,86776,02381923,AURO-CIPROFLOXACIN,,,0123207001,N,17-JUN-2026
PROD_86783,86783,02381966,VORICONAZOLE FOR INJECTION,"10 MG/ML WHEN RECONSTITUTED, SINGLE-DOSE VIAL",,0150242002,N,21-AUG-2026
PROD_86785,86785,02381982,"DOXORUBICIN INJECTION, BP",,,0110825002,N,22-MAR-2025
PROD_86786,86786,02381990,DOUBLE-DUTY FACE MOISTURIZER SPF 20,,CAT IV - SUNBURN PROTECTANTS,0218882003,N,09-JUL-2026
PROD_86791,86791,02382040,SOLUPREP SWAB,,,0213979006,N,18-DEC-2025
PROD_86796,86796,02382091,TEVA-ELETRIPTAN,,,0150241001,N,17-JUN-2026
PROD_86797,86797,02382105,TEVA-ELETRIPTAN,,,0150241002,N,17-JUN-2026
PROD_86799,86799,02382113,SOLUPREP APPLICATOR,,,0213979006,N,24-DEC-2025
PROD_86817,86817,02382326,HEPARIN SODIUM INJECTION USP,10 000 UNITS IN 2 ML VIALS (1 ML FILL) MULTI-DOSE VIALS WITH PRESERVATIVE,,0104596002,N,14-AUG-2026
PROD_86819,86819,02382342,MIDAZOLAM INJECTION USP,PRESERVATIVE-FREE,,0119935002,N,05-AUG-2026
PROD_86821,86821,02382350,MIDAZOLAM INJECTION USP,PRESERVATIVE-FREE,,0119935001,N,05-AUG-2026
PROD_86822,86822,02382377,MIDAZOLAM INJECTION USP,CONTAINS PRESERVATIVE,,0119935002,N,19-AUG-2026
PROD_86823,86823,02382385,MIDAZOLAM INJECTION USP,CONTAINS PRESERVATIVE,,0119935001,N,19-AUG-2026
PROD_86829,86829,02382458,MONTELUKAST,,,0133823003,N,22-MAR-2025
PROD_86830,86830,02382466,MONTELUKAST,,,0133823001,N,22-MAR-2025
PROD_86831,86831,02382474,MONTELUKAST,,,0133823002,N,22-MAR-2025
PROD_86832,86832,02382482,NALOXONE HYDROCHLORIDE INJECTION USP,,,0108981002,N,22-MAR-2025
PROD_86837,86837,02382539,FUROSEMIDE INJECTION SDZ,2 ML AND 4 ML AMPOULES SINGLE-USE,,0101944003,N,21-AUG-2026
PROD_86846,86846,02382644,TARO-ROSUVASTATIN,,,0148963004,N,21-MAY-2025
PROD_86847,86847,02382652,TARO-ROSUVASTATIN,,,0148963001,N,21-MAY-2025
PROD_86848,86848,02382660,TARO-ROSUVASTATIN,,,0148963002,N,21-MAY-2025
PROD_86849,86849,02382679,TARO-ROSUVASTATIN,,,0148963003,N,21-MAY-2025
PROD_86863,86863,02382822,CLINDOXYL ADV GEL,,,0242561002,N,15-JUN-2026
PROD_86864,86864,02382830,PMS-MEMANTINE,,,0150423002,N,15-JUN-2026
PROD_86865,86865,02382849,GLYCOPYRROLATE INJECTION MULTIDOSE,"CONTAINS BENZYL ALCHOL, MULTIDOSE VIAL",,0102396002,N,17-AUG-2026
PROD_86866,86866,02382857,GLYCOPYRROLATE INJECTION,SINGLE-USE VIAL,,0102396002,N,12-AUG-2026
PROD_86869,86869,02382881,CEPACOL SENSATIONS SORE THROAT & BLOCKED NOSE,,,0361191001,N,09-MAR-2026
PROD_86872,86872,02382938,CEPACOL SENSATIONS,SUCROSE AND SUCROSE-FREE FORMULATIONS,,0206936001,N,10-MAR-2026
PROD_86878,86878,02382997,MORPHINE SULFATE INJECTION SDZ,1 ML AND 5 ML AMPOULES,,0104545001,N,21-AUG-2026
PROD_86880,86880,02383012,PMS-BOSENTAN,FILM-COATED TABLET,,0145922001,N,19-AUG-2026
PROD_86881,86881,02383020,PMS-BOSENTAN,FILM-COATED TABLET,,0145922002,N,19-AUG-2026
PROD_86901,86901,02383241,ACH-FLUOXETINE,,,0116847001,N,22-MAR-2025
PROD_86902,86902,02383268,ZZZQUIL,LIQUID CAPSULES,,0102639002,N,17-AUG-2026
PROD_86903,86903,02383276,AURO-PAROXETINE,,,0123131003,N,17-JUN-2026
PROD_86904,86904,02383284,AURO-PAROXETINE,,,0123131002,N,17-JUN-2026
PROD_86905,86905,02383292,AURO-PAROXETINE,,,0123131001,N,17-JUN-2026
PROD_86911,86911,02383357,FLU RELIEF,"COMBO PACK, PINK DAYTIME CAPLET AND BLUE NIGHTIME CAPLET",,0653137001,N,17-AUG-2026
PROD_86912,86912,02383365,COMPLETE LIQUID CAPSULES,"COMBO PACK, ORANGE DAYTIME CAPLET AND GREEN NIGHTIME CAPLET",,0853138001,N,17-AUG-2026
PROD_86913,86913,02383373,COLD MEDICATION,"COMBO PACK, YELLOW DAYTIME CAPLET AND BLUE NIGHTIME CAPLET",,0736850002,N,17-AUG-2026
PROD_86914,86914,02383381,SANDOZ MOXIFLOXACIN,,,0142242001,N,18-JUN-2026
PROD_86922,86922,02383489,XEOMIN COSMETIC,,,0153613001,N,28-JUL-2026
PROD_86935,86935,02383608,SINUS MEDICATION DAY & NIGHT,"COMBO PACK, LIGHT MINT GREEN DAYTIME CAPLET AND DARK GREEN NIGHTIME CAPLET",,0553095001,N,17-AUG-2026
PROD_86955,86955,02383780,ACH-MYCOPHENOLATE,,,0128158001,N,22-MAR-2025
PROD_86984,86984,02384094,FUROSEMIDE INJECTION USP,SINGLE-USE AMPOULES,,0101944003,N,10-AUG-2026
PROD_86986,86986,02384116,KIDS GRAVOL CHEWABLES,,LS - DIMENHYDRINATE,0102747005,N,22-MAR-2025
PROD_86987,86987,02384124,FENTANYL CITRATE INJECTION SDZ,,,0123302002,N,31-JUL-2026
PROD_86988,86988,02384132,GRAVOL CHEWABLES,,LS - DIMENHYDRINATE,0102747004,N,22-MAR-2025
PROD_86992,86992,02384175,TOTAL COLD & FLU COMBO,GREEN DAYTIME CAPLET AND WHITE NIGHTTIME CAPLET,,0752931001,N,25-AUG-2026
PROD_86999,86999,02384256,XALKORI,,,0153140001,N,15-JUN-2026
PROD_87000,87000,02384264,XALKORI,,,0153140002,N,15-JUN-2026
PROD_87024,87024,02384523,VALSARTAN,,,0131885003,N,22-MAR-2025
PROD_87025,87025,02384531,VALSARTAN,,,0131885001,N,22-MAR-2025
PROD_87026,87026,02384558,VALSARTAN,,,0131885002,N,22-MAR-2025
PROD_87027,87027,02384566,VALSARTAN,,,0131885004,N,22-MAR-2025
PROD_87042,87042,02384736,VALSARTAN HCT,,,0240204001,N,18-JUN-2026
PROD_87043,87043,02384744,VALSARTAN HCT,,,0240204002,N,18-JUN-2026
PROD_87044,87044,02384752,VALSARTAN HCT,,,0240204003,N,18-JUN-2026
PROD_87045,87045,02384760,VALSARTAN HCT,,,0240204004,N,18-JUN-2026
PROD_87051,87051,02384825,CLINIQUE REPAIRWEAR UPLIFTING FIRMING CREAM SPF 15 VERY DRY TO DRY,,CAT IV - SUNBURN PROTECTANTS,0327582033,N,11-JUN-2026
PROD_87052,87052,02384833,CLINIQUE REPAIRWEAR UPLIFTING FIRMING CREAM SPF 15 DRY COMBINATION TO COMBINATION OILY,,CAT IV - SUNBURN PROTECTANTS,0327582033,N,11-JUN-2026
PROD_87056,87056,02384884,TEVA-NABILONE,,,0115009002,N,17-JUN-2026
PROD_87057,87057,02384892,TEVA-NABILONE,,,0115009001,N,17-JUN-2026
PROD_87077,87077,02385120,LABETALOL HYDROCHLORIDE INJECTION USP,,,0116170002,N,22-MAR-2025
PROD_87089,87089,02385252,COLD AND SINUS DAYTIME RELIEF,,,0216113003,N,12-JUN-2026
PROD_87091,87091,02385279,TERBINAFINE,,,0132855002,N,13-MAY-2026
PROD_87092,87092,02385287,IRBESARTAN,,,0131700001,N,01-APR-2026
PROD_87093,87093,02385295,IRBESARTAN,,,0131700002,N,01-APR-2026
PROD_87094,87094,02385309,IRBESARTAN,,,0131700003,N,01-APR-2026
PROD_87095,87095,02385317,IRBESARTAN HCT,,,0240086001,N,18-JUN-2026
PROD_87096,87096,02385325,IRBESARTAN HCT,,,0240086002,N,18-JUN-2026
PROD_87097,87097,02385333,IRBESARTAN HCT,,,0240086003,N,18-JUN-2026
PROD_87098,87098,02385341,METFORMIN,,,0101773001,N,22-MAY-2026
PROD_87099,87099,02385368,METFORMIN,,,0101773002,N,22-MAY-2026
PROD_87107,87107,02385449,RABEPRAZOLE,,,0143681001,N,18-JUN-2026
PROD_87108,87108,02385457,RABEPRAZOLE,,,0143681002,N,18-JUN-2026
PROD_87109,87109,02385465,AMIODARONE,,,0118593001,N,18-JUN-2026
PROD_87111,87111,02385481,SPC-ESCITALOPRAM,,,0150435002,N,17-MAR-2026
PROD_87112,87112,02385503,SPC-ESCITALOPRAM,,,0150435004,N,17-MAR-2026
PROD_87118,87118,02385570,SUMATRIPTAN DF,,,0123238002,N,05-SEP-2025
PROD_87119,87119,02385589,SUMATRIPTAN DF,,,0123238001,N,05-SEP-2025
PROD_87122,87122,02385619,EXTRA STRENGTH TYLENOL NIGHTTIME,,,0233808001,N,12-MAR-2026
PROD_87125,87125,02385627,AURO-FLUOXETINE,,,0116847003,N,17-JUN-2026
PROD_87126,87126,02385635,AURO-FLUOXETINE,,,0116847001,N,17-JUN-2026
PROD_87127,87127,02385643,SANDOZ LANSOPRAZOLE,,,0127666002,N,17-JUN-2026
PROD_87128,87128,02385651,SANDOZ LANSOPRAZOLE,,,0127666001,N,22-MAR-2025
PROD_87132,87132,02385708,SOLUPREP WIPE,SMALL WIPE (0.65ML) & LARGE WIPE (1.5ML),,0213979006,N,05-DEC-2025
PROD_87138,87138,02385767,LANSOPRAZOLE,,,0127666002,N,24-JUN-2026
PROD_87140,87140,02385783,AMLODIPINE,,,0131437003,N,22-MAR-2025
PROD_87141,87141,02385791,AMLODIPINE,,,0131437002,N,22-MAR-2025
PROD_87142,87142,02385805,AMLODIPINE,,,0131437001,N,22-MAR-2025
PROD_87143,87143,02385813,CLOPIDOGREL,,,0134440001,N,18-JUN-2026
PROD_87144,87144,02385821,ZOPICLONE,,,0122562002,N,15-JUL-2026
PROD_87145,87145,02385848,ZOPICLONE,,,0122562001,N,15-JUL-2026
PROD_87147,87147,02385864,OLANZAPINE,,,0128783001,N,16-JUN-2026
PROD_87148,87148,02385872,OLANZAPINE,,,0128783003,N,16-JUN-2026
PROD_87149,87149,02385880,OLANZAPINE,,,0128783004,N,15-JUN-2026
PROD_87150,87150,02385899,OLANZAPINE,,,0128783002,N,15-JUN-2026
PROD_87151,87151,02385902,OLANZAPINE,,,0128783005,N,15-JUN-2026
PROD_87152,87152,02385910,OLANZAPINE,,,0128783006,N,18-FEB-2026
PROD_87153,87153,02385929,VENLAFAXINE XR,,,0131294002,N,22-MAR-2025
PROD_87154,87154,02385937,VENLAFAXINE XR,,,0131294001,N,22-MAR-2025
PROD_87155,87155,02385945,VENLAFAXINE XR,,,0131294005,N,22-MAR-2025
PROD_87166,87166,02386070,SERTRALINE,,,0123417003,N,22-MAR-2025
PROD_87167,87167,02386089,SERTRALINE,,,0123417001,N,22-MAR-2025
PROD_87168,87168,02386097,SERTRALINE,,,0123417002,N,22-MAR-2025
PROD_87170,87170,02386119,CIPROFLOXACIN,,,0123207006,N,11-AUG-2026
PROD_87171,87171,02386127,CIPROFLOXACIN,,,0123207001,N,11-AUG-2026
PROD_87187,87187,02386291,SIMVASTATIN,,,0122415001,N,22-MAR-2025
PROD_87188,87188,02386305,SIMVASTATIN,,,0122415004,N,22-MAR-2025
PROD_87189,87189,02386313,SIMVASTATIN,,,0122415003,N,22-MAR-2025
PROD_87190,87190,02386321,SIMVASTATIN,,,0122415002,N,22-MAR-2025
PROD_87191,87191,02386348,SIMVASTATIN,,,0122415005,N,22-MAR-2025
PROD_87198,87198,02386399,JAMP-MYCOPHENOLATE CAPSULES,,,0128158001,N,20-OCT-2025
PROD_87199,87199,02386402,JAMP-FLUOXETINE,,,0116847001,N,22-MAR-2025
PROD_87200,87200,02386410,SANDOZ ATOMOXETINE,,,0150434001,N,15-JUN-2026
PROD_87201,87201,02386429,SANDOZ ATOMOXETINE,,,0150434002,N,15-JUN-2026
PROD_87202,87202,02386437,SANDOZ ATOMOXETINE,,,0150434003,N,15-JUN-2026
PROD_87203,87203,02386445,SANDOZ ATOMOXETINE,,,0150434004,N,15-JUN-2026
PROD_87204,87204,02386453,SANDOZ ATOMOXETINE,,,0150434005,N,15-JUN-2026
PROD_87205,87205,02386461,SANDOZ ATOMOXETINE,,,0150434006,N,15-JUN-2026
PROD_87206,87206,02386488,SANDOZ ATOMOXETINE,,,0150434007,N,15-JUN-2026
PROD_87208,87208,02386518,JAMP-CANDESARTAN,,,0135220002,N,17-APR-2026
PROD_87209,87209,02386526,JAMP-CANDESARTAN,,,0135220003,N,17-APR-2026
PROD_87210,87210,02386534,JAMP-CANDESARTAN,,,0135220004,N,17-APR-2026
PROD_87223,87223,02386666,SEACALPHYX,,,0109248001,N,11-JUN-2026
PROD_87235,87235,02386755,JAMP TELMISARTAN,,,0138223001,N,22-MAR-2025
PROD_87236,87236,02386763,JAMP TELMISARTAN,,,0138223002,N,22-MAR-2025
PROD_87237,87237,02386771,MAR-ZOPICLONE,,,0122562002,N,20-JUL-2026
PROD_87238,87238,02386798,MAR-ZOPICLONE,,,0122562001,N,20-JUL-2026
PROD_87265,87265,02387085,OVIMA 21,,,0220415004,N,15-JUN-2026
PROD_87266,87266,02387093,OVIMA 28,,,0220415004,N,15-JUN-2026
PROD_87272,87272,02387131,SANDOZ CIPROFLOXACIN,,,0123207004,N,18-JUN-2026
PROD_87274,87274,02387166,NEOSTIGMINE OMEGA,,,0102263004,N,12-JUN-2026
PROD_87275,87275,02387174,DIFICID,FILM-COATED TABLET,,0153181001,N,06-AUG-2026
PROD_87281,87281,02387239,JAMPZINC-HC,"ANORECTAL (TOPICAL), HYDROCORTISONE ACETATE AND ZINC SULFATE MONOHYDRATE",,0253182001,N,11-JUN-2026
PROD_87297,87297,02387387,AURO-RAMIPRIL,,,0122858001,N,18-JUN-2026
PROD_87298,87298,02387395,AURO-RAMIPRIL,,,0122858004,N,18-JUN-2026
PROD_87299,87299,02387409,AURO-RAMIPRIL,,,0122858003,N,18-JUN-2026
PROD_87300,87300,02387417,AURO-RAMIPRIL,,,0122858002,N,18-JUN-2026
PROD_87301,87301,02387425,TARGIN,,,0252684004,N,18-JUN-2026
PROD_87302,87302,02387433,YAZ PLUS,"PINK TAB CONTAINS DROSPIRENONE, ETHINYL ESTRADIOL AND LEVOMEFOLATE CALCIUM AND LIGHT ORANGE TAB CONTAINS LEVOMEFOLATE CALCIUM",,0453183001,N,16-JUN-2026
PROD_87315,87315,02387549,CALCIUM CHLORIDE FOR HAEMODIALYSIS,,,0108565027,N,10-JUN-2026
PROD_87316,87316,02387557,TRIPLE AGE REPAIR MOISTURIZER,,CAT IV - SUNBURN PROTECTANTS,0451521010,N,22-MAR-2025
PROD_87328,87328,02387697,"FLU, COUGH & COLD COMPLETE DAY AND NIGHT","COMBO PACK, GREEN DAYTIME CAPLET AND WHITE NIGHTIME CAPLET",,0752931001,N,17-AUG-2026
PROD_87331,87331,02387727,MYLAN-NEVIRAPINE,,,0134602001,N,15-JUN-2026
PROD_87332,87332,02387735,DYSPORT AESTHETIC,,,0153614001,N,22-MAR-2025
PROD_87333,87333,02387743,DEXAMETHASONE OMEGA UNIDOSE,1 ML SINGLE-USE VIALS,,0106305005,N,31-JUL-2026
PROD_87337,87337,02387794,ACH-QUETIAPINE,,,0131858001,N,22-MAR-2025
PROD_87338,87338,02387808,ACH-QUETIAPINE,,,0131858002,N,22-MAR-2025
PROD_87339,87339,02387816,ACH-QUETIAPINE,,,0131858004,N,22-MAR-2025
PROD_87340,87340,02387824,ACH-QUETIAPINE,,,0131858003,N,22-MAR-2025
PROD_87341,87341,02387832,ACH-QUETIAPINE,,,0131858005,N,22-MAR-2025
PROD_87345,87345,02387875,ALYSENA 21,,,0220415005,N,22-MAR-2025
PROD_87346,87346,02387883,ALYSENA 28,,,0220415005,N,15-JUN-2026
PROD_87351,87351,02387948,CITALOPRAM,,,0136243003,N,25-JUN-2026
PROD_87352,87352,02387956,CITALOPRAM,,,0136243001,N,25-JUN-2026
PROD_87353,87353,02387964,CITALOPRAM,,,0136243002,N,25-JUN-2026
PROD_87357,87357,02388006,JAKAVI,,,0153186002,N,16-JUN-2026
PROD_87358,87358,02388014,JAKAVI,,,0153186003,N,16-JUN-2026
PROD_87359,87359,02388022,JAKAVI,,,0153186001,N,16-JUN-2026
PROD_87360,87360,02388030,COLD + SINUS DAYTIME COLD + SINUS NIGHTTIME,,,0553187001,N,18-JUN-2026
PROD_87363,87363,02388065,TEVA-CLOPIDOGREL,,,0134440002,N,16-JUN-2026
PROD_87364,87364,02388073,AURO-AMOXICILLIN,,,0131314001,N,17-JUN-2026
PROD_87365,87365,02388081,AURO-AMOXICILLIN,,,0131314006,N,17-JUN-2026
PROD_87370,87370,02388154,SUNSCREEN OIL SPRAY,,CAT IV - SUNBURN PROTECTANTS,0451521023,N,24-JUN-2026
PROD_87374,87374,02388197,TARO-TRAMADOL/ACET,,,0250601001,N,22-MAR-2025
PROD_87375,87375,02388200,GABAPENTIN,,,0125929004,N,29-APR-2026
PROD_87376,87376,02388219,GABAPENTIN,,,0125929005,N,29-APR-2026
PROD_87377,87377,02388227,PAROXETINE,,,0123131003,N,22-MAR-2025
PROD_87378,87378,02388235,PAROXETINE,,,0123131002,N,22-MAR-2025
PROD_87379,87379,02388243,PAROXETINE,,,0123131001,N,22-MAR-2025
PROD_87385,87385,02388308,JAMP-ACET-TRAMADOL,,,0250601001,N,12-DEC-2025
PROD_87386,87386,02388324,MAR-TRAMADOL/ACET,,,0250601001,N,22-MAR-2025
PROD_87397,87397,02388448,FLUCONAZOLE INJECTION SDZ,,,0122529003,N,16-JUN-2026
PROD_87402,87402,02388499,ENALAPRILAT INJECTION USP,,,0118001001,N,22-MAR-2025
PROD_87405,87405,02388529,RIVA-CLOPIDOGREL,,,0134440001,N,22-MAR-2025
PROD_87406,87406,02388537,COLD AND SINUS RELIEF COMBO,"COMBO PACK, LIGHT GREEN DAYTIME CAPLET AND DARK GREEN NIGHTIME CAPLET",,0553095001,N,17-AUG-2026
PROD_87407,87407,02388545,AURO-ALENDRONATE,,,0150323003,N,18-JUN-2026
PROD_87408,87408,02388553,AURO-ALENDRONATE,,,0150323002,N,18-JUN-2026
PROD_87415,87415,02388642,CEPACOL SENSATIONS SORE THROAT & COUGH,,,0321621001,N,10-MAR-2026
PROD_87423,87423,02388707,CANDESARTAN,,,0135220002,N,22-MAR-2025
PROD_87424,87424,02388715,CANDESARTAN,,,0135220003,N,22-MAR-2025
PROD_87428,87428,02388766,MINT-METFORMIN,,,0101773001,N,22-MAR-2025
PROD_87429,87429,02388774,MINT-METFORMIN,,,0101773002,N,22-MAR-2025
PROD_87431,87431,02388790,LOSARTAN,,,0127971001,N,17-JUN-2025
PROD_87432,87432,02388804,LOSARTAN,,,0127971003,N,17-JUN-2025
PROD_87433,87433,02388812,LOSARTAN,,,0127971002,N,17-JUN-2025
PROD_87438,87438,02388839,JANUVIA,,,0152414002,N,15-JUN-2026
PROD_87439,87439,02388847,JANUVIA,,,0152414003,N,15-JUN-2026
PROD_87441,87441,02388863,LOSARTAN,,,0127971001,N,18-JUN-2026
PROD_87442,87442,02388871,LOSARTAN,,,0127971003,N,18-JUN-2026
PROD_87443,87443,02388898,LOSARTAN,,,0127971002,N,18-JUN-2026
PROD_87447,87447,02388944,TELMISARTAN,,,0138223001,N,22-MAR-2025
PROD_87448,87448,02388952,TELMISARTAN,,,0138223002,N,22-MAR-2025
PROD_87449,87449,02388960,LOSARTAN HCT,,,0233168001,N,24-JUN-2026
PROD_87450,87450,02388979,LOSARTAN HCT,,,0233168003,N,24-JUN-2026
PROD_87451,87451,02388987,LOSARTAN HCT DS,,,0233168002,N,24-JUN-2026
PROD_87472,87472,02389215,STOMACH RELIEF CHEWABLE TABLETS,,,0211863002,N,11-JUN-2026
PROD_87478,87478,02389282,DECAPEPTYL,"1 ML SOLUTION FOR INJECTION, PREFILLED SYRINGE",,0153209001,N,21-AUG-2026
PROD_87497,87497,02389460,TOPIRAMATE,,,0132938001,N,24-JUN-2026
PROD_87499,87499,02389487,TOPIRAMATE,,,0132938002,N,24-JUN-2026
PROD_87502,87502,02389517,SPC-MONTELUKAST,,,0133823002,N,25-JUN-2025
PROD_87512,87512,02389622,TEVA-TOBRAMYCIN,,,0110230004,N,12-JUN-2026
PROD_87513,87513,02389630,INLYTA,,,0153228001,N,15-JUN-2026
PROD_87514,87514,02389649,INLYTA,,,0153228002,N,15-JUN-2026
PROD_87515,87515,02389657,MINT-LOSARTAN/HCTZ,,,0233168001,N,31-AUG-2026
PROD_87516,87516,02389665,MINT-LOSARTAN/HCTZ,,,0233168003,N,31-AUG-2026
PROD_87517,87517,02389673,MINT-LOSARTAN/HCTZ DS,,,0233168002,N,31-AUG-2026
PROD_87519,87519,02389703,PRAVASTATIN,,,0122563001,N,15-DEC-2025
PROD_87521,87521,02389738,PRAVASTATIN,,,0122563002,N,15-DEC-2025
PROD_87522,87522,02389746,PRAVASTATIN,,,0122563003,N,15-DEC-2025
PROD_87524,87524,02389762,TEVA-EFAVIRENZ,,,0137031005,N,15-JUN-2026
PROD_87528,87528,02389800,MINT-TRAMADOL/ACET,,,0250601001,N,18-JUN-2026
PROD_87529,87529,02389819,ACH-TEMOZOLOMIDE,,,0138781002,N,23-JUN-2026
PROD_87530,87530,02389827,ACH-TEMOZOLOMIDE,,,0138781003,N,23-JUN-2026
PROD_87531,87531,02389835,ACH-TEMOZOLOMIDE,,,0138781006,N,23-JUN-2026
PROD_87533,87533,02389851,ACH-TEMOZOLOMIDE,,,0138781004,N,23-JUN-2026
PROD_87534,87534,02389878,MINT-FINASTERIDE,FILM-COATED TABLET,,0124110001,N,06-AUG-2026
PROD_87535,87535,02389886,DRY EYE TEARS,,,0233242001,N,22-MAR-2025
PROD_87537,87537,02389908,INFANTS' TYLENOL FEVER & SORE THROAT PAIN,,LS - COUGH AND COLD,0102009003,N,29-JUN-2026
PROD_87539,87539,02389924,CHILDREN'S TYLENOL FEVER & SORE THROAT PAIN,,,0102009005,N,12-JUN-2026
PROD_87541,87541,02389940,JAMP TELMISARTAN-HCT,,,0244783001,N,09-JUN-2025
PROD_87542,87542,02389959,JAMP TELMISARTAN-HCT,,,0244783002,N,09-JUN-2025
PROD_87544,87544,02389975,TRETTEN,2500 IU PER VIAL SINGLE-USE GLASS VIAL,,0153248002,N,10-AUG-2026
PROD_87545,87545,02389983,ONDISSOLVE ODF,ORALLY DISINTEGRATING FILM,,0131120003,N,28-AUG-2026
PROD_87546,87546,02389991,ONDISSOLVE ODF,ORALLY DISINTEGRATING FILM,,0131120001,N,28-AUG-2026
PROD_87560,87560,02390140,JAMP QUETIAPINE FUMARATE,,,0131858001,N,22-MAR-2025
PROD_87561,87561,02390159,JAMP QUETIAPINE FUMARATE,,,0131858002,N,22-MAR-2025
PROD_87562,87562,02390167,JAMP QUETIAPINE FUMARATE,,,0131858003,N,22-MAR-2025
PROD_87563,87563,02390175,JAMP QUETIAPINE FUMARATE,,,0131858005,N,22-MAR-2025
PROD_87564,87564,02390183,ACT EXEMESTANE,,,0141702001,N,22-MAR-2025
PROD_87566,87566,02390205,AURO-QUETIAPINE,,,0131858001,N,18-JUN-2026
PROD_87567,87567,02390213,AURO-QUETIAPINE,,,0131858002,N,18-JUN-2026
PROD_87569,87569,02390248,AURO-QUETIAPINE,,,0131858003,N,18-JUN-2026
PROD_87570,87570,02390256,AURO-QUETIAPINE,,,0131858005,N,18-JUN-2026
PROD_87574,87574,02390299,MYLAN-RILUZOLE,,,0141861001,N,16-JUN-2026
PROD_87575,87575,02390302,TELMISARTAN HCTZ,,,0244783001,N,29-AUG-2025
PROD_87576,87576,02390310,TELMISARTAN HCTZ,,,0244783002,N,29-AUG-2025
PROD_87579,87579,02390345,TELMISARTAN,,,0138223001,N,28-JUL-2025
PROD_87580,87580,02390353,TELMISARTAN,,,0138223002,N,28-JUL-2025
PROD_87582,87582,02390388,ALLERTIN,,,0120416001,N,18-JUN-2026
PROD_87583,87583,02390396,PROACTIV TREAT,,CAT IV - ACNE THERAPY,0107205004,N,22-MAR-2025
PROD_87587,87587,02390450,TARO-CLARITHROMYCIN,,,0123752004,N,22-MAR-2025
PROD_87588,87588,02390442,TARO-CLARITHROMYCIN,,,0123752003,N,22-MAR-2025
PROD_87610,87610,02390698,SANDOZ FENOFIBRATE E,,,0118895005,N,06-AUG-2026
PROD_87611,87611,02390701,SANDOZ FENOFIBRATE E,,,0118895006,N,06-AUG-2026
PROD_87616,87616,02390760,MED-CYPROTERONE,,,0116806001,N,18-JUN-2026
PROD_87621,87621,02390817,SANDOZ PREGABALIN,,,0151121001,N,18-JUN-2026
PROD_87622,87622,02390825,SANDOZ PREGABALIN,,,0151121002,N,18-JUN-2026
PROD_87623,87623,02390833,SANDOZ PREGABALIN,,,0151121003,N,18-JUN-2026
PROD_87624,87624,02390841,SANDOZ PREGABALIN,,,0151121005,N,18-JUN-2026
PROD_87625,87625,02390868,SANDOZ PREGABALIN,,,0151121008,N,18-JUN-2026
PROD_87627,87627,02390884,AURO-MELOXICAM,,,0131676003,N,22-MAR-2025
PROD_87628,87628,02390892,AURO-MELOXICAM,,,0131676004,N,22-MAR-2025
PROD_87629,87629,02390906,AURO-SERTRALINE,,,0123417003,N,18-JUN-2026
PROD_87630,87630,02390914,AURO-SERTRALINE,,,0123417001,N,18-JUN-2026
PROD_87631,87631,02390922,AURO-SERTRALINE,,,0123417002,N,18-JUN-2026
PROD_87637,87637,02390981,TOPOTECAN INJECTION,"CONCENTRATE. DILUTE BEFORE USE. 1 ML, 3 ML, AND 4 ML SINGLE-USE VIALS",,0132984002,N,21-AUG-2026
PROD_87639,87639,02391015,PROACTIV CLEANSE,,CAT IV - ACNE THERAPY,0107205004,N,22-MAR-2025
PROD_87654,87654,02391171,PMS-CANDESARTAN,,,0135220001,N,15-JUN-2026
PROD_87655,87655,02391198,PMS-CANDESARTAN,,,0135220002,N,15-JUN-2026
PROD_87656,87656,02391201,PMS-CANDESARTAN,,,0135220003,N,15-JUN-2026
PROD_87657,87657,02391228,PMS-CANDESARTAN,,,0135220004,N,15-JUN-2026
PROD_87664,87664,02391295,PMS-CANDESARTAN-HCTZ,,,0244181001,N,22-MAR-2025
PROD_87677,87677,02391422,JAMP-MONTELUKAST,,,0133823002,N,22-MAR-2025
PROD_87681,87681,02391465,PACLITAXEL INJECTION USP,,,0124214001,N,15-JUN-2026
PROD_87691,87691,02391589,BISOPROLOL,,,0122418001,N,02-JUL-2026
PROD_87692,87692,02391597,BISOPROLOL,,,0122418002,N,02-JUL-2026
PROD_87693,87693,02391600,ACH-PIOGLITAZONE,,,0141541001,N,23-JUN-2026
PROD_87694,87694,02391619,JAMP-DICYCLOMINE HCL,,,0107449001,N,11-JUN-2026
PROD_87699,87699,02391678,SUBLINOX,,,0122857001,N,22-MAR-2025
PROD_87703,87703,02391716,MINT-ZOPICLONE,,,0122562002,N,18-JUN-2026
PROD_87704,87704,02391724,MINT-ZOPICLONE,,,0122562001,N,18-JUN-2026
PROD_87706,87706,02391740,ARANESP,HSA-FREE. 40MCG/0.4ML SINGLE-USE PREFILLED SYRINGES (SINGLEJECT),,0148081005,N,15-JUN-2026
PROD_87707,87707,02391759,ARANESP,HSA-FREE. 50 MCG/0.5 ML SINGLE-USE PREFILLED SYRINGES (SINGLEJECT),,0148081005,N,15-JUN-2026
PROD_87708,87708,02391767,ARANESP,HSA-FREE. 80 MCGG/0.4 ML SINGLE-USE PREFILLED SYRINGES (SINGLEJECT),,0148081006,N,15-JUN-2026
PROD_87709,87709,02391775,ARANESP,HSA-FREE. 100 MCG/0.5 ML SINGLE-USE PREFILLED SYRINGES (SINGLEJECT),,0148081006,N,15-JUN-2026
PROD_87710,87710,02391783,ARANESP,HSA-FREE. 130 MCG/0.65 ML SINGLE-USE PREFILLED SYRINGES (SINGLEJECT),,0148081006,N,15-JUN-2026
PROD_87711,87711,02391791,ARANESP,HSA-FREE. 150 MCG/0.3 ML SINGLE-USE PREFILLED SYRINGES (SINGLEJECT),,0148081008,N,15-JUN-2026
PROD_87712,87712,02391805,ARANESP,HSA-FREE. 200 MCG/0.4 ML SINGLE-USE PREFILLED SYRINGES (SINGLEJECT),,0148081008,N,15-JUN-2026
PROD_87714,87714,02391821,ARANESP,HSA-FREE. 300 MCG/0.6 ML SINGLE-USE PREFILLED SYRINGES (SINGLEJECT),,0148081008,N,15-JUN-2026
PROD_87741,87741,02392127,BIO-AMLODIPINE,,,0131437003,N,18-JUN-2026
PROD_87742,87742,02392135,BIO-AMLODIPINE,,,0131437002,N,18-JUN-2026
PROD_87743,87743,02392143,BIO-AMLODIPINE,,,0131437001,N,18-JUN-2026
PROD_87750,87750,02392224,PMS-LOSARTAN-HCTZ,,,0233168001,N,15-JUN-2026
PROD_87751,87751,02392232,PMS-LOSARTAN-HCTZ,,,0233168003,N,15-JUN-2026
PROD_87752,87752,02392240,PMS-LOSARTAN-HCTZ,,,0233168002,N,15-JUN-2026
PROD_87753,87753,02392259,RIVA-ANASTROZOLE,,,0128681001,N,31-DEC-2025
PROD_87755,87755,02392275,CANDESARTAN-HCTZ,,,0244181001,N,18-JUN-2026
PROD_87760,87760,02392313,ARANESP,(HSA-FREE) - 10 MCG/0.4 ML SINGLE-USE PREFILLED SYRINGES (SINGLEJECT),,0148081002,N,15-JUN-2026
PROD_87761,87761,02392321,ARANESP,HSA-FREE. 20 MCG/0.5ML SINGLE-USE PREFILLED SYRINGES (SINGLEJECT),,0148081003,N,15-JUN-2026
PROD_87762,87762,02392348,ARANESP,HSA-FREE. 30 MCG/0.3 ML SINGLE-USE PREFILLED SYRINGES (SINGLEJECT),,0148081005,N,15-JUN-2026
PROD_87763,87763,02392356,ARANESP,HSA-FREE. 60 MCG/0.3 ML SINGLE-USE PREFILLED SYRINGES (SINGLEJECT),,0148081006,N,15-JUN-2026
PROD_87764,87764,02392364,ARANESP,HSA-FREE. 500 MCG/1 ML SINGLE-USE PREFILLED SYRINGES (SINGLEJECT),,0148081008,N,15-JUN-2026
PROD_87773,87773,02392453,"HEPARIN SODIUM INJECTION, USP","0.5 ML PRESERVATIVE-FREE, SINGLE-DOSE VIAL",,0104596002,N,21-AUG-2026
PROD_87775,87775,02392488,BIO-ANASTROZOLE,,,0128681001,N,18-JUN-2026
PROD_87776,87776,02392496,BIO-LETROZOLE,,,0132937001,N,22-MAR-2025
PROD_87778,87778,02392526,ACH-GABAPENTIN,,,0125929004,N,01-DEC-2025
PROD_87779,87779,02392534,ACH-GABAPENTIN,,,0125929005,N,01-DEC-2025
PROD_87781,87781,02392550,TREANDA,FOR I.V. INFUSION. SINGLE-USE VIAL,,0153268001,N,14-AUG-2026
PROD_87782,87782,02392569,TREANDA,FOR I.V. INFUSION. SINGLE-USE VIAL,,0153268002,N,14-AUG-2026
PROD_87787,87787,02392615,JAMP PANTOPRAZOLE SODIUM,,,0133229002,N,22-MAR-2025
PROD_87788,87788,02392623,JAMP PANTOPRAZOLE SODIUM,,,0133229001,N,22-MAR-2025
PROD_87801,87801,02392763,TRANEXAMIC ACID INJECTION,,,0114760002,N,18-JUN-2026
PROD_87804,87804,02392801,TARO-PREGABALIN,,,0151121001,N,11-SEP-2025
PROD_87805,87805,02392828,TARO-PREGABALIN,,,0151121002,N,11-SEP-2025
PROD_87806,87806,02392836,TARO-PREGABALIN,,,0151121003,N,11-SEP-2025
PROD_87807,87807,02392844,TARO-PREGABALIN,,,0151121005,N,11-SEP-2025
PROD_87808,87808,02392852,TARO-PREGABALIN,,,0151121007,N,11-SEP-2025
PROD_87809,87809,02392860,TARO-PREGABALIN,,,0151121008,N,11-SEP-2025
PROD_87816,87816,02392895,ELIZABETH ARDEN NOURISHING LIP BALM SPF 20,,CAT IV - SUNBURN PROTECTANTS,0218882032,N,08-JUL-2026
PROD_87817,87817,02392909,MAR-FLUOXETINE,,,0116847003,N,28-MAR-2025
PROD_87818,87818,02392917,MAR-FLUOXETINE,,,0116847001,N,28-MAR-2025
PROD_87819,87819,02392925,TEVA-NABILONE,,,0115009003,N,17-JUN-2026
PROD_87820,87820,02392933,MYLAN-ATORVASTATIN,,,0133055001,N,15-JUN-2026
PROD_87821,87821,02392941,MYLAN-ATORVASTATIN,,,0133055002,N,15-JUN-2026
PROD_87822,87822,02392968,MYLAN-ATORVASTATIN,,,0133055003,N,15-JUN-2026
PROD_87823,87823,02392976,MYLAN-ATORVASTATIN,,,0133055004,N,15-JUN-2026
PROD_87824,87824,02392984,BENEFIX,ALSO KNOWN AS NONACOG ALFA,,0152202005,N,20-AUG-2026
PROD_87828,87828,02393034,NALOXONE HYDROCHLORIDE INJECTION,1 ML AND 10ML VIALS,,0108981002,N,21-AUG-2026
PROD_87829,87829,02393042,NALOXONE HYDROCHLORIDE INJECTION,2 ML VIALS,,0108981001,N,06-AUG-2026
PROD_87831,87831,02393069,MINT-SILDENAFIL,,,0136261001,N,13-JAN-2026
PROD_87832,87832,02393077,MINT-SILDENAFIL,,,0136261002,N,18-JUN-2026
PROD_87833,87833,02393085,MINT-SILDENAFIL,,,0136261003,N,18-JUN-2026
PROD_87843,87843,02393190,VOLTAREN EMULGEL EXTRA STRENGTH,,,0152187002,N,08-JUL-2026
PROD_87847,87847,02393239,APO-LAMIVUDINE HBV,,,0128157003,N,22-MAR-2025
PROD_87858,87858,02393352,RIASTAP,900-1300 MG FIBRINOGEN /VIAL (20MG/ML AFTER REC.). SINGLE-USE VIALS,,0153289001,N,25-AUG-2026
PROD_87859,87859,02393360,PMS-RIZATRIPTAN RDT,,,0137841001,N,15-JUN-2026
PROD_87860,87860,02393379,PMS-RIZATRIPTAN RDT,,,0137841002,N,15-JUN-2026
PROD_87867,87867,02393441,ACH-FLUOXETINE,,,0116847003,N,22-MAR-2025
PROD_87868,87868,02393468,APO-RIZATRIPTAN,,,0137841001,N,16-JUN-2026
PROD_87869,87869,02393476,APO-RIZATRIPTAN,,,0137841002,N,16-JUN-2026
PROD_87876,87876,02393549,TEVA-EFAVIRENZ/EMTRICITABINE/TENOFOVIR,,,0352327001,N,29-APR-2026
PROD_87877,87877,02393557,SANDOZ TELMISARTAN HCT,,,0244783001,N,17-JUN-2026
PROD_87878,87878,02393565,SANDOZ TELMISARTAN HCT,,,0244783002,N,17-JUN-2026
PROD_87879,87879,02393573,MINT-ANASTROZOLE,,,0128681001,N,03-JUL-2026
PROD_87938,87938,02394227,PEMETREXED DISODIUM FOR INJECTION,SINGLE-USE VIAL,,0150104001,N,07-AUG-2026
PROD_87940,87940,02394243,APO-PREGABALIN,,,0151121002,N,19-AUG-2026
PROD_87959,87959,02394421,PROACTIV+ SKIN SMOOTHING EXFOLIATOR,,CAT IV - ACNE THERAPY,0107205004,N,05-AUG-2026
PROD_87963,87963,02394472,AURO-LISINOPRIL,,,0121550003,N,18-JUN-2026
PROD_87964,87964,02394480,AURO-LISINOPRIL,,,0121550001,N,18-JUN-2026
PROD_87965,87965,02394499,AURO-LISINOPRIL,,,0121550002,N,18-JUN-2026
PROD_87974,87974,02394596,METHADOSE,,,0144621001,N,12-JUN-2026
PROD_87975,87975,02394618,METHADOSE,"DYE-FREE, SUGAR-FREE, AND UNFLAVORED",,0144621001,N,25-AUG-2026
PROD_87976,87976,02394626,"VANCOMYCIN HYDROCHLORIDE FOR INJECTION, USP",FOR I.V. INFUSION ONLY. SINGLE-DOSE VIAL,,0131315003,N,14-AUG-2026
PROD_87977,87977,02394634,"VANCOMYCIN HYDROCHLORIDE FOR INJECTION, USP",FOR I.V. INFUSION ONLY. SINGLE-DOSE VIAL,,0131315009,N,14-AUG-2026
PROD_87978,87978,02394642,"VANCOMYCIN HYDROCHLORIDE FOR INJECTION, USP",FOR I.V. INFUSION. SINGLE-USE VIAL,,0131315007,N,14-AUG-2026
PROD_87985,87985,02394707,ROBITUSSIN CHILDREN'S COUGH & COLD BEDTIME,"DYE-FREE, ALCOHOL-FREE, AND SUGAR-FREE",,0344063001,N,25-AUG-2026
PROD_87990,87990,02394766,APO-OXYCODONE CR,,,0107552007,N,12-JUN-2026
PROD_87991,87991,02394774,APO-OXYCODONE CR,,,0107552008,N,12-JUN-2026
PROD_87993,87993,02394782,APO-OXYCODONE CR,,,0107552009,N,12-JUN-2026
PROD_87994,87994,02394790,ASA DAILY LOW DOSE,,,0101169013,N,19-NOV-2025
PROD_87995,87995,02394804,CANDESARTAN/HCTZ,,,0244181001,N,22-MAR-2025
PROD_87997,87997,02394812,CANDESARTAN HCT,,,0244181001,N,18-JUN-2026
PROD_87998,87998,02394820,CLOPIDOGREL,,,0134440001,N,18-JUN-2026
PROD_87999,87999,02394839,ESOMEPRAZOLE,,,0145162001,N,22-MAR-2025
PROD_88000,88000,02394847,ESOMEPRAZOLE,,,0145162002,N,22-MAR-2025
PROD_88004,88004,02394898,TEVA-ANASTROZOLE,,,0128681001,N,06-MAY-2025
PROD_88007,88007,02394936,SEEBRI BREEZHALER,CAPSULES TO BE USED ONLY WITH SEEBRI BREEZHALER INHALATION DEVICE. ORAL INHALATION,,0153330001,N,17-AUG-2026
PROD_88027,88027,02395150,0.9% SODIUM CHLORIDE INJECTION,SINGLE-USE,,0100053002,N,04-AUG-2026
PROD_88034,88034,02395223,TELMISARTAN,,,0138223001,N,18-JUN-2026
PROD_88035,88035,02395231,TELMISARTAN,,,0138223002,N,18-JUN-2026
PROD_88038,88038,02395274,TEVA-TEMOZOLOMIDE,,,0138781002,N,22-MAR-2025
PROD_88039,88039,02395282,TEVA-TEMOZOLOMIDE,,,0138781003,N,22-MAR-2025
PROD_88040,88040,02395290,TEVA-TEMOZOLOMIDE,,,0138781006,N,22-MAR-2025
PROD_88042,88042,02395312,TEVA-TEMOZOLOMIDE,,,0138781004,N,22-MAR-2025
PROD_88046,88046,02395355,TELMISARTAN/HCTZ,,,0244783001,N,02-MAY-2025
PROD_88047,88047,02395363,TELMISARTAN/HCTZ,,,0244783002,N,02-MAY-2025
PROD_88053,88053,02395444,TEVA-QUETIAPINE XR,,,0131858006,N,12-JUN-2026
PROD_88054,88054,02395452,TEVA-QUETIAPINE XR,,,0131858004,N,12-JUN-2026
PROD_88055,88055,02395460,TEVA-QUETIAPINE XR,,,0131858003,N,12-JUN-2026
PROD_88056,88056,02395479,TEVA-QUETIAPINE XR,,,0131858005,N,12-JUN-2026
PROD_88057,88057,02395487,TEVA-QUETIAPINE XR,,,0131858007,N,12-JUN-2026
PROD_88060,88060,02395517,WAMPOLE ACTIVATED CHARCOAL,,LS - ANTIFLATULENTS,0106680029,N,06-JAN-2026
PROD_88061,88061,02395525,PRO-TELMISARTAN-HCTZ,,,0244783001,N,09-JUN-2026
PROD_88062,88062,02395533,PRO-TELMISARTAN-HCTZ,,,0244783002,N,09-JUN-2026
PROD_88063,88063,02395541,TEVA-CANDESARTAN/HCTZ,,,0244181001,N,15-JUN-2026
PROD_88064,88064,02395568,TEVA-CANDESARTAN/HCTZ,,,0244181002,N,15-JUN-2026
PROD_88072,88072,02395649,PRO-ANASTROZOLE,,,0128681001,N,29-JUL-2026
PROD_88085,88085,02395797,RIVA-CYPROTERONE,,,0116806001,N,18-JUN-2026
PROD_88106,88106,02396009,NAPROXEN MENSTRUAL PAIN RELIEF,,,0113934003,N,18-JUN-2026
PROD_88136,88136,02396327,MAR-ALLOPURINOL,,,0103654001,N,18-JUN-2026
PROD_88137,88137,02396335,MAR-ALLOPURINOL,,,0103654002,N,18-JUN-2026
PROD_88138,88138,02396343,MAR-ALLOPURINOL,,,0103654003,N,22-MAR-2025
PROD_88140,88140,02396378,TOPOTECAN HYDROCHLORIDE FOR INJECTION,CONCENTRATE SOLUTION. DILUTE BEFORE USE,,0132984002,N,21-AUG-2026
PROD_88153,88153,02396483,PREGABALIN,,,0151121001,N,18-JUN-2026
PROD_88154,88154,02396491,FREYA 21,,,0224591001,N,22-MAR-2025
PROD_88156,88156,02396505,PREGABALIN,,,0151121002,N,18-JUN-2026
PROD_88157,88157,02396513,PREGABALIN,,,0151121003,N,18-JUN-2026
PROD_88158,88158,02396521,PREGABALIN,,,0151121005,N,18-JUN-2026
PROD_88159,88159,02396548,PREGABALIN,,,0151121008,N,18-JUN-2026
PROD_88165,88165,02396610,FREYA 28,,,0224591001,N,22-MAR-2025
PROD_88170,88170,02396661,TEVA-RIZATRIPTAN ODT,,,0137841001,N,15-JUN-2026
PROD_88171,88171,02396688,TEVA-RIZATRIPTAN ODT,,,0137841002,N,15-JUN-2026
PROD_88178,88178,02396769,APO-ABACAVIR,,,0137623001,N,22-MAR-2025
PROD_88191,88191,02396904,PRO-ATOMOXETINE,,,0150434001,N,15-JUL-2026
PROD_88192,88192,02396912,PRO-ATOMOXETINE,,,0150434002,N,15-JUL-2026
PROD_88193,88193,02396920,PRO-ATOMOXETINE,,,0150434003,N,15-JUL-2026
PROD_88194,88194,02396939,PRO-ATOMOXETINE,,,0150434004,N,15-JUL-2026
PROD_88195,88195,02396947,PRO-ATOMOXETINE,,,0150434005,N,15-JUL-2026
PROD_88196,88196,02396955,APO-ENTECAVIR,FILM-COATED TABLET,,0151648001,N,06-AUG-2026
PROD_88197,88197,02396963,SMOFLIPID 20%,"LIPID INJECTABLE EMULSION, MFR STD.",,0453432001,N,24-JUN-2026
PROD_88198,88198,02396971,EPURIS,,,0115751001,N,31-JUL-2026
PROD_88199,88199,02396998,EPURIS,,,0115751004,N,31-JUL-2026
PROD_88200,88200,02397005,EPURIS,,,0115751005,N,31-JUL-2026
PROD_88201,88201,02397013,EPURIS,,,0115751002,N,31-JUL-2026
PROD_88206,88206,02397072,AURO-AMLODIPINE,,,0131437002,N,17-JUN-2026
PROD_88207,88207,02397080,AURO-AMLODIPINE,,,0131437001,N,17-JUN-2026
PROD_88208,88208,02397137,STRIBILD,,,0453433001,N,16-JUN-2026
PROD_88225,88225,02397285,NAT-IMATINIB,,,0145503002,N,20-JUL-2026
PROD_88226,88226,02397293,NAT-IMATINIB,,,0145503003,N,20-JUL-2026
PROD_88227,88227,02397307,JAMP PIOGLITAZONE,,,0141541001,N,22-MAR-2025
PROD_88231,88231,02397358,AURO-ESCITALOPRAM,,,0150435002,N,18-JUN-2026
PROD_88233,88233,02397374,AURO-ESCITALOPRAM,,,0150435004,N,18-JUN-2026
PROD_88237,88237,02397412,KALYDECO,,,0153450001,N,22-MAR-2025
PROD_88240,88240,02397447,CARIPUL,,,0133040001,N,22-MAR-2025
PROD_88241,88241,02397455,CARIPUL,,,0133040002,N,22-MAR-2025
PROD_88264,88264,02397714,ELIQUIS,FILM-COATED,,0153051002,N,29-JUL-2026
PROD_88267,88267,02397749,EDARBYCLOR,,,0253470002,N,25-JUN-2026
PROD_88269,88269,02397765,EDARBYCLOR,,,0253470003,N,25-JUN-2026
PROD_88271,88271,02397781,MINT-ROSUVASTATIN,,,0148963004,N,26-JUN-2026
PROD_88272,88272,02397803,MINT-ROSUVASTATIN,,,0148963001,N,26-JUN-2026
PROD_88273,88273,02397811,MINT-ROSUVASTATIN,,,0148963002,N,26-JUN-2026
PROD_88274,88274,02397838,MINT-ROSUVASTATIN,,,0148963003,N,26-JUN-2026
PROD_88276,88276,02397854,DULCOLAX FOR WOMEN,,LS - LAXATIVES (GENERAL),0101506001,N,27-AUG-2026
PROD_88283,88283,02397900,TEVA-SOLIFENACIN,,,0151584001,N,16-JUN-2026
PROD_88284,88284,02397919,TEVA-SOLIFENACIN,,,0151584002,N,16-JUN-2026
PROD_88297,88297,02398028,PLIAGLIS,,,0253490001,N,22-MAR-2025
PROD_88302,88302,02398079,PMS-PREGABALIN,,,0151121007,N,15-JUN-2026
PROD_88319,88319,02398257,SILENOR,,,0107703007,N,26-JAN-2026
PROD_88320,88320,02398265,SILENOR,,,0107703008,N,26-JAN-2026
PROD_88339,88339,02398435,MYLAN-ALMOTRIPTAN,,,0149521001,N,16-JUN-2026
PROD_88340,88340,02398443,MYLAN-ALMOTRIPTAN,,,0149521002,N,16-JUN-2026
PROD_88354,88354,02398591,APO-CLOPIDOGREL,,,0134440002,N,15-JUN-2026
PROD_88359,88359,02398656,RIVA-LETROZOLE,,,0132937001,N,22-MAR-2025
PROD_88374,88374,02398826,RIVA-MONTELUKAST FC,,,0133823002,N,24-MAR-2026
PROD_88375,88375,02398834,JAMP-LOSARTAN,,,0127971001,N,16-DEC-2025
PROD_88376,88376,02398842,JAMP-LOSARTAN,,,0127971003,N,16-DEC-2025
PROD_88377,88377,02398850,JAMP-LOSARTAN,,,0127971002,N,16-DEC-2025
PROD_88378,88378,02398869,INDAYO,,,0220415001,N,14-JUL-2026
PROD_88386,88386,02398958,DIACOMIT,,,0153530001,N,17-JUN-2026
PROD_88387,88387,02398966,DIACOMIT,,,0153530002,N,17-JUN-2026
PROD_88388,88388,02398974,DIACOMIT,,,0153530001,N,17-JUN-2026
PROD_88390,88390,02398990,BYSTOLIC,,,0153531001,N,22-MAR-2025
PROD_88391,88391,02399008,BYSTOLIC,,,0153531002,N,22-MAR-2025
PROD_88392,88392,02399016,BYSTOLIC,,,0153531003,N,22-MAR-2025
PROD_88393,88393,02399024,BYSTOLIC,,,0153531004,N,22-MAR-2025
PROD_88394,88394,02399032,SANDOZ SOLIFENACIN,,,0151584001,N,18-JUN-2026
PROD_88395,88395,02399040,SANDOZ SOLIFENACIN,,,0151584002,N,18-JUN-2026
PROD_88396,88396,02399059,TEVA-EMTRICITABINE/TENOFOVIR,,,0251568001,N,26-FEB-2026
PROD_88402,88402,02399113,ANTI-AGING COMPLEX EMULSION BROAD SPECTRUM SPF 30,,CAT IV - SUNBURN PROTECTANTS,0544758015,N,11-JUN-2026
PROD_88404,88404,02399148,REFRESH OPTIVE ADVANCED,,,0353532001,N,16-JUN-2025
PROD_88411,88411,02399229,PROQUAD,,,0466265001,N,13-NOV-2025
PROD_88415,88415,02399245,SANDOZ VORICONAZOLE,,,0150242001,N,06-AUG-2026
PROD_88416,88416,02399253,SANDOZ VORICONAZOLE,,,0150242002,N,06-AUG-2026
PROD_88430,88430,02399415,MAR-SERTRALINE,,,0123417003,N,18-JUN-2026
PROD_88431,88431,02399423,MAR-SERTRALINE,,,0123417001,N,18-JUN-2026
PROD_88432,88432,02399431,MAR-SERTRALINE,,,0123417002,N,18-JUN-2026
PROD_88433,88433,02399458,MAR-ZOLMITRIPTAN,,,0134381001,N,28-NOV-2025
PROD_88434,88434,02399466,PENTASA,ALSO KNOWN AS MESALAMINE,,0116808012,N,17-AUG-2026
PROD_88440,88440,02399520,PYRITHIONE ZINC DANDRUFF SHAMPOO ITCH RELIEF,,CAT IV - ANTIDANDRUFF PRODUCTS,0108628001,N,28-AUG-2026
PROD_88442,88442,02399547,PYRITHIONE ZINC DANDRUFF SHAMPOO DRY SCALP CARE 2IN1,,CAT IV - ANTIDANDRUFF PRODUCTS,0108628001,N,22-MAR-2025
PROD_88443,88443,02399555,PYRITHIONE ZINC DANDRUFF SHAMPOO GREEN APPLE,,CAT IV - ANTIDANDRUFF PRODUCTS,0108628001,N,22-MAR-2025
PROD_88444,88444,02399563,PYRITHIONE ZINC DANDRUFF SHAMPOO GREEN APPLE 2IN1,,CAT IV - ANTIDANDRUFF PRODUCTS,0108628001,N,22-MAR-2025
PROD_88449,88449,02399636,PYRITHIONE ZINC DANDRUFF SHAMPOO CLASSIC CLEAN 2IN1,,CAT IV - ANTIDANDRUFF PRODUCTS,0108628001,N,22-MAR-2025
PROD_88450,88450,02399644,PYRITHIONE ZINC DANDRUFF SHAMPOO CLASSIC CLEAN,,CAT IV - ANTIDANDRUFF PRODUCTS,0108628001,N,22-MAR-2025
PROD_88452,88452,02399660,PYRITHIONE ZINC DANDRUFF SHAMPOO CITRUS BREEZE,,CAT IV - ANTIDANDRUFF PRODUCTS,0108628001,N,22-MAR-2025
PROD_88453,88453,02399679,PYRITHIONE ZINC DANDRUFF SHAMPOO DRY SCALP CARE,,CAT IV - ANTIDANDRUFF PRODUCTS,0108628001,N,22-MAR-2025
PROD_88454,88454,02399687,PYRITHIONE ZINC DANDRUFF SHAMPOO ITCH RELIEF 2IN1,,CAT IV - ANTIDANDRUFF PRODUCTS,0108628001,N,28-AUG-2026
PROD_88455,88455,02399695,PYRITHIONE ZINC DANDRUFF SHAMPOO SMOOTH & SILKY,,CAT IV - ANTIDANDRUFF PRODUCTS,0108628001,N,22-MAR-2025
PROD_88456,88456,02399709,PYRITHIONE ZINC DANDRUFF SHAMPOO SMOOTH & SILKY 2IN1,,CAT IV - ANTIDANDRUFF PRODUCTS,0108628001,N,22-MAR-2025
PROD_88459,88459,02399733,ADVIL COLD & SINUS CONVENIENCE PACK,,,0553187001,N,19-MAR-2026
PROD_88462,88462,02399776,ACH-LEVETIRACETAM,,,0148843001,N,22-MAR-2025
PROD_88463,88463,02399784,ACH-LEVETIRACETAM,,,0148843002,N,22-MAR-2025
PROD_88464,88464,02399792,ACH-LEVETIRACETAM,,,0148843003,N,22-MAR-2025
PROD_88465,88465,02399806,TEVA-IMATINIB,,,0145503002,N,17-JUN-2026
PROD_88466,88466,02399814,TEVA-IMATINIB,,,0145503003,N,17-JUN-2026
PROD_88479,88479,02399954,OINTMENT WITH MOISTURIZING VITAMIN E,,CAT IV - MEDICATED SKIN CARE PRODUCTS,0108784007,N,22-MAR-2025
PROD_88483,88483,02399997,MAR-MONTELUKAST,,,0133823002,N,20-APR-2026
PROD_88492,88492,02400081,CLOXACILLIN FOR INJECTION,FOR I.V. INFUSION ONLY,,0131306008,N,13-AUG-2026
PROD_88523,88523,02400421,DILTIAZEM CD,,,0115863004,N,18-JUN-2026
PROD_88524,88524,02400448,DILTIAZEM CD,,,0115863007,N,18-JUN-2026
PROD_88525,88525,02400456,DILTIAZEM CD,,,0115863006,N,18-JUN-2026
PROD_88526,88526,02400464,DILTIAZEM CD,,,0115863008,N,18-JUN-2026
PROD_88532,88532,02400529,CLINDAMYCIN,,,0105830002,N,22-MAR-2025
PROD_88533,88533,02400537,CLINDAMYCIN,,,0105830003,N,22-MAR-2025
PROD_88535,88535,02400553,CLOPIDOGREL,,,0134440001,N,22-MAR-2025
PROD_88536,88536,02400561,AURO-DONEPEZIL,,,0131548001,N,18-JUN-2026
PROD_88537,88537,02400588,AURO-DONEPEZIL,,,0131548002,N,18-JUN-2026
PROD_88543,88543,02400650,ENALAPRIL,,,0117649004,N,22-MAR-2025
PROD_88544,88544,02400669,ENALAPRIL,,,0117649003,N,22-MAR-2025
PROD_88545,88545,02400677,ENALAPRIL,,,0117649001,N,22-MAR-2025
PROD_88546,88546,02400685,ENALAPRIL,,,0117649002,N,22-MAR-2025
PROD_88547,88547,02400693,SILDENAFIL,,,0136261001,N,24-JUN-2026
PROD_88548,88548,02400707,SILDENAFIL,,,0136261002,N,24-JUN-2026
PROD_88549,88549,02400715,SILDENAFIL,,,0136261003,N,24-JUN-2026
PROD_88577,88577,02401029,"CEFAZOLIN FOR INJECTION, USP",SMARTPAK BULK PACKAGE,,0109442007,N,24-JUN-2026
PROD_88592,88592,02401193,ADVIL FLU,,,0252788001,N,09-MAR-2026
PROD_88596,88596,02401231,TRANEXAMIC ACID TABLETS,,,0114760001,N,18-JUN-2026
PROD_88618,88618,02401274,AURO-MONTELUKAST,,,0133823002,N,18-JUN-2026
PROD_88626,88626,02401347,ADCETRIS,,,0153680001,N,24-NOV-2025
PROD_88636,88636,02401460,VINBLASTINE SULPHATE INJECTION,,,0103625001,N,17-JUN-2026
PROD_88640,88640,02401509,AMOXICILLIN,,,0131314006,N,18-DEC-2025
PROD_88644,88644,02401541,AMOXICILLIN,,,0131314003,N,29-AUG-2025
PROD_88649,88649,02401606,ZOLEDRONIC ACID - Z,,,0141761002,N,18-JUN-2026
PROD_88650,88650,02401614,MED-RIVASTIGMINE,,,0140521001,N,16-JUN-2026
PROD_88651,88651,02401622,MED-RIVASTIGMINE,,,0140521002,N,16-JUN-2026
PROD_88652,88652,02401630,MED-RIVASTIGMINE,,,0140521003,N,16-JUN-2026
PROD_88653,88653,02401649,MED-RIVASTIGMINE,,,0140521004,N,16-JUN-2026
PROD_88659,88659,02401703,GENOTROPIN,GOQUICK - PREFILLED PEN,,0131827001,N,15-JUN-2026
PROD_88660,88660,02401711,GENOTROPIN,GOQUICK - PREFILLED PEN,,0131827008,N,15-JUN-2026
PROD_88662,88662,02401746,GENOTROPIN,MINIQUICK - PREFILLED SYRINGE,,0131827015,N,22-MAR-2025
PROD_88663,88663,02401754,GENOTROPIN,MINIQUICK - PREFILLED SYRINGE,,0131827016,N,22-MAR-2025
PROD_88664,88664,02401762,GENOTROPIN,MINIQUICK - PREFILLED SYRINGE,,0131827017,N,15-JUN-2026
PROD_88665,88665,02401770,GENOTROPIN,MINIQUICK - PREFILLED SYRINGE,,0131827018,N,15-JUN-2026
PROD_88666,88666,02401789,GENOTROPIN,MINIQUICK - PREFILLED SYRINGE,,0131827007,N,15-JUN-2026
PROD_88667,88667,02401797,GENOTROPIN,MINIQUICK - PREFILLED SYRINGE,,0131827019,N,15-JUN-2026
PROD_88668,88668,02401800,GENOTROPIN,MINIQUICK - PREFILLED SYRINGE,,0131827020,N,15-JUN-2026
PROD_88669,88669,02401819,GENOTROPIN,MINIQUICK - PREFILLED SYRINGE,,0131827002,N,15-JUN-2026
PROD_88670,88670,02401827,GENOTROPIN,MINIQUICK - PREFILLED SYRINGE,,0131827021,N,15-JUN-2026
PROD_88671,88671,02401835,GENOTROPIN,MINIQUICK - PREFILLED SYRINGE,,0131827022,N,15-JUN-2026
PROD_88676,88676,02401886,AREPANRIX H5N1,AS03-ADJUVANTED H5N1 PANDEMIC INFLUENZA VACCINE,,0162701002,N,18-FEB-2026
PROD_88677,88677,02401894,JAMP-FLUOXETINE,,,0116847003,N,22-MAR-2025
PROD_88679,88679,02401916,BARE SKIN FEEL UV LOTION,,CAT IV - SUNBURN PROTECTANTS,0653694001,N,22-MAR-2025
PROD_88684,88684,02401967,TRI-CIRA LO 21,,,0636783003,N,12-SEP-2025
PROD_88685,88685,02401975,TRI-CIRA LO 28,,,0636783003,N,12-SEP-2025
PROD_88690,88690,02402025,LETROZOLE,,,0132937001,N,18-JUN-2026
PROD_88693,88693,02402068,PIPERACILLIN AND TAZOBACTAM FOR INJECTION,,,0225919004,N,22-MAR-2025
PROD_88694,88694,02402076,PIPERACILLIN AND TAZOBACTAM FOR INJECTION,,,0225919005,N,22-MAR-2025
PROD_88695,88695,02402084,PIPERACILLIN AND TAZOBACTAM FOR INJECTION,,,0225919006,N,22-MAR-2025
PROD_88696,88696,02402092,MAR-DONEPEZIL,,,0131548001,N,18-JUN-2026
PROD_88697,88697,02402106,MAR-DONEPEZIL,,,0131548002,N,18-JUN-2026
PROD_88698,88698,02402114,CLINIQUE MOISTURE SURGE CC CREAM HYDRATING COLOUR CORRECTOR SPF 30,,CAT IV - SUNBURN PROTECTANTS,0427221012,N,12-JUN-2026
PROD_88701,88701,02402149,ACNE TREATMENT SYSTEM,,CAT IV - ACNE THERAPY,0253704001,N,22-JUN-2026
PROD_88702,88702,02402157,SPF 60 ANTHELIOS XL LOTION,,CAT IV - SUNBURN PROTECTANTS,0653694001,N,23-JUN-2026
PROD_88703,88703,02402165,MYLAN-ATOVAQUONE/PROGUANIL,,,0250721002,N,16-JUN-2026
PROD_88705,88705,02402181,PMS-COLCHICINE,,,0107264001,N,19-JUN-2026
PROD_88721,88721,02402378,MINT-SERTRALINE,,,0123417003,N,22-MAR-2025
PROD_88722,88722,02402394,MINT-SERTRALINE,,,0123417001,N,22-MAR-2025
PROD_88723,88723,02402408,MINT-SERTRALINE,,,0123417002,N,22-MAR-2025
PROD_88726,88726,02402424,PMS-TETRABENAZINE,,,0128227001,N,16-JUN-2026
PROD_88731,88731,02402475,ORENCIA,PREFILLED SYRINGE,,0151647002,N,31-JUL-2026
PROD_88737,88737,02402548,MAR-SILDENAFIL,,,0136261003,N,22-MAR-2025
PROD_88746,88746,02402610,TARO-LANSOPRAZOLE,,,0127666003,N,22-MAR-2025
PROD_88747,88747,02402629,TARO-LANSOPRAZOLE,,,0127666004,N,22-MAR-2025
PROD_88749,88749,02402645,ACH-DONEPEZIL,,,0131548001,N,25-JUN-2025
PROD_88750,88750,02402653,ACH-DONEPEZIL,,,0131548002,N,25-JUN-2025
PROD_88767,88767,02402831,GEMCITABINE INJECTION,SINGLE-USE VIALS. 200MG/5.3ML; 1G/26.3ML; 2G/52.6ML. READY-TO-USE,,0133122005,N,22-MAR-2025
PROD_88770,88770,02402874,MYRBETRIQ,,,0154130001,N,16-JUN-2026
PROD_88771,88771,02402882,MYRBETRIQ,,,0154130002,N,16-JUN-2026
PROD_88773,88773,02402904,NIMENRIX,SINGLE-DOSE VIAL WITH DILUENT (0.5ML IN A PREFILLED-SYRINGE). 1 & 10 KITS,,0554131001,N,15-AUG-2025
PROD_88800,88800,02403188,CISPLATIN INJECTION,"10 MG/10 ML, 50 MG/50 ML, AND 100 MG/100 ML",,0113245002,N,20-AUG-2026
PROD_88801,88801,02403196,TEVA-CLARITHROMYCIN XL,,,0123752002,N,22-MAR-2025
PROD_88807,88807,02403250,JENTADUETO,,,0254133001,N,19-JUN-2026
PROD_88808,88808,02403269,JENTADUETO,,,0254133002,N,16-JUN-2026
PROD_88809,88809,02403277,JENTADUETO,,,0254133003,N,16-JUN-2026
PROD_88814,88814,02403323,AURO-LOSARTAN,,,0127971001,N,18-JUN-2026
PROD_88815,88815,02403331,AURO-LOSARTAN,,,0127971003,N,18-JUN-2026
PROD_88816,88816,02403358,AURO-LOSARTAN,,,0127971002,N,18-JUN-2026
PROD_88817,88817,02403366,ROSIGLITAZONE,,,0138802002,N,22-MAR-2025
PROD_88818,88818,02403374,ROSIGLITAZONE,,,0138802003,N,22-MAR-2025
PROD_88819,88819,02403382,ROSIGLITAZONE,,,0138802004,N,22-MAR-2025
PROD_88820,88820,02403390,STIVARGA,,,0154134001,N,16-JUN-2026
PROD_88822,88822,02403412,HUMALOG (KWIKPEN),PREFILLED PEN,,0131614001,N,31-JUL-2026
PROD_88823,88823,02403420,HUMALOG MIX 25 (KWIKPEN),PREFILLED PEN,,0242161001,N,31-JUL-2026
PROD_88824,88824,02403439,HUMALOG MIX 50 (KWIKPEN),PREFILLED PEN,,0242161002,N,18-AUG-2026
PROD_88825,88825,02403447,HUMULIN N (KWIKPEN),,,0123341001,N,19-JUN-2026
PROD_88828,88828,02403471,PURELL SANITIZING WIPES,,CAT IV - ANTISEPTIC SKIN CLEANSERS,0104993016,N,26-JUN-2026
PROD_88829,88829,02403498,BICART,,,0104153024,N,22-MAR-2025
PROD_88830,88830,02403501,BICART,,,0104153025,N,22-MAR-2025
PROD_88832,88832,02403536,5% DEXTROSE INJECTION,,,0102181006,N,22-MAR-2025
PROD_88833,88833,02403544,"COLISTIMETHATE FOR INJECTION, USP",,,0105857001,N,22-MAR-2025
PROD_88834,88834,02403552,PREVENTAGE FIRMING DEFENSE CRÈME NORMAL/DRY BROAD SPECTRUM SPF 15,,,0242881004,N,11-JUN-2026
PROD_88835,88835,02403560,PREVENTAGE FIRMING DEFENSE CRÈME NORMAL/OILY BROAD SPECTRUM SPF 15,,,0242881004,N,11-JUN-2026
PROD_88837,88837,02403587,APO-MOMETASONE,AQUEOUS SUSPENSION. 140 DOSES.,,0121732002,N,15-JUN-2026
PROD_88848,88848,02403692,PREGABALIN,,,0151121001,N,22-MAR-2025
PROD_88849,88849,02403706,PREGABALIN,,,0151121002,N,22-MAR-2025
PROD_88850,88850,02403714,PREGABALIN,,,0151121003,N,22-MAR-2025
PROD_88851,88851,02403722,PREGABALIN,,,0151121005,N,22-MAR-2025
PROD_88852,88852,02403730,PREGABALIN,,,0151121008,N,22-MAR-2025
PROD_88864,88864,02403870,MAR-DOMPERIDONE,,,0116957001,N,18-JUN-2026
PROD_88865,88865,02403889,TEVA-TENOFOVIR,EQUIVALENT TO 245 MG TENOFOVIR DISOPROXIL,,0152569001,N,18-AUG-2026
PROD_88866,88866,02403897,NEUPRO,,,0154150001,N,15-JUN-2026
PROD_88867,88867,02403900,NEUPRO,,,0154150002,N,15-JUN-2026
PROD_88868,88868,02403919,NEUPRO,,,0154150003,N,15-JUN-2026
PROD_88869,88869,02403927,NEUPRO,,,0154150004,N,15-JUN-2026
PROD_88870,88870,02403935,NEUPRO,,,0154150005,N,15-JUN-2026
PROD_88871,88871,02403943,NEUPRO,,,0154150006,N,15-JUN-2026
PROD_88879,88879,02404044,XERESE,,,0254151001,N,12-FEB-2026
PROD_88899,88899,02404206,APO-DUTASTERIDE,,,0149361001,N,16-JUN-2026
PROD_88925,88925,02404494,CLARITIN LIQUID CAPSULES,,,0120416001,N,22-MAR-2025
PROD_88926,88926,02404508,TECFIDERA,,,0154210001,N,29-JUL-2026
PROD_88927,88927,02404516,FYCOMPA,,,0154211001,N,16-JUN-2026
PROD_88928,88928,02404567,FYCOMPA,,,0154211006,N,16-JUN-2026
PROD_88929,88929,02404524,FYCOMPA,,,0154211002,N,16-JUN-2026
PROD_88930,88930,02404532,FYCOMPA,,,0154211003,N,16-JUN-2026
PROD_88931,88931,02404540,FYCOMPA,,,0154211004,N,16-JUN-2026
PROD_88932,88932,02404559,FYCOMPA,,,0154211005,N,16-JUN-2026
PROD_88948,88948,02404680,APO-RASAGILINE,,,0151662001,N,16-JUN-2026
PROD_88949,88949,02404699,APO-RASAGILINE,,,0151662002,N,16-JUN-2026
PROD_88956,88956,02404761,"GANCICLOVIR FOR INJECTION, USP",,,0128037002,N,15-DEC-2025
PROD_88967,88967,02404842,ANTI-AGING COMPLEX EYE TREATMENT BROAD SPECTRUM SPF 15,,CAT IV - SUNBURN PROTECTANTS,0216792035,N,11-JUN-2026
PROD_88979,88979,02404966,NEOCITRAN ULTRA STRENGTH TOTAL FLU,,,0319503010,N,23-JUL-2026
PROD_88980,88980,02404974,"NIGHTTIME FLU, COUGH & COLD COMPLETE RELIEF EXTRA STRENGTH",,,0327704004,N,12-JUN-2026
PROD_88981,88981,02404982,CEPACOL CHILDREN'S FRUITY STRAWBERRY,,CAT IV - THROAT LOZENGES,0206936001,N,15-APR-2026
PROD_88984,88984,02405016,PERJETA,CONCENTRATE SOLUTION. 14 ML VIAL,,0154250001,N,20-AUG-2026
PROD_88985,88985,02405024,PERJETA-HERCEPTIN,COMBINATION PACK,,0254251001,N,26-AUG-2026
PROD_88988,88988,02405040,AURO-VALACYCLOVIR,,,0128626001,N,16-JUN-2026
PROD_88989,88989,02405059,AURO-VALACYCLOVIR,,,0128626003,N,22-MAR-2025
PROD_88992,88992,02405091,PERIOGARD ALCOHOL FREE,,,0107629007,N,22-MAR-2025
PROD_88996,88996,02405148,AURO-SIMVASTATIN,,,0122415001,N,17-JUN-2026
PROD_88997,88997,02405172,AURO-SIMVASTATIN,,,0122415002,N,17-JUN-2026
PROD_88998,88998,02405156,AURO-SIMVASTATIN,,,0122415004,N,17-JUN-2026
PROD_88999,88999,02405164,AURO-SIMVASTATIN,,,0122415003,N,17-JUN-2026
PROD_89000,89000,02405180,AURO-SIMVASTATIN,,,0122415005,N,17-JUN-2026
PROD_89013,89013,02405334,SANDOZ ALMOTRIPTAN,,,0149521002,N,18-JUN-2026
PROD_89032,89032,02405539,PREGABALIN,,,0151121001,N,17-APR-2025
PROD_89033,89033,02405547,PREGABALIN,,,0151121002,N,17-APR-2025
PROD_89034,89034,02405555,PREGABALIN,,,0151121003,N,17-APR-2025
PROD_89035,89035,02405563,PREGABALIN,,,0151121005,N,17-APR-2025
PROD_89037,89037,02405598,PREGABALIN,,,0151121008,N,17-APR-2025
PROD_89039,89039,02405628,ROSUVASTATIN,,,0148963004,N,29-SEP-2025
PROD_89040,89040,02405636,ROSUVASTATIN,,,0148963001,N,29-SEP-2025
PROD_89041,89041,02405644,ROSUVASTATIN,,,0148963002,N,29-SEP-2025
PROD_89042,89042,02405652,ROSUVASTATIN,,,0148963003,N,29-SEP-2025
PROD_89050,89050,02405733,MINT-LOSARTAN,,,0127971001,N,22-MAR-2025
PROD_89051,89051,02405741,MINT-LOSARTAN,,,0127971003,N,23-JUN-2026
PROD_89052,89052,02405768,MINT-LOSARTAN,,,0127971002,N,22-MAR-2025
PROD_89053,89053,02405776,JAMP NEVIRAPINE,,,0134602001,N,22-MAR-2025
PROD_89058,89058,02405814,AURO-FINASTERIDE,,,0124110001,N,17-JUN-2026
PROD_89059,89059,02405822,VANCOMYCIN HYDROCHLORIDE FOR INJECTION USP,,,0131315007,N,05-AUG-2026
PROD_89060,89060,02405830,VANCOMYCIN HYDROCHLORIDE FOR INJECTION USP,,,0131315008,N,05-AUG-2026
PROD_89071,89071,02405962,RIVA-ATOMOXETINE,,,0150434001,N,23-JUN-2026
PROD_89072,89072,02405970,RIVA-ATOMOXETINE,,,0150434002,N,23-JUN-2026
PROD_89073,89073,02405989,RIVA-ATOMOXETINE,,,0150434003,N,23-JUN-2026
PROD_89075,89075,02406004,RIVA-ATOMOXETINE,,,0150434005,N,23-JUN-2026
PROD_89088,89088,02406152,SILDENAFIL,,,0136261002,N,31-MAR-2025
PROD_89089,89089,02406160,SILDENAFIL,,,0136261003,N,31-MAR-2025
PROD_89090,89090,02406179,PROACTIV SOLUTION 3-STEP ACNE ROUTINE,,,0253309001,N,23-SEP-2025
PROD_89091,89091,02406187,PMS-DOXYLAMINE-PYRIDOXINE,,,0213346001,N,22-MAR-2025
PROD_89096,89096,02406233,UVADEX,TO BE ADMINSTERED VIA THE UVAR XTS OR THERAKOS CELLEX PHOTOPHERESIS SYSTEMS,,0107802003,N,14-AUG-2026
PROD_89102,89102,02406306,AURO-RISEDRONATE,,,0135301003,N,18-JUN-2026
PROD_89109,89109,02406373,APO-MOXIFLOXACIN,,,0142242003,N,15-JUN-2026
PROD_89112,89112,02406411,"HALOPERIDOL INJECTION, USP",1 ML AND 10 ML MULTIDOSE VIALS,,0101774001,N,21-AUG-2026
PROD_89123,89123,02406535,"VANCOMYCIN HYDROCHLORIDE FOR INJECTION, USP",SINGLE-USE VIAL,,0131315003,N,07-AUG-2026
PROD_89124,89124,02406543,"VANCOMYCIN HYDROCHLORIDE FOR INJECTION, USP",SINGLE-USE VIAL,,0131315009,N,07-AUG-2026
PROD_89125,89125,02406551,"VANCOMYCIN HYDROCHLORIDE FOR INJECTION, USP",,,0131315007,N,22-MAR-2025
PROD_89131,89131,02406624,JAMP OLANZAPINE ODT,,,0128783003,N,20-MAR-2026
PROD_89132,89132,02406632,JAMP OLANZAPINE ODT,,,0128783002,N,22-JUN-2026
PROD_89133,89133,02406640,JAMP OLANZAPINE ODT,,,0128783005,N,22-JUN-2026
PROD_89134,89134,02406659,JAMP OLANZAPINE ODT,,,0128783006,N,22-JUN-2026
PROD_89145,89145,02406772,PMS-CYTARABINE,SINGLE-DOSE VIAL,,0108854005,N,07-AUG-2026
PROD_89148,89148,02406802,SOFTSOAP ANTIBACTERIAL,,CAT IV - ANTISEPTIC SKIN CLEANSERS,0104993016,N,24-JUN-2026
PROD_89149,89149,02406810,SPC-IRBESARTAN,,,0131700001,N,03-JUL-2026
PROD_89150,89150,02406829,SPC-IRBESARTAN,,,0131700002,N,03-JUL-2026
PROD_89151,89151,02406837,SPC-IRBESARTAN,,,0131700003,N,03-JUL-2026
PROD_89154,89154,02406853,FONDAPARINUX SODIUM INJECTION,,,0146781001,N,16-JUN-2026
PROD_89156,89156,02406896,FONDAPARINUX SODIUM INJECTION,,,0146781002,N,16-JUN-2026
PROD_89158,89158,02406926,MARCELLE/CC/CREAM/CRÈME COMPLETE CORRECTION/CORRECTION COMPLÈTE/SPF 35 FPS,,CAT IV - SUNBURN PROTECTANTS,0216790062,N,22-MAR-2025
PROD_89162,89162,02406969,JAMP-ZOPICLONE TABLETS,,,0122562002,N,06-AUG-2026
PROD_89163,89163,02406977,JAMP-ZOPICLONE TABLETS,,,0122562001,N,06-AUG-2026
PROD_89171,89171,02407051,RODAN+FIELDS ESSENTIALS LIP SHIELD,,CAT IV - SUNBURN PROTECTANTS,0451521030,N,26-JUN-2026
PROD_89182,89182,02407124,APO-GLICLAZIDE MR,MODIFIED-RELEASE BREAKABLE TABLETS,,0119934003,N,25-AUG-2026
PROD_89196,89196,02407256,AURO-ATORVASTATIN,,,0133055001,N,05-MAR-2026
PROD_89197,89197,02407264,AURO-ATORVASTATIN,,,0133055002,N,05-MAR-2026
PROD_89198,89198,02407272,AURO-ATORVASTATIN,,,0133055003,N,05-MAR-2026
PROD_89199,89199,02407280,AURO-ATORVASTATIN,,,0133055004,N,05-MAR-2026
PROD_89203,89203,02407329,XTANDI,,,0154350001,N,15-JUN-2026
PROD_89210,89210,02407418,MINT-ESCITALOPRAM,,,0150435002,N,22-MAR-2025
PROD_89212,89212,02407434,MINT-ESCITALOPRAM,,,0150435004,N,22-MAR-2025
PROD_89213,89213,02407442,MYLAN-NITRO PATCH 0.2,,,0103615026,N,16-JUN-2026
PROD_89214,89214,02407450,MYLAN-NITRO PATCH 0.4,,,0103615009,N,16-JUN-2026
PROD_89215,89215,02407469,MYLAN-NITRO PATCH 0.6,,,0103615022,N,16-JUN-2026
PROD_89216,89216,02407477,MYLAN-NITRO PATCH 0.8,,,0103615027,N,16-JUN-2026
PROD_89217,89217,02407485,ACH-TELMISARTAN,,,0138223001,N,22-MAR-2025
PROD_89218,89218,02407493,ACH-TELMISARTAN,,,0138223002,N,22-MAR-2025
PROD_89232,89232,02407590,APO-TETRABENAZINE,,,0128227001,N,16-JUN-2026
PROD_89240,89240,02407671,SANDOZ QUETIAPINE XRT,,,0131858006,N,22-MAR-2025
PROD_89241,89241,02407701,SANDOZ QUETIAPINE XRT,,,0131858003,N,22-MAR-2025
PROD_89242,89242,02407728,SANDOZ QUETIAPINE XRT,,,0131858005,N,22-MAR-2025
PROD_89243,89243,02407736,SANDOZ QUETIAPINE XRT,,,0131858007,N,22-MAR-2025
PROD_89244,89244,02407698,SANDOZ QUETIAPINE XRT,,,0131858004,N,22-MAR-2025
PROD_89245,89245,02407744,JAMP VANCOMYCIN,,,0131315002,N,22-MAR-2025
PROD_89246,89246,02407752,JAMP VANCOMYCIN,,,0131315006,N,22-MAR-2025
PROD_89256,89256,02407841,MED-EXEMESTANE,,,0141702001,N,27-AUG-2026
PROD_89270,89270,02408007,FENTORA,,,0123302012,N,24-JUL-2026
PROD_89271,89271,02408015,FENTORA,,,0123302017,N,24-JUL-2026
PROD_89272,89272,02408023,FENTORA,,,0123302018,N,24-JUL-2026
PROD_89273,89273,02408031,FENTORA,,,0123302019,N,24-JUL-2026
PROD_89274,89274,02408058,FENTORA,,,0123302020,N,24-JUL-2026
PROD_89280,89280,02408112,AURO-VALSARTAN HCT,,,0240204001,N,18-JUN-2026
PROD_89287,89287,02408120,AURO-VALSARTAN HCT,,,0240204002,N,18-JUN-2026
PROD_89288,89288,02408139,AURO-VALSARTAN HCT,,,0240204003,N,18-JUN-2026
PROD_89289,89289,02408147,AURO-VALSARTAN HCT,,,0240204004,N,18-JUN-2026
PROD_89290,89290,02408155,AURO-VALSARTAN HCT,,,0240204005,N,18-JUN-2026
PROD_89301,89301,02408287,TEVA-DUTASTERIDE,SOFT GELATIN CAPSULE,,0149361001,N,15-JUN-2026
PROD_89318,89318,02408430,SOLUPREP AQ SPONGE,,,0107629004,N,18-DEC-2025
PROD_89326,89326,02408511,CLINDAMYCIN IV INFUSION,600MG/50ML MINIBAGS. SINGLE USE.,,0105830009,N,16-JUN-2026
PROD_89327,89327,02408538,CLINDAMYCIN IV INFUSION,900MG/50ML MINIBAGS. SINGLE USE.,,0105830010,N,16-JUN-2026
PROD_89331,89331,02408570,MYLAN-PANTOPRAZOLE T,,,0133229001,N,16-JUN-2026
PROD_89334,89334,02408600,MINT-DONEPEZIL,,,0131548001,N,18-JUN-2026
PROD_89335,89335,02408619,MINT-DONEPEZIL,,,0131548002,N,18-JUN-2026
PROD_89336,89336,02408627,MINT-MONTELUKAST,,,0133823003,N,18-JUN-2026
PROD_89337,89337,02408635,MINT-MONTELUKAST,,,0133823001,N,18-JUN-2026
PROD_89338,89338,02408643,MINT-MONTELUKAST,,,0133823002,N,18-JUN-2026
PROD_89352,89352,02408767,APO-QUINAPRIL/HCTZ,,,0231789001,N,17-JUN-2025
PROD_89353,89353,02408775,APO-QUINAPRIL/HCTZ,,,0231789002,N,17-JUN-2025
PROD_89354,89354,02408783,APO-QUINAPRIL/HCTZ,,,0231789003,N,17-JUN-2025
PROD_89357,89357,02408813,CISATRACURIUM BESYLATE INJECTION USP MULTIDOSE,10 ML CONTAINS PRESERVATIVE,,0133260001,N,19-AUG-2026
PROD_89362,89362,02408872,BREO ELLIPTA,POWDER IN BLISTERS FOR ORAL INHALATION,,0254450003,N,16-JUN-2026
PROD_89363,89363,02408880,MINT-GABAPENTIN,,,0125929001,N,06-JAN-2026
PROD_89364,89364,02408899,MINT-GABAPENTIN,,,0125929003,N,06-JAN-2026
PROD_89365,89365,02408902,MINT-GABAPENTIN,,,0125929002,N,06-JAN-2026
PROD_89366,89366,02408910,MINT-CLOPIDOGREL,,,0134440001,N,22-MAR-2025
PROD_89374,89374,02409003,NATCO-CITALOPRAM,,,0136243003,N,20-JUL-2026
PROD_89382,89382,02409097,GD-TRANEXAMIC ACID,,,0114760001,N,22-JUN-2026
PROD_89383,89383,02409100,INTUNIV XR,,,0154470001,N,19-NOV-2025
PROD_89384,89384,02409119,INTUNIV XR,,,0154470002,N,19-NOV-2025
PROD_89385,89385,02409127,INTUNIV XR,,,0154470003,N,19-NOV-2025
PROD_89386,89386,02409135,INTUNIV XR,,,0154470004,N,19-NOV-2025
PROD_89394,89394,02409224,EXTRA STRENGTH DORMEX CAPSULES,,LS - SLEEP AIDS,0102639001,N,22-MAR-2025
PROD_89397,89397,02409259,EXTRA STRENGTH DORMEX CAPLETS,,LS - SLEEP AIDS,0102639001,N,22-MAR-2025
PROD_89398,89398,02409267,ERIVEDGE,,,0154490001,N,16-JUN-2026
PROD_89399,89399,02409275,DOXORUBICIN HYDROCHLORIDE INJECTION,"10 MG/5 ML, 50 MG/25 ML, AND 200 MG/100 ML VIALS",,0110825002,N,20-AUG-2026
PROD_89406,89406,02409356,TIGECYCLINE,SINGLE-USE VIALS,,0151666001,N,10-AUG-2026
PROD_89412,89412,02409410,PMS-TADALAFIL,,,0149485003,N,22-MAR-2025
PROD_89413,89413,02409429,PMS-TADALAFIL,,,0149485004,N,22-MAR-2025
PROD_89414,89414,02409437,PMS-TADALAFIL,,,0149485001,N,22-MAR-2025
PROD_89415,89415,02409445,PMS-TADALAFIL,,,0149485002,N,22-MAR-2025
PROD_89422,89422,02409534,VICKS DAYQUIL COMPLETE COLD & FLU LIQUID,,"LS - ANALG. (ACETAMINOPHEN, SALICYLATES, CODEINE)",0451421008,N,12-JUN-2026
PROD_89423,89423,02409542,VICKS NYQUIL COMPLETE COLD & FLU,,"LS - ANALG. (ACETAMINOPHEN, SALICYLATES, CODEINE)",0451561002,N,12-JUN-2026
PROD_89429,89429,02409607,TAFINLAR,,,0154510001,N,20-MAR-2026
PROD_89430,89430,02409615,TAFINLAR,,,0154510002,N,02-MAR-2026
PROD_89431,89431,02409623,MEKINIST,,,0154511001,N,02-MAR-2026
PROD_89433,89433,02409658,MEKINIST,,,0154511003,N,02-MAR-2026
PROD_89440,89440,02409720,TUDORZA GENUAIR,FOR ORAL INHALATION,,0154531001,N,30-JUL-2026
PROD_89449,89449,02409836,GELUSIL ANTACID AND ANTI-GAS,,LS - ANTIFLATULANTS/ANTACIDS,0349684001,N,01-DEC-2025
PROD_89462,89462,02409968,CEFTRIAXONE FOR INJECTION,SMARTPAK BULK PACKAGE,,0117292009,N,17-JUL-2026
PROD_89463,89463,02409976,LA MER THE SPF 50 UV PROTECTING FLUID,,CAT IV - SUNBURN PROTECTANTS,0544758104,N,26-JUN-2026
PROD_89467,89467,02410028,IDARUBICIN,,,0122755004,N,29-JUL-2026
PROD_89471,89471,02410044,FPS 30 SOIN COMPLET,,CAT IV - SUNBURN PROTECTANTS,0653694003,N,22-MAR-2025
PROD_89473,89473,02410060,FPS 60 SOIN COMPLET,,CAT IV - SUNBURN PROTECTANTS,0653694001,N,22-MAR-2025
PROD_89481,89481,02410141,MINT-OLANZAPINE,,,0128783001,N,16-JUN-2026
PROD_89482,89482,02410168,MINT-OLANZAPINE,,,0128783003,N,16-JUN-2026
PROD_89483,89483,02410176,MINT-OLANZAPINE,,,0128783004,N,16-JUN-2026
PROD_89484,89484,02410184,MINT-OLANZAPINE,,,0128783002,N,16-JUN-2026
PROD_89485,89485,02410192,MINT-OLANZAPINE,,,0128783005,N,16-JUN-2026
PROD_89490,89490,02410249,MIRVALA 21,ORAL CONTRACEPTIVE,,0224591001,N,17-AUG-2026
PROD_89491,89491,02410257,MIRVALA 28,ORAL CONTRACEPTIVE,,0224591001,N,17-AUG-2026
PROD_89495,89495,02410303,MOVISSE,,,0106372001,N,14-JUL-2026
PROD_89503,89503,02410389,LANSOPRAZOLE,,,0127666001,N,24-JUN-2026
PROD_89506,89506,02410397,DOXORUBICIN,,,0110825002,N,23-JUN-2026
PROD_89530,89530,02410621,MYLAN-TADALAFIL,,,0149485003,N,22-MAR-2025
PROD_89531,89531,02410648,MYLAN-TADALAFIL,,,0149485004,N,22-MAR-2025
PROD_89532,89532,02410656,MYLAN-TADALAFIL,,,0149485001,N,22-MAR-2025
PROD_89533,89533,02410664,MYLAN-TADALAFIL,,,0149485002,N,22-MAR-2025
PROD_89537,89537,02410702,ZAXINE,,,0154590001,N,16-JUN-2026
PROD_89540,89540,02410826,BERIPLEX P/N 1000,"FACTOR II 760-1600IU, FACTOR VII 400-1000IU, FACTOR IX 800-1240IU, FACTOR X 1000-2040IU, PROTEIN C 840-1640IU, PROTEIN S 480-1360IU",,0652205004,N,18-AUG-2026
PROD_89541,89541,02410745,LORAZEPAM SUBLINGUAL,,,0110731003,N,22-MAR-2025
PROD_89542,89542,02410753,LORAZEPAM SUBLINGUAL,,,0110731001,N,22-MAR-2025
PROD_89543,89543,02410761,LORAZEPAM SUBLINGUAL,,,0110731002,N,22-MAR-2025
PROD_89544,89544,02410788,ZAMINE 21,,,0250430001,N,18-MAR-2026
PROD_89545,89545,02410796,ZAMINE 28,,,0250430001,N,18-MAR-2026
PROD_89554,89554,02410907,PAIN RELIEF RUB TRIETHANOLAMINE SALICYLATE CREAM,,,0103740002,N,22-MAR-2025
PROD_89563,89563,02410990,GLN-GABAPENTIN,,,0125929004,N,16-SEP-2025
PROD_89564,89564,02411008,GLN-GABAPENTIN,,,0125929005,N,16-SEP-2025
PROD_89587,89587,02411245,PROACTIV+ PORE TARGETING SOLUTION,,,0107205004,N,22-MAR-2025
PROD_89588,89588,02411253,APO-AMLODIPINE-ATORVASTATIN,,,0251555001,N,15-JUN-2026
PROD_89589,89589,02411261,APO-AMLODIPINE-ATORVASTATIN,,,0251555002,N,15-JUN-2026
PROD_89590,89590,02411288,APO-AMLODIPINE-ATORVASTATIN,,,0251555003,N,15-JUN-2026
PROD_89591,89591,02411296,APO-AMLODIPINE-ATORVASTATIN,,,0251555004,N,15-JUN-2026
PROD_89592,89592,02411318,APO-AMLODIPINE-ATORVASTATIN,,,0251555005,N,15-JUN-2026
PROD_89593,89593,02411326,APO-AMLODIPINE-ATORVASTATIN,,,0251555006,N,15-JUN-2026
PROD_89594,89594,02411334,APO-AMLODIPINE-ATORVASTATIN,,,0251555007,N,15-JUN-2026
PROD_89595,89595,02411342,APO-AMLODIPINE-ATORVASTATIN,,,0251555008,N,15-JUN-2026
PROD_89596,89596,02411350,ATORVASTATIN-10,,,0133055001,N,27-AUG-2026
PROD_89597,89597,02411369,ATORVASTATIN-20,,,0133055002,N,27-AUG-2026
PROD_89598,89598,02411377,ATORVASTATIN-40,,,0133055003,N,27-AUG-2026
PROD_89599,89599,02411385,ATORVASTATIN-80,,,0133055004,N,27-AUG-2026
PROD_89601,89601,02411393,ILEVRO,,,0152459002,N,22-MAR-2025
PROD_89602,89602,02411407,RISEDRONATE,,,0135301003,N,24-JUN-2026
PROD_89614,89614,02411520,SANDOZ MOXIFLOXACIN,,,0142242003,N,22-JUN-2026
PROD_89622,89622,02411628,ROSUVASTATIN,,,0148963004,N,11-SEP-2025
PROD_89623,89623,02411636,ROSUVASTATIN,,,0148963001,N,11-SEP-2025
PROD_89624,89624,02411644,ROSUVASTATIN,,,0148963002,N,11-SEP-2025
PROD_89625,89625,02411652,ROSUVASTATIN,,,0148963003,N,11-SEP-2025
PROD_89629,89629,02411695,AURO-MIRTAZAPINE,,,0143928001,N,18-JUN-2026
PROD_89630,89630,02411709,AURO-MIRTAZAPINE,,,0143928002,N,18-JUN-2026
PROD_89632,89632,02411717,AURO-MIRTAZAPINE,,,0143928003,N,18-JUN-2026
PROD_89643,89643,02411849,VEREGEN,,,0154690001,N,22-APR-2026
PROD_89644,89644,02411857,OMEPRAZOLE-20,,,0121643001,N,22-MAR-2025
PROD_89652,89652,02411954,MAR-PAROXETINE,,,0123131002,N,22-JUN-2026
PROD_89654,89654,02411946,MAR-PAROXETINE,,,0123131003,N,22-JUN-2026
PROD_89655,89655,02411962,MAR-PAROXETINE,,,0123131001,N,22-JUN-2026
PROD_89660,89660,02412012,BENZOYL PEROXIDE ACNE TREATMENT 5%,,CAT IV - ACNE THERAPY,0107205001,N,29-JUN-2026
PROD_89674,89674,02412179,PMS-SILDENAFIL R,,,0136261004,N,16-JUN-2026
PROD_89676,89676,02412195,TEVA-TOLTERODINE LA,,,0135202002,N,16-JUN-2026
PROD_89677,89677,02412209,TEVA-TOLTERODINE LA,,,0135202003,N,16-JUN-2026
PROD_89682,89682,02412268,LACTULOSE,,LS - LACTULOSE,0113020001,N,22-MAR-2025
PROD_89685,89685,02412292,GEMCITABINE INJECTION,"5 ML, 25 ML, AND 50 ML SINGLE-USE VIALS",,0133122005,N,04-AUG-2026
PROD_89690,89690,02412322,TRELSTAR,MICROGRANULES FOR DEPOT SUSP. 6 MONTH SLOW-RELEASE,,0137103003,N,30-JUL-2026
PROD_89698,89698,02412365,KADCYLA,SINGLE-USE VIAL,,0154730002,N,07-AUG-2026
PROD_89708,89708,02412470,JAMP-PYRANTEL PAMOATE SUSPENSION,,LS - ANTHELMINTICS,0108709001,N,26-JUN-2026
PROD_89713,89713,02412497,MINT-CELECOXIB,,,0137043001,N,18-JUN-2026
PROD_89714,89714,02412500,MINT-CELECOXIB,,,0137043002,N,18-JUN-2026
PROD_89735,89735,02412683,NAGLAZYME,5 MG/5 ML SINGLE-USE VIAL,,0154752001,N,04-AUG-2026
PROD_89742,89742,02412764,ADEMPAS,,,0154770001,N,12-JUN-2026
PROD_89743,89743,02412772,ADEMPAS,,,0154770002,N,12-JUN-2026
PROD_89745,89745,02412799,ADEMPAS,,,0154770003,N,12-JUN-2026
PROD_89746,89746,02412802,ADEMPAS,,,0154770004,N,12-JUN-2026
PROD_89747,89747,02412810,ADEMPAS,,,0154770005,N,12-JUN-2026
PROD_89756,89756,02412853,BIO-DONEPEZIL,,,0131548001,N,22-JUN-2026
PROD_89757,89757,02412861,BIO-DONEPEZIL,,,0131548002,N,22-JUN-2026
PROD_89772,89772,02413051,MAR-ROSUVASTATIN,,,0148963004,N,28-OCT-2025
PROD_89773,89773,02413078,MAR-ROSUVASTATIN,,,0148963001,N,28-OCT-2025
PROD_89774,89774,02413086,MAR-ROSUVASTATIN,,,0148963002,N,28-OCT-2025
PROD_89775,89775,02413108,MAR-ROSUVASTATIN,,,0148963003,N,28-OCT-2025
PROD_89782,89782,02413140,SANDOZ TOLTERODINE LA,,,0135202002,N,16-JUN-2026
PROD_89783,89783,02413159,SANDOZ TOLTERODINE LA,,,0135202003,N,16-JUN-2026
PROD_89784,89784,02413167,SANDOZ TRAVOPROST,,,0145801001,N,22-JUN-2026
PROD_89785,89785,02413175,SIMPONI,SINGLE-USE PREFILLED SYRINGE,,0152549001,N,12-AUG-2026
PROD_89786,89786,02413183,SIMPONI,SINGLE-USE AUTO-INJECTOR,,0152549001,N,14-AUG-2026
PROD_89791,89791,02413248,APO-DOXYLAMINE/B6,,,0213346001,N,22-MAR-2025
PROD_89797,89797,02413299,SIGNIFOR,,,0154790001,N,26-JUN-2025
PROD_89798,89798,02413302,SIGNIFOR,,,0154790002,N,26-JUN-2025
PROD_89799,89799,02413310,SIGNIFOR,,,0154790003,N,26-JUN-2025
PROD_89802,89802,02413345,APO-CLARITHROMYCIN XL,,,0123752002,N,07-AUG-2025
PROD_89805,89805,02413388,JUBLIA,,,0154810001,N,02-APR-2026
PROD_89810,89810,02413450,FLUOROURACIL INJECTION USP,,,0107505001,N,11-JUN-2026
PROD_89811,89811,02413442,PAIN RELIEF CREAM EXTRA STRENGTH,,LS - TRIETHANOLAMINE SALICYLATE (TROLAMINE),0103740004,N,22-MAR-2025
PROD_89812,89812,02413469,PMS-DICLOFENAC-MISOPROSTOL,,,0222885003,N,22-MAR-2025
PROD_89813,89813,02413477,PMS-DICLOFENAC-MISOPROSTOL,,,0222885004,N,22-MAR-2025
PROD_89826,89826,02413612,TAMSULOSIN CR,,,0133680001,N,22-JUN-2026
PROD_89827,89827,02413620,BACLOFEN INJECTION,,,0113246004,N,22-MAR-2025
PROD_89828,89828,02413639,BACLOFEN INJECTION,,,0113246005,N,22-MAR-2025
PROD_89829,89829,02413647,BACLOFEN INJECTION,,,0113246003,N,22-MAR-2025
PROD_89830,89830,02413655,PROACTIV EMERGENCY BLEMISH RELIEF,,CAT IV - ACNE THERAPY,0107205001,N,22-MAR-2025
PROD_89839,89839,02413760,FORMULA 3,,,0102537001,N,29-SEP-2025
PROD_89845,89845,02413809,TEVA-RISEDRONATE,,,0135301005,N,17-JUN-2026
PROD_89847,89847,02413825,TEVA-VALGANCICLOVIR,,,0147203001,N,16-JUN-2026
PROD_89853,89853,02413892,HEMOSATE ULTRA HS1125,,,0752576002,N,29-JAN-2026
PROD_89855,89855,02413906,HEMOSATE ULTRA HS2125,,,0752576003,N,29-JAN-2026
PROD_89856,89856,02413914,HEMOSATE ULTRA HS3125,,,0752576004,N,29-JAN-2026
PROD_89857,89857,02413922,HEMOSATE ULTRA HS4125,,,0752576005,N,29-JAN-2026
PROD_89887,89887,02414201,AURO-VALSARTAN,,,0131885003,N,18-JUN-2026
PROD_89888,89888,02414228,AURO-VALSARTAN,,,0131885001,N,18-JUN-2026
PROD_89889,89889,02414236,AURO-VALSARTAN,,,0131885002,N,18-JUN-2026
PROD_89890,89890,02414244,AURO-VALSARTAN,,,0131885004,N,18-JUN-2026
PROD_89895,89895,02414295,ISTODAX,SINGLE-USE VIAL,,0154830001,N,07-AUG-2026
PROD_89896,89896,02414309,DUAL INTENSIVE ACNE TREATMENT,,,0107205004,N,26-JUN-2026
PROD_89901,89901,02414422,PROACTIV+ 3 PIECE SET,,,0253309001,N,22-MAR-2025
PROD_89902,89902,02414368,AURO-SILDENAFIL,,,0136261001,N,22-MAR-2025
PROD_89903,89903,02414376,AURO-SILDENAFIL,,,0136261002,N,22-MAR-2025
PROD_89904,89904,02414384,AURO-SILDENAFIL,,,0136261003,N,22-MAR-2025
PROD_89907,89907,02414414,AURO-LAMIVUDINE/ZIDOVUDINE,,,0235460001,N,18-JUN-2026
PROD_89908,89908,02414430,MARY KAY CC CREAM,,CAT IV - SUNBURN PROTECTANTS,0327932005,N,29-JUN-2026
PROD_89930,89930,02414678,PREMARIN,SUSTAINED-RELEASE,,0106442002,N,14-AUG-2026
PROD_89931,89931,02414686,PREMARIN,SUSTAINED-RELEASE,,0106442006,N,14-AUG-2026
PROD_89932,89932,02414694,PREMARIN,SUSTAINED-RELEASE,,0106442003,N,14-AUG-2026
PROD_89944,89944,02414813,SELECTBAG ONE (AX 125 G),SINGLE-USE,,0554851013,N,04-AUG-2026
PROD_89945,89945,02414821,SELECTBAG ONE (AX 150 G),SINGLE-USE,,0554851012,N,04-AUG-2026
PROD_89948,89948,02414856,SELECTBAG ONE (AX 225 G),SINGLE-USE,,0554851014,N,04-AUG-2026
PROD_89953,89953,02414902,SELECTBAG ONE (AX 325 G),SINGLE-USE,,0554851019,N,04-AUG-2026
PROD_89957,89957,02414945,TIVICAY,,,0154870001,N,15-JUN-2026
PROD_89965,89965,02415038,M.A.C PREP + PRIME FACE PROTECT LOTION SPF 50,,CAT IV - SUNBURN PROTECTANTS,0544758104,N,22-JUN-2026
PROD_89971,89971,02415089,HUMULIN R (KWIKPEN),3 ML PREFILLED PEN,,0121352001,N,06-AUG-2026
PROD_89980,89980,02415186,TARO-ZOLEDRONIC ACID CONCENTRATE,TO BE DILUTED BEFORE USE. FOR I.V. INFUSION. 5 ML SINGLE-DOSE VIAL.,,0141761002,N,21-AUG-2026
PROD_89982,89982,02415208,AURO-PANTOPRAZOLE,,,0133229001,N,09-SEP-2025
PROD_89983,89983,02415216,"MEROPENEM FOR INJECTION, USP",,,0128599001,N,22-MAR-2025
PROD_89984,89984,02415224,"MEROPENEM FOR INJECTION, USP",,,0128599003,N,22-MAR-2025
PROD_89989,89989,02415275,MERCAPTOPURINE TABLETS USP,,,0134920001,N,18-JUN-2026
PROD_89992,89992,02415305,APO-TRAVOPROST-TIMOP PQ,,,0251602001,N,22-MAR-2025
PROD_89994,89994,02415321,SPF 30 FPS SUNSCREEN LOTION LOTION ÉCRAN SOLAIRE,,CAT IV - SUNBURN PROTECTANTS,0451521014,N,22-MAR-2025
PROD_89999,89999,02415380,MYA,,,0250430002,N,16-JUN-2026
PROD_90007,90007,02415461,SELECTBAG ONE (AX 250 G),SINGLE-USE,,0554851015,N,04-AUG-2026
PROD_90008,90008,02415488,SELECTBAG ONE (AX 450 G),SINGLE-USE,,0554851008,N,04-AUG-2026
PROD_90009,90009,02415496,SELECTBAG ONE (AX 2525 G),SINGLE-USE,,0554851016,N,04-AUG-2026
PROD_90011,90011,02415526,SELECTBAG ONE (AX 350 G),SINGLE-USE,,0554851020,N,04-AUG-2026
PROD_90012,90012,02415534,DUREZOL,,,0154910001,N,22-MAR-2025
PROD_90013,90013,02415542,APO-AZITHROMYCIN Z,,,0126072001,N,12-JUN-2026
PROD_90014,90014,02415550,JAMP-CLOPIDOGREL,,,0134440001,N,18-JUN-2026
PROD_90016,90016,02415577,NUCYNTA EXTENDED-RELEASE,,,0152846001,N,10-MAR-2026
PROD_90017,90017,02415585,NUCYNTA EXTENDED-RELEASE,,,0152846002,N,10-MAR-2026
PROD_90018,90018,02415593,NUCYNTA EXTENDED-RELEASE,,,0152846003,N,10-MAR-2026
PROD_90019,90019,02415607,NUCYNTA EXTENDED-RELEASE,,,0152846004,N,10-MAR-2026
PROD_90020,90020,02415615,NUCYNTA EXTENDED-RELEASE,,,0152846005,N,10-MAR-2026
PROD_90021,90021,02415623,ADVIL ARTHRITIS PAIN,,,0108883002,N,29-JUL-2026
PROD_90026,90026,02415666,GIOTRIF,,,0154930001,N,16-JUN-2026
PROD_90027,90027,02415674,GIOTRIF,,,0154930002,N,16-JUN-2026
PROD_90028,90028,02415682,GIOTRIF,,,0154930003,N,16-JUN-2026
PROD_90029,90029,02415690,OPSUMIT,,,0154931001,N,28-OCT-2025
PROD_90039,90039,02415798,RIZATRIPTAN RDT,,,0137841001,N,22-JUN-2026
PROD_90040,90040,02415801,RIZATRIPTAN RDT,,,0137841002,N,22-JUN-2026
PROD_90041,90041,02415828,PRO-LEFLUNOMIDE,,,0140182001,N,11-AUG-2026
PROD_90042,90042,02415836,PRO-LEFLUNOMIDE,,,0140182002,N,31-AUG-2026
PROD_90046,90046,02415879,PRO-LEVOFLOXACIN,,,0131663004,N,01-MAY-2026
PROD_90055,90055,02415992,EYLEA,2 MG/50 MCL SINGLE-USE VIAL,,0154950001,N,13-AUG-2026
PROD_90056,90056,02415968,REPAGLINIDE,,,0137035001,N,22-MAR-2025
PROD_90057,90057,02415976,REPAGLINIDE,,,0137035002,N,22-MAR-2025
PROD_90058,90058,02415984,REPAGLINIDE,,,0137035003,N,22-MAR-2025
PROD_90063,90063,02416050,"CHILDREN'S TYLENOL COMPLETE COLD, COUGH & FEVER NIGHTTIME",,,0351606001,N,22-JUN-2026
PROD_90087,90087,02416301,PMS-NIFEDIPINE ER,,,0115253005,N,05-AUG-2026
PROD_90094,90094,02416387,AURO-CLOPIDOGREL,,,0134440001,N,18-JUN-2026
PROD_90096,90096,02416409,PMS-EZETIMIBE,,,0149164001,N,15-JUN-2026
PROD_90097,90097,02416417,PRO-DONEPEZIL,,,0131548001,N,05-NOV-2025
PROD_90098,90098,02416425,PRO-DONEPEZIL,,,0131548002,N,05-NOV-2025
PROD_90106,90106,02416468,HELIOX 70/30,,,0215574004,N,21-MAY-2025
PROD_90114,90114,02416549,ACH-OMEPRAZOLE,,,0121643001,N,22-MAR-2025
PROD_90116,90116,02416565,MAR-PANTOPRAZOLE,,,0133229001,N,22-JUN-2026
PROD_90124,90124,02416662,TEVA-ABACAVIR/LAMIVUDINE,FIXED-DOSE COMBINATION,,0251241001,N,16-JUN-2026
PROD_90134,90134,02416778,SANDOZ EZETIMIBE,,,0149164001,N,17-JUN-2026
PROD_90139,90139,02416786,JANUMET XR,,,0252656001,N,15-JUN-2026
PROD_90140,90140,02416794,JANUMET XR,,,0252656003,N,15-JUN-2026
PROD_90141,90141,02416808,JANUMET XR,,,0252656004,N,15-JUN-2026
PROD_90142,90142,02416816,SANDOZ TACROLIMUS,,,0127857003,N,19-JUN-2026
PROD_90143,90143,02416824,SANDOZ TACROLIMUS,,,0127857002,N,19-JUN-2026
PROD_90144,90144,02416832,SANDOZ TACROLIMUS,,,0127857001,N,19-JUN-2026
PROD_90145,90145,02416840,ACH-GABAPENTIN,,,0125929001,N,01-DEC-2025
PROD_90146,90146,02416859,ACH-GABAPENTIN,,,0125929003,N,01-DEC-2025
PROD_90147,90147,02416867,ACH-GABAPENTIN,,,0125929002,N,01-DEC-2025
PROD_90154,90154,02416921,SUNSCREEN STICK SPF 50+,,CAT IV - SUNBURN PROTECTANTS,0544758040,N,22-JUN-2026
PROD_90157,90157,02416948,JAMP-DONEPEZIL TABLETS,,,0131548001,N,22-JUN-2026
PROD_90158,90158,02416956,JAMP-DONEPEZIL TABLETS,,,0131548002,N,22-JUN-2026
PROD_90167,90167,02417030,BEXSERO,MULTICOMPONENT MENINGOC. B VACCINE (R-DNA ADSORBED). 0.5ML PFS.,,0455051001,N,10-FEB-2026
PROD_90174,90174,02417103,NIASTASE RT,"KIT INCLUDES 1 PREFILLED SYRINGE WITH SOLVENT, 1 PLUNGER ROD & 1 VIAL ADAPTER",,0136061004,N,29-JUN-2026
PROD_90175,90175,02417111,NIASTASE RT,"KIT INCLUDES 1 PREFILLED SYRINGE WITH SOLVENT, 1 PLUNGER ROD & 1 VIAL ADAPTER",,0136061005,N,29-JUN-2026
PROD_90176,90176,02417138,NIASTASE RT,"KIT INCLUDES 1 PREFILLED SYRINGE WITH SOLVENT, 1 PLUNGER ROD & 1 VIAL ADAPTER",,0136061003,N,29-JUN-2026
PROD_90180,90180,02417162,CONSTELLA,,,0155070001,N,13-JUL-2026
PROD_90181,90181,02417170,CONSTELLA,,,0155070002,N,13-JUL-2026
PROD_90182,90182,02417189,NESINA,,,0155071001,N,16-JUN-2026
PROD_90183,90183,02417197,NESINA,,,0155071002,N,16-JUN-2026
PROD_90184,90184,02417200,NESINA,,,0155071003,N,16-JUN-2026
PROD_90185,90185,02417219,KAZANO,,,0255072001,N,16-JUN-2026
PROD_90186,90186,02417227,KAZANO,,,0255072002,N,16-JUN-2026
PROD_90187,90187,02417235,KAZANO,,,0255072003,N,16-JUN-2026
PROD_90188,90188,02417243,JAMP OLANZAPINE FC,FILM-COATED,,0128783001,N,28-JUL-2026
PROD_90189,90189,02417251,JAMP OLANZAPINE FC,FILM-COATED,,0128783003,N,28-JUL-2026
PROD_90190,90190,02417278,JAMP OLANZAPINE FC,FILM-COATED,,0128783004,N,28-JUL-2026
PROD_90191,90191,02417286,JAMP OLANZAPINE FC,FILM-COATED,,0128783002,N,28-JUL-2026
PROD_90192,90192,02417294,JAMP OLANZAPINE FC,FILM-COATED,,0128783005,N,28-JUL-2026
PROD_90193,90193,02417308,JAMP OLANZAPINE FC,FILM-COATED,,0128783006,N,28-JUL-2026
PROD_90197,90197,02417340,SANDOZ CANDESARTAN,,,0135220004,N,16-JUN-2026
PROD_90198,90198,02417359,QUETIAPINE XR,,,0131858006,N,20-JUN-2025
PROD_90199,90199,02417367,QUETIAPINE XR,,,0131858004,N,20-JUN-2025
PROD_90200,90200,02417375,QUETIAPINE XR,,,0131858003,N,20-JUN-2025
PROD_90201,90201,02417383,QUETIAPINE XR,,,0131858005,N,20-JUN-2025
PROD_90202,90202,02417391,QUETIAPINE XR,,,0131858007,N,20-JUN-2025
PROD_90204,90204,02417413,BISACODYL TABLETS,,LS - LAXATIVES (GENERAL),0101506001,N,17-MAR-2026
PROD_90206,90206,02417448,MINT-PANTOPRAZOLE,,,0133229001,N,23-JUN-2026
PROD_90207,90207,02417529,MAR-PREGABALIN,,,0151121001,N,22-MAR-2025
PROD_90208,90208,02417537,MAR-PREGABALIN,,,0151121002,N,22-MAR-2025
PROD_90209,90209,02417545,MAR-PREGABALIN,,,0151121003,N,22-MAR-2025
PROD_90211,90211,02417561,MAR-PREGABALIN,,,0151121005,N,22-MAR-2025
PROD_90215,90215,02417456,LOLO,,,0355090001,N,22-MAR-2025
PROD_90217,90217,02417472,SIMPONI I.V.,,,0152549002,N,12-JUN-2026
PROD_90220,90220,02417510,NASACORT ALLERGY 24HR,,,0106310013,N,22-MAR-2025
PROD_90235,90235,02417723,PMS-SOLIFENACIN,,,0151584001,N,16-JUN-2026
PROD_90236,90236,02417731,PMS-SOLIFENACIN,,,0151584002,N,16-JUN-2026
PROD_90240,90240,02417782,QUETIAPINE XR,,,0131858006,N,22-MAR-2025
PROD_90241,90241,02417790,QUETIAPINE XR,,,0131858004,N,22-MAR-2025
PROD_90242,90242,02417804,QUETIAPINE XR,,,0131858003,N,22-MAR-2025
PROD_90243,90243,02417812,QUETIAPINE XR,,,0131858005,N,22-MAR-2025
PROD_90244,90244,02417820,QUETIAPINE XR,,,0131858007,N,22-MAR-2025
PROD_90245,90245,02417839,NAT-ONDANSETRON,,,0131120003,N,20-JUL-2026
PROD_90246,90246,02417847,NAT-ONDANSETRON,,,0131120001,N,20-JUL-2026
PROD_90247,90247,02417855,NAT-ANASTROZOLE,,,0128681001,N,20-JUL-2026
PROD_90259,90259,02417995,VITAMINE D 10 000,,,0108524005,N,22-JUN-2026
PROD_90285,90285,02418282,ULTIBRO BREEZHALER,CAPSULE TO BE USED ONLY WITH ULTIBRO BREEZHALER DEVICE. ORAL INHALATION,,0255131001,N,17-AUG-2026
PROD_90288,90288,02418304,GRASTEK,,,0134163005,N,27-JUN-2025
PROD_90290,90290,02418320,LEMTRADA,,,0151562001,N,24-AUG-2026
PROD_90292,90292,02418347,DIABETICS' DRY SKIN RELIEF FOOT CREAM,,,0148022002,N,26-JUN-2026
PROD_90293,90293,02418355,SOVALDI,,,0155150001,N,22-JUN-2026
PROD_90298,90298,02418401,ANORO ELLIPTA,POWDER FOR ORAL INHALATION,,0255171002,N,16-JUN-2026
PROD_90299,90299,02418428,AURO-EFAVIRENZ,,,0137031005,N,22-JUN-2026
PROD_90300,90300,02418436,TEVA-RASAGILINE,,,0151662001,N,23-JUL-2026
PROD_90301,90301,02418444,TEVA-RASAGILINE,,,0151662002,N,23-JUL-2026
PROD_90306,90306,02418495,AURO-CARVEDILOL,,,0122683003,N,18-JUN-2026
PROD_90307,90307,02418509,AURO-CARVEDILOL,,,0122683004,N,18-JUN-2026
PROD_90308,90308,02418517,AURO-CARVEDILOL,,,0122683005,N,18-JUN-2026
PROD_90309,90309,02418525,AURO-CARVEDILOL,,,0122683001,N,18-JUN-2026
PROD_90329,90329,02418738,CORIFACT 250,FACTOR XIII CONCENTRATE,,0155190001,N,18-AUG-2026
PROD_90330,90330,02418746,CORIFACT 1250,FACTOR XIII CONCENTRATE,,0155190002,N,16-JUN-2026
PROD_90347,90347,02418932,APO-CELECOXIB,,,0137043001,N,16-JUN-2026
PROD_90348,90348,02418940,APO-CELECOXIB,,,0137043002,N,16-JUN-2026
PROD_90351,90351,02418967,MOTRIN PLATINUM MUSCLE & BODY,,,0248961001,N,12-MAR-2026
PROD_90364,90364,02419106,COMBIVENT RESPIMAT,FOR ORAL INHALATION. FOR USE ONLY WITH COMBIVENT RESPIMAT INHALER,,0232902002,N,18-AUG-2026
PROD_90365,90365,02419114,ACH-TELMISARTAN HCTZ,,,0244783001,N,23-JUN-2026
PROD_90366,90366,02419122,ACH-TELMISARTAN HCTZ,,,0244783002,N,23-JUN-2026
PROD_90368,90368,02419149,BOSULIF,,,0155230001,N,03-JUL-2026
PROD_90369,90369,02419157,BOSULIF,,,0155230002,N,03-JUL-2026
PROD_90410,90410,02419475,REMDANTRY,,,0144162001,N,23-SEP-2025
PROD_90413,90413,02419505,LIDODAN 4% TOPICAL SOLUTION,,LS - TOPICAL - ANAESTHETIC/ANALGESIC/ANTIPRURITIC,0101280002,N,22-JUN-2026
PROD_90415,90415,02419521,MINT-ZOLMITRIPTAN,,,0134381001,N,22-MAR-2025
PROD_90416,90416,02419548,SPC-EZETIMIBE,,,0149164001,N,12-MAR-2026
PROD_90417,90417,02419556,ACH-AMLODIPINE,,,0131437003,N,22-MAR-2025
PROD_90418,90418,02419564,ACH-AMLODIPINE,,,0131437002,N,22-MAR-2025
PROD_90419,90419,02419572,ACH-AMLODIPINE,,,0131437001,N,22-MAR-2025
PROD_90423,90423,02419580,POMALYST,,,0155290001,N,21-AUG-2025
PROD_90424,90424,02419599,POMALYST,,,0155290002,N,21-AUG-2025
PROD_90425,90425,02419602,POMALYST,,,0155290003,N,21-AUG-2025
PROD_90426,90426,02419610,POMALYST,,,0155290004,N,21-AUG-2025
PROD_90439,90439,02419769,ZZZQUIL LIQUID,,,0102639008,N,29-JUN-2026
PROD_90447,90447,02419858,SALBUTAMOL HFA,,,0108887003,N,07-JUL-2026
PROD_90450,90450,02419882,APO-VARENICLINE,,,0152190001,N,20-FEB-2026
PROD_90451,90451,02419890,APO-VARENICLINE,,,0152190002,N,20-FEB-2026
PROD_90466,90466,02420058,MAR-CELECOXIB,,,0137043001,N,23-JUN-2026
PROD_90467,90467,02420066,MAR-CELECOXIB,,,0137043002,N,23-JUN-2026
PROD_90471,90471,02420104,NEUPOGEN,0.5 ML PREFILLED SYRINGE,,0123525003,N,31-JUL-2026
PROD_90472,90472,02420112,NEUPOGEN,0.8 ML PREFILLED SYRINGE,,0123525003,N,31-JUL-2026
PROD_90478,90478,02420171,SANDOZ OLOPATADINE 0.2%,,,0132394002,N,23-JUN-2026
PROD_90479,90479,02420198,JAMP-OMEPRAZOLE DR,,,0121643001,N,22-JUL-2026
PROD_90480,90480,02420201,TECFIDERA,,,0154210002,N,29-JUL-2026
PROD_90485,90485,02420260,TEVA-MODAFINIL,,,0136083001,N,02-APR-2026
PROD_90486,90486,02420279,RIVASA 81 MG EC,,,0101169013,N,23-JUN-2026
PROD_90495,90495,02420341,JUXTAPID,,,0155310001,N,22-MAR-2025
PROD_90496,90496,02420376,JUXTAPID,,,0155310002,N,22-MAR-2025
PROD_90498,90498,02420384,JUXTAPID,,,0155310003,N,22-MAR-2025
PROD_90505,90505,02420465,MAR-RAMIPRIL,,,0122858004,N,23-JUN-2026
PROD_90506,90506,02420473,MAR-RAMIPRIL,,,0122858003,N,23-JUN-2026
PROD_90507,90507,02420481,MAR-RAMIPRIL,,,0122858002,N,23-JUN-2026
PROD_90508,90508,02420503,MAR-RAMIPRIL,,,0122858005,N,23-JUN-2026
PROD_90516,90516,02420597,DONEPEZIL,,,0131548001,N,26-AUG-2025
PROD_90517,90517,02420600,DONEPEZIL,,,0131548002,N,26-AUG-2025
PROD_90524,90524,02420686,FLUVIRAL,"TRIVALENT, SPLIT-VIRION, INACTIVATED INFLUENZA VACCINE",,0324197003,N,01-SEP-2026
PROD_90525,90525,02420694,ACTIVATED CHARCOAL,,LS - ANTIFLATULENTS,0106680029,N,22-MAR-2025
PROD_90530,90530,02420732,SANDOZ CANDESARTAN PLUS,,,0244181002,N,22-JUN-2026
PROD_90531,90531,02420740,SANDOZ CANDESARTAN PLUS,,,0244181003,N,22-JUN-2026
PROD_90545,90545,02420864,ABILIFY MAINTENA,"200 MG/ML AFTER RECONSTITUTION, SYRINGE AND DILUENT INCLUDED IN THE KIT",,0152514007,N,30-JUL-2026
PROD_90546,90546,02420872,ABILIFY MAINTENA,"200 MG/ML AFTER RECONSTITUTION, SYRINGE AND DILUENT INCLUDED IN THE KIT",,0152514008,N,30-JUL-2026
PROD_90552,90552,02420937,EXTRA STRENGTH TOTAL SYMPTOM RELIEF SUGAR-FREE,,,0351461005,N,22-MAR-2025
PROD_90557,90557,02420988,TARO-DICLOFENAC,,,0114417007,N,22-JUN-2026
PROD_90562,90562,02421038,AURO-CANDESARTAN HCT,,,0244181001,N,22-MAR-2025
PROD_90563,90563,02421046,AURO-CANDESARTAN HCT,,,0244181002,N,22-MAR-2025
PROD_90564,90564,02421054,AURO-CANDESARTAN HCT,,,0244181003,N,22-MAR-2025
PROD_90578,90578,02421186,TARO-TESTOSTERONE,,,0120414001,N,18-JUN-2026
PROD_90580,90580,02421208,ONRELTEA,,,0155390001,N,16-JUN-2026
PROD_90594,90594,02421305,MINT-RAMIPRIL,,,0122858004,N,23-JUN-2026
PROD_90595,90595,02421313,MINT-RAMIPRIL,,,0122858003,N,23-JUN-2026
PROD_90596,90596,02421321,MINT-RAMIPRIL,,,0122858002,N,23-JUN-2026
PROD_90600,90600,02421372,MINT-PAROXETINE,,,0123131003,N,15-SEP-2025
PROD_90601,90601,02421380,MINT-PAROXETINE,,,0123131002,N,23-JUN-2026
PROD_90602,90602,02421399,MINT-PAROXETINE,,,0123131001,N,15-SEP-2025
PROD_90603,90603,02421402,ONDANSETRON,,,0131120003,N,22-MAR-2025
PROD_90604,90604,02421410,ONDANSETRON,,,0131120001,N,22-MAR-2025
PROD_90605,90605,02421429,ATOVAQUONE PROGUANIL,,,0250721002,N,23-JUN-2026
PROD_90606,90606,02421437,DROSPIRENONE AND ETHINYL ESTRADIOL TABLETS USP 21,,,0250430001,N,22-MAR-2025
PROD_90607,90607,02421445,DROSPIRENONE AND ETHINYL ESTRADIOL TABLETS USP 28,,,0250430001,N,22-MAR-2025
PROD_90612,90612,02421518,TARO-MEROPENEM,SINGLE-USE VIAL,,0128599001,N,07-AUG-2026
PROD_90613,90613,02421526,TARO-MEROPENEM,SINGLE-USE VIAL,,0128599003,N,07-AUG-2026
PROD_90614,90614,02421534,NAT-ZOLMITRIPTAN,,,0134381001,N,20-JUL-2026
PROD_90618,90618,02421542,BROAD SPECTRUM SPF FPS 50,EMULSION,CAT IV - SUNBURN PROTECTANTS,0552225006,N,18-AUG-2026
PROD_90623,90623,02421585,NAT-LETROZOLE,,,0132937001,N,20-JUL-2026
PROD_90624,90624,02421593,JAMP ALLOPURINOL,,,0103654001,N,09-JUN-2025
PROD_90625,90625,02421607,JAMP ALLOPURINOL,,,0103654002,N,09-JUN-2025
PROD_90626,90626,02421615,JAMP ALLOPURINOL,,,0103654003,N,09-JUN-2025
PROD_90627,90627,02421623,JAMP-ZOLMITRIPTAN,,,0134381001,N,22-SEP-2025
PROD_90629,90629,02421658,NIFEDIPINE ER,,,0115253005,N,23-JUN-2026
PROD_90632,90632,02421666,ORAVERSE,FOR INTRAORAL SUBMUCOSAL INJECTION ONLY,,0107611003,N,22-MAR-2025
PROD_90636,90636,02421704,OLANZAPINE,,,0128783006,N,22-MAR-2025
PROD_90661,90661,02421917,SANDOZ CAPECITABINE,,,0134120001,N,18-JUN-2026
PROD_90662,90662,02421925,SANDOZ CAPECITABINE,,,0134120002,N,18-JUN-2026
PROD_90663,90663,02421933,APO-TADALAFIL PAH,,,0149485002,N,23-JUN-2026
PROD_90664,90664,02421941,LOTEMAX OINTMENT,,,0152508002,N,22-JUN-2026
PROD_90668,90668,02421984,LIDOCAINE HYDROCHLORIDE INJECTION USP,"PRESERVATIVE-FREE, SINGLE-USE",,0101280004,N,25-AUG-2026
PROD_90670,90670,02422018,LIDOCAINE HYDROCHLORIDE INJECTION USP,"CONTAINS PRESERVATIVE, MULTIDOSE",,0101280004,N,25-AUG-2026
PROD_90671,90671,02421992,LIDOCAINE HYDROCHLORIDE INJECTION USP,"PRESERVATIVE-FREE, SINGLE-USE",,0101280001,N,25-AUG-2026
PROD_90672,90672,02422026,LIDOCAINE HYDROCHLORIDE INJECTION USP,"CONTAINS PRESERVATIVE, MULTIDOSE",,0101280001,N,25-AUG-2026
PROD_90673,90673,02422042,MUSCLE AND BACK PAIN PLATINUM RELIEF,,,0248961001,N,23-JUN-2026
PROD_90678,90678,02422069,CANDESARTAN,,,0135220004,N,23-JUN-2026
PROD_90680,90680,02422085,APO-TADALAFIL,,,0149485003,N,22-MAR-2025
PROD_90681,90681,02422093,APO-TADALAFIL,,,0149485004,N,22-MAR-2025
PROD_90682,90682,02422107,APO-TADALAFIL,,,0149485001,N,22-MAR-2025
PROD_90683,90683,02422115,APO-TADALAFIL,,,0149485002,N,22-MAR-2025
PROD_90687,90687,02422166,"METHOTREXATE INJECTION, BP",0.3 ML (25 MG/ML) SINGLE-USE PREFILLED SYRINGE,,0107545002,N,19-AUG-2026
PROD_90688,90688,02422174,"METHOTREXATE INJECTION, BP",0.4 ML (25 MG/ML) SINGLE-USE PREFILLED SYRINGE,,0107545002,N,19-AUG-2026
PROD_90689,90689,02422182,"METHOTREXATE INJECTION, BP",0.6 ML (25 MG/ML) SINGLE-USE PREFILLED SYRINGE,,0107545002,N,19-AUG-2026
PROD_90690,90690,02422190,"METHOTREXATE INJECTION, BP",0.8 ML (25 MG/ML) SINGLE-USE PREFILLED SYRINGE,,0107545002,N,19-AUG-2026
PROD_90691,90691,02422204,"METHOTREXATE INJECTION, BP",1 ML SINGLE-USE PREFILLED SYRINGE,,0107545002,N,31-JUL-2026
PROD_90695,90695,02422255,MAR-CLOPIDOGREL,,,0134440001,N,22-MAR-2025
PROD_90702,90702,02422336,SUCCINYLCHOLINE CHLORIDE INJECTION USP,,,0105141001,N,22-MAR-2025
PROD_90711,90711,02422425,ZOLEDRONIC ACID FOR INJECTION CONCENTRATE,,,0141761002,N,16-JUN-2026
PROD_90712,90712,02422433,ZOLEDRONIC ACID INJECTION,,,0141761003,N,16-JUN-2026
PROD_90723,90723,02422549,EZETIMIBE,,,0149164001,N,22-MAR-2025
PROD_90733,90733,02422662,MAR-EZETIMIBE,,,0149164001,N,23-JUN-2026
PROD_90735,90735,02422689,SANDOZ LINEZOLID,,,0143501002,N,22-JUN-2026
PROD_90739,90739,02422727,MINT-OLOPATADINE,,,0132394001,N,22-JUN-2026
PROD_90742,90742,02422751,RIVA-ATORVASTATIN,,,0133055001,N,14-JUL-2026
PROD_90743,90743,02422778,RIVA-ATORVASTATIN,,,0133055002,N,14-JUL-2026
PROD_90744,90744,02422786,RIVA-ATORVASTATIN,,,0133055003,N,14-JUL-2026
PROD_90745,90745,02422794,RIVA-ATORVASTATIN,,,0133055004,N,14-JUL-2026
PROD_90752,90752,02422867,AURO-MONTELUKAST CHEWABLE TABLET,,,0133823003,N,22-MAR-2025
PROD_90753,90753,02422875,AURO-MONTELUKAST CHEWABLE TABLET,,,0133823001,N,22-MAR-2025
PROD_90757,90757,02422913,ALPROLIX,SINGLE USE VIAL & 5 ML PREFILLED DILUENT SYRINGE,,0155510002,N,22-MAR-2025
PROD_90758,90758,02422921,ALPROLIX,SINGLE USE VIAL & 5 ML PREFILLED DILUENT SYRINGE,,0155510003,N,22-MAR-2025
PROD_90759,90759,02422948,ALPROLIX,SINGLE USE VIAL & 5 ML PREFILLED DILUENT SYRINGE,,0155510004,N,22-MAR-2025
PROD_90760,90760,02422956,ALPROLIX,SINGLE USE VIAL & 5 ML PREFILLED DILUENT SYRINGE,,0155510005,N,22-MAR-2025
PROD_90771,90771,02422980,MINT-IRBESARTAN,,,0131700001,N,31-JUL-2026
PROD_90772,90772,02422999,MINT-IRBESARTAN,,,0131700002,N,31-JUL-2026
PROD_90773,90773,02423006,MINT-IRBESARTAN,,,0131700003,N,31-JUL-2026
PROD_90797,90797,02423235,JAMP-EZETIMIBE,,,0149164001,N,23-JUN-2026
PROD_90798,90798,02423243,MINT-EZETIMIBE,,,0149164001,N,23-JUN-2026
PROD_90799,90799,02423286,MINT-GLICLAZIDE MR,,,0119934002,N,22-JUN-2026
PROD_90800,90800,02423294,MINT-GLICLAZIDE MR,BREAKABLE,,0119934003,N,25-AUG-2026
PROD_90805,90805,02423308,MINT-TOLTERODINE,,,0135202001,N,18-JUN-2026
PROD_90806,90806,02423316,MINT-TOLTERODINE,,,0135202002,N,18-JUN-2026
PROD_90813,90813,02423405,BORTEZOMIB FOR INJECTION,,,0150433001,N,24-JUN-2026
PROD_90814,90814,02423413,MYLAN-RIVASTIGMINE PATCH 5,,,0140521007,N,22-MAR-2025
PROD_90815,90815,02423421,MYLAN-RIVASTIGMINE PATCH 10,,,0140521008,N,22-MAR-2025
PROD_90820,90820,02423480,MAR-ESCITALOPRAM,,,0150435002,N,23-JUN-2026
PROD_90822,90822,02423502,MAR-ESCITALOPRAM,,,0150435004,N,23-JUN-2026
PROD_90828,90828,02423561,MINT-CIPROFLOX,,,0123207001,N,22-MAR-2025
PROD_90830,90830,02423596,INCRUSE ELLIPTA,POWDER FOR ORAL INHALATION,,0155530002,N,16-JUN-2026
PROD_90835,90835,02423642,AURO-LOSARTAN HCT,,,0233168001,N,22-MAR-2025
PROD_90836,90836,02423650,AURO-LOSARTAN HCT,,,0233168003,N,22-JUN-2026
PROD_90837,90837,02423669,AURO-LOSARTAN HCT,,,0233168002,N,22-JUN-2026
PROD_90842,90842,02423723,RAGWITEK,,,0155532001,N,27-JUN-2025
PROD_90843,90843,02423715,CHARCO CAPS,,LS - ANTIFLATULENTS,0106680015,N,23-JUN-2026
PROD_90851,90851,02423804,MINT-PREGABALIN,,,0151121001,N,02-SEP-2025
PROD_90852,90852,02423812,MINT-PREGABALIN,,,0151121002,N,02-SEP-2025
PROD_90860,90860,02423855,TEVA-ESOMEPRAZOLE,,,0145162001,N,22-MAR-2025
PROD_90861,90861,02423863,TEVA-ESOMEPRAZOLE,,,0145162002,N,22-MAR-2025
PROD_90863,90863,02423898,XELJANZ,,,0155550001,N,07-MAY-2026
PROD_90870,90870,02423979,TARO-ESOMEPRAZOLE,,,0145162001,N,22-MAR-2025
PROD_90871,90871,02423987,TARO-ESOMEPRAZOLE,,,0145162002,N,22-MAR-2025
PROD_90875,90875,02424029,ALMOTRIPTAN,,,0149521002,N,23-JUN-2026
PROD_90879,90879,02424061,AURO-PRAMIPEXOLE,,,0152169001,N,22-JUN-2026
PROD_90880,90880,02424088,AURO-PRAMIPEXOLE,,,0152169002,N,22-JUN-2026
PROD_90881,90881,02424096,AURO-PRAMIPEXOLE,,,0152169003,N,22-JUN-2026
PROD_90882,90882,02424118,AURO-PRAMIPEXOLE,,,0152169004,N,22-MAR-2025
PROD_90889,90889,02424177,PMS-RISEDRONATE,,,0135301005,N,23-JUN-2026
PROD_90890,90890,02424185,MINT-PREGABALIN,,,0151121003,N,02-SEP-2025
PROD_90892,90892,02424207,MINT-PREGABALIN,,,0151121005,N,02-SEP-2025
PROD_90896,90896,02424258,AURO-REPAGLINIDE,,,0137035001,N,13-AUG-2026
PROD_90897,90897,02424266,AURO-REPAGLINIDE,,,0137035002,N,13-AUG-2026
PROD_90898,90898,02424274,AURO-REPAGLINIDE,,,0137035003,N,13-AUG-2026
PROD_90899,90899,02424282,LAYLAA 21,21 DAYS,,0220415002,N,30-JUL-2026
PROD_90900,90900,02424290,LAYLAA 28,28-DAY PACK,,0220415002,N,29-JUL-2026
PROD_90902,90902,02424312,SILDENAFIL,,,0136261002,N,23-JUN-2026
PROD_90903,90903,02424320,SILDENAFIL,,,0136261003,N,23-JUN-2026
PROD_90908,90908,02424371,CELECOXIB,,,0137043001,N,23-JUN-2026
PROD_90909,90909,02424398,CELECOXIB,,,0137043002,N,23-JUN-2026
PROD_90910,90910,02424401,ESCITALOPRAM,,,0150435002,N,23-JUN-2026
PROD_90911,90911,02424428,ESCITALOPRAM,,,0150435004,N,23-JUN-2026
PROD_90912,90912,02424444,SANDOZ DUTASTERIDE,,,0149361001,N,22-MAR-2025
PROD_90920,90920,02424517,TOTAL EFFECTS 7 IN ONE FEATHERWEIGHT MOISTURIZER WITH SPF,,CAT IV - SUNBURN PROTECTANTS,0451521022,N,15-AUG-2025
PROD_90922,90922,02424533,JAMP CELECOXIB,,,0137043001,N,02-APR-2026
PROD_90923,90923,02424541,JAMP CELECOXIB,,,0137043002,N,02-APR-2026
PROD_90926,90926,02424584,CYCLOBENZAPRINE,,,0112363001,N,22-MAR-2025
PROD_90930,90930,02424622,POSANOL,,,0152201002,N,22-JUN-2026
PROD_90937,90937,02424703,WOMEN'S ROGAINE FOAM 5%,,,0114429004,N,23-JAN-2026
PROD_90943,90943,02424770,ACTEMRA,SINGLE-USE PREFILLED SYRINGE,,0152713002,N,22-MAR-2025
PROD_90950,90950,02424835,DIVIGEL,0.5 MG PACK,,0106457032,N,29-JUL-2026
PROD_90951,90951,02424843,DIVIGEL,1 MG PACK,,0106457032,N,19-AUG-2026
PROD_90952,90952,02424851,PMS-BUPRENORPHINE-NALOXONE,,,0252216001,N,19-NOV-2025
PROD_90953,90953,02424878,PMS-BUPRENORPHINE-NALOXONE,,,0252216002,N,19-NOV-2025
PROD_90959,90959,02424924,DIVIGEL,0.25 MG PACK,,0106457032,N,29-JUL-2026
PROD_90966,90966,02424991,MINT-HYDROXYCHLOROQUINE,,,0107403001,N,22-JUN-2026
PROD_90967,90967,02425009,CONTINGENCY ONE,,,0125218004,N,01-JUN-2026
PROD_90968,90968,02425017,TARO-CYPROTERONE/ETHINYL ESTRADIOL,,,0232337001,N,22-MAR-2025
PROD_90977,90977,02425114,PRO-OLANZAPINE ODT,,,0128783006,N,17-APR-2026
PROD_90981,90981,02425157,AURO-GALANTAMINE ER,,,0144660002,N,22-JUN-2026
PROD_90982,90982,02425165,AURO-GALANTAMINE ER,,,0144660004,N,22-JUN-2026
PROD_90983,90983,02425173,AURO-GALANTAMINE ER,,,0144660005,N,22-JUN-2026
PROD_90986,90986,02425211,BIO-EZETIMIBE,,,0149164001,N,23-JUN-2026
PROD_90988,90988,02425246,BICART SELECT COMBI-PAK,,,0216887013,N,22-MAR-2025
PROD_91003,91003,02425386,RIVA-CELECOX,,,0137043001,N,23-JUN-2026
PROD_91004,91004,02425394,RIVA-CELECOX,,,0137043002,N,23-JUN-2026
PROD_91013,91013,02425483,INVOKANA,,,0155670001,N,16-JUN-2026
PROD_91014,91014,02425491,INVOKANA,,,0155670002,N,16-JUN-2026
PROD_91016,91016,02425513,ALLERGENIC EXTRACTS - 7 GRASS MIX,,,0757495002,N,25-JUL-2025
PROD_91022,91022,02425580,SCALPSYNC ANTI-DANDRUFF,,CAT IV - ANTIDANDRUFF PRODUCTS,0108628001,N,23-JUN-2026
PROD_91025,91025,02425610,ACH-EZETIMIBE,,,0149164001,N,22-JUN-2026
PROD_91026,91026,02425629,LUCENTIS,PREFILLED SYRINGE,,0152224001,N,31-JUL-2026
PROD_91028,91028,02425645,AFINITOR DISPERZ,,,0152682007,N,15-JUN-2026
PROD_91029,91029,02425653,AFINITOR DISPERZ,,,0152682008,N,15-JUN-2026
PROD_91030,91030,02425661,AFINITOR DISPERZ,,,0152682001,N,15-JUN-2026
PROD_91034,91034,02425696,FIRAZYR,SINGLE-USE PREFILLED SYRINGE,,0155710001,N,19-AUG-2026
PROD_91057,91057,02425947,MINT-HYDROCHLOROTHIAZIDE,,,0101048004,N,22-MAR-2025
PROD_91075,91075,02426145,CC CREAM BROAD SPECTRUM SPF 30,,,0455770001,N,23-JUN-2026
PROD_91076,91076,02426153,APO-TRAMADOL,,,0151694006,N,22-MAR-2025
PROD_91079,91079,02426196,MINT-HYDROCHLOROTHIAZIDE,,,0101048002,N,22-MAR-2025
PROD_91086,91086,02426269,ATROPINE SULFATE INJECTION,SINGLE-USE PREFILLED SYRINGE,,0104748003,N,09-JUL-2025
PROD_91087,91087,02426277,ATROPINE SULFATE INJECTION,SINGLE-USE PREFILLED SYRINGE,,0104748013,N,09-JUL-2025
PROD_91089,91089,02426293,SANDOZ RIVASTIGMINE PATCH 5,,,0140521007,N,22-MAR-2025
PROD_91090,91090,02426307,SANDOZ RIVASTIGMINE PATCH 10,,,0140521008,N,22-MAR-2025
PROD_91097,91097,02426382,BIO-CELECOXIB,,,0137043001,N,23-JUN-2026
PROD_91098,91098,02426390,BIO-CELECOXIB,,,0137043002,N,23-JUN-2026
PROD_91106,91106,02426471,APO-FROVATRIPTAN,,,0150262001,N,22-MAR-2025
PROD_91108,91108,02426501,PREZCOBIX,,,0255810001,N,22-JUN-2026
PROD_91113,91113,02426552,APO-LINEZOLID,,,0143501002,N,22-MAR-2025
PROD_91119,91119,02426625,EXTRA STRENGTH MUSCLE & BACK PAIN RELIEF WITH ASA,,,0201273002,N,23-JUN-2026
PROD_91132,91132,02426757,ACH-CAPECITABINE,,,0134120001,N,18-JUN-2026
PROD_91133,91133,02426765,ACH-CAPECITABINE,,,0134120002,N,18-JUN-2026
PROD_91134,91134,02426773,NEGATIVE SKIN TEST CONTROL - GLYCERIN,"FOR SCRATCH, PRICK, PUNCTURE.  PRESERVATIVE.",,0106922014,N,14-AUG-2026
PROD_91138,91138,02426838,DOCUSATE SODIUM,,,0104351002,N,23-JUN-2026
PROD_91139,91139,02426846,DONEPEZIL,,,0131548001,N,05-JAN-2026
PROD_91140,91140,02426854,DONEPEZIL,,,0131548002,N,05-JAN-2026
PROD_91144,91144,02426900,GLN-URSODIOL,,,0122789001,N,22-MAR-2025
PROD_91146,91146,02426919,GLN-URSODIOL,,,0122789002,N,22-MAR-2025
PROD_91148,91148,02426935,MED-LATANOPROST,,,0132916002,N,22-JUN-2026
PROD_91164,91164,02427117,TAMSULOSIN CR,,,0133680001,N,23-JUN-2026
PROD_91167,91167,02427141,MAR-CETIRIZINE,,,0122686003,N,23-JUN-2026
PROD_91171,91171,02427184,VIMIZIM,5 MG/5 ML SINGLE-USE VIAL,,0155870001,N,04-AUG-2026
PROD_91173,91173,02427206,JAMP-ASA 81MG EC,,,0101169013,N,26-AUG-2026
PROD_91194,91194,02427419,TEVA-BETAMETHASONE/ CALCIPOTRIOL,,,0252270001,N,22-MAR-2025
PROD_91215,91215,02427648,LOSARTAN/HCTZ,,,0233168001,N,23-JUN-2026
PROD_91216,91216,02427656,LOSARTAN/HCTZ,,,0233168003,N,22-MAR-2025
PROD_91217,91217,02427664,LOSARTAN/HCTZ,,,0233168002,N,23-JUN-2026
PROD_91232,91232,02427826,APO-EZETIMIBE,,,0149164001,N,18-AUG-2026
PROD_91244,91244,02427958,COLD & SINUS LIQUID CAPSULES,,,0752932001,N,22-MAR-2025
PROD_91260,91260,02428113,COMPLETE DAYTIME LIQUID CAPSULES,,,0421980002,N,26-JUN-2026
PROD_91262,91262,02428148,AURO-FINASTERIDE 1MG,,,0124110002,N,22-JUN-2026
PROD_91265,91265,02428172,PANTOPRAZOLE,,,0133229002,N,22-MAR-2025
PROD_91266,91266,02428180,PANTOPRAZOLE,,,0133229001,N,05-NOV-2025
PROD_91268,91268,02428202,LAMOTRIGINE,,,0127134003,N,23-JUN-2026
PROD_91269,91269,02428210,LAMOTRIGINE,,,0127134001,N,23-JUN-2026
PROD_91270,91270,02428229,LAMOTRIGINE,,,0127134006,N,23-JUN-2026
PROD_91274,91274,02428261,APO-SITAGLIPTIN,,,0152414002,N,02-JAN-2026
PROD_91275,91275,02428288,APO-SITAGLIPTIN,,,0152414003,N,02-JAN-2026
PROD_91276,91276,02428296,APO-SITAGLIPTIN,,,0152414001,N,02-JAN-2026
PROD_91281,91281,02428334,AURO-GABAPENTIN TABLETS,,,0125929004,N,06-JAN-2026
PROD_91282,91282,02428342,AURO-GABAPENTIN TABLETS,,,0125929005,N,06-JAN-2026
PROD_91283,91283,02428393,SODIUM THIOSULFATE INJECTION USP,SINGLE-USE VIAL,,0109248001,N,07-AUG-2026
PROD_91325,91325,02428792,MAR-FLUCONAZOLE-150,,,0122529004,N,22-MAR-2025
PROD_91334,91334,02428873,MINT-DUTASTERIDE,,,0149361001,N,23-JUN-2026
PROD_91336,91336,02428911,JAMP SOLIFENACIN SUCCINATE,,,0151584001,N,22-MAR-2025
PROD_91337,91337,02428938,JAMP SOLIFENACIN SUCCINATE,,,0151584002,N,22-MAR-2025
PROD_91338,91338,02428946,ACTIKERALL,,,0255930001,N,22-MAR-2025
PROD_91339,91339,02428954,DIMENHYDRINATE INJECTION USP,"MUST BE DILUTED FOR I.V. USE. PRESERVATIVE-FREE, SINGLE-USE AMPOULES",,0102747004,N,14-AUG-2026
PROD_91345,91345,02429012,DUTASTERIDE,,,0149361001,N,22-JUL-2026
PROD_91347,91347,02429039,ESCITALOPRAM,,,0150435002,N,22-MAR-2025
PROD_91348,91348,02429047,ESCITALOPRAM,,,0150435004,N,22-MAR-2025
PROD_91352,91352,02429063,VISTITAN,,,0147303001,N,22-MAR-2025
PROD_91363,91363,02429195,TARO-PEMETREXED,,,0150104002,N,22-MAR-2025
PROD_91364,91364,02429209,TARO-PEMETREXED,,,0150104001,N,22-MAR-2025
PROD_91365,91365,02429217,AMLODIPINE,,,0131437002,N,22-MAR-2025
PROD_91366,91366,02429225,AMLODIPINE,,,0131437001,N,22-MAR-2025
PROD_91375,91375,02429322,TEVA-DILTIAZEM XC,,,0115863007,N,22-MAR-2025
PROD_91376,91376,02429330,TEVA-DILTIAZEM XC,,,0115863006,N,22-MAR-2025
PROD_91377,91377,02429349,TEVA-DILTIAZEM XC,,,0115863008,N,22-MAR-2025
PROD_91378,91378,02429357,TEVA-DILTIAZEM XC,,,0115863009,N,22-MAR-2025
PROD_91389,91389,02429446,PMS-DULOXETINE,,,0152350001,N,22-JUN-2026
PROD_91391,91391,02429454,PMS-DULOXETINE,,,0152350002,N,22-JUN-2026
PROD_91392,91392,02429462,INNOHEP,"0.4 ML UNIT DOSE. 20 000 ANTI-XA IU/ML PRESERVATIVE-FREE, PREFILLED SYRINGES",,0124929003,N,25-AUG-2026
PROD_91393,91393,02429470,INNOHEP,"0.6 ML UNIT DOSE. 20 000 ANTI-XA IU/ML PRESERVATIVE-FREE, PREFILLED SYRINGES",,0124929003,N,25-AUG-2026
PROD_91394,91394,02429489,INNOHEP,"0.8 ML UNIT DOSE. 20 000 ANTI-XA IU/ML PRESERVATIVE-FREE, PREFILLED SYRINGES",,0124929003,N,25-AUG-2026
PROD_91411,91411,02429667,TAMSULOSIN CR,,,0133680001,N,23-JUN-2026
PROD_91412,91412,02429675,CELECOXIB,,,0137043001,N,25-JUN-2026
PROD_91413,91413,02429683,CELECOXIB,,,0137043002,N,25-JUN-2026
PROD_91414,91414,02429691,MINT-CITALOPRAM,,,0136243003,N,22-JUN-2026
PROD_91415,91415,02429705,MINT-CITALOPRAM,,,0136243001,N,22-JUN-2026
PROD_91416,91416,02429713,MINT-CITALOPRAM,,,0136243002,N,22-JUN-2026
PROD_91420,91420,02429764,JAMP GLICLAZIDE-MR,,,0119934002,N,22-MAR-2025
PROD_91421,91421,02429772,JAMP GLICLAZIDE-MR,,,0119934003,N,22-MAR-2025
PROD_91422,91422,02429780,ESCITALOPRAM,,,0150435002,N,22-MAR-2025
PROD_91423,91423,02429799,ESCITALOPRAM,,,0150435004,N,22-MAR-2025
PROD_91430,91430,02429861,MAR-AMITRIPTYLINE,,,0101524001,N,23-JUN-2026
PROD_91431,91431,02429888,MAR-AMITRIPTYLINE,,,0101524002,N,23-JUN-2026
PROD_91432,91432,02429896,MAR-AMITRIPTYLINE,,,0101524003,N,23-JUN-2026
PROD_91433,91433,02429918,MAR-AMITRIPTYLINE,,,0101524004,N,23-JUN-2026
PROD_91435,91435,02429950,M-ASA 80 MG CROQUABLE,,,0101169013,N,23-JUN-2026
PROD_91439,91439,02429977,ZEULIDE DEPOT,"1 MONTH - 1 VIAL (POWDER), 1 PREFILLED SYRUP (DILUENT)",,0116959006,N,11-AUG-2026
PROD_91445,91445,02430037,M-SILDENAFIL,,,0136261003,N,23-JUN-2026
PROD_91451,91451,02430118,ESCITALOPRAM,,,0150435002,N,23-JUL-2026
PROD_91453,91453,02430126,ESCITALOPRAM,,,0150435004,N,23-JUL-2026
PROD_91477,91477,02430290,ELOCTATE,"SINGLE-USE VIAL (POWDER), PRE-FILLED SYRINGE (DILUENT)",,0155970001,N,22-MAR-2025
PROD_91479,91479,02430304,ELOCTATE,"SINGLE-USE VIAL (POWDER), PRE-FILLED SYRINGE (DILUENT)",,0155970002,N,22-MAR-2025
PROD_91480,91480,02430312,ELOCTATE,"SINGLE-USE VIAL (POWDER), PRE-FILLED SYRINGE (DILUENT)",,0155970003,N,22-MAR-2025
PROD_91481,91481,02430320,ELOCTATE,"SINGLE-USE VIAL (POWDER), PRE-FILLED SYRINGE (DILUENT)",,0155970004,N,22-MAR-2025
PROD_91482,91482,02430339,ELOCTATE,"SINGLE-USE VIAL (POWDER), PRE-FILLED SYRINGE (DILUENT)",,0155970005,N,22-MAR-2025
PROD_91483,91483,02430347,ELOCTATE,"SINGLE-USE VIAL (POWDER), PRE-FILLED SYRINGE (DILUENT)",,0155970006,N,22-MAR-2025
PROD_91484,91484,02430355,ELOCTATE,"SINGLE-USE VIAL (POWDER), PRE-FILLED SYRINGE (DILUENT)",,0155970007,N,22-MAR-2025
PROD_91494,91494,02430487,AURO-MODAFINIL,,,0136083001,N,23-JUN-2026
PROD_91495,91495,02430517,CITALOPRAM,,,0136243003,N,15-APR-2026
PROD_91496,91496,02430541,CITALOPRAM,,,0136243001,N,15-APR-2026
PROD_91497,91497,02430568,CITALOPRAM,,,0136243002,N,15-APR-2026
PROD_91502,91502,02430576,PMS-ENTECAVIR,,,0151648001,N,16-JUN-2026
PROD_91503,91503,02430584,PMS-ENTECAVIR,,,0151648003,N,22-MAR-2025
PROD_91522,91522,02430789,FRAGMIN,SINGLE-DOSE PREFILLED SYRINGE,,0126861004,N,06-AUG-2026
PROD_91526,91526,02430827,LINEZOLID INJECTION,,,0143501003,N,24-JUN-2026
PROD_91536,91536,02430932,TRIUMEQ,,,0355990001,N,23-JUN-2026
PROD_91549,91549,02431041,DRY OIL SUNSCREEN,LOTION,CAT IV - SUNBURN PROTECTANTS,0420277019,N,29-JUL-2026
PROD_91557,91557,02431130,"VINORELBINE INJECTION, USP",,,0126071001,N,22-MAR-2025
PROD_91570,91570,02431289,GABAPENTIN,,,0125929004,N,16-JUN-2026
PROD_91572,91572,02431300,EZETIMIBE,,,0149164001,N,22-MAR-2025
PROD_91574,91574,02431327,PANTOPRAZOLE,,,0133229001,N,23-JUN-2026
PROD_91576,91576,02431343,UV DAILY TINTED,,CAT IV - SUNBURN PROTECTANTS,0216792017,N,31-JUL-2025
PROD_91579,91579,02431378,PHENYTOIN SODIUM INJECTION USP,2 ML AND 5 ML SINGLE-USE VIALS,,0101375003,N,06-AUG-2026
PROD_91585,91585,02431432,ANEW ULTIMATE MULTI-PERFORMANCE DAY CREAM CRÈME DE JOUR BROAD SPECTRUM SPF25 À LARGE SPECTRE FPS 25,,CAT IV - SUNBURN PROTECTANTS,0427465008,N,22-MAR-2025
PROD_91586,91586,02431440,Q10 POWER TM/MC ANTI-WRINKLE FIRMING DAY CREAM,,CAT IV - SUNBURN PROTECTANTS,0553269002,N,25-JUL-2025
PROD_91589,91589,02431483,SOLUPREP AQ SWAB,,,0107629004,N,18-DEC-2025
PROD_91612,91612,02431637,CALCITRIOL-ODAN,,,0113628007,N,18-JUN-2026
PROD_91613,91613,02431645,CALCITRIOL-ODAN,,,0113628005,N,18-JUN-2026
PROD_91641,91641,02431947,RIXUBIS,SINGLE-USE VIAL AND DILUENT,,0156050003,N,30-JUL-2025
PROD_91642,91642,02431955,RIXUBIS,SINGLE-USE VIAL AND DILUENT,,0156050004,N,30-JUL-2025
PROD_91643,91643,02431963,RIXUBIS,SINGLE-USE VIAL AND DILUENT,,0156050005,N,30-JUL-2025
PROD_91644,91644,02431971,AG-CLOPIDOGREL,,,0134440001,N,22-MAR-2025
PROD_91649,91649,02432048,MAR-PRAVASTATIN,,,0122563001,N,22-MAR-2025
PROD_91650,91650,02432056,MAR-PRAVASTATIN,,,0122563002,N,22-MAR-2025
PROD_91651,91651,02432064,MAR-PRAVASTATIN,,,0122563003,N,22-MAR-2025
PROD_91652,91652,02432072,GABAPENTIN,,,0125929004,N,10-NOV-2025
PROD_91653,91653,02432080,GABAPENTIN,,,0125929005,N,10-NOV-2025
PROD_91657,91657,02432129,SLEEP-EZE EZE-LIQUID,,,0102639008,N,12-AUG-2026
PROD_91662,91662,02432188,ATROPINE INJECTION BP,SINGLE-USE,,0104748006,N,04-AUG-2026
PROD_91663,91663,02432196,ATROPINE INJECTION BP,SINGLE-USE,,0104748005,N,04-AUG-2026
PROD_91667,91667,02432218,PMS-MOXIFLOXACIN,,,0142242003,N,23-JUN-2026
PROD_91668,91668,02432226,HARVONI,,,0256070001,N,23-JUN-2026
PROD_91672,91672,02432242,AURO-MOXIFLOXACIN,,,0142242001,N,23-JUN-2026
PROD_91701,91701,02432560,MAR-MODAFINIL,,,0136083001,N,24-JUN-2026
PROD_91710,91710,02432676,POSANOL,300MG/VIAL. SINGLE USE VIAL.,,0152201003,N,22-JUN-2026
PROD_91711,91711,02432684,AG-DONEPEZIL,,,0131548001,N,29-DEC-2025
PROD_91712,91712,02432692,AG-DONEPEZIL,,,0131548002,N,29-DEC-2025
PROD_91720,91720,02432773,AURO-CEFIXIME,,,0122105003,N,22-JUN-2026
PROD_91722,91722,02432803,EXELON PATCH 15,,,0140521009,N,30-JUL-2026
PROD_91723,91723,02432854,DUAVIVE,,,0256130001,N,28-MAY-2025
PROD_91729,91729,02432889,DYMISTA,SUSPENSION,,0256150001,N,14-AUG-2026
PROD_91732,91732,02432919,TRINTELLIX,,,0156170001,N,27-AUG-2026
PROD_91733,91733,02432927,TRINTELLIX,,,0156170002,N,27-AUG-2026
PROD_91735,91735,02432943,TRINTELLIX,,,0156170004,N,27-AUG-2026
PROD_91745,91745,02433044,ASA,,,0101169013,N,23-JUN-2026
PROD_91747,91747,02433060,JAMP-AMOXICILLIN,,,0131314001,N,23-JUN-2026
PROD_91748,91748,02433079,JAMP-AMOXICILLIN,,,0131314006,N,23-JUN-2026
PROD_91749,91749,02433087,MOXIFLOXACIN INJECTION,,,0142242002,N,22-MAR-2025
PROD_91764,91764,02433249,"MUCINEX MULTI-ACTION CONGESTION, STUFFY NOSE & COUGH LIQUID",,,0300674005,N,19-MAR-2026
PROD_91765,91765,02433257,MUCINEX CONGESTION & COUGH,,LS - COUGH AND COLD,0200826012,N,23-APR-2026
PROD_91779,91779,02433419,"MUCINEX MULTI-ACTION CONGESTION, COLD & COUGH SOLUTION",,,0451421010,N,16-MAR-2026
PROD_91781,91781,02433435,"MUCINEX MULTI-ACTION CONGESTION, COLD & COUGH",,,0451421007,N,03-MAR-2026
PROD_91782,91782,02433451,"MUCINEX MULTI-ACTION CONGESTION, COLD & FLU",,,0351580003,N,16-MAR-2026
PROD_91783,91783,02433443,JAMP-NYSTATIN ORAL SUSPENSION USP,,,0105858002,N,29-APR-2026
PROD_91785,91785,02433486,RENEWAL CLEANSER,,CAT IV - ACNE THERAPY,0107205004,N,22-MAR-2025
PROD_91786,91786,02433494,REPAIRING TREATMENT,,CAT IV - ACNE THERAPY,0107205004,N,22-MAR-2025
PROD_91790,91790,02433532,BACKUP PLAN ONESTEP,,,0125218004,N,24-SEP-2025
PROD_91806,91806,02433702,NRA-FLUCONAZOLE-150,,,0122529004,N,22-AUG-2025
PROD_91825,91825,02433869,AURO-PREGABALIN,,,0151121001,N,22-JUN-2026
PROD_91826,91826,02433877,AURO-PREGABALIN,,,0151121002,N,22-JUN-2026
PROD_91827,91827,02433885,AURO-PREGABALIN,,,0151121003,N,22-JUN-2026
PROD_91829,91829,02433907,AURO-PREGABALIN,,,0151121005,N,22-JUN-2026
PROD_91835,91835,02434016,TEINT LUMIÈRE,,CAT IV - SUNBURN PROTECTANTS,0216790128,N,22-MAR-2025
PROD_91844,91844,02434091,"CEFOTAXIME SODIUM FOR INJECTION, BP",,,0152507001,N,23-JUN-2026
PROD_91845,91845,02434105,"CEFOTAXIME SODIUM FOR INJECTION, BP",,,0152507002,N,23-JUN-2026
PROD_91864,91864,02434318,OTEZLA,STARTER PACK,,0356230001,N,10-AUG-2026
PROD_91866,91866,02434334,OTEZLA,,,0156231002,N,13-MAY-2026
PROD_91874,91874,02434407,IMBRUVICA,,,0156250001,N,23-JUN-2026
PROD_91878,91878,02434458,ZOLEDRONIC ACID FOR INJECTION,,,0141761002,N,24-JUN-2026
PROD_91886,91886,02434539,MYLAN-CINACALCET,,,0150282001,N,22-MAR-2025
PROD_91887,91887,02434547,MYLAN-CINACALCET,,,0150282002,N,22-MAR-2025
PROD_91888,91888,02434555,MYLAN-CINACALCET,,,0150282003,N,22-MAR-2025
PROD_91896,91896,02434652,ACH-ESCITALOPRAM,,,0150435002,N,22-MAR-2025
PROD_91897,91897,02434660,ACH-ESCITALOPRAM,,,0150435004,N,22-MAR-2025
PROD_91903,91903,02434725,MUCINEX CHEST CONGESTION,,,0103181008,N,03-MAR-2026
PROD_91910,91910,02434806,GAZYVA,SINGLE-DOSE VIAL,,0156270001,N,07-AUG-2026
PROD_91911,91911,02434814,JAKAVI,,,0153186004,N,23-JUN-2026
PROD_91914,91914,02434849,TEVA-ALMOTRIPTAN,,,0149521002,N,22-MAR-2025
PROD_91923,91923,02434946,APO-ZOLPIDEM ODT,,,0122857002,N,23-JUN-2026
PROD_91926,91926,02434970,OCTAPLEX,HUMAN PROTHROMBIN COMPLEX. 40ML RECONSTITUTED.,,0652205005,N,14-AUG-2026
PROD_91937,91937,02435071,OXALIPLATIN INJECTION,SINGLE-USE VIAL,,0152220003,N,06-AUG-2026
PROD_91939,91939,02435101,REVERSA CREME FPS30,,,0423152008,N,23-JUN-2026
PROD_91940,91940,02435128,SYLVANT,SINGLE-USE VIAL,,0156310001,N,12-AUG-2026
PROD_91941,91941,02435136,SYLVANT,SINGLE-USE VIAL,,0156310002,N,12-AUG-2026
PROD_91942,91942,02435144,CHILDREN'S TYLENOL FEVER & SORE THROAT PAIN,,LS - COUGH AND COLD,0102009006,N,23-JUN-2026
PROD_91945,91945,02435179,AURO-VALGANCICLOVIR,,,0147203001,N,22-JUN-2026
PROD_91952,91952,02435241,DIMENHYDRINATE INJECTION USP,"MUST BE DILUTED FOR I.V. USE. CONTAINS PRESERVATIVE, MULTIDOSE VIALS",,0102747004,N,14-AUG-2026
PROD_91953,91953,02435268,BIVALIRUDIN FOR INJECTION,"50 MG/ML WHEN RECONSTITUTED, SINGLE-USE VIAL",,0148342001,N,26-AUG-2026
PROD_91954,91954,02435276,4% CITANEST PLAIN DENTAL,,,0111805001,N,22-MAR-2025
PROD_91971,91971,02435381,SPIRIVA RESPIMAT,FOR ORAL INHALATION WITH RESPIMAT INHALER ONLY. 5µG/DOSE,,0148683002,N,22-MAR-2025
PROD_91973,91973,02435411,SIMBRINZA,,,0256350001,N,22-MAR-2025
PROD_91977,91977,02435462,FORXIGA,,,0156370001,N,16-JUN-2026
PROD_91978,91978,02435470,FORXIGA,,,0156370002,N,16-JUN-2026
PROD_91991,91991,02435578,REFRESH OPTIVE FUSION,DROPS,,0251696002,N,18-AUG-2026
PROD_92000,92000,02435667,FOMEPIZOLE FOR INJECTION,1.5 G/1.5 ML SINGLE-DOSE VIAL,,0142261003,N,31-JUL-2026
PROD_92001,92001,02435675,APO-VARENICLINE,STARTER PACK (COMBOPACK),,0252269001,N,20-FEB-2026
PROD_92002,92002,02435683,HEARTBURN CONTROL,,,0121643001,N,24-JUN-2026
PROD_92006,92006,02435713,VANCOMYCIN HYDROCHLORIDE FOR INJECTION USP,FOR I.V. INFUSION ONLY. SINGLE-DOSE VIAL,,0131315003,N,14-AUG-2026
PROD_92007,92007,02435721,VANCOMYCIN HYDROCHLORIDE FOR INJECTION USP,FOR I.V. INFUSION ONLY. SINGLE-DOSE VIALS,,0131315009,N,14-AUG-2026
PROD_92012,92012,02435772,APO-SITAGLIPTIN-METFORMIN,,,0252656001,N,03-FEB-2026
PROD_92013,92013,02435780,APO-SITAGLIPTIN-METFORMIN,,,0252656002,N,17-FEB-2026
PROD_92014,92014,02435799,APO-SITAGLIPTIN-METFORMIN,,,0252656003,N,03-FEB-2026
PROD_92015,92015,02435802,REVERSA CRÈME RADIANCE FPS 30,,,0439981027,N,24-JUN-2026
PROD_92016,92016,02435810,EPINEPHRINE INJECTION USP,SINGLE-USE AMPOULE,,0104871002,N,10-AUG-2026
PROD_92020,92020,02435853,LOTEMAX GEL,,,0152508002,N,23-JUN-2026
PROD_92024,92024,02435918,ACID CONCENTRATE A1296,,,0617386468,N,22-MAR-2025
PROD_92025,92025,02435896,AURO-TADALAFIL,,,0149485003,N,22-MAR-2025
PROD_92026,92026,02435926,AURO-TADALAFIL,,,0149485004,N,22-MAR-2025
PROD_92027,92027,02435934,AURO-TADALAFIL,,,0149485001,N,22-MAR-2025
PROD_92028,92028,02435942,AURO-TADALAFIL,,,0149485002,N,22-MAR-2025
PROD_92029,92029,02435950,ACID CONCENTRATE A1298,,,0617386225,N,22-MAR-2025
PROD_92030,92030,02435969,ACID CONCENTRATE A1297,,,0617386466,N,22-MAR-2025
PROD_92031,92031,02435977,JAMP-PREGABALIN,,,0151121001,N,22-MAR-2025
PROD_92032,92032,02435985,JAMP-PREGABALIN,,,0151121002,N,22-MAR-2025
PROD_92033,92033,02435993,JAMP-PREGABALIN,,,0151121003,N,22-MAR-2025
PROD_92034,92034,02436000,JAMP-PREGABALIN,,,0151121005,N,22-MAR-2025
PROD_92035,92035,02436019,JAMP-PREGABALIN,,,0151121008,N,22-MAR-2025
PROD_92040,92040,02436078,BERINERT 1500,HUMAN C1 ESTERASE INHIBITOR 1200 - 1875IU. SINGLE-USE VIAL & DILUENT,,0152746002,N,23-JUN-2026
PROD_92048,92048,02436159,APO-ZOLPIDEM ODT,,,0122857001,N,23-JUN-2026
PROD_92051,92051,02436175,PMS-ZOLPIDEM ODT,,,0122857001,N,12-DEC-2025
PROD_92052,92052,02436183,PMS-ZOLPIDEM ODT,,,0122857002,N,12-DEC-2025
PROD_92056,92056,02436221,LIDOCAINE HYDROCHLORIDE AND EPINEPHRINE INJECTION USP,MULTIDOSE VIAL,,0201284005,N,23-SEP-2025
PROD_92058,92058,02436256,TEVA-LATANOPROST-TIMOLOL,,,0248501001,N,22-MAR-2025
PROD_92062,92062,02436299,CELECOXIB,,,0137043001,N,13-APR-2026
PROD_92063,92063,02436302,CELECOXIB,,,0137043002,N,13-APR-2026
PROD_92065,92065,02436329,ELLA,,,0154390002,N,22-JUN-2026
PROD_92069,92069,02436337,ALEVE BACK AND BODY PAIN,LIQUID-FILLED,,0113934003,N,18-AUG-2026
PROD_92082,92082,02436485,BENYLIN EXTRA STRENGTH FOR PEOPLE WITH DIABETES,,,0350662001,N,22-MAR-2025
PROD_92086,92086,02436523,FERRIPROX,,,0156430001,N,28-AUG-2026
PROD_92087,92087,02436531,FERRIPROX,,,0156430002,N,28-AUG-2026
PROD_92088,92088,02436558,FERRIPROX,,,0156430003,N,28-AUG-2026
PROD_92092,92092,02436590,LIQUID NITROGEN NF,,,0115497001,N,23-JUN-2026
PROD_92096,92096,02436639,CYSVIEW,FOR INTRAVESICAL INSTILLATION. SINGLE USE. KIT INCLUDES DILUENT,,0156451001,N,22-MAR-2025
PROD_92097,92097,02436647,AURO-DULOXETINE,,,0152350001,N,13-AUG-2026
PROD_92098,92098,02436655,AURO-DULOXETINE,,,0152350002,N,13-AUG-2026
PROD_92099,92099,02436663,PHEBURANE,,,0156470001,N,23-JUN-2026
PROD_92104,92104,02436736,CLÉO -35,,,0232337001,N,22-MAR-2025
PROD_92108,92108,02436779,ZYKADIA,,,0156510001,N,23-JUN-2026
PROD_92117,92117,02436841,ENTYVIO,FOR I.V. INFUSION,,0156530001,N,10-AUG-2026
PROD_92122,92122,02436906,AURO-CLINDAMYCIN,,,0105830002,N,23-JUN-2026
PROD_92123,92123,02436914,AURO-CLINDAMYCIN,,,0105830003,N,23-JUN-2026
PROD_92127,92127,02436957,OXALIPLATIN INJECTION,SINGLE-USE VIALS,,0152220003,N,10-AUG-2026
PROD_92128,92128,02436965,MINT-OLANZAPINE ODT,,,0128783003,N,14-JAN-2026
PROD_92129,92129,02436973,MINT-OLANZAPINE ODT,,,0128783002,N,22-MAR-2025
PROD_92130,92130,02436981,MINT-OLANZAPINE ODT,,,0128783005,N,22-MAR-2025
PROD_92136,92136,02437058,GARDASIL 9,0.5 ML SINGLE-DOSE VIALS AND PREFILLED SYRINGES,,0956550001,N,19-AUG-2026
PROD_92141,92141,02437104,CEFAZOLIN FOR INJECTION,SINGLE-USE VIAL,,0109442002,N,07-AUG-2026
PROD_92142,92142,02437112,CEFAZOLIN FOR INJECTION,SINGLE-USE VIAL,,0109442005,N,07-AUG-2026
PROD_92143,92143,02437120,CEFAZOLIN FOR INJECTION,MULTIDOSE VIAL,,0109442006,N,30-JUL-2026
PROD_92145,92145,02437147,PRECEDEX, SINGLE-USE VIAL,,0152679004,N,19-AUG-2026
PROD_92155,92155,02437252,SIGNIFOR LAR,KIT INCLUDES 2ML DILUENT IN A PREFILLED SYRINGE,,0154790004,N,30-MAY-2025
PROD_92156,92156,02437279,SIGNIFOR LAR,KIT INCLUDES 2ML DILUENT IN A PREFILLED SYRINGE,,0154790006,N,30-MAY-2025
PROD_92157,92157,02437260,SIGNIFOR LAR,KIT INCLUDES 2ML DILUENT IN A PREFILLED SYRINGE,,0154790005,N,30-MAY-2025
PROD_92166,92166,02437317,M-DOCUSATE SODIUM 100 MG,,,0104351002,N,22-MAR-2025
PROD_92168,92168,02437333,ICLUSIG,,,0156590001,N,11-JUL-2025
PROD_92173,92173,02437384,PURELL HAND SANITIZING WIPES,,,0104993016,N,24-JUN-2026
PROD_92184,92184,02437503,JINARC,"COMBINATION PACK: 15, 45 MG",,0256610002,N,17-AUG-2026
PROD_92185,92185,02437511,JINARC,"COMBINATION PACK: 30, 60 MG",,0256610003,N,17-AUG-2026
PROD_92186,92186,02437538,JINARC,"COMBINATION PACK: 30, 90 MG",,0256610001,N,17-AUG-2026
PROD_92190,92190,02437570,AG-CELECOXIB,,,0137043001,N,08-JUL-2026
PROD_92191,92191,02437589,AG-CELECOXIB,,,0137043002,N,08-JUL-2026
PROD_92202,92202,02437635,APO-TRIAMCINOLONE AQ,,,0106310010,N,22-MAR-2025
PROD_92203,92203,02437643,PROPOFOL INJECTION,"FOR I.V. INFUSION. 200 MG/20 ML, 500 MG/50 ML, AND 1000 MG/100 ML SINGLE-USE VIALS",,0121833001,N,10-AUG-2026
PROD_92207,92207,02437686,MED-DORZOLAMIDE-TIMOLOL,,,0237301001,N,02-OCT-2025
PROD_92215,92215,02437775,VIVIER SHEER SPF 45,,CAT IV - SUNBURN PROTECTANTS,0449667005,N,22-MAR-2025
PROD_92221,92221,02437848,CEFTAZIDIME FOR INJECTION BP,"I.M, I.V. INJ. & I.V INFUSION",,0116900007,N,22-JUN-2026
PROD_92222,92222,02437856,CEFTAZIDIME FOR INJECTION BP,I.V. INJECTION AND I.V. INFUSION,,0116900008,N,25-AUG-2026
PROD_92223,92223,02437864,CEFTAZIDIME FOR INJECTION BP,I.V. INFUSION,,0116900009,N,14-AUG-2026
PROD_92226,92226,02437899,SAXENDA,"EACH PEN DELIVERS 0.6 MG, 1.2 MG, 1.8 MG, 2.4 MG, AND 3 MG DOSES. 3 ML MULTIDOSE PREFILLED PEN",,0152718001,N,27-AUG-2026
PROD_92234,92234,02437988,TARO-SOLIFENACIN,,,0151584001,N,22-MAR-2025
PROD_92235,92235,02437996,TARO-SOLIFENACIN,,,0151584002,N,22-MAR-2025
PROD_92237,92237,02438003,MINT-QUETIAPINE,,,0131858001,N,22-JUN-2026
PROD_92238,92238,02438011,MINT-QUETIAPINE,,,0131858002,N,22-JUN-2026
PROD_92240,92240,02438046,MINT-QUETIAPINE,,,0131858003,N,22-JUN-2026
PROD_92241,92241,02438054,MINT-QUETIAPINE,,,0131858005,N,22-JUN-2026
PROD_92243,92243,02438070,COSENTYX,SINGLE-USE PREFILLED PEN (SENSOREADY PEN),,0156650001,N,10-AUG-2026
PROD_92249,92249,02438119,ACH-TEMOZOLOMIDE,,,0138781001,N,23-JUN-2026
PROD_92264,92264,02438275,AURO-METFORMIN,,,0101773001,N,13-AUG-2026
PROD_92265,92265,02438283,AURO-METFORMIN,,,0101773002,N,13-AUG-2026
PROD_92278,92278,02438399,ACT BORTEZOMIB,SINGLE-USE VIAL,,0150433001,N,13-AUG-2026
PROD_92295,92295,02438577,"FLUDARABINE PHOSPHATE INJECTION, USP",FOR I.V. INFUSION. 2 ML SINGLE-DOSE VIAL,,0123842003,N,10-AUG-2026
PROD_92296,92296,02438585,VISINE FOR DRY EYE TIRED EYE RELIEF,,,0233242001,N,01-APR-2026
PROD_92302,92302,02438658,MYLAN-GLICLAZIDE MR,,,0119934002,N,23-JUN-2026
PROD_92306,92306,02438674,PEMETREXED DISODIUM FOR INJECTION,SINGLE-USE VIAL,,0150104002,N,12-AUG-2026
PROD_92307,92307,02438682,PEMETREXED DISODIUM FOR INJECTION,SINGLE-USE VIAL,,0150104001,N,12-AUG-2026
PROD_92309,92309,02438690,ASMANEX TWISTHALER,FOR ORAL INHALATION ONLY,,0121732007,N,22-MAR-2025
PROD_92318,92318,02438798,ZYDELIG,,,0156710001,N,23-JUN-2026
PROD_92319,92319,02438801,ZYDELIG,,,0156710002,N,23-JUN-2026
PROD_92329,92329,02438917,ACH-ROSUVASTATIN,,,0148963004,N,28-AUG-2026
PROD_92330,92330,02438925,ACH-ROSUVASTATIN,,,0148963001,N,28-AUG-2026
PROD_92331,92331,02438933,ACH-ROSUVASTATIN,,,0148963002,N,28-AUG-2026
PROD_92332,92332,02438941,ACH-ROSUVASTATIN,,,0148963003,N,28-AUG-2026
PROD_92335,92335,02438984,MINT-DULOXETINE,,,0152350001,N,20-AUG-2026
PROD_92336,92336,02438992,MINT-DULOXETINE,,,0152350002,N,20-AUG-2026
PROD_92342,92342,02439050,AURO-TRAMADOL/ACETAMINOPHEN,,,0250601001,N,23-JUN-2026
PROD_92351,92351,02439123,PROLENSA,,,0156750001,N,23-JUN-2026
PROD_92352,92352,02439131,PIPERACILLIN AND TAZOBACTAM FOR INJECTION,FOR I.V. INFUSION,,0225919008,N,13-AUG-2026
PROD_92362,92362,02439239,TEVA-AMPHETAMINE XR,,,0161310001,N,01-APR-2026
PROD_92363,92363,02439247,TEVA-AMPHETAMINE XR,,,0161310002,N,01-APR-2026
PROD_92364,92364,02439255,TEVA-AMPHETAMINE XR,,,0161310003,N,01-APR-2026
PROD_92365,92365,02439263,TEVA-AMPHETAMINE XR,,,0161310004,N,01-APR-2026
PROD_92366,92366,02439271,TEVA-AMPHETAMINE XR,,,0161310005,N,01-APR-2026
PROD_92367,92367,02439298,TEVA-AMPHETAMINE XR,,,0161310006,N,01-APR-2026
PROD_92369,92369,02439328,TARO-GLICLAZIDE MR,MODIFIED-RELEASE TABLETS,,0119934003,N,17-AUG-2026
PROD_92370,92370,02439336,DOCETAXEL INJECTION,"20 MG/2 ML, 80 MG/8 ML, AND 160 MG/16 ML VIALS",,0127884002,N,21-AUG-2026
PROD_92371,92371,02439360,CARBAGLU,,,0156770001,N,22-MAR-2025
PROD_92372,92372,02439344,ACH-SOLIFENACIN SUCCINATE,,,0151584001,N,23-JUN-2026
PROD_92373,92373,02439352,ACH-SOLIFENACIN SUCCINATE,,,0151584002,N,23-JUN-2026
PROD_92374,92374,02439379,"ROPIVACAINE HYDROCHLORIDE INJECTION, USP",,,0133273001,N,08-MAY-2026
PROD_92375,92375,02439387,"ROPIVACAINE HYDROCHLORIDE INJECTION, USP",,,0133273003,N,08-MAY-2026
PROD_92377,92377,02439409,"ROPIVACAINE HYDROCHLORIDE INJECTION, USP",,,0133273005,N,16-JUN-2026
PROD_92393,92393,02439514,POSITIVE SKIN TEST CONTROL-HISTAMINE,,,0117554011,N,11-JUL-2025
PROD_92396,92396,02439530,DUAKLIR GENUAIR,FOR ORAL INHALATION. 1 INHALER WITH 30 ACTUATIONS & 1 INHALER WITH 60 ACTUATIONS,,0256790001,N,30-JUL-2026
PROD_92401,92401,02439603,VYVANSE,,,0152536006,N,16-OCT-2025
PROD_92402,92402,02439611,HUMALOG 200 UNITS/ML KWIKPEN,PREFILLED PEN,,0131614002,N,22-MAR-2025
PROD_92405,92405,02439654,TEVA-BUPROPION XL,,,0131140003,N,11-JUL-2025
PROD_92406,92406,02439662,TEVA-BUPROPION XL,,,0131140004,N,11-JUL-2025
PROD_92408,92408,02439689,IBUPROFEN,,,0108883004,N,09-JAN-2026
PROD_92431,92431,02439913,TEVA-PROGESTERONE,,,0106327002,N,23-JUN-2026
PROD_92433,92433,02439948,SANDOZ DULOXETINE,,,0152350001,N,10-JUN-2025
PROD_92434,92434,02439956,SANDOZ DULOXETINE,,,0152350002,N,10-JUN-2025
PROD_92452,92452,02440148,TEVA-TADALAFIL,FOR ONE-A-DAY USE,,0149485003,N,25-AUG-2026
PROD_92453,92453,02440156,TEVA-TADALAFIL,FOR ONE-A-DAY USE,,0149485004,N,25-AUG-2026
PROD_92454,92454,02440164,TEVA-TADALAFIL,FOR ON-DEMAND DOSING,,0149485001,N,22-MAR-2025
PROD_92455,92455,02440172,TEVA-TADALAFIL,FOR ON-DEMAND DOSING,,0149485002,N,25-AUG-2026
PROD_92456,92456,02440180,TARO-CLINDAMYCIN/BENZOYL PEROXIDE GEL,,,0242561001,N,23-JUN-2026
PROD_92470,92470,02440342,ROSIVER,,,0124785002,N,23-JUN-2026
PROD_92479,92479,02440423,APO-DULOXETINE,,,0152350001,N,22-JUN-2026
PROD_92480,92480,02440431,APO-DULOXETINE,,,0152350002,N,22-JUN-2026
PROD_92481,92481,02440458,PURKLENZ,,,0106942003,N,24-JUN-2026
PROD_92488,92488,02440512,STUBBORN ACNE SPOT GEL,,CAT IV - ACNE THERAPY,0107205001,N,10-MAR-2026
PROD_92496,92496,02440598,JAMP VALACYCLOVIR,,,0128626001,N,06-AUG-2026
PROD_92497,92497,02440601,REVLIMID,,,0152422005,N,22-MAR-2025
PROD_92500,92500,02440628,TEVA-PANTOPRAZOLE MAGNESIUM,,,0133229001,N,23-JUN-2026
PROD_92501,92501,02440644,ACH-PRAVASTATIN,,,0122563001,N,23-JUN-2026
PROD_92502,92502,02440652,ACH-PRAVASTATIN,,,0122563002,N,22-APR-2026
PROD_92503,92503,02440660,ACH-PRAVASTATIN,,,0122563003,N,22-APR-2026
PROD_92505,92505,02440687,SMOFKABIVEN ELECTROLYTE FREE,"CONTAINS (W/V): 5.1 % AMINO ACIDS, 12.7 % DEXTROSE AND 3.8 % LIPID, SINGLE-USE",,2163114002,N,17-AUG-2026
PROD_92506,92506,02440695,SMOFKABIVEN,"CONTAINS (W/V): 5.1 % AMINO ACIDS, 0.7 % ELECTROLYTES, 12.7 % DEXTROSE AND 3.8 % LIPID, SINGLE USE",,2758251002,N,17-AUG-2026
PROD_92515,92515,02440792,DENTEC LOTION,,CAT IV - SUNBURN PROTECTANTS,0420277023,N,22-MAR-2025
PROD_92523,92523,02440873,ABSOLUTELY AGELESS DAILY MOISTURIZER,,CAT IV - SUNBURN PROTECTANTS,0451521010,N,24-JUN-2026
PROD_92524,92524,02440881,STUBBORN ACNE CLEANSER,,CAT IV - ACNE THERAPY,0107205011,N,10-MAR-2026
PROD_92527,92527,02440903,TREKSAFE,,CAT IV - ANTISEPTIC SKIN CLEANSERS,0104993016,N,06-JUN-2025
PROD_92533,92533,02440970,FETZIMA,,,0156890002,N,22-MAR-2025
PROD_92534,92534,02440989,FETZIMA,,,0156890001,N,22-MAR-2025
PROD_92535,92535,02440997,FETZIMA,,,0156890003,N,22-MAR-2025
PROD_92536,92536,02441004,FETZIMA,,,0156890004,N,22-MAR-2025
PROD_92544,92544,02441071,TEVA-TOPOTECAN,SINGLE-DOSE VIAL,,0132984001,N,07-AUG-2026
PROD_92553,92553,02441160,TEVA-TEMOZOLOMIDE,,,0138781001,N,22-MAR-2025
PROD_92564,92564,02441241,ERGONOVINE MALEATE INJECTION USP,SINGLE-USE AMPOULE,,0103674002,N,10-AUG-2026
PROD_92570,92570,02441306,JENCYCLA,,,0106372001,N,22-MAR-2025
PROD_92587,92587,02441489,GRASTOFIL,SINGLE-USE PREFILLED SYRINGE,,0123525003,N,10-AUG-2026
PROD_92591,92591,02441527,PANTOPRAZOLE SODIUM FOR INJECTION,SINGLE-USE VIAL,,0133229001,N,07-AUG-2026
PROD_92601,92601,02441624,TEVA-CINACALCET,,,0150282001,N,22-MAY-2026
PROD_92602,92602,02441632,TEVA-CINACALCET,,,0150282002,N,22-MAY-2026
PROD_92603,92603,02441640,TEVA-CINACALCET,,,0150282003,N,22-MAY-2026
PROD_92604,92604,02441659,RIVA-DORZOLAMIDE/TIMOLOL,DROPS,,0237301001,N,18-AUG-2026
PROD_92609,92609,02441691,PRISM0CAL B22K0/0,SINGLE-USE TWO-COMPARTMENT BAG,,0321275007,N,28-AUG-2026
PROD_92621,92621,02441829,TOUJEO SOLOSTAR,1.5 ML (450 IU) PREFILLED PEN,,0147062002,N,19-AUG-2026
PROD_92626,92626,02441888,INSPIOLTO RESPIMAT,FOR ORAL INHALATION. WITH INSPIOLTO RESPIMAT INHALER,,0256970001,N,23-JUN-2026
PROD_92630,92630,02441934,ACT METHYLPHENIDATE ER,,,0107548004,N,27-FEB-2026
PROD_92631,92631,02441942,ACT METHYLPHENIDATE ER,,,0107548007,N,27-FEB-2026
PROD_92632,92632,02441950,ACT METHYLPHENIDATE ER,,,0107548005,N,27-FEB-2026
PROD_92633,92633,02441969,ACT METHYLPHENIDATE ER,,,0107548006,N,27-FEB-2026
PROD_92637,92637,02442000,VALACYCLOVIR,,,0128626001,N,22-MAR-2025
PROD_92647,92647,02442116,METOPROLOL-L,,,0111923005,N,22-MAR-2025
PROD_92648,92648,02442124,METOPROLOL-L,,,0111923002,N,22-MAR-2025
PROD_92649,92649,02442132,METOPROLOL-L,,,0111923003,N,22-MAR-2025
PROD_92652,92652,02442167,MOVANTIK,,,0157010001,N,22-MAR-2025
PROD_92653,92653,02442175,MOVANTIK,,,0157010002,N,22-MAR-2025
PROD_92654,92654,02442183,VARIZIG,ALSO KNOWN AS VARICELLA ZOSTER IMMUNE GLOBULIN HUMAN. SINGLE USE VIAL,,0115174003,N,07-JUL-2026
PROD_92655,92655,02442191,TEVA-OLMESARTAN,,,0152496002,N,22-MAR-2025
PROD_92656,92656,02442205,TEVA-OLMESARTAN,,,0152496003,N,22-MAR-2025
PROD_92657,92657,02442213,SUFENTANIL CITRATE INJECTION USP,SINGLE-USE VIALS,,0144821002,N,10-AUG-2026
PROD_92661,92661,02442256,LUXA-D,,,0108524011,N,08-SEP-2025
PROD_92662,92662,02442264,LUXA-D,,,0108524009,N,25-MAR-2026
PROD_92663,92663,02442272,LUXA-D,,,0108524005,N,28-MAY-2026
PROD_92664,92664,02442280,LUXA-D,,,0108524012,N,25-MAR-2026
PROD_92667,92667,02442302,QUINSAIR,SINGLE-USE AMPOULES,,0131663006,N,27-AUG-2026
PROD_92674,92674,02442388,MINT-LEVETIRACETAM,,,0148843001,N,22-MAR-2025
PROD_92675,92675,02442396,MINT-LEVETIRACETAM,,,0148843002,N,22-MAR-2025
PROD_92676,92676,02442418,MINT-LEVETIRACETAM,,,0148843003,N,22-MAR-2025
PROD_92678,92678,02442434,AZITHROMYCIN,,,0126072001,N,04-SEP-2025
PROD_92681,92681,02442469,CLARITHROMYCIN,,,0123752001,N,24-JUN-2026
PROD_92683,92683,02442485,CLARITHROMYCIN,,,0123752002,N,24-JUN-2026
PROD_92684,92684,02442493,ESOMEPRAZOLE,,,0145162001,N,22-MAR-2025
PROD_92685,92685,02442507,ESOMEPRAZOLE,,,0145162002,N,22-MAR-2025
PROD_92688,92688,02442531,LEVETIRACETAM,,,0148843001,N,22-MAR-2025
PROD_92689,92689,02442558,LEVETIRACETAM,,,0148843002,N,22-MAR-2025
PROD_92690,92690,02442566,LEVETIRACETAM,,,0148843003,N,22-MAR-2025
PROD_92691,92691,02442574,AURO-ROSUVASTATIN,,,0148963004,N,13-AUG-2026
PROD_92692,92692,02442582,AURO-ROSUVASTATIN,,,0148963001,N,13-AUG-2026
PROD_92693,92693,02442590,AURO-ROSUVASTATIN,,,0148963002,N,13-AUG-2026
PROD_92694,92694,02442604,AURO-ROSUVASTATIN,,,0148963003,N,13-AUG-2026
PROD_92696,92696,02442612,KALYDECO,,,0153450002,N,22-MAR-2025
PROD_92697,92697,02442620,KALYDECO,,,0153450003,N,22-MAR-2025
PROD_92706,92706,02442736,ANASTROZOLE,,,0128681001,N,24-JUN-2026
PROD_92717,92717,02442779,UVA/UVB MOISTURIZING CREAM,,CAT IV - SUNBURN PROTECTANTS,0451521022,N,22-AUG-2025
PROD_92726,92726,02442809,JAMP TRAZODONE,,,0115713001,N,26-MAR-2026
PROD_92727,92727,02442817,JAMP TRAZODONE,,,0115713002,N,26-MAR-2026
PROD_92729,92729,02442825,JAMP TRAZODONE,,,0115713003,N,26-MAR-2026
PROD_92741,92741,02442906,RIZATRIPTAN ODT,,,0137841001,N,24-JUN-2026
PROD_92742,92742,02442914,RIZATRIPTAN ODT,,,0137841002,N,24-JUN-2026
PROD_92748,92748,02442957,ENALAPRIL,,,0152325001,N,22-MAR-2025
PROD_92749,92749,02442965,ENALAPRIL,,,0152325004,N,22-MAR-2025
PROD_92750,92750,02442973,ENALAPRIL,,,0152325002,N,22-MAR-2025
PROD_92751,92751,02442981,ENALAPRIL,,,0152325003,N,22-MAR-2025
PROD_92756,92756,02443066,OFEV,,,0157030001,N,23-JUN-2026
PROD_92757,92757,02443015,GALANTAMINE ER,,,0144660002,N,22-MAR-2025
PROD_92758,92758,02443023,GALANTAMINE ER,,,0144660004,N,22-MAR-2025
PROD_92759,92759,02443031,GALANTAMINE ER,,,0144660005,N,22-MAR-2025
PROD_92760,92760,02443058,DUTASTERIDE,,,0149361001,N,03-FEB-2026
PROD_92761,92761,02443074,OFEV,,,0157030002,N,23-JUN-2026
PROD_92762,92762,02443082,MEMANTINE,,,0150423001,N,22-MAR-2025
PROD_92768,92768,02443112,TEVA-OLMESARTAN / HCTZ,,,0252502001,N,22-MAR-2025
PROD_92771,92771,02443120,TEVA-OLMESARTAN / HCTZ,,,0252502002,N,22-MAR-2025
PROD_92772,92772,02443139,TEVA-OLMESARTAN / HCTZ,,,0252502003,N,22-MAR-2025
PROD_92774,92774,02443163,MEDLINE SPECTRUM ADVANCED ANTIBACTERIAL LOTION SOAP,,CAT IV - ANTISEPTIC SKIN CLEANSERS,0104993016,N,22-MAY-2026
PROD_92777,92777,02443201,AURO-ALFUZOSIN,,,0146806001,N,23-JUN-2026
PROD_92781,92781,02443236,DEXTROAMPHETAMINE,,,0105933002,N,22-JUL-2026
PROD_92785,92785,02443252,KLEENEX FOAM HAND SANITIZER,,CAT IV - ANTISEPTIC SKIN CLEANSERS,0104993016,N,22-MAR-2025
PROD_92790,92790,02443279,NXSTAGE PUREFLOW SOLUTION,RFP-204-C,,0633087013,N,31-JUL-2026
PROD_92791,92791,02443287,NXSTAGE PUREFLOW SOLUTION,RFP-207-C,,0633087012,N,31-JUL-2026
PROD_92792,92792,02443295,NXSTAGE PUREFLOW SOLUTION,RFP-209-C,,0633087011,N,31-JUL-2026
PROD_92801,92801,02443376,"KETOROLAC TROMETHAMINE INJECTION, USP",SINGLE-USE VIALS,,0121995002,N,01-SEP-2026
PROD_92810,92810,02443414,SANDOZ OLMESARTAN,,,0152496002,N,22-MAR-2025
PROD_92811,92811,02443422,SANDOZ OLMESARTAN,,,0152496003,N,22-MAR-2025
PROD_92813,92813,02443449,MYLAN-NAPROXEN/ESOMEPRAZOLE MR,MODIFIED-RELEASE TABLETS,,0252870002,N,17-AUG-2026
PROD_92817,92817,02443473,TARO-TEMOZOLOMIDE,,,0138781001,N,24-JUN-2026
PROD_92818,92818,02443481,TARO-TEMOZOLOMIDE,,,0138781002,N,24-JUN-2026
PROD_92820,92820,02443511,TARO-TEMOZOLOMIDE,,,0138781003,N,24-JUN-2026
PROD_92821,92821,02443538,TARO-TEMOZOLOMIDE,,,0138781006,N,24-JUN-2026
PROD_92823,92823,02443554,TARO-TEMOZOLOMIDE,,,0138781004,N,24-JUN-2026
PROD_92825,92825,02443562,ADVIL 12 HOUR,,,0108883003,N,09-JUN-2025
PROD_92834,92834,02443651,PH 12 STERILE DILUENT FOR FLOLAN,,,0357090001,N,22-MAR-2025
PROD_92837,92837,02443686,BUPIVACAINE INJECTION BP,SINGLE-USE VIALS,,0108896001,N,10-AUG-2026
PROD_92838,92838,02443694,BUPIVACAINE INJECTION BP,SINGLE-USE VIALS,,0108896004,N,10-AUG-2026
PROD_92844,92844,02443708,MAR-RANITIDINE,,,0115150002,N,22-MAR-2025
PROD_92845,92845,02443716,MAR-RANITIDINE,,,0115150001,N,22-MAR-2025
PROD_92846,92846,02443724,VIIBRYD,,,0157110001,N,22-MAR-2025
PROD_92847,92847,02443732,VIIBRYD,,,0157110002,N,22-MAR-2025
PROD_92848,92848,02443740,VIIBRYD,,,0157110003,N,22-MAR-2025
PROD_92853,92853,02443783,COLGATE TOTAL ACTIVE PREVENTION,,,0106834010,N,20-MAY-2025
PROD_92854,92854,02443791,TEVA-ATAZANAVIR,,,0149741002,N,14-MAY-2025
PROD_92855,92855,02443805,CYRAMZA,SINGLE-USE VIALS,,0157132001,N,10-AUG-2026
PROD_92856,92856,02443813,TEVA-ATAZANAVIR,,,0149741003,N,14-MAY-2025
PROD_92857,92857,02443821,TEVA-ATAZANAVIR,,,0149741004,N,14-MAY-2025
PROD_92863,92863,02443864,AURO-OLMESARTAN,,,0152496002,N,22-MAR-2025
PROD_92864,92864,02443872,AURO-OLMESARTAN,,,0152496003,N,22-MAR-2025
PROD_92865,92865,02443880,NATCO-CITALOPRAM,,,0136243001,N,20-JUL-2026
PROD_92866,92866,02443899,NATCO-CITALOPRAM,,,0136243002,N,20-JUL-2026
PROD_92868,92868,02443902,MYLAN-EMTRICITABINE/TENOFOVIR DISOPROXIL,,,0251568001,N,22-MAR-2025
PROD_92869,92869,02443910,BELKYRA,2 ML SINGLE-USE VIALS,,0157151001,N,06-AUG-2026
PROD_92870,92870,02443929,JAMP-MOXIFLOXACIN,,,0142242001,N,06-NOV-2025
PROD_92871,92871,02443937,JARDIANCE,,,0157150001,N,16-JUN-2026
PROD_92872,92872,02443945,JARDIANCE,,,0157150002,N,16-JUN-2026
PROD_92881,92881,02444038,MIFEGYMISO,,,0257170001,N,11-JUL-2025
PROD_92884,92884,02444054,ACTIVE ANTI-ACNE TREATMENT KIT,,,0253309001,N,22-MAR-2025
PROD_92892,92892,02444097,ADDITIVE SOLUTION SODIUM ADENINE GLUCOSE MANNITOL (SAGM),,,0453179002,N,01-DEC-2025
PROD_92893,92893,02444100,ANTICOAGULANT SOLUTION CITRATE PHOSPHATE DEXTROSE (CPD),,,0457190001,N,01-DEC-2025
PROD_92906,92906,02444186,BREO ELLIPTA,,,0254450004,N,23-JUN-2026
PROD_92910,92910,02444208,AGE DEFYING ANTI-WRINKLE LOTION WITH SPF,,CAT IV - SUNBURN PROTECTANTS,0451521022,N,13-JUN-2025
PROD_92912,92912,02444216,ORIGINS PLANTSCRIPTION SPF 25 POWER ANTI-AGING CREAM,,CAT IV - SUNBURN PROTECTANTS,0451521050,N,22-MAR-2025
PROD_92924,92924,02444275,APO-NALTREXONE,,,0118591001,N,24-JUN-2026
PROD_92943,92943,02444399,PLEGRIDY,PREFILLED SYRINGE OR PREFILLED PEN,,0157230003,N,04-AUG-2026
PROD_92944,92944,02444402,PLEGRIDY,PREFILLED SYRINGES OR PREFILLED PENS,,0257231001,N,05-AUG-2026
PROD_92965,92965,02444593,ALEVE NIGHTTIME,,,0257270001,N,25-MAR-2026
PROD_92969,92969,02444615,STRENSIQ,18 MG/0.45 ML SINGLE-USE VIAL,,0157271001,N,30-JUL-2026
PROD_92970,92970,02444623,STRENSIQ,28 MG/0.7 ML SINGLE-USE VIAL,,0157271001,N,06-AUG-2026
PROD_92971,92971,02444631,STRENSIQ,40 MG/1 ML SINGLE-USE VIAL,,0157271001,N,06-AUG-2026
PROD_92972,92972,02444658,STRENSIQ,80 MG/0.8 ML SINGLE-USE VIAL,,0157271002,N,06-AUG-2026
PROD_92986,92986,02444712,NEXIUM 24HR,,,0145162001,N,28-MAY-2026
PROD_92996,92996,02444763,OXALIPLATIN,SINGLE-USE VIAL,,0152220003,N,07-AUG-2026
PROD_92998,92998,02444771,MAR-ENALAPRIL,,,0117649001,N,22-MAR-2025
PROD_92999,92999,02444798,MAR-ENALAPRIL,,,0117649002,N,22-MAR-2025
PROD_93003,93003,02444836,"MYCOPHENOLATE MOFETIL FOR INJECTION, USP",,,0128158002,N,22-MAR-2025
PROD_93005,93005,02444844,BASAGLAR,CARTRIDGE,,0147062001,N,17-AUG-2026
PROD_93011,93011,02444887,BIO-CIPROFLOXACIN,,,0123207001,N,22-MAR-2025
PROD_93012,93012,02444895,BIO-CLOPIDOGREL,,,0134440001,N,22-MAR-2025
PROD_93013,93013,02444909,BIO-PAROXETINE,,,0123131003,N,22-MAR-2025
PROD_93014,93014,02444917,BIO-PAROXETINE,,,0123131002,N,22-MAR-2025
PROD_93015,93015,02444925,BIO-PAROXETINE,,,0123131001,N,22-MAR-2025
PROD_93018,93018,02444968,BIO-ROSUVASTATIN,,,0148963004,N,22-MAR-2025
PROD_93019,93019,02444976,BIO-ROSUVASTATIN,,,0148963001,N,22-MAR-2025
PROD_93020,93020,02444984,BIO-ROSUVASTATIN,,,0148963002,N,22-MAR-2025
PROD_93021,93021,02444992,BIO-ROSUVASTATIN,,,0148963003,N,22-MAR-2025
PROD_93024,93024,02445034,BIO-DOMPERIDONE,,,0116957001,N,22-MAR-2025
PROD_93025,93025,02445042,BIO-SERTRALINE,,,0123417003,N,22-MAR-2025
PROD_93026,93026,02445050,BIO-SERTRALINE,,,0123417001,N,22-MAR-2025
PROD_93027,93027,02445069,BIO-SERTRALINE,,,0123417002,N,22-MAR-2025
PROD_93028,93028,02445077,FINASTERIDE,,,0124110001,N,22-MAR-2025
PROD_93029,93029,02445085,FINASTERIDE,,,0124110002,N,22-MAR-2025
PROD_93037,93037,02445158,CREON MINIMICROSPHERES MICRO,,,0302964039,N,25-APR-2025
PROD_93068,93068,02446251,BIO-PRAVASTATIN,,,0122563001,N,22-MAR-2025
PROD_93069,93069,02446278,BIO-PRAVASTATIN,,,0122563002,N,22-MAR-2025
PROD_93070,93070,02446286,BIO-PRAVASTATIN,,,0122563003,N,22-MAR-2025
PROD_93077,93077,02445492,APO-AMPHETAMINE XR,,,0161310001,N,22-APR-2026
PROD_93078,93078,02445506,APO-AMPHETAMINE XR,,,0161310002,N,22-APR-2026
PROD_93079,93079,02445514,APO-AMPHETAMINE XR,,,0161310003,N,22-APR-2026
PROD_93080,93080,02445522,APO-AMPHETAMINE XR,,,0161310004,N,22-APR-2026
PROD_93081,93081,02445530,APO-AMPHETAMINE XR,,,0161310005,N,22-APR-2026
PROD_93082,93082,02445549,APO-AMPHETAMINE XR,,,0161310006,N,22-APR-2026
PROD_93092,93092,02445646,FLUZONE HIGH-DOSE,INFLUENZA VIRUS VACCINE TRIVALENT TYPES A AND B (SPLIT VIRION).0.5 ML SINGLE-DOSE PREFILLED SYRINGES,,0324197006,N,28-SEP-2025
PROD_93095,93095,02445670,AURO-CELECOXIB,,,0137043001,N,24-JUN-2026
PROD_93096,93096,02445689,AURO-CELECOXIB,,,0137043002,N,24-JUN-2026
PROD_93099,93099,02445719,CITALOPRAM,,,0136243003,N,05-AUG-2026
PROD_93100,93100,02445727,REVESTIVE,KIT INCLUDES 5MG POWDER IN VIAL & 0.5ML DILUENT IN PREFILLED SYRINGE,,0157350001,N,17-SEP-2025
PROD_93101,93101,02445735,BIO-MONTELUKAST,,,0133823002,N,22-MAR-2025
PROD_93106,93106,02445786,AURO-CANDESARTAN,,,0135220001,N,07-OCT-2025
PROD_93107,93107,02445794,AURO-CANDESARTAN,,,0135220002,N,07-OCT-2025
PROD_93108,93108,02445808,AURO-CANDESARTAN,,,0135220003,N,07-OCT-2025
PROD_93109,93109,02445816,AURO-CANDESARTAN,,,0135220004,N,07-OCT-2025
PROD_93114,93114,02445867,BIO-PANTOPRAZOLE,,,0133229001,N,22-MAR-2025
PROD_93116,93116,02445883,ATOMOXETINE,,,0150434001,N,22-MAR-2025
PROD_93118,93118,02445905,ATOMOXETINE,,,0150434002,N,22-MAR-2025
PROD_93120,93120,02445913,ATOMOXETINE,,,0150434003,N,22-MAR-2025
PROD_93121,93121,02445948,ATOMOXETINE,,,0150434004,N,22-MAR-2025
PROD_93122,93122,02445956,ATOMOXETINE,,,0150434005,N,22-MAR-2025
PROD_93126,93126,02445999,DILTIAZEM CD,,,0115863004,N,17-MAR-2026
PROD_93127,93127,02446006,DILTIAZEM CD,,,0115863007,N,17-MAR-2026
PROD_93128,93128,02446014,DILTIAZEM CD,,,0115863006,N,17-MAR-2026
PROD_93129,93129,02446022,DILTIAZEM CD,,,0115863008,N,17-MAR-2026
PROD_93131,93131,02446049,MEMANTINE,,,0150423001,N,22-MAR-2025
PROD_93132,93132,02446057,REPATHA,1 ML SINGLE-USE PREFILLED SYRINGE AND AUTO-INJECTOR,,0157370001,N,19-AUG-2026
PROD_93136,93136,02446081,MAR-DULOXETINE,,,0152350001,N,10-JUL-2026
PROD_93137,93137,02446103,MAR-DULOXETINE,,,0152350002,N,10-JUL-2026
PROD_93138,93138,02446111,RIZATRIPTAN ODT,,,0137841001,N,22-MAR-2025
PROD_93139,93139,02446138,RIZATRIPTAN ODT,,,0137841002,N,22-MAR-2025
PROD_93145,93145,02446189,AQUAPHOR HEALING OINTMENT,,CAT IV - DIAPER RASH PRODUCTS,0136741008,N,13-MAR-2026
PROD_93152,93152,02446235,TACTUPUMP FORTE,,,0252888002,N,22-MAR-2025
PROD_93171,93171,02446375,AURO-SOLIFENACIN,,,0151584001,N,24-JUN-2026
PROD_93172,93172,02446383,AURO-SOLIFENACIN,,,0151584002,N,24-JUN-2026
PROD_93187,93187,02446529,UV 50 ECRAN MULTI-PROTECTION SPF 50,,CAT IV - SUNBURN PROTECTANTS,0457390001,N,06-JUN-2025
PROD_93200,93200,02446561,ARNUITY ELLIPTA,,,0152271002,N,23-JUN-2026
PROD_93201,93201,02446588,ARNUITY ELLIPTA,,,0152271003,N,23-JUN-2026
PROD_93204,93204,02446626,OPDIVO,40 MG/4 ML SINGLE-USE VIAL,,0157410001,N,06-AUG-2026
PROD_93205,93205,02446634,OPDIVO,100 MG/10 ML SINGLE-USE VIAL,,0157410001,N,20-AUG-2026
PROD_93212,93212,02446685,ZEVTERA,SINGLE-USE VIAL,,0152470001,N,12-AUG-2026
PROD_93234,93234,02446820,ACT PROGESTERONE INJECTION,MULTIDOSE VIAL,,0106327001,N,13-AUG-2026
PROD_93248,93248,02446901,ZERBAXA,SINGLE-USE VIALS,,0257450001,N,10-AUG-2026
PROD_93249,93249,02446928,ENTRESTO,,,0257451001,N,02-APR-2026
PROD_93250,93250,02446936,ENTRESTO,,,0257451002,N,02-APR-2026
PROD_93251,93251,02446944,ENTRESTO,,,0257451003,N,02-APR-2026
PROD_93254,93254,02446979,MULTI-ACTION CREAM SPF 30,,CAT IV - SUNBURN PROTECTANTS,0451521013,N,22-MAR-2025
PROD_93276,93276,02447193,BIO-QUETIAPINE,,,0131858001,N,15-APR-2026
PROD_93285,93285,02447304,"ALLERGENIC EXTRACTS, K-O-R-T GRASS MIXTURE",,,0457493003,N,25-JUL-2025
PROD_93300,93300,02447401,OBIZUR,SINGLE-DOSE VIAL,,0157496001,N,07-AUG-2026
PROD_93309,93309,02447509,LIFE BRAND SPORT SUNSCREEN BROAD SPECTRUM SPRAY,,,0450424006,N,22-MAR-2025
PROD_93310,93310,02447517,SUNSCREEN FACE LOTION,,CAT IV - SUNBURN PROTECTANTS,0544758111,N,22-MAR-2025
PROD_93311,93311,02447525,SUNSCREEN CONTINUOUS SPRAY NO PUMPING NEEDED,,CAT IV - SUNBURN PROTECTANTS,0450424006,N,22-MAR-2025
PROD_93312,93312,02447533,KIDS SUNSCREEN CONTINUOUS SPRAY,,CAT IV - SUNBURN PROTECTANTS,0544758040,N,22-MAR-2025
PROD_93313,93313,02447541,FINASTERIDE,,,0124110001,N,09-JUN-2026
PROD_93314,93314,02447568,FINASTERIDE,,,0124110002,N,22-MAR-2025
PROD_93315,93315,02447576,ALFUZOSIN,,,0146806001,N,22-MAR-2025
PROD_93321,93321,02447630,SPORT SUNSCREEN,,,0451521014,N,22-MAR-2025
PROD_93322,93322,02447649,SUNSCREEN CONTINUOUS SPRAY,,,0450424002,N,22-MAR-2025
PROD_93336,93336,02447770,SPF 30 SPORT ENDURANCE,,,0657530001,N,22-MAR-2025
PROD_93340,93340,02447800,JAMP-TIMOLOL,,,0131275002,N,22-MAR-2025
PROD_93341,93341,02447819,JUNIOR STRENGTH CHILDREN'S ACETAMINOPHEN TABLETS,,LS - ANALG (ACETAMINOPHEN LABELLING STANDARD),0102009006,N,14-NOV-2025
PROD_93346,93346,02447843,SPF 60 SPORT ENDURANCE,,CAT IV - SUNBURN PROTECTANTS,0657530002,N,22-MAR-2025
PROD_93366,93366,02447967,ALTUVIIIO,,,0166684004,N,03-FEB-2026
PROD_93368,93368,02447983,GLOW GLOSS,,CAT IV - SUNBURN PROTECTANTS,0466706002,N,23-MAR-2026
PROD_93369,93369,02447991,AG-PERINDOPRIL / INDAPAMIDE,,,0248401002,N,23-DEC-2025
PROD_93370,93370,02448009,AG-PERINDOPRIL / INDAPAMIDE,,,0248401001,N,23-DEC-2025
PROD_93371,93371,02448017,AG-PERINDOPRIL / INDAPAMIDE,,,0248401003,N,23-DEC-2025
PROD_93375,93375,02448068,HELLO CLEAN MINT,,,0106834010,N,15-JAN-2026
PROD_93376,93376,02448076,HELLO EXTRA MINTY,,,0106834010,N,20-AUG-2026
PROD_93381,93381,02448122,ALTUVIIIO,,,0166684001,N,03-FEB-2026
PROD_93382,93382,02448130,ALTUVIIIO,,,0166684005,N,03-FEB-2026
PROD_93383,93383,02448149,ALTUVIIIO,,,0166684006,N,03-FEB-2026
PROD_93384,93384,02448157,ALTUVIIIO,,,0166684003,N,03-FEB-2026
PROD_93386,93386,02448173,AG-ARIPIPRAZOLE,,,0152514001,N,05-DEC-2025
PROD_93387,93387,02448181,AG-ARIPIPRAZOLE,,,0152514002,N,05-DEC-2025
PROD_93388,93388,02448203,AG-ARIPIPRAZOLE,,,0152514006,N,05-DEC-2025
PROD_93389,93389,02448211,AG-ARIPIPRAZOLE,,,0152514003,N,05-DEC-2025
PROD_93390,93390,02448238,AG-ARIPIPRAZOLE,,,0152514004,N,05-DEC-2025
PROD_93391,93391,02448246,AG-ARIPIPRAZOLE,,,0152514005,N,05-DEC-2025
PROD_93392,93392,02448254,NDUVRA,,,0168033001,N,26-AUG-2026
PROD_93393,93393,02448262,JAMP BILASTINE ORAL SOLUTION,,,0158051002,N,14-JUL-2026
PROD_93401,93401,02448319,TEVA-DEXTROAMPHETAMINE SR,,,0105933003,N,30-OCT-2025
PROD_93402,93402,02448327,TEVA-DEXTROAMPHETAMINE SR,,,0105933001,N,30-OCT-2025
PROD_93411,93411,02448424,BIO-FLUOXETINE,,,0116847003,N,22-MAR-2025
PROD_93412,93412,02448432,BIO-FLUOXETINE,,,0116847001,N,22-MAR-2025
PROD_93430,93430,02448599,TRULICITY,0.5 ML SINGLE-USE PEN,,0157570001,N,31-JUL-2026
PROD_93431,93431,02448602,TRULICITY,0.5 ML SINGLE-USE PEN,,0157570002,N,31-JUL-2026
PROD_93442,93442,02448718,ULTRA LIGHT ADVANCED CONTINUOUS SPRAY LOTION,AEROSOL SPRAY,CAT IV - SUNBURN PROTECTANTS,0552875005,N,22-MAR-2025
PROD_93444,93444,02448726,AURO-OLANZAPINE ODT,,,0128783003,N,23-JUN-2026
PROD_93445,93445,02448734,AURO-OLANZAPINE ODT,,,0128783002,N,23-JUN-2026
PROD_93446,93446,02448742,AURO-OLANZAPINE ODT,,,0128783005,N,23-JUN-2026
PROD_93447,93447,02448750,AURO-OLANZAPINE ODT,,,0128783006,N,23-JUN-2026
PROD_93449,93449,02448769,PYRITHIONE ZINC DANDRUFF SHAMPOO AND CONDITIONER CLASSIC CLEAN 2 IN 1,,CAT IV - ANTIDANDRUFF PRODUCTS,0108628001,N,22-MAR-2025
PROD_93451,93451,02448777,AURO-ENTECAVIR,,,0151648001,N,22-MAR-2025
PROD_93459,93459,02448866,SOFT CARE DEFEND FOAM,,,0106942005,N,30-JUL-2025
PROD_93460,93460,02448831,SOMAVERT,KIT INCLUDES 1 SINGLE DOSE VIAL & STERILE WATER,,0151545004,N,22-MAR-2025
PROD_93461,93461,02448858,SOMAVERT,KIT INCLUDES 1 SINGLE DOSE VIAL & STERILE WATER,,0151545005,N,22-MAR-2025
PROD_93469,93469,02448912,PYRITHIONE ZINC DANDRUFF SHAMPOO CLASSIC CLEAN,,CAT IV - ANTIDANDRUFF PRODUCTS,0108628001,N,22-MAR-2025
PROD_93478,93478,02448955,8-SYMPTOM RELIEF,,,0214226001,N,22-MAR-2025
PROD_93479,93479,02448963,DERM OIL,EQUIVALENT TO 2% COAL TAR,,0107207002,N,21-AUG-2026
PROD_93486,93486,02449048,LUPIN-ESTRADIOL,,,0106457006,N,22-MAR-2025
PROD_93487,93487,02449056,LUPIN-ESTRADIOL,,,0106457003,N,22-MAR-2025
PROD_93488,93488,02449064,LUPIN-ESTRADIOL,,,0106457001,N,22-MAR-2025
PROD_93491,93491,02449099,JAMP-VITAMIN D,,,0108524005,N,22-MAR-2025
PROD_93493,93493,02449110,JAMP-VITAMIN D,,,0108524010,N,22-MAR-2025
PROD_93496,93496,02449145,AURO-BETAHISTINE,,,0103555002,N,13-AUG-2026
PROD_93497,93497,02449153,AURO-BETAHISTINE,,,0103555003,N,13-AUG-2026
PROD_93498,93498,02449161,AURO-BETAHISTINE,,,0103555004,N,13-AUG-2026
PROD_93504,93504,02449226,JAMP BRIMONIDINE,,,0131859001,N,06-FEB-2026
PROD_93526,93526,02449420,SOFT CARE DEFEND,,,0106942005,N,30-JUL-2025
PROD_93527,93527,02449439,TARO-RAMIPRIL HCTZ,,,0251649002,N,27-JAN-2026
PROD_93528,93528,02449447,TARO-RAMIPRIL HCTZ,,,0251649001,N,27-JAN-2026
PROD_93529,93529,02449455,TARO-RAMIPRIL HCTZ,,,0251649003,N,27-JAN-2026
PROD_93530,93530,02449463,TARO-RAMIPRIL HCTZ,,,0251649004,N,27-JAN-2026
PROD_93531,93531,02449471,TARO-RAMIPRIL HCTZ,,,0251649005,N,27-JAN-2026
PROD_93532,93532,02449498,GENVOYA,,,0457610001,N,22-MAR-2025
PROD_93537,93537,02449544,AURO-ZIPRASIDONE,,,0152272001,N,22-MAR-2025
PROD_93538,93538,02449552,AURO-ZIPRASIDONE,,,0152272002,N,22-MAR-2025
PROD_93539,93539,02449560,AURO-ZIPRASIDONE,,,0152272003,N,22-MAR-2025
PROD_93540,93540,02449579,AURO-ZIPRASIDONE,,,0152272004,N,22-MAR-2025
PROD_93545,93545,02449617,SPF 50+ FPS ULTRA LOTION,,,0439981029,N,22-MAR-2025
PROD_93546,93546,02449625,SPF 50+ FPS ULTRA,,,0552225010,N,22-MAR-2025
PROD_93551,93551,02449684,ZENSA,,,0103565001,N,22-MAR-2025
PROD_93568,93568,02449811,SANDOZ MOMETASONE,SUSPENSION,,0121732002,N,14-AUG-2026
PROD_93569,93569,02449838,ACH-PREGABALIN,,,0151121001,N,22-MAR-2025
PROD_93570,93570,02449846,ACH-PREGABALIN,,,0151121002,N,22-MAR-2025
PROD_93571,93571,02449854,ACH-PREGABALIN,,,0151121003,N,22-MAR-2025
PROD_93573,93573,02449870,ACH-PREGABALIN,,,0151121005,N,30-JAN-2026
PROD_93575,93575,02449897,ACH-PREGABALIN,,,0151121007,N,22-MAR-2025
PROD_93576,93576,02449900,ACH-PREGABALIN,,,0151121008,N,22-MAR-2025
PROD_93579,93579,02449927,BIO-OMEPRAZOLE,,,0121643001,N,22-MAR-2025
PROD_93580,93580,02449935,XIGDUO,,,0257650001,N,29-APR-2026
PROD_93581,93581,02449943,XIGDUO,,,0257650002,N,29-APR-2026
PROD_93592,93592,02449986,PYRITHIONE ZINC DANDRUFF SHAMPOO REFRESH,,CAT IV - ANTIDANDRUFF PRODUCTS,0108628001,N,22-MAR-2025
PROD_93593,93593,02449994,PYRITHIONE ZINC DANDRUFF SHAMPOO SCALP CARE,,CAT IV - ANTIDANDRUFF PRODUCTS,0108628001,N,22-MAR-2025
PROD_93597,93597,02450011,PYRITHIONE ZINC DANDRUFF SHAMPOO CITRUS,,CAT IV - ANTIDANDRUFF PRODUCTS,0108628001,N,22-MAR-2025
PROD_93607,93607,02450070,COLAXOR,,,0152488002,N,19-AUG-2026
PROD_93610,93610,02450089,SODIUM NITROPRUSSIDE FOR INJECTION,FOR I.V. INFUSION. 2 ML SINGLE-USE VIALS,,0110498002,N,06-AUG-2026
PROD_93629,93629,02450232,LAXATIVE FOR WOMEN,,LS - LAXATIVES (STIMULANT),0101506001,N,22-MAR-2025
PROD_93642,93642,02450283,BLINCYTO,LYOPHILIZED POWDER. FOR I.V. INFUSION.,,0157670001,N,26-MAR-2026
PROD_93643,93643,02450291,LENVIMA,EACH 24 MG DAILY DOSE CONTAINS 2 X 10 MG CAPSULES AND 1 X 4 MG CAPSULES PER BLISTER,,0157671001,N,25-AUG-2026
PROD_93644,93644,02450305,LENVIMA,EACH 20 MG DAILY DOSE CONTAINS 2 X 10 MG CAPSULES PER BLISTER,,0157671002,N,25-AUG-2026
PROD_93645,93645,02450313,LENVIMA,EACH 14 MG DAILY DOSE CONTAINS 1 X 10 MG CAPSULES AND 1 X 4 MG CAPSULES PER BLISTER,,0157671003,N,25-AUG-2026
PROD_93646,93646,02450321,LENVIMA,EACH 10 MG DAILY DOSE CONTAINS 1 X 10 MG CAPSULE PER BLISTER,,0157671004,N,25-AUG-2026
PROD_93657,93657,02450429,TARO-TRAMADOL ER,,,0151694005,N,23-JUN-2026
PROD_93658,93658,02450437,TARO-TRAMADOL ER,,,0151694003,N,23-JUN-2026
PROD_93659,93659,02450445,TARO-TRAMADOL ER,,,0151694001,N,23-JUN-2026
PROD_93668,93668,02450526,PRO-CETIRIZINE,,,0122686003,N,08-JUL-2025
PROD_93671,93671,02450550,NATESTO,METERED-DOSE PUMP DELIVERING 5.5MG TESTOSTERONE/ACTUATION,,0106405007,N,24-JUN-2026
PROD_93683,93683,02450682,MYLAN-ABACAVIR/LAMIVUDINE,,,0251241001,N,22-MAR-2025
PROD_93692,93692,02450771,BUTRANS 15,,,0142241009,N,16-DEC-2025
PROD_93699,93699,02450860,ACH-QUETIAPINE FUMARATE XR,,,0131858006,N,22-MAR-2025
PROD_93700,93700,02450879,ACH-QUETIAPINE FUMARATE XR,,,0131858004,N,22-MAR-2025
PROD_93701,93701,02450887,ACH-QUETIAPINE FUMARATE XR,,,0131858003,N,22-MAR-2025
PROD_93702,93702,02450895,ACH-QUETIAPINE FUMARATE XR,,,0131858005,N,22-MAR-2025
PROD_93703,93703,02450909,ACH-QUETIAPINE FUMARATE XR,,,0131858007,N,22-MAR-2025
PROD_93727,93727,02451026,BACITRACIN OINTMENT,,,0105859006,N,22-MAR-2025
PROD_93728,93728,02451034,KYPROLIS,FOR I.V. INFUSION. SINGLE-USE VIAL,,0157710001,N,13-AUG-2026
PROD_93741,93741,02451158,UPTRAVI,,,0157750001,N,22-MAR-2025
PROD_93742,93742,02451166,UPTRAVI,,,0157750002,N,22-MAR-2025
PROD_93743,93743,02451174,UPTRAVI,,,0157750003,N,22-MAR-2025
PROD_93744,93744,02451182,UPTRAVI,,,0157750004,N,22-MAR-2025
PROD_93745,93745,02451190,UPTRAVI,,,0157750005,N,22-MAR-2025
PROD_93746,93746,02451204,UPTRAVI,,,0157750006,N,22-MAR-2025
PROD_93747,93747,02451212,UPTRAVI,,,0157750007,N,22-MAR-2025
PROD_93748,93748,02451220,UPTRAVI,,,0157750008,N,22-MAR-2025
PROD_93755,93755,02451298,MUSCLE AND BACK PAIN RELIEF,,,0212017002,N,22-MAR-2025
PROD_93757,93757,02451328,KINOX,,,0151361002,N,17-JUN-2025
PROD_93762,93762,02451379,ORKAMBI,,,0257771001,N,11-JUN-2026
PROD_93773,93773,02451441,KOVALTRY,"SINGLE-USE VIAL, 2.5 ML PREFILLED DILUENT SYRINGE WITH VIAL ADAPTER",,0124180001,N,14-AUG-2026
PROD_93774,93774,02451468,KOVALTRY,"SINGLE-USE VIAL, 2.5 ML PREFILLED DILUENT SYRINGE WITH VIAL ADAPTER",,0124180003,N,14-AUG-2026
PROD_93775,93775,02451476,KOVALTRY,"SINGLE-USE VIAL, 2.5 ML PREFILLED DILUENT SYRINGE WITH VIAL ADAPTER",,0124180002,N,14-AUG-2026
PROD_93776,93776,02451484,KOVALTRY,"SINGLE-USE VIAL, 5 ML PREFILLED DILUENT SYRINGE WITH VIAL ADAPTER",,0124180006,N,14-AUG-2026
PROD_93777,93777,02451492,KOVALTRY,"SINGLE-USE VIAL, 5 ML PREFILLED DILUENT SYRINGE WITH VIAL ADAPTER",,0124180007,N,14-AUG-2026
PROD_93782,93782,02451530,VIACORAM,,,0257790001,N,22-MAR-2025
PROD_93783,93783,02451549,VIACORAM,,,0257790002,N,22-MAR-2025
PROD_93784,93784,02451557,VIACORAM,,,0257790003,N,22-MAR-2025
PROD_93791,93791,02451670,MINT-TADALAFIL,,,0149485004,N,17-AUG-2026
PROD_93792,93792,02451689,MINT-TADALAFIL,,,0149485001,N,17-AUG-2026
PROD_93793,93793,02451697,MINT-TADALAFIL,,,0149485002,N,17-AUG-2026
PROD_93812,93812,02451778,JAMP-CETIRIZINE,,,0122686001,N,17-MAR-2026
PROD_93817,93817,02451816,BRIDION,2 ML AND 5 ML SINGLE-USE VIALS,,0157810001,N,06-AUG-2026
PROD_93819,93819,02451832,JAMP-TADALAFIL,,,0149485004,N,22-MAR-2025
PROD_93820,93820,02451840,JAMP-TADALAFIL,,,0149485001,N,22-MAR-2025
PROD_93821,93821,02451859,JAMP-TADALAFIL,,,0149485002,N,22-MAR-2025
PROD_93829,93829,02451883,NALTREXONE HYDROCHLORIDE TABLETS USP,,,0118591001,N,22-MAR-2025
PROD_93831,93831,02451913,JAMP-DULOXETINE,,,0152350001,N,22-MAR-2025
PROD_93832,93832,02451921,JAMP-DULOXETINE,,,0152350002,N,22-MAR-2025
PROD_93838,93838,02451980,APO-TENOFOVIR,,,0152569001,N,22-MAR-2025
PROD_93840,93840,02452006,APO-EMTRICITABINE-TENOFOVIR,,,0251568001,N,22-MAR-2025
PROD_93848,93848,02452278,MAR-TADALAFIL,,,0149485004,N,22-MAR-2025
PROD_93849,93849,02452251,MAR-TADALAFIL,,,0149485001,N,22-MAR-2025
PROD_93850,93850,02452243,MAR-TADALAFIL,,,0149485002,N,22-MAR-2025
PROD_93851,93851,02452073,TARO-TADALAFIL,,,0149485004,N,22-MAR-2025
PROD_93854,93854,02452111,TARO-TADALAFIL,,,0149485002,N,22-MAR-2025
PROD_93864,93864,02452219,JADENU,,,0151733004,N,22-MAR-2025
PROD_93865,93865,02452227,JADENU,,,0151733005,N,22-MAR-2025
PROD_93866,93866,02452235,JADENU,,,0151733006,N,22-MAR-2025
PROD_93868,93868,02452308,JAMP-AZITHROMYCIN,,,0126072001,N,22-MAR-2025
PROD_93870,93870,02452324,MAR-AZITHROMYCIN,,,0126072001,N,22-MAR-2025
PROD_93872,93872,02452340,COTELLIC,,,0157890001,N,22-MAR-2025
PROD_93873,93873,02452359,NAT-GRANISETRON,,,0123183001,N,20-JUL-2026
PROD_93875,93875,02452367,APO-FELODIPINE,,,0121733003,N,19-AUG-2026
PROD_93876,93876,02452375,APO-FELODIPINE,,,0121733002,N,19-AUG-2026
PROD_93877,93877,02452383,APO-FELODIPINE,,,0121733001,N,19-AUG-2026
PROD_93880,93880,02452413,RIVA-SILDENAFIL,,,0136261003,N,24-JUN-2026
PROD_93881,93881,02452421,"IRINOTECAN HYDROCHLORIDE INJECTION, USP","2 ML, 5 ML, 15 ML, AND 25 ML SINGLE-USE VIALS",,0132910001,N,21-AUG-2026
PROD_93883,93883,02452456,BORTEZOMIB FOR INJECTION,SINGLE-USE VIAL,,0150433001,N,12-AUG-2026
PROD_93886,93886,02452480,NRA-TADALAFIL TABLETS,,,0149485004,N,16-DEC-2025
PROD_93887,93887,02452499,NRA-TADALAFIL TABLETS,,,0149485001,N,22-MAR-2025
PROD_93888,93888,02452502,NRA-TADALAFIL TABLETS,,,0149485002,N,22-MAR-2025
PROD_93889,93889,02452529,APO-DARIFENACIN,,,0151554002,N,22-MAR-2025
PROD_93890,93890,02452510,APO-DARIFENACIN,,,0151554001,N,22-MAR-2025
PROD_93899,93899,02452634,MYLAN-TENOFOVIR DISOPROXIL,,,0152569001,N,22-MAR-2025
PROD_93902,93902,02452650,PRO-DULOXETINE,,,0152350001,N,21-OCT-2025
PROD_93903,93903,02452669,PRO-DULOXETINE,,,0152350002,N,21-OCT-2025
PROD_93910,93910,02452693,APO-CINACALCET,,,0150282001,N,22-MAR-2025
PROD_93911,93911,02452707,APO-CINACALCET,,,0150282002,N,22-MAR-2025
PROD_93912,93912,02452715,APO-CINACALCET,,,0150282003,N,22-MAR-2025
PROD_93914,93914,02452731,APO-METHYLPHENIDATE ER,,,0107548004,N,06-MAY-2025
PROD_93915,93915,02452758,APO-METHYLPHENIDATE ER,,,0107548007,N,06-MAY-2025
PROD_93916,93916,02452766,APO-METHYLPHENIDATE ER,,,0107548005,N,06-MAY-2025
PROD_93921,93921,02452804,COPPERTONE LOTION SUNSCREEN SPF 30 SPORT,,CAT IV - SUNBURN PROTECTANTS,0451521056,N,25-JUL-2025
PROD_93922,93922,02452812,DECONGESTANT NASAL SPRAY,,,0107655001,N,22-MAR-2025
PROD_93924,93924,02452839,AURO-VENLAFAXINE XR,,,0131294002,N,22-MAR-2025
PROD_93925,93925,02452847,AURO-VENLAFAXINE XR,,,0131294001,N,22-MAR-2025
PROD_93926,93926,02452855,AURO-VENLAFAXINE XR,,,0131294005,N,22-MAR-2025
PROD_93927,93927,02452863,NASAL DECONGESTANT SPRAY WITH MOISTURIZERS,,,0107655001,N,22-MAR-2025
PROD_93933,93933,02452936,BRIVLERA,,,0157931001,N,22-MAR-2025
PROD_93934,93934,02452944,BRIVLERA,,,0157931002,N,22-MAR-2025
PROD_93935,93935,02452952,BRIVLERA,,,0157931003,N,22-MAR-2025
PROD_93936,93936,02452960,BRIVLERA,,,0157931004,N,22-MAR-2025
PROD_93937,93937,02452979,BRIVLERA,,,0157931005,N,22-MAR-2025
PROD_93938,93938,02452987,BRIVLERA,,,0157931001,N,22-MAR-2025
PROD_93939,93939,02452995,BRIVLERA,SINGLE-USE VIAL,,0157931001,N,07-AUG-2026
PROD_93947,93947,02453061,APO-PERINDOPRIL-INDAPAMIDE,,,0248401003,N,22-MAR-2025
PROD_93973,93973,02453193,LAX-A-DAY PHARMA,,,0152488002,N,22-MAR-2025
PROD_93974,93974,02453207,LUNESTA,,,0157971001,N,02-JUL-2026
PROD_93975,93975,02453215,LUNESTA,,,0157971002,N,22-JAN-2026
PROD_93976,93976,02453223,LUNESTA,,,0157971003,N,22-JAN-2026
PROD_93978,93978,02453258,S.O.S. NALOXONE HYDROCHLORIDE INJECTION,,,0108981002,N,22-MAR-2025
PROD_93983,93983,02453304,RAVICTI,,,0157990001,N,19-JUN-2026
PROD_93984,93984,02453312,JAMP-BEZAFIBRATE SR,,,0122820001,N,22-MAR-2025
PROD_93988,93988,02453355,JAMP LATANOPROST,,,0132916001,N,30-APR-2025
PROD_93991,93991,02453363,APO-CETIRIZINE,,,0122686003,N,12-AUG-2025
PROD_94010,94010,02453541,NO7 PROTECT & PERFECT INTENSE ADVANCED DAY CREAM,,CAT IV - SUNBURN PROTECTANTS,0335121006,N,29-JUL-2026
PROD_94012,94012,02453568,AURO-TELMISARTAN,,,0138223001,N,22-MAR-2025
PROD_94013,94013,02453576,AURO-TELMISARTAN,,,0138223002,N,22-MAR-2025
PROD_94019,94019,02453630,DULOXETINE,,,0152350001,N,01-DEC-2025
PROD_94020,94020,02453649,DULOXETINE,,,0152350002,N,01-DEC-2025
PROD_94027,94027,02453738,TEVA-FLUTICASONE,,,0124685001,N,02-SEP-2026
PROD_94031,94031,02453770,JAMP-LATANOPROST/TIMOLOL,,,0248501001,N,22-MAR-2025
PROD_94033,94033,02453797,ENTECAVIR TABLETS,,,0151648001,N,22-MAR-2025
PROD_94035,94035,02453819,PRALUENT,SINGLE-USE PREFILLED PEN,,0158030001,N,14-AUG-2026
PROD_94037,94037,02453835,PRALUENT,SINGLE-USE PREFILLED PEN,,0158030002,N,14-AUG-2026
PROD_94043,94043,02453908,TEVA-BUPRENORPHINE/NALOXONE,,,0252216001,N,22-MAR-2025
PROD_94044,94044,02453916,TEVA-BUPRENORPHINE/NALOXONE,,,0252216002,N,22-MAR-2025
PROD_94047,94047,02453940,PMS-TENOFOVIR,,,0152569001,N,22-MAR-2025
PROD_94054,94054,02454017,MAR-ATORVASTATIN,,,0133055001,N,24-MAR-2026
PROD_94055,94055,02454025,MAR-ATORVASTATIN,,,0133055002,N,24-MAR-2026
PROD_94056,94056,02454033,MAR-ATORVASTATIN,,,0133055003,N,24-MAR-2026
PROD_94057,94057,02454041,MAR-ATORVASTATIN,,,0133055004,N,24-MAR-2026
PROD_94058,94058,02454068,ACH-TACROLIMUS,,,0127857003,N,29-MAY-2026
PROD_94066,94066,02454130,BLEXTEN,,,0158051001,N,22-MAR-2025
PROD_94081,94081,02454297,ACT ESCITALOPRAM ODT,,,0150435002,N,21-NOV-2025
PROD_94082,94082,02454300,ACT ESCITALOPRAM ODT,,,0150435004,N,21-NOV-2025
PROD_94091,94091,02454343,PRAXBIND,5 G PER DOSE (2 X 2.5 G /50 ML),,0158090001,N,22-MAR-2025
PROD_94094,94094,02454351,LONG LASTING DECONGESTANT NASAL SPRAY,,,0101481001,N,22-MAR-2025
PROD_94097,94097,02454394,PMS-ERLOTINIB,,,0151203003,N,22-MAR-2025
PROD_94099,94099,02454416,DESCOVY,,,0258111001,N,22-MAR-2025
PROD_94100,94100,02454424,DESCOVY,,,0258111002,N,22-MAR-2025
PROD_94104,94104,02454467,APO-ALENDRONATE/VITAMIN D3,,,0251575001,N,22-MAR-2025
PROD_94105,94105,02454475,APO-ALENDRONATE/VITAMIN D3,,,0251575002,N,22-MAR-2025
PROD_94108,94108,02454505,MED-LATANOPROST-TIMOLOL,,,0248501001,N,22-MAR-2025
PROD_94109,94109,02454513,AURO-ABACAVIR/LAMIVUDINE,,,0251241001,N,22-MAR-2025
PROD_94117,94117,02454548,GRASTOFIL,SINGLE-USE PREFILLED SYRINGE,,0123525003,N,10-AUG-2026
PROD_94130,94130,02454599,PHENYLEPHRINE HYDROCHLORIDE INJECTION,SINGLE-USE PREFILLED SYRINGE,,0100662011,N,10-AUG-2026
PROD_94131,94131,02454602,HAWAIIAN TROPIC ISLAND SPORT SWEAT RESISTANT SUNSCREEN SPRAY SPF 30,,CAT IV - SUNBURN PROTECTANTS,0352510008,N,22-MAR-2025
PROD_94135,94135,02454645,VALACYCLOVIR,,,0128626001,N,22-MAR-2025
PROD_94139,94139,02454696,SPC-FENOFIBRATE E,,,0118895006,N,27-AUG-2026
PROD_94141,94141,02454726,RIVA-TADALAFIL,,,0149485004,N,22-MAR-2025
PROD_94142,94142,02454734,RIVA-TADALAFIL,,,0149485001,N,24-JUL-2025
PROD_94143,94143,02454742,RIVA-TADALAFIL,,,0149485002,N,22-MAR-2025
PROD_94144,94144,02454750,METOJECT SUBCUTANEOUS,SINGLE-USE PREFILLED SYRINGES,,0107545005,N,22-MAR-2025
PROD_94145,94145,02454769,METOJECT SUBCUTANEOUS,SINGLE-USE PREFILLED SYRINGES,,0107545005,N,22-MAR-2025
PROD_94146,94146,02454777,METOJECT SUBCUTANEOUS,SINGLE-USE PREFILLED SYRINGES,,0107545005,N,12-AUG-2026
PROD_94161,94161,02454831,METOJECT SUBCUTANEOUS,SINGLE-USE PREFILLED SYRINGES,,0107545005,N,22-MAR-2025
PROD_94162,94162,02454858,METOJECT SUBCUTANEOUS,SINGLE-USE PREFILLED SYRINGES,,0107545005,N,22-MAR-2025
PROD_94163,94163,02454866,METOJECT SUBCUTANEOUS,SINGLE-USE PREFILLED SYRINGES,,0107545005,N,22-MAR-2025
PROD_94164,94164,02454874,METOJECT SUBCUTANEOUS,SINGLE-USE PREFILLED SYRINGES,,0107545005,N,22-MAR-2025
PROD_94181,94181,02455005,BRILINTA,,,0152934002,N,02-MAR-2026
PROD_94182,94182,02455013,RIVA-FINASTERIDE,,,0124110001,N,22-MAR-2025
PROD_94193,94193,02455102,TALTZ,SINGLE-DOSE PREFILLED AUTO-INJECTOR,,0158170001,N,10-AUG-2026
PROD_94194,94194,02455110,TALTZ,SINGLE-DOSE PREFILLED SYRINGE,,0158170001,N,10-AUG-2026
PROD_94214,94214,02455323,BRENZYS,PREFILLED SYRINGE,,0151564001,N,31-JUL-2026
PROD_94215,94215,02455331,BRENZYS,PREFILLED AUTO-INJECTOR,,0151564001,N,14-AUG-2026
PROD_94216,94216,02455358,TADALAFIL,,,0149485004,N,22-MAR-2025
PROD_94217,94217,02455366,TADALAFIL,,,0149485001,N,22-MAR-2025
PROD_94218,94218,02455374,TADALAFIL,,,0149485002,N,22-MAR-2025
PROD_94221,94221,02455404,INVOKAMET,,,0258190001,N,02-APR-2026
PROD_94223,94223,02455420,INVOKAMET,,,0258190003,N,02-APR-2026
PROD_94226,94226,02455455,INVOKAMET,,,0258190006,N,02-APR-2026
PROD_94227,94227,02455463,MEDLINE REMEDY ESSENTIALS PROTECTANT PASTE,,CAT IV - MEDICATED SKIN CARE PRODUCTS,0244187010,N,22-MAR-2025
PROD_94236,94236,02455560,MUSCLE ACHES AND BODY PAIN RELIEF,,,0102009008,N,22-MAR-2025
PROD_94242,94242,02455609,CHOLESTYRAMINE-ODAN,,,0101047008,N,22-MAR-2025
PROD_94248,94248,02455676,PMS-NITROFURANTOIN BID,,,0101480001,N,22-MAR-2025
PROD_94265,94265,02455838,CAVILON DURABLE BARRIER CREAM,,,0106827020,N,23-APR-2026
PROD_94275,94275,02455889,CORTIMENT,,,0116807012,N,30-JUL-2026
PROD_94276,94276,02455897,APO-CABERGOLINE,,,0141281001,N,22-MAR-2025
PROD_94280,94280,02455935,INJECTABLE NALOXONE HYDROCHLORIDE,,,0108981002,N,22-MAR-2025
PROD_94281,94281,02455943,INVEGA TRINZA,PREFILLED SYRINGE,,0152320011,N,31-JUL-2026
PROD_94282,94282,02455951,DARZALEX,SINGLE-USE VIAL,,0158231001,N,12-AUG-2026
PROD_94283,94283,02455978,DARZALEX,SINGLE-USE VIAL,,0158231001,N,12-AUG-2026
PROD_94284,94284,02455986,INVEGA TRINZA,PREFILLED SYRINGE,,0152320011,N,31-JUL-2026
PROD_94285,94285,02455994,INVEGA TRINZA,PREFILLED SYRINGE,,0152320011,N,31-JUL-2026
PROD_94286,94286,02456001,INVEGA TRINZA,PREFILLED SYRINGE,,0152320011,N,31-JUL-2026
PROD_94294,94294,02456095,ACH-TACROLIMUS,,,0127857002,N,29-MAY-2026
PROD_94295,94295,02456109,ACH-TACROLIMUS,,,0127857001,N,29-MAY-2026
PROD_94296,94296,02456117,DYSPORT THERAPEUTIC,,,0153614002,N,22-MAR-2025
PROD_94301,94301,02456176,BORTEZOMIB,SINGLE-USE VIAL,,0150433001,N,07-AUG-2026
PROD_94308,94308,02456206,SMOFKABIVEN PERIPHERAL,AMINO ACIDS WITH ELECTROLYTES  (3.2% & 0.4%); DEXTROSE 7.1% ; LIPIDS 2.8%,,2758251001,N,22-MAR-2025
PROD_94310,94310,02456214,TAGRISSO,,,0158250001,N,21-MAY-2025
PROD_94311,94311,02456222,TAGRISSO,,,0158250002,N,21-MAY-2025
PROD_94312,94312,02456230,MONOPROST,SINGLE-DOSE,,0132916001,N,12-AUG-2026
PROD_94314,94314,02456257,SANDOZ MIGLUSTAT,,,0150021001,N,22-MAR-2025
PROD_94316,94316,02456273,UV 50 ECRAN TEINTÉ MULTI-PROTECTION SPF 50,,CAT IV - SUNBURN PROTECTANTS,0457390002,N,06-JUN-2025
PROD_94319,94319,02456311,ACH-OLMESARTAN,,,0152496002,N,22-MAR-2025
PROD_94320,94320,02456338,ACH-OLMESARTAN,,,0152496003,N,22-MAR-2025
PROD_94324,94324,02456370,EPCLUSA,,,0258270001,N,22-MAR-2025
PROD_94325,94325,02456389,AURO-TELMISARTAN HCTZ,,,0244783001,N,27-MAY-2025
PROD_94326,94326,02456397,AURO-TELMISARTAN HCTZ,,,0244783002,N,27-MAY-2025
PROD_94330,94330,02456419,CINQAIR,SINGLE-USE VIAL,,0158290001,N,12-AUG-2026
PROD_94335,94335,02456451,RUPALL,,,0158310002,N,22-MAR-2025
PROD_94336,94336,02456478,RUPALL,,,0158310001,N,22-MAR-2025
PROD_94350,94350,02456532,BEPREVE,,,0158330001,N,01-AUG-2025
PROD_94357,94357,02456575,SYNJARDY,,,0258370001,N,26-AUG-2025
PROD_94358,94358,02456583,SYNJARDY,,,0258370002,N,26-AUG-2025
PROD_94359,94359,02456591,SYNJARDY,,,0258370003,N,26-AUG-2025
PROD_94360,94360,02456605,SYNJARDY,,,0258370004,N,26-AUG-2025
PROD_94361,94361,02456613,SYNJARDY,,,0258370005,N,26-AUG-2025
PROD_94362,94362,02456621,SYNJARDY,,,0258370006,N,26-AUG-2025
PROD_94374,94374,02456753,TEVA-DULOXETINE,,,0152350001,N,27-JAN-2026
PROD_94375,94375,02456761,TEVA-DULOXETINE,,,0152350002,N,27-JAN-2026
PROD_94382,94382,02456796,NINLARO,,,0158410001,N,29-JUL-2026
PROD_94383,94383,02456818,NINLARO,,,0158410002,N,29-JUL-2026
PROD_94384,94384,02456826,NINLARO,,,0158410003,N,29-JUL-2026
PROD_94388,94388,02456869,KEYTRUDA,FOR I.V. INFUSION. 4 ML SINGLE-USE VIAL,,0156910003,N,13-AUG-2026
PROD_94389,94389,02456877,MYLAN-ATAZANAVIR,,,0149741002,N,08-AUG-2025
PROD_94390,94390,02456885,MYLAN-ATAZANAVIR,,,0149741003,N,08-AUG-2025
PROD_94391,94391,02456893,MYLAN-ATAZANAVIR,,,0149741004,N,08-AUG-2025
PROD_94398,94398,02456915,COPAXONE,PREFILLED SYRINGE,,0132525002,N,31-JUL-2026
PROD_94401,94401,02457016,TADALAFIL,,,0149485004,N,22-MAR-2025
PROD_94402,94402,02457024,TADALAFIL,,,0149485001,N,22-MAR-2025
PROD_94403,94403,02457032,TADALAFIL,,,0149485002,N,22-MAR-2025
PROD_94404,94404,02456923,TARO-ADAPALENE/BENZOYL PEROXIDE,,,0252888001,N,22-MAR-2025
PROD_94407,94407,02456958,HEPARIN SODIUM INJECTION USP,SINGLE-DOSE PREFILLED SYRINGE,,0104596002,N,06-AUG-2026
PROD_94412,94412,02457008,GENTAMICIN INJECTION USP,,,0105695005,N,22-MAR-2025
PROD_94413,94413,02457040,LABETALOL HYDROCHLORIDE INJECTION,,,0116170002,N,22-MAR-2025
PROD_94416,94416,02457075,BACLOFEN INJECTION,SINGLE-USE,,0113246003,N,04-AUG-2026
PROD_94420,94420,02457113,ZYTIGA,,,0152948002,N,22-MAR-2025
PROD_94421,94421,02457121,BISMUTH CAPLETS,,,0111864003,N,22-MAR-2025
PROD_94424,94424,02457164,MYLAN-PROPAFENONE,,,0116258002,N,22-MAR-2025
PROD_94425,94425,02457172,MYLAN-PROPAFENONE,,,0116258001,N,22-MAR-2025
PROD_94427,94427,02457199,TARO-DULOXETINE,,,0152350001,N,16-JAN-2026
PROD_94428,94428,02457202,TARO-DULOXETINE,,,0152350002,N,16-JAN-2026
PROD_94429,94429,02457210,MED-DORZOLAMIDE,,,0128558001,N,22-MAR-2025
PROD_94432,94432,02457245,APO-QUETIAPINE XR,,,0131858003,N,16-APR-2026
PROD_94433,94433,02457253,APO-QUETIAPINE XR,,,0131858005,N,22-MAR-2025
PROD_94441,94441,02457350,RITUXAN SC,120 MG/ML SINGLE-DOSE VIAL,,0140241002,N,07-AUG-2026
PROD_94442,94442,02457369,MYCOPHENOLATE MOFETIL,,,0128158001,N,11-AUG-2026
PROD_94443,94443,02457377,MYCOPHENOLATE MOFETIL,,,0128158002,N,11-AUG-2026
PROD_94445,94445,02457393,ENSTILAR,,,0252270002,N,19-MAY-2026
PROD_94448,94448,02457423,"OXALIPLATIN INJECTION, USP",,,0152220003,N,22-MAR-2025
PROD_94450,94450,02457458,LISE WATIER CC CREME FPS 25 SPF,,CAT IV - SUNBURN PROTECTANTS,0116791006,N,22-MAR-2025
PROD_94452,94452,02457474,ADENOSINE INJECTION,6 MG/2 ML SINGLE-USE PREFILLED SYRINGE,,0113219001,N,04-AUG-2026
PROD_94453,94453,02457482,ADENOSINE INJECTION,12 MG/4 ML SINGLE-USE PREFILLED SYRINGE,,0113219001,N,20-AUG-2026
PROD_94454,94454,02457490,TARO-CAPECITABINE,,,0134120001,N,28-MAY-2026
PROD_94455,94455,02457504,TARO-CAPECITABINE,,,0134120002,N,28-MAY-2026
PROD_94463,94463,02457571,ORIGINS GINZING SPF 40 ENERGY-BOOSTING TINTED MOISTURIZER,,,0552976002,N,22-MAR-2025
PROD_94469,94469,02457679,JAMP-AMITRIPTYLINE,,,0101524001,N,22-MAR-2025
PROD_94471,94471,02457695,JAMP-AMITRIPTYLINE,,,0101524002,N,22-MAR-2025
PROD_94472,94472,02457687,JAMP-AMITRIPTYLINE,,,0101524003,N,22-MAR-2025
PROD_94473,94473,02457660,JAMP-AMITRIPTYLINE,,,0101524004,N,22-MAR-2025
PROD_94475,94475,02457717,MDK-NITISINONE,,,0158450001,N,22-MAR-2025
PROD_94476,94476,02457725,MDK-NITISINONE,,,0158450002,N,22-MAR-2025
PROD_94477,94477,02457733,MDK-NITISINONE,,,0158450003,N,06-NOV-2025
PROD_94478,94478,02457741,ACH-ATORVASTATIN CALCIUM,,,0133055001,N,25-FEB-2026
PROD_94479,94479,02457768,ACH-ATORVASTATIN CALCIUM,,,0133055002,N,25-FEB-2026
PROD_94480,94480,02457776,ACH-ATORVASTATIN CALCIUM,,,0133055003,N,25-FEB-2026
PROD_94481,94481,02457784,ACH-ATORVASTATIN CALCIUM,,,0133055004,N,25-FEB-2026
PROD_94483,94483,02457806,HEAD & SHOULDERS PYRITHIONE ZINC DANDRUFF CONDITIONER GREEN APPLE,,,0108628013,N,22-MAR-2025
PROD_94485,94485,02457822,HEAD & SHOULDERS PYRITHIONE ZINC DANDRUFF CONDITIONER SMOOTH & SILKY,,,0108628013,N,22-MAR-2025
PROD_94486,94486,02457830,HEAD & SHOULDERS PYRITHIONE ZINC DANDRUFF CONDITIONER DRY SCALP CARE,,,0108628013,N,22-MAR-2025
PROD_94487,94487,02457849,HEAD & SHOULDERS PYRITHIONE ZINC DANDRUFF CONDITIONER CLASSIC CLEAN,,,0108628013,N,22-MAR-2025
PROD_94488,94488,02457857,HEMANGIOL,,,0159470001,N,10-AUG-2026
PROD_94490,94490,02457865,JAMP-HYDRALAZINE,,,0107444003,N,30-OCT-2025
PROD_94491,94491,02457873,JAMP-HYDRALAZINE,,,0107444002,N,30-OCT-2025
PROD_94492,94492,02457881,JAMP-HYDRALAZINE,,,0107444001,N,30-OCT-2025
PROD_94498,94498,02457954,MINT-LEVOCARB,,,0210315002,N,13-JUL-2026
PROD_94499,94499,02457962,MINT-LEVOCARB,,,0210315003,N,13-JUL-2026
PROD_94501,94501,02457989,NAT-OSELTAMIVIR,,,0139501001,N,20-JUL-2026
PROD_94502,94502,02457997,IZBA,,,0145801002,N,22-MAR-2025
PROD_94508,94508,02458020,DOCETAXEL INJECTION,,,0127884004,N,28-APR-2025
PROD_94509,94509,02458039,VENCLEXTA,,,0158490001,N,22-MAY-2026
PROD_94510,94510,02458047,VENCLEXTA,,,0158490002,N,22-MAY-2026
PROD_94511,94511,02458055,VENCLEXTA,,,0158490003,N,22-MAY-2026
PROD_94512,94512,02458063,VENCLEXTA,STARTER KIT,,0358491001,N,22-MAY-2026
PROD_94514,94514,02458071,VYVANSE,,,0152536007,N,16-OCT-2025
PROD_94518,94518,02458136,ALECENSARO,,,0158510001,N,06-AUG-2026
PROD_94519,94519,02458144,SOLIFENACIN,,,0151584001,N,22-MAR-2025
PROD_94520,94520,02458152,SOLIFENACIN,,,0151584002,N,22-MAR-2025
PROD_94523,94523,02458187,NARCAN NASAL SPRAY,SINGLE-DOSE,,0108981005,N,12-AUG-2026
PROD_94528,94528,02458217,TEVA-DESVENLAFAXINE,,,0152509001,N,22-MAR-2025
PROD_94529,94529,02458225,TEVA-DESVENLAFAXINE,,,0152509002,N,22-MAR-2025
PROD_94535,94535,02458241,SOLIFENACIN,,,0151584001,N,22-MAR-2025
PROD_94536,94536,02458268,SOLIFENACIN,,,0151584002,N,22-MAR-2025
PROD_94543,94543,02458357,HUMIRA,PREFILLED PEN,,0150364002,N,31-JUL-2026
PROD_94546,94546,02458349,HUMIRA,PREFILLED SYRINGE,,0150364002,N,31-JUL-2026
PROD_94551,94551,02458403,"OXALIPLATIN INJECTION, USP",SINGLE-USE VIALS,,0152220003,N,10-AUG-2026
PROD_94567,94567,02458543,PMS-ZOPICLONE,,,0122562003,N,19-JUN-2026
PROD_94571,94571,02458551,PAZEO,,,0132394004,N,22-MAR-2025
PROD_94572,94572,02458578,NALOXONE INJECTABLE,"PRESERVATIVE-FREE, SINGLE-USE",,0108981002,N,21-AUG-2026
PROD_94573,94573,02458586,AURO-AMOXICILLIN,,,0131314002,N,26-JUN-2025
PROD_94574,94574,02458594,AURO-AMOXICILLIN,,,0131314003,N,26-JUN-2025
PROD_94575,94575,02458608,MYLAN-NAPROXEN/ESOMEPRAZOLE MR,MODIFIED-RELEASE TABLETS,,0252870001,N,17-AUG-2026
PROD_94584,94584,02458683,MAEVE,,,0106372001,N,22-MAR-2025
PROD_94588,94588,02458721,APO-TRYPTOPHAN,,,0111038005,N,01-APR-2026
PROD_94589,94589,02458748,AA-CLOZAPINE,,,0122583003,N,22-MAR-2025
PROD_94590,94590,02458756,AA-CLOZAPINE,,,0122583004,N,22-MAR-2025
PROD_94597,94597,02458926,MYLAN-DIVALPROEX,,,0112996004,N,13-AUG-2026
PROD_94598,94598,02458934,MYLAN-DIVALPROEX,,,0112996001,N,13-AUG-2026
PROD_94599,94599,02459019,MYLAN-DIVALPROEX,,,0112996003,N,13-AUG-2026
PROD_94611,94611,02458969,PANTOPRAZOLE FOR INJECTION,,,0133229001,N,18-SEP-2025
PROD_94613,94613,02458977,AURO-PRAVASTATIN,,,0122563001,N,22-MAR-2025
PROD_94614,94614,02458985,AURO-PRAVASTATIN,,,0122563002,N,22-MAR-2025
PROD_94615,94615,02458993,AURO-PRAVASTATIN,,,0122563003,N,22-MAR-2025
PROD_94622,94622,02459078,ADYNOVATE,400 UNITS/ML (5 ML DILUENT) - SINGLE-USE VIAL,,0158550004,N,22-MAR-2025
PROD_94649,94649,02459299,AMGEVITA,40 MG/0.8 ML SINGLE-USE PREFILLED SYRINGE,,0150364003,N,27-AUG-2026
PROD_94650,94650,02459302,AMGEVITA,40 MG/0.8 ML SINGLE-USE PREFILLED AUTO-INJECTOR,,0150364003,N,27-AUG-2026
PROD_94651,94651,02459310,AMGEVITA,20 MG/0.4 ML SINGLE-USE PREFILLED SYRINGE,,0150364003,N,27-AUG-2026
PROD_94652,94652,02459329,DOTAREM,,,0158590001,N,17-NOV-2025
PROD_94656,94656,02459353,ULTRA-LIGHT REFRESHING UV LOTION,,,0657530002,N,22-MAR-2025
PROD_94657,94657,02459361,ODAN-FLUOXETINE,,,0116847002,N,18-AUG-2025
PROD_94662,94662,02459388,FOSINOPRIL,,,0122777001,N,24-JUN-2026
PROD_94663,94663,02459396,FOSINOPRIL,,,0122777002,N,24-JUN-2026
PROD_94664,94664,02459418,REVLIMID,,,0152422006,N,22-MAR-2025
PROD_94667,94667,02459434,PEMETREXED DISODIUM FOR INJECTION,SINGLE-USE VIAL,,0150104002,N,07-AUG-2026
PROD_94669,94669,02459450,MAR-ENALAPRIL,,,0117649004,N,22-MAR-2025
PROD_94670,94670,02459469,MAR-ENALAPRIL,,,0117649003,N,22-MAR-2025
PROD_94684,94684,02459523,KYLEENA,,,0125218006,N,22-MAR-2025
PROD_94695,94695,02459647,OMNITROPE,CARTRIDGE,,0131827012,N,17-AUG-2026
PROD_94696,94696,02459655,OTIXAL,SINGLE-USE VIALS,,0258670001,N,13-AUG-2026
PROD_94698,94698,02459671,STELARA I.V.,SINGLE-USE VIAL,,0152506002,N,07-AUG-2026
PROD_94699,94699,02459698,ORFADIN,,,0158450001,N,29-JUL-2025
PROD_94700,94700,02459701,ORFADIN,,,0158450002,N,29-JUL-2025
PROD_94701,94701,02459728,ORFADIN,,,0158450003,N,29-JUL-2025
PROD_94702,94702,02459736,ORFADIN,,,0158450004,N,29-JUL-2025
PROD_94711,94711,02459787,XOLAIR,PREFILLED SYRINGE,,0150422001,N,21-NOV-2025
PROD_94712,94712,02459795,XOLAIR,PREFILLED SYRINGE,,0150422001,N,21-NOV-2025
PROD_94713,94713,02459817,AURO-PERINDOPRIL,,,0127178001,N,22-MAR-2025
PROD_94714,94714,02459825,AURO-PERINDOPRIL,,,0127178002,N,22-MAR-2025
PROD_94715,94715,02459833,AURO-PERINDOPRIL,,,0127178003,N,22-MAR-2025
PROD_94721,94721,02459906,ACETYLCYSTEINE SOLUTION USP,,,0100024001,N,22-MAR-2025
PROD_94724,94724,02459930,KYPROLIS,FOR I.V. INFUSION. SINGLE-USE VIAL,,0157710002,N,13-AUG-2026
PROD_94725,94725,02459949,KYPROLIS,FOR I.V. INFUSION. SINGLE-USE VIAL,,0157710003,N,13-AUG-2026
PROD_94726,94726,02459957,AURO-FLECAINIDE,,,0116696004,N,04-MAY-2026
PROD_94727,94727,02459965,AURO-FLECAINIDE,,,0116696001,N,04-MAY-2026
PROD_94728,94728,02459973,LANCORA,,,0158730001,N,26-JUN-2025
PROD_94729,94729,02459981,LANCORA,,,0158730002,N,26-JUN-2025
PROD_94732,94732,02460025,AURO-ARIPIPRAZOLE,,,0152514001,N,22-MAR-2025
PROD_94733,94733,02460033,AURO-ARIPIPRAZOLE,,,0152514002,N,22-MAR-2025
PROD_94734,94734,02460041,AURO-ARIPIPRAZOLE,,,0152514006,N,22-MAR-2025
PROD_94735,94735,02460068,AURO-ARIPIPRAZOLE,,,0152514003,N,22-MAR-2025
PROD_94736,94736,02460076,AURO-ARIPIPRAZOLE,,,0152514004,N,22-MAR-2025
PROD_94737,94737,02460084,AURO-ARIPIPRAZOLE,,,0152514005,N,22-MAR-2025
PROD_94743,94743,02460130,TEVA-FULVESTRANT INJECTION,SINGLE-USE PREFILLED SYRINGE,,0149744001,N,11-AUG-2026
PROD_94747,94747,02460173,AURO-TENOFOVIR,,,0152569001,N,22-MAR-2025
PROD_94749,94749,02460203,DYSPORT THERAPEUTIC,,,0153614001,N,22-MAR-2025
PROD_94755,94755,02460262,MICTORYL,,,0158750001,N,18-NOV-2025
PROD_94756,94756,02460270,MICTORYL,,,0158750002,N,18-NOV-2025
PROD_94757,94757,02460289,MICTORYL PEDIATRIC,,,0158750003,N,22-MAR-2025
PROD_94758,94758,02460297,COMFILAX,,,0152488002,N,22-MAR-2025
PROD_94759,94759,02460300,NO7 LIFT & LUMINATE TRIPLE ACTION DAY CREAM,,CAT IV - SUNBURN PROTECTANTS,0335121006,N,29-JUL-2026
PROD_94764,94764,02460327,TIMELESS ILLUMINATING MAKEUP BROAD SPECTRUM SPF 30,,,0216932015,N,22-MAR-2025
PROD_94767,94767,02460351,ILARIS,SINGLE-USE VIAL,,0152696001,N,07-AUG-2026
PROD_94775,94775,02460408,FIASP,10 ML VIAL,,0144802001,N,30-JUL-2026
PROD_94776,94776,02460416,FIASP,3ML PENFILL CARTRIDGE,,0144802001,N,22-MAR-2025
PROD_94795,94795,02460513,24HR NASAL ALLERGY RELIEF,SUSPENSION,,0124685001,N,14-AUG-2026
PROD_94797,94797,02460548,KEVZARA,1.14 ML PREFILLED SYRINGES,,0158770002,N,31-JUL-2026
PROD_94800,94800,02460572,EXTRA MOISTURIZING NASAL SPRAY,,,0101481001,N,22-MAR-2025
PROD_94802,94802,02460599,NASAL CONGESTION SPRAY,,,0101481001,N,22-MAR-2025
PROD_94803,94803,02460602,HYDROMORPHONE HYDROCHLORIDE INJECTION,SINGLE-USE,,0108698003,N,04-AUG-2026
PROD_94804,94804,02460610,HYDROMORPHONE HYDROCHLORIDE INJECTION HP 10,,,0108698001,N,22-MAR-2025
PROD_94807,94807,02460645,BUPIVACAINE HYDROCHLORIDE IN DEXTROSE INJECTION USP,SINGLE-DOSE,,0108896002,N,12-AUG-2026
PROD_94808,94808,02460653,APO-METFORMIN ER,,,0101773003,N,09-JAN-2026
PROD_94809,94809,02460661,GLATECT,PREFILLED SYRINGE,,0132525001,N,31-JUL-2026
PROD_94837,94837,02460882,AGE DEFYING CLASSIC LOTION WITH SPF,,CAT IV - SUNBURN PROTECTANTS,0216792004,N,17-JUN-2025
PROD_94840,94840,02460890,VIBERZI,,,0158810001,N,23-JUN-2025
PROD_94841,94841,02460904,VIBERZI,,,0158810002,N,02-MAY-2025
PROD_94843,94843,02460912,PHENYTOIN SODIUM,,,0101375002,N,22-MAR-2025
PROD_94844,94844,02460920,SANDOZ ESOMEPRAZOLE,,,0145162001,N,22-MAR-2025
PROD_94845,94845,02460939,SANDOZ ESOMEPRAZOLE,,,0145162002,N,22-MAR-2025
PROD_94846,94846,02460947,CASPOFUNGIN FOR INJECTION,SINGLE-DOSE VIAL,,0144763001,N,10-AUG-2026
PROD_94847,94847,02460955,CASPOFUNGIN FOR INJECTION,SINGLE-DOSE VIAL,,0144763002,N,10-AUG-2026
PROD_94854,94854,02461048,COMPLETE* DRY TOUCH SUNSCREEN/ÉCRAN SOLAIRE,,CAT IV - SUNBURN PROTECTANTS,0552875007,N,22-MAR-2025
PROD_94857,94857,02461072,COMPLETE* DRY TOUCH,,CAT IV - SUNBURN PROTECTANTS,0552875008,N,22-MAR-2025
PROD_94861,94861,02461110,PMS-EMTRICITABINE-TENOFOVIR,,,0251568001,N,22-MAR-2025
PROD_94867,94867,02461188,COMPLETE LIGHTWEIGHT LOTION WITH SPF BROAD SPECTRUM SPF 30,,CAT IV - SUNBURN PROTECTANTS,0449667003,N,27-AUG-2025
PROD_94870,94870,02461196,COMPLETE HYDRATING CREAM WITH SPF,,CAT IV - SUNBURN PROTECTANTS,0451521022,N,05-JUN-2025
PROD_94873,94873,02461242,COMPLETE LIGHTWEIGHT LOTION WITH SPF BROAD SPECTRUM SPF 15 SENSITIVE,,CAT IV - SUNBURN PROTECTANTS,0216792004,N,13-JUN-2025
PROD_94874,94874,02461234,COMPLETE LIGHTWEIGHT LOTION WITH SPF BROAD SPECTRUM SPF 15,,CAT IV - SUNBURN PROTECTANTS,0451521022,N,21-AUG-2025
PROD_94877,94877,02461269,COMPLETE LIGHTWEIGHT LOTION WITH SPF BROAD SPECTRUM 15 FOR COMBINATION/OILY SKIN,,CAT IV - SUNBURN PROTECTANTS,0451521022,N,01-AUG-2025
PROD_94881,94881,02461307,PMS-OLMESARTAN,,,0152496002,N,22-MAR-2025
PROD_94882,94882,02461315,PMS-OLMESARTAN,,,0152496003,N,22-MAR-2025
PROD_94885,94885,02461358,HEAD & SHOULDERS PYRITHIONE ZINC DANDRUFF SHAMPOO DEEP MOISTURE 2IN1,,CAT IV - ANTIDANDRUFF PRODUCTS,0108628001,N,22-MAR-2025
PROD_94899,94899,02461404,FUROSEMIDE INJECTION USP,SINGLE-USE VIALS,,0101944003,N,10-AUG-2026
PROD_94902,94902,02461412,MYLAN-EFAVIRENZ/EMTRICITABINE/TENOFOVIR DISOPROXIL FUMARATE,,,0352327001,N,22-MAR-2025
PROD_94903,94903,02461420,ONDANSETRON INJECTION BP,,,0131120004,N,15-JAN-2026
PROD_94908,94908,02461455,MINT-KETOROLAC,,,0121995001,N,14-MAY-2025
PROD_94909,94909,02461463,ODEFSEY,,,0358830001,N,22-MAR-2025
PROD_94913,94913,02461501,ACCEL-SEVELAMER,,,0152763001,N,26-JAN-2026
PROD_94916,94916,02461528,BASAGLAR,KWIKPEN - DELIVERS UP TO 80 UNITS PER INJECTION,,0147062001,N,22-MAR-2025
PROD_94917,94917,02461536,MINT-INDOMETHACIN,,,0101832002,N,22-MAR-2025
PROD_94918,94918,02461544,APO-DEFERASIROX,,,0151733001,N,22-MAR-2025
PROD_94919,94919,02461552,APO-DEFERASIROX,,,0151733002,N,22-MAR-2025
PROD_94920,94920,02461560,APO-DEFERASIROX,,,0151733003,N,22-MAR-2025
PROD_94931,94931,02461641,JAMP OLMESARTAN,,,0152496002,N,22-MAR-2025
PROD_94932,94932,02461668,JAMP OLMESARTAN,,,0152496003,N,22-MAR-2025
PROD_94943,94943,02461692,CUVITRU,NORMAL IMMUNE GLOBULIN (HUMAN). SINGLE-DOSE VIALS,,0106267011,N,13-JUL-2026
PROD_94948,94948,02461714,LEVOTHYROXINE SODIUM FOR INJECTION,,,0107794003,N,22-JAN-2026
PROD_94949,94949,02461722,LEVOTHYROXINE SODIUM FOR INJECTION,,,0107794010,N,22-JAN-2026
PROD_94950,94950,02461749,REXULTI,,,0158850001,N,19-JUN-2026
PROD_94951,94951,02461757,REXULTI,,,0158850002,N,19-JUN-2026
PROD_94952,94952,02461765,REXULTI,,,0158850003,N,19-JUN-2026
PROD_94953,94953,02461773,REXULTI,,,0158850004,N,19-JUN-2026
PROD_94954,94954,02461781,REXULTI,,,0158850005,N,19-JUN-2026
PROD_94955,94955,02461803,REXULTI,,,0158850006,N,19-JUN-2026
PROD_94956,94956,02461811,MINT-INDOMETHACIN,,,0101832001,N,22-MAR-2025
PROD_94960,94960,02461862,APO-ERLOTINIB,,,0151203001,N,22-MAR-2025
PROD_94961,94961,02461870,APO-ERLOTINIB,,,0151203002,N,22-MAR-2025
PROD_94962,94962,02461889,APO-ERLOTINIB,,,0151203003,N,22-MAR-2025
PROD_94965,94965,02461900,ONCASPAR,3750 UNITS/5 ML SINGLE USE VIAL,,0131872001,N,25-AUG-2026
PROD_94973,94973,02461986,SANDOZ LEVETIRACETAM,,,0148843001,N,10-NOV-2025
PROD_94974,94974,02461994,SANDOZ LEVETIRACETAM,,,0148843002,N,10-NOV-2025
PROD_94975,94975,02462001,SANDOZ LEVETIRACETAM,,,0148843003,N,10-NOV-2025
PROD_94976,94976,02462028,SANDOZ LEVETIRACETAM,,,0148843004,N,10-NOV-2025
PROD_94980,94980,02462060,DROSPIRENONE AND ETHINYL ESTRADIOL TABLETS USP,,,0250430002,N,22-MAR-2025
PROD_94981,94981,02462079,MARCELLE REVIVAL+ SKIN RENEWAL ANTI-AGING DAY CREAM SPF 15,,CAT IV - SUNBURN PROTECTANTS,0324234010,N,22-MAR-2025
PROD_94986,94986,02462125,SPF 50 BROAD SPECTRUM KIDS,EMULSION,CAT IV - SUNBURN PROTECTANTS,0552225006,N,18-AUG-2026
PROD_94989,94989,02462168,BIO-FLUCONAZOLE,,,0122529004,N,22-JAN-2026
PROD_94990,94990,02462176,SPF/FPS 50 BROAD SPECTRUM ALCOHOL FREE SUNSCREEN,EMULSION,,0552225006,N,18-AUG-2026
PROD_94991,94991,02462184,SPF/FPS 30 BROAD SPECTRUM ALCOHOL FREE SUNSCREEN,,,0439981018,N,22-MAR-2025
PROD_94992,94992,02462192,MINT-CLONIDINE,,,0108891001,N,22-MAR-2025
PROD_94993,94993,02462206,MINT-CLONIDINE,,,0108891002,N,22-MAR-2025
PROD_94995,94995,02462257,ONDANSETRON INJECTION USP,MULTIDOSE VIAL,,0131120004,N,30-JUL-2026
PROD_94999,94999,02462249,HEAD & SHOULDERS PYRITHIONE ZINC DANDRUFF SHAMPOO DEEP MOISTURE,,CAT IV - ANTIDANDRUFF PRODUCTS,0108628001,N,22-MAR-2025
PROD_95004,95004,02462303,AMPICILLIN SODIUM FOR INJECTION BP,,,0105872002,N,22-MAR-2025
PROD_95005,95005,02462311,AMPICILLIN SODIUM FOR INJECTION BP,,,0105872001,N,22-MAR-2025
PROD_95006,95006,02462338,AMPICILLIN SODIUM FOR INJECTION BP,,,0105872011,N,22-MAR-2025
PROD_95007,95007,02462346,AMPICILLIN SODIUM FOR INJECTION BP,,,0105872012,N,22-MAR-2025
PROD_95012,95012,02462362,ETHACRYNATE SODIUM,,,0101703001,N,22-MAR-2025
PROD_95015,95015,02462397,CLOTRIMAZOLE EXTERNAL ANTIFUNGAL CREAM,,,0110231001,N,06-JAN-2026
PROD_95016,95016,02462400,BRINAVESS,,,0158890001,N,22-MAR-2025
PROD_95020,95020,02462443,LIDOCAINE INJECTION BP,"CONTAINS PRESERVATIVE, MULTIDOSE VIALS",,0101280004,N,25-AUG-2026
PROD_95021,95021,02462451,LIDOCAINE INJECTION BP,"CONTAINS PRESERVATIVE, MULTIDOSE VIALS",,0101280001,N,25-AUG-2026
PROD_95023,95023,02462486,TEVA-CYCLOSPORINE,,,0115996006,N,22-MAR-2025
PROD_95031,95031,02462559,MINT-ITRACONAZOLE,,,0123311002,N,14-NOV-2025
PROD_95045,95045,02462656,MED-CLINDAMYCIN,,,0105830002,N,22-MAR-2025
PROD_95046,95046,02462664,MED-CLINDAMYCIN,,,0105830003,N,22-MAR-2025
PROD_95050,95050,02462680,TEPADINA,,,0107649001,N,23-APR-2026
PROD_95051,95051,02462702,TEPADINA,,,0107649002,N,23-APR-2026
PROD_95052,95052,02462699,ZEULIDE DEPOT,3 MONTHS - 1 VIAL (POWDER) & 1 PREFILLED SYR. (DILUENT),,0116959005,N,11-AUG-2026
PROD_95055,95055,02462729,DOBUTAMINE INJECTION USP,SINGLE-USE VIAL,,0112000001,N,12-AUG-2026
PROD_95062,95062,02462788,MAR-RIZATRIPTAN ODT,,,0137841001,N,22-MAR-2025
PROD_95063,95063,02462796,MAR-RIZATRIPTAN ODT,,,0137841002,N,22-MAR-2025
PROD_95068,95068,02462826,AZACITIDINE FOR INJECTION,SINGLE-USE VIAL,,0152665001,N,07-AUG-2026
PROD_95069,95069,02462834,PRZ-DOMPERIDONE,,,0116957001,N,27-JUL-2026
PROD_95071,95071,02462842,EURO-CHLORHEXIDINE,,,0107629007,N,26-JUN-2025
PROD_95072,95072,02462850,ERELZI,SINGLE-USE SENSOREADY PEN,,0151564001,N,06-AUG-2026
PROD_95073,95073,02462869,ERELZI,SINGLE-USE PREFILLED SYRINGE WITH NEEDLE GUARD,,0151564001,N,25-AUG-2026
PROD_95074,95074,02462877,ERELZI,SINGLE-USE PREFILLED SYRINGE WITH NEEDLE GUARD,,0151564001,N,25-AUG-2026
PROD_95075,95075,02462885,MEROPENEM FOR INJECTION,,,0128599001,N,22-MAR-2025
PROD_95076,95076,02462893,MEROPENEM FOR INJECTION,,,0128599003,N,22-MAR-2025
PROD_95080,95080,02462915,HEALING OINTMENT,,CAT IV - MEDICATED SKIN CARE PRODUCTS,0148022005,N,22-MAR-2025
PROD_95086,95086,02462974,MOXIFLOXACIN,,,0142242001,N,22-MAR-2025
PROD_95089,95089,02462990,TECENTRIQ,CONCENTRATE. SINGLE-USE VIALS,,0158930001,N,27-AUG-2026
PROD_95094,95094,02463040,ORKAMBI,,,0257771002,N,11-JUN-2026
PROD_95095,95095,02463059,HIZENTRA,ALSO KNOW AS IMMUNE GLOBULIN (HUMAN). 5 ML SINGLE-USE PREFILLED SYRINGE,,0106267011,N,27-AUG-2026
PROD_95096,95096,02463067,HIZENTRA,ALSO KNOW AS IMMUNE GLOBULIN (HUMAN). 10 ML SINGLE-USE PREFILLED SYRINGES,,0106267011,N,27-AUG-2026
PROD_95098,95098,02463083,"PEMETREXED FOR INJECTION, USP",SINGLE-USE VIAL,,0150104002,N,12-AUG-2026
PROD_95099,95099,02463091,"PEMETREXED FOR INJECTION, USP",SINGLE-USE VIAL,,0150104001,N,12-AUG-2026
PROD_95102,95102,02463113,REDDY-PROGESTERONE,,,0106327002,N,24-MAR-2026
PROD_95103,95103,02463105,ODAN-BENZYDAMINE,,,0113801001,N,22-MAR-2025
PROD_95104,95104,02463121,OCALIVA,,,0158950001,N,22-MAR-2025
PROD_95105,95105,02463148,OCALIVA,,,0158950002,N,22-MAR-2025
PROD_95111,95111,02463202,ACNE CLEARING TREATMENT,,CAT IV - ACNE THERAPY,0107205004,N,22-MAR-2025
PROD_95112,95112,02463210,DAILY ACNE WASH,,CAT IV - ACNE THERAPY,0107205001,N,22-MAR-2025
PROD_95113,95113,02463229,TEVA-EVEROLIMUS,,,0152682003,N,09-JAN-2026
PROD_95114,95114,02463237,TEVA-EVEROLIMUS,,,0152682001,N,09-JAN-2026
PROD_95116,95116,02463253,TEVA-EVEROLIMUS,,,0152682002,N,09-JAN-2026
PROD_95117,95117,02463261,CERDELGA,,,0158970001,N,22-MAR-2025
PROD_95136,95136,02463393,CYANOCOBALAMIN INJECTION USP,PRESERVATIVE-FREE SINGLE-USE AMPOULE,,0108437002,N,19-AUG-2026
PROD_95161,95161,02463520,TARO-DEFERASIROX,,,0151733001,N,22-MAR-2025
PROD_95162,95162,02463539,TARO-DEFERASIROX,,,0151733002,N,22-MAR-2025
PROD_95163,95163,02463547,TARO-DEFERASIROX,,,0151733003,N,22-MAR-2025
PROD_95168,95168,02463571,TARO-GLICLAZIDE MR,MODIFIED-RELEASE TABLETS,,0119934002,N,17-AUG-2026
PROD_95174,95174,02463644,ACARIZAX,STANDARDIZED ALLERGEN EXTRACT 12 SQ-HDM/ TABLET,,0223339003,N,01-JUN-2026
PROD_95184,95184,02463733,BUSULFAN FOR INJECTION,SINGLE-USE VIALS,,0103273002,N,10-AUG-2026
PROD_95189,95189,02463792,TARO-TESTOSTERONE GEL,2.5 G GEL PER PACK,,0106405004,N,30-JUL-2026
PROD_95190,95190,02463806,TARO-TESTOSTERONE GEL,5 G GEL PER PACK,,0106405004,N,27-MAY-2026
PROD_95201,95201,02463911,OLAY LUMINOUS WHIP,,CAT IV - SUNBURN PROTECTANTS,0451521064,N,22-MAR-2025
PROD_95202,95202,02463938,WHIP REGENERIST,,CAT IV - SUNBURN PROTECTANTS,0451521064,N,30-JAN-2026
PROD_95203,95203,02463946,OLAY TOTAL EFFECTS WHIP,,CAT IV - SUNBURN PROTECTANTS,0451521064,N,22-MAR-2025
PROD_95215,95215,02464039,TEVA-PERINDOPRIL/INDAPAMIDE,,,0248401003,N,03-JUN-2026
PROD_95216,95216,02464020,TEVA-PERINDOPRIL/INDAPAMIDE,,,0248401001,N,03-JUN-2026
PROD_95236,95236,02464209,MYLAN-VARDENAFIL,,,0150003001,N,22-MAR-2025
PROD_95239,95239,02464225,MYLAN-VARDENAFIL,,,0150003002,N,22-MAR-2025
PROD_95240,95240,02464233,MYLAN-VARDENAFIL,,,0150003003,N,22-MAR-2025
PROD_95241,95241,02464241,VEMLIDY,,,0159070001,N,22-MAR-2025
PROD_95248,95248,02464322,SPF 50+ KIDS (80 MINUTES) WATER RESISTANT,,CAT IV - SUNBURN PROTECTANTS,0552875005,N,22-MAR-2025
PROD_95252,95252,02464365,METHOTREXATE INJECTION BP,"CONTAINS PRESERVATIVE, MULTIDOSE VIALS",,0107545002,N,19-AUG-2026
PROD_95254,95254,02464381,DEXMEDETOMIDINE HYDROCHLORIDE FOR INJECTION,,,0152679003,N,05-JUN-2025
PROD_95259,95259,02464454,SANDOZ DEFERASIROX,,,0151733001,N,22-MAR-2025
PROD_95260,95260,02464462,SANDOZ DEFERASIROX,,,0151733002,N,22-MAR-2025
PROD_95261,95261,02464470,SANDOZ DEFERASIROX,,,0151733003,N,22-MAR-2025
PROD_95262,95262,02464489,ESBRIET,,,0153328001,N,22-MAR-2025
PROD_95264,95264,02464500,ESBRIET,,,0153328003,N,22-MAR-2025
PROD_95265,95265,02464519,TARO-BENZOYL PEROXIDE / CLINDAMYCIN KIT,,,0242561001,N,22-MAR-2025
PROD_95270,95270,02464578,ONDANSETRON INJECTION USP,SINGLE-USE VIALS,,0131120004,N,10-AUG-2026
PROD_95272,95272,02464594,EURO D 10 000,,,0108524005,N,22-MAR-2025
PROD_95274,95274,02464616,FIBRYGA,,,0153289002,N,23-FEB-2026
PROD_95277,95277,02464640,PMS-FLUOXETINE,,,0116847004,N,22-MAR-2025
PROD_95278,95278,02464659,PMS-FLUOXETINE,,,0116847009,N,22-MAR-2025
PROD_95281,95281,02464683,NIGHTTIME SLEEP AID,,,0102639008,N,22-MAR-2025
PROD_95282,95282,02464691,MITOMYCIN FOR INJECTION USP,SINGLE-USE VIAL,,0111533002,N,12-AUG-2026
PROD_95283,95283,02464705,PROCYSBI,ALSO CALLED MERCAPTAMINE BITARTRATE,,0159170001,N,23-APR-2025
PROD_95284,95284,02464713,PROCYSBI,ALSO CALLED MERCAPTAMINE BITARTRATE,,0159170003,N,23-APR-2025
PROD_95288,95288,02464748,MARCELLE SHEER TINT MOISTURIZER HYDRATANT TEINTÉ TRANSLUCIDE SPF 30 FPS,,CAT IV - SUNBURN PROTECTANTS,0216932003,N,22-MAR-2025
PROD_95295,95295,02464802,DIAL FOAMING ANTIBACTERIAL HAND WASH,,CAT IV - ANTISEPTIC SKIN CLEANSERS,0104993016,N,22-MAR-2025
PROD_95297,95297,02464829,DIAL ANTIBACTERIAL HAND SOAP,,CAT IV - ANTISEPTIC SKIN CLEANSERS,0104993016,N,22-MAR-2025
PROD_95319,95319,02464985,TEVA-PERINDOPRIL,,,0127178001,N,22-MAR-2025
PROD_95320,95320,02464993,TEVA-PERINDOPRIL,,,0127178002,N,22-MAR-2025
PROD_95321,95321,02465000,TEVA-PERINDOPRIL,,,0127178003,N,22-MAR-2025
PROD_95324,95324,02465035,VOLTAREN EMULGEL BACK & MUSCLE PAIN,,,0152187001,N,07-JUL-2026
PROD_95325,95325,02465043,VOLTAREN EMULGEL JOINT PAIN EXTRA STRENGTH,,,0152187002,N,08-JUL-2026
PROD_95327,95327,02465086,JAMP-RIZATRIPTAN ODT,,,0137841001,N,22-MAR-2025
PROD_95328,95328,02465094,JAMP-RIZATRIPTAN ODT,,,0137841002,N,22-MAR-2025
PROD_95330,95330,02465108,ALLERGY FORMULA,,,0102639003,N,22-MAR-2025
PROD_95332,95332,02465124,MAR-KETOROLAC,,,0121995001,N,22-MAR-2025
PROD_95350,95350,02465302,SOOTHE RESTORE,,,0259210001,N,01-AUG-2025
PROD_95353,95353,02465337,ISENTRESS HD,,,0152351004,N,22-MAR-2025
PROD_95355,95355,02465353,MAR-DILTIAZEM T,,,0115863004,N,08-OCT-2025
PROD_95356,95356,02465361,MAR-DILTIAZEM T,,,0115863007,N,08-OCT-2025
PROD_95357,95357,02465388,MAR-DILTIAZEM T,,,0115863006,N,08-OCT-2025
PROD_95358,95358,02465396,MAR-DILTIAZEM T,,,0115863008,N,08-OCT-2025
PROD_95359,95359,02465418,MAR-DILTIAZEM T,,,0115863009,N,08-OCT-2025
PROD_95364,95364,02465469,CEFAZOLIN SODIUM FOR INJECTION BP,,,0109442005,N,22-MAR-2025
PROD_95365,95365,02465477,CEFAZOLIN SODIUM FOR INJECTION BP,,,0109442006,N,22-MAR-2025
PROD_95367,95367,02465493,CUBICIN RF,,,0152298001,N,22-MAR-2025
PROD_95368,95368,02465507,CYANOCOBALAMIN INJECTION USP,"CONTAINS PRESERVATIVE, MULTIDOSE VIAL",,0108437002,N,19-AUG-2026
PROD_95373,95373,02465574,CIMZIA,SINGLE-USE AUTO-INJECTOR,,0152646001,N,14-AUG-2026
PROD_95383,95383,02465604,"AZITHROMYCIN FOR INJECTION, USP",,,0126072006,N,22-MAR-2025
PROD_95384,95384,02465612,MINT-BISOPROLOL,,,0122418001,N,22-MAR-2025
PROD_95385,95385,02465620,MINT-BISOPROLOL,,,0122418002,N,22-MAR-2025
PROD_95389,95389,02465663,SPINRAZA,SINGLE-USE VIAL,,0159230001,N,12-AUG-2026
PROD_95399,95399,02465752,OCTASA,ALSO KNOWN AS MESALAMINE,,0116808010,N,17-AUG-2026
PROD_95414,95414,02465884,COMPLETE SENSITIVE ADVANCED [80 MINUTES] WATER/SWEAT RESISTANT LOTION SPF 60,,CAT IV - SUNBURN PROTECTANTS,0552875006,N,22-MAR-2025
PROD_95417,95417,02465949,TEVA-BUDESONIDE,,,0116807005,N,22-MAR-2025
PROD_95418,95418,02465957,TEVA-BUDESONIDE,,,0116807011,N,22-MAR-2025
PROD_95424,95424,02465981,DEFITELIO,MEDICINAL INGREDIENT ALSO CALLED 'DEFIBROTIDE SODIUM',,0159250001,N,22-MAR-2025
PROD_95428,95428,02466015,TRANEXAMIC ACID INJECTION,AMPOULES,,0114760002,N,06-AUG-2026
PROD_95437,95437,02466074,TARO-ACITRETIN,,,0122473002,N,02-FEB-2026
PROD_95438,95438,02466082,TARO-ACITRETIN,,,0122473001,N,02-FEB-2026
PROD_95440,95440,02466090,DOVE DERMA+CARE SCALP ANTI-DANDRUFF DRYNESS & ITCH RELIEF,,CAT IV - ANTIDANDRUFF PRODUCTS,0108628001,N,22-MAR-2025
PROD_95443,95443,02466120,CLARITHROMYCIN,,,0123752001,N,25-JUL-2025
PROD_95444,95444,02466139,CLARITHROMYCIN,,,0123752002,N,25-JUL-2025
PROD_95445,95445,02466147,PANTOPRAZOLE T,,,0133229001,N,22-MAR-2025
PROD_95446,95446,02466171,JAMP-CETIRIZINE,,,0122686003,N,21-JAN-2026
PROD_95449,95449,02466198,TEVA-FEBUXOSTAT,,,0152809001,N,04-MAY-2026
PROD_95454,95454,02466236,RYDAPT,,,0159270001,N,22-MAR-2025
PROD_95465,95465,02466325,TOPICAL HAPTEN GEL,SOLID ACTIVE SUBSTANCE IN SEMI-SOLID VEHICLE,,0159290001,N,22-MAR-2025
PROD_95467,95467,02466333,TOPICAL HAPTEN GEL,LIQUID ACTIVE SUBSTANCE IN SEMI-SOLID VEHICLE,,0159290002,N,22-MAR-2025
PROD_95469,95469,02466341,TOPICAL HAPTEN LIQUID,SOLID ACTIVE SUBSTANCE IN LIQUID VEHICLE,,0159290003,N,22-MAR-2025
PROD_95470,95470,02466368,TOPICAL HAPTEN LIQUID,LIQUID ACTIVE SUBSTANCE IN LIQUID VEHICLE,,0159290002,N,22-MAR-2025
PROD_95472,95472,02466376,ANTI-SHINE ANTHELIOS XL DRY TOUCH GEL-CREAM,,,0552875006,N,22-MAR-2025
PROD_95474,95474,02466392,AURO-NITROFURANTOIN BID,,,0101480001,N,22-MAR-2025
PROD_95476,95476,02466406,ANTI-SHINE DRY TOUCH UV LOTION,,,0552875006,N,22-MAR-2025
PROD_95486,95486,02466511,BOBBI BROWN PRIMER PLUS PROTECTION SPF 50,,CAT IV - SUNBURN PROTECTANTS,0544758104,N,22-MAR-2025
PROD_95491,95491,02466570,NOURISHING DAY CREAM,,CAT IV - SUNBURN PROTECTANTS,0352769001,N,25-JUL-2025
PROD_95492,95492,02466589,REFRESHING DAY CREAM,,CAT IV - SUNBURN PROTECTANTS,0352769003,N,25-JUL-2025
PROD_95498,95498,02466635,PMS-ARIPIPRAZOLE,,,0152514001,N,22-MAR-2025
PROD_95499,95499,02466643,PMS-ARIPIPRAZOLE,,,0152514002,N,22-MAR-2025
PROD_95500,95500,02466651,PMS-ARIPIPRAZOLE,,,0152514006,N,22-MAR-2025
PROD_95501,95501,02466678,PMS-ARIPIPRAZOLE,,,0152514003,N,22-MAR-2025
PROD_95502,95502,02466708,PMS-BORTEZOMIB,SINGLE-USE VIALS,,0150433001,N,10-AUG-2026
PROD_95503,95503,02466686,PMS-ARIPIPRAZOLE,,,0152514004,N,22-MAR-2025
PROD_95504,95504,02466694,PMS-ARIPIPRAZOLE,,,0152514005,N,22-MAR-2025
PROD_95508,95508,02466724,REVITALIFT ANTI-WRINKLE + FIRMING DAY CREAM,,CAT IV - SUNBURN PROTECTANTS,0335121006,N,22-MAR-2025
PROD_95509,95509,02466732,EURO-CYPROHEPTADINE 2MG/5ML,,LS - CYPROHEPTADINE,0102134001,N,22-MAR-2025
PROD_95511,95511,02466759,MINT-FUROSEMIDE,,,0101944002,N,22-MAR-2025
PROD_95512,95512,02466767,MINT-FUROSEMIDE,,,0101944001,N,22-MAR-2025
PROD_95513,95513,02466775,MINT-FUROSEMIDE,,,0101944004,N,22-MAR-2025
PROD_95514,95514,02466783,ATOVAQUONE AND PROGUANIL HYDROCHLORIDE TABLETS,,,0250721002,N,22-MAR-2025
PROD_95519,95519,02466821,ALMOTRIPTAN,,,0149521002,N,22-MAR-2025
PROD_95524,95524,02466864,ENTUZITY KWIKPEN,PREFILLED PENS,,0123340002,N,22-MAR-2025
PROD_95539,95539,02466988,APO-DESVENLAFAXINE,,,0152509001,N,22-MAR-2025
PROD_95540,95540,02466996,APO-DESVENLAFAXINE,,,0152509002,N,22-MAR-2025
PROD_95541,95541,02467003,BORTEZOMIB FOR INJECTION,SINGLE-USE VIAL,,0150433002,N,07-AUG-2026
PROD_95558,95558,02467194,DOVE MEN+CARE DERMA+CARE SCALP ANTI-DANDRUFF DRYNESS & ITCH RELIEF 2 IN 1,,CAT IV - ANTIDANDRUFF PRODUCTS,0108628001,N,22-MAR-2025
PROD_95561,95561,02467224,OCREVUS,SINGLE-USE VIAL,,0159350001,N,07-AUG-2026
PROD_95562,95562,02467232,JAMP ENTECAVIR,,,0151648001,N,22-MAR-2025
PROD_95568,95568,02467291,M-PREGABALIN,,,0151121001,N,14-OCT-2025
PROD_95569,95569,02467305,M-PREGABALIN,,,0151121002,N,14-OCT-2025
PROD_95570,95570,02467313,M-PREGABALIN,,,0151121003,N,14-OCT-2025
PROD_95571,95571,02467321,M-PREGABALIN,,,0151121005,N,14-OCT-2025
PROD_95575,95575,02467372,M-PANTOPRAZOLE,,,0133229001,N,22-MAR-2025
PROD_95578,95578,02467402,M-PAROXETINE,,,0123131003,N,22-MAR-2025
PROD_95579,95579,02467410,M-PAROXETINE,,,0123131002,N,22-MAR-2025
PROD_95580,95580,02467429,M-PAROXETINE,,,0123131001,N,22-MAR-2025
PROD_95581,95581,02467437,M-EZETIMIBE,,,0149164001,N,09-SEP-2025
PROD_95583,95583,02467453,M-DONEPEZIL,,,0131548001,N,21-JAN-2026
PROD_95584,95584,02467461,M-DONEPEZIL,,,0131548002,N,21-JAN-2026
PROD_95586,95586,02467496,APO-CEFEPIME,SINGLE-USE,,0150504004,N,04-AUG-2026
PROD_95587,95587,02467518,APO-CEFEPIME,,,0150504005,N,22-MAR-2025
PROD_95590,95590,02467542,VOSEVI,,,0359370001,N,22-MAR-2025
PROD_95591,95591,02467550,MAVIRET,,,0259390001,N,10-FEB-2026
PROD_95593,95593,02467577,REACTINE RAPID DISSOLVE,,,0122686001,N,17-MAR-2026
PROD_95595,95595,02467585,SODIUM BICARBONATE INJECTION USP,SINGLE-USE VIAL,,0104153005,N,12-AUG-2026
PROD_95610,95610,02467747,ATOMOXETINE,,,0150434001,N,22-MAR-2025
PROD_95611,95611,02467755,ATOMOXETINE,,,0150434002,N,22-MAR-2025
PROD_95612,95612,02467763,ATOMOXETINE,,,0150434003,N,22-MAR-2025
PROD_95613,95613,02467771,ATOMOXETINE,,,0150434004,N,22-MAR-2025
PROD_95614,95614,02467798,ATOMOXETINE,,,0150434005,N,22-MAR-2025
PROD_95615,95615,02467801,ATOMOXETINE,,,0150434006,N,22-MAR-2025
PROD_95616,95616,02467828,ATOMOXETINE,,,0150434007,N,22-MAR-2025
PROD_95617,95617,02467836,M-CITALOPRAM,,,0136243001,N,22-MAR-2025
PROD_95618,95618,02467844,M-CITALOPRAM,,,0136243002,N,22-MAR-2025
PROD_95622,95622,02467860,TRESIBA,PENFILL (CARTRIDGE),,0159410001,N,22-MAR-2025
PROD_95623,95623,02467879,TRESIBA,FLEXTOUCH (PREFILLED PEN),,0159410001,N,22-MAR-2025
PROD_95624,95624,02467887,TRESIBA,FLEXTOUCH (PREFILLED PEN),,0159410002,N,22-MAR-2025
PROD_95631,95631,02467941,M-ZOPICLONE,,,0122562002,N,23-JUL-2026
PROD_95632,95632,02467968,M-ZOPICLONE,,,0122562001,N,23-JUL-2026
PROD_95633,95633,02467976,"DEXMEDETOMIDINE HYDROCHLORIDE FOR INJECTION, USP",SINGLE-USE VIAL,,0152679003,N,12-AUG-2026
PROD_95637,95637,02468018,M-AMLODIPINE,,,0131437003,N,22-MAR-2025
PROD_95638,95638,02468026,M-AMLODIPINE,,,0131437002,N,22-MAR-2025
PROD_95639,95639,02468034,M-AMLODIPINE,,,0131437001,N,22-MAR-2025
PROD_95640,95640,02468042,GALAFOLD,,,0159450001,N,14-JUL-2026
PROD_95642,95642,02468050,APO-GEFITINIB,,,0149783001,N,22-MAR-2025
PROD_95643,95643,02468069,HAEGARDA,FOR SUBCUTANEOUS ADMINISTRATION ONLY - SINGLE USE VIAL & DILUENT,,0152746003,N,22-MAR-2025
PROD_95644,95644,02468077,HAEGARDA,FOR SUBCUTANEOUS ADMINISTRATION ONLY - SINGLE USE VIAL & DILUENT,,0152746004,N,22-MAR-2025
PROD_95646,95646,02468085,SUBOXONE,,,0252216003,N,22-MAR-2025
PROD_95647,95647,02468093,SUBOXONE,,,0252216004,N,22-MAR-2025
PROD_95663,95663,02468220,LENVIMA,EACH 8 MG DAILY DOSE CONTAINS 2 X 4 MG CAPSULES PER BLISTER,,0157671005,N,25-AUG-2026
PROD_95664,95664,02468239,LENVIMA,EACH 18 MG DAILY DOSE CONTAINS 1 X 10 MG CAPSULES AND 2 X 4 MG CAPSULES PER BLISTER,,0157671006,N,25-AUG-2026
PROD_95665,95665,02468247,APO-EFAVIRENZ-EMTRICITABINE-TENOFOVIR,,,0352327001,N,22-MAR-2025
PROD_95682,95682,02468395,JAMP-ZOPICLONE TABLETS,,,0122562003,N,06-AUG-2026
PROD_95683,95683,02468409,PMS-AMITRIPTYLINE,,,0101524005,N,22-MAR-2025
PROD_95685,95685,02468425,SHINGRIX,"HERPES ZOSTER VACCINE (NON-LIVE RECOMBINANT, AS01B ADJUVANTED)",,0159510001,N,22-JUL-2026
PROD_95689,95689,02468468,HYDROMORPHONE HYDROCHLORIDE INJECTION HP FORTE,,,0108698016,N,01-SEP-2026
PROD_95691,95691,02468484,RIVA-CLINDAMYCIN,,,0105830003,N,02-JUN-2025
PROD_95692,95692,02468492,ALTA-ZOPICLONE,,,0122562002,N,04-AUG-2026
PROD_95694,95694,02468514,DEXTROSE INJECTION USP,,,0102181001,N,22-MAR-2025
PROD_95698,95698,02468557,PRZ-SILDENAFIL,,,0136261003,N,27-JUL-2026
PROD_95699,95699,02468565,APO-PERINDOPRIL/AMLODIPINE,,,0257790001,N,22-MAR-2025
PROD_95700,95700,02468573,APO-PERINDOPRIL/AMLODIPINE,,,0257790002,N,22-MAR-2025
PROD_95701,95701,02468581,APO-PERINDOPRIL/AMLODIPINE,,,0257790003,N,22-MAR-2025
PROD_95702,95702,02468603,SANDOZ SAXAGLIPTIN,,,0152653002,N,22-MAR-2025
PROD_95703,95703,02468611,SANDOZ SAXAGLIPTIN,,,0152653001,N,22-MAR-2025
PROD_95706,95706,02468646,REGULAR STRENGTH BISMUTH,,,0111864001,N,22-MAR-2025
PROD_95716,95716,02468689,AURO-CEFIXIME,,,0122105001,N,22-MAR-2025
PROD_95721,95721,02468735,AKYNZEO,,,0259550001,N,22-MAR-2025
PROD_95723,95723,02468751,TRUMENBA,BIVALENT RECOMBINANT LIPOPROTEIN (RLP2086) - PREFILLED SYRINGE,,0259551001,N,22-MAR-2025
PROD_95730,95730,02468778,MINT-HYDRALAZINE,,,0107444003,N,26-JAN-2026
PROD_95731,95731,02468786,MINT-HYDRALAZINE,,,0107444002,N,26-JAN-2026
PROD_95732,95732,02468794,MINT-HYDRALAZINE,,,0107444001,N,26-JAN-2026
PROD_95736,95736,02468816,IMFINZI,SINGLE-USE VIAL,,0159570001,N,24-AUG-2026
PROD_95745,95745,02468840,MINT-ACITRETIN,,,0122473002,N,18-JUN-2026
PROD_95746,95746,02468859,MINT-ACITRETIN,,,0122473001,N,18-JUN-2026
PROD_95754,95754,02468891,APO-DABIGATRAN,,,0152467001,N,28-AUG-2025
PROD_95755,95755,02468905,APO-DABIGATRAN,,,0152467002,N,28-AUG-2025
PROD_95756,95756,02468913,APO-DABIGATRAN,,,0152467003,N,28-AUG-2025
PROD_95759,95759,02468948,ACH-OLMESARTAN HCTZ,,,0252502001,N,22-MAR-2025
PROD_95760,95760,02468956,ACH-OLMESARTAN HCTZ,,,0252502002,N,22-MAR-2025
PROD_95761,95761,02468964,ACH-OLMESARTAN HCTZ,,,0252502003,N,22-MAR-2025
PROD_95770,95770,02469057,PHARMA-RAMIPRIL,,,0122858001,N,22-MAR-2025
PROD_95771,95771,02469065,PHARMA-RAMIPRIL,,,0122858004,N,22-MAR-2025
PROD_95772,95772,02469073,PHARMA-RAMIPRIL,,,0122858003,N,22-MAR-2025
PROD_95773,95773,02469081,PHARMA-RAMIPRIL,,,0122858002,N,22-MAR-2025
PROD_95779,95779,02469138,ALTA-PANTOPRAZOLE,,,0133229001,N,28-NOV-2025
PROD_95780,95780,02469146,JELIDO,SINGLE-USE,,0101280001,N,10-AUG-2026
PROD_95781,95781,02469154,ALTA-ZOPICLONE,,,0122562001,N,04-AUG-2026
PROD_95784,95784,02469170,LUPIN-CEPHALEXIN,,,0105911001,N,22-MAR-2025
PROD_95785,95785,02469189,LUPIN-CEPHALEXIN,,,0105911002,N,22-MAR-2025
PROD_95793,95793,02469243,PMS-ESCITALOPRAM,,,0150435002,N,22-MAR-2025
PROD_95794,95794,02469251,PMS-ESCITALOPRAM,,,0150435004,N,22-MAR-2025
PROD_95800,95800,02469286,AURO-EZETIMIBE,,,0149164001,N,22-MAR-2025
PROD_95804,95804,02469308,AURO-DUTASTERIDE,,,0149361001,N,22-MAR-2025
PROD_95811,95811,02469332,CUVPOSA,,,0102396002,N,22-MAR-2025
PROD_95815,95815,02469367,PREVYMIS,240 MG/12 ML SINGLE-DOSE VIAL,,0159630001,N,30-JUL-2026
PROD_95816,95816,02469375,PREVYMIS,,,0159630002,N,22-MAR-2025
PROD_95817,95817,02469383,PREVYMIS,,,0159630003,N,22-MAR-2025
PROD_95818,95818,02469391,PMS-LACTULOSE-PHARMA,,,0113020001,N,22-MAR-2025
PROD_95820,95820,02469413,HYDROMORPHONE HYDROCHLORIDE INJECTION HP 50,SINGLE-USE,,0108698008,N,04-AUG-2026
PROD_95822,95822,02469421,SANDOZ HYDROCORTISONE,,,0106344008,N,22-MAR-2025
PROD_95831,95831,02469510,CONSTELLA,,,0155070003,N,13-JUL-2026
PROD_95840,95840,02469596,KANUMA,20 MG/10 ML SINGLE-USE,,0159670001,N,12-AUG-2026
PROD_95841,95841,02469618,TARO-FINGOLIMOD,,,0152886001,N,02-APR-2026
PROD_95842,95842,02469626,SERTRALINE,,,0123417003,N,22-MAR-2025
PROD_95843,95843,02469634,SERTRALINE,,,0123417001,N,22-MAR-2025
PROD_95844,95844,02469642,SERTRALINE,,,0123417002,N,22-MAR-2025
PROD_95846,95846,02469669,JAMP-SILDENAFIL R,,,0136261004,N,22-MAR-2025
PROD_95848,95848,02469677,PINAVERIUM,,,0113429001,N,22-MAR-2025
PROD_95849,95849,02469685,PINAVERIUM,,,0113429002,N,22-MAR-2025
PROD_95850,95850,02469693,ORFADIN,,,0158450005,N,29-JUL-2025
PROD_95852,95852,02469707,RODAN+FIELDS SPOTLESS,,,0253309004,N,22-MAR-2025
PROD_95854,95854,02469715,MYLAN-FINGOLIMOD,,,0152886001,N,25-SEP-2025
PROD_95856,95856,02469723,BAVENCIO,SINGLE-USE VIAL,,0159690001,N,12-AUG-2026
PROD_95858,95858,02469731,ANTICOAGULANT CITRATE DEXTROSE SOLUTION USP (ACD) FORMULA A,FOR USE ONLY WITH APHERESIS DEVICES,,0359691001,N,01-DEC-2025
PROD_95860,95860,02469758,TREMFYA,1 ML PREFILLED SYRINGE,,0159710001,N,17-AUG-2026
PROD_95863,95863,02469774,ROCURONIUM BROMIDE INJECTION,,,0126317001,N,31-JUL-2026
PROD_95865,95865,02469782,PMS-FINGOLIMOD,,,0152886001,N,12-JAN-2026
PROD_95870,95870,02469812,GLN-OLMESARTAN,,,0152496002,N,22-MAR-2025
PROD_95871,95871,02469820,GLN-OLMESARTAN,,,0152496003,N,22-MAR-2025
PROD_95877,95877,02469898,ADMELOG,3 ML CARTRIDGE,,0131614001,N,06-AUG-2026
PROD_95880,95880,02469871,ADMELOG SOLOSTAR,3 ML PREFILLED PEN,,0131614001,N,06-AUG-2026
PROD_95881,95881,02469901,ADMELOG,10 ML VIAL,,0131614001,N,30-JUL-2026
PROD_95882,95882,02469928,ACETAMINOPHEN EXTRA STRENGTH LIQUID GELS,,,0102009002,N,22-MAR-2025
PROD_95892,95892,02469979,PHARMA-SIMVASTATIN,,,0122415001,N,22-MAR-2025
PROD_95893,95893,02469987,PHARMA-SIMVASTATIN,,,0122415004,N,22-MAR-2025
PROD_95894,95894,02469995,PHARMA-SIMVASTATIN,,,0122415003,N,22-MAR-2025
PROD_95895,95895,02470004,PHARMA-SIMVASTATIN,,,0122415002,N,22-MAR-2025
PROD_95896,95896,02470012,PHARMA-SIMVASTATIN,,,0122415005,N,22-MAR-2025
PROD_95910,95910,02470144,EXTRA STRENGTH BENADRYL ALLERGY,,,0102639001,N,24-APR-2026
PROD_95912,95912,02470152,HUMALOG,JUNIOR KWIKPEN,,0131614001,N,22-MAR-2025
PROD_95915,95915,02470179,MAVENCLAD,,,0124270002,N,22-MAR-2025
PROD_95917,95917,02470187,REBINYN,SINGLE-USE VIAL,,0159770001,N,12-AUG-2026
PROD_95921,95921,02470225,SANDOZ PERINDOPRIL ERBUMINE,,,0127178001,N,22-MAR-2025
PROD_95922,95922,02470233,SANDOZ PERINDOPRIL ERBUMINE,,,0127178002,N,22-MAR-2025
PROD_95923,95923,02470241,SANDOZ PERINDOPRIL ERBUMINE,,,0127178003,N,22-MAR-2025
PROD_95924,95924,02470268,REBINYN,SINGLE-USE VIAL,,0159770002,N,12-AUG-2026
PROD_95925,95925,02470276,REBINYN,SINGLE-USE VIAL,,0159770003,N,12-AUG-2026
PROD_95926,95926,02470284,AURO-METRONIDAZOLE,,,0102572003,N,22-MAR-2025
PROD_95927,95927,02470292,FOQUEST,,,0107548014,N,22-MAR-2025
PROD_95928,95928,02470306,FOQUEST,,,0107548015,N,22-MAR-2025
PROD_95929,95929,02470314,FOQUEST,,,0107548016,N,22-MAR-2025
PROD_95930,95930,02470322,FOQUEST,,,0107548006,N,22-MAR-2025
PROD_95931,95931,02470330,FOQUEST,,,0107548017,N,22-MAR-2025
PROD_95932,95932,02470349,FOQUEST,,,0107548013,N,22-MAR-2025
PROD_95933,95933,02470357,FOQUEST,,,0107548018,N,22-MAR-2025
PROD_95935,95935,02470365,DUPIXENT,PREFILLED SYRINGE,,0159790001,N,31-JUL-2026
PROD_95936,95936,02470373,RENFLEXIS,SINGLE-USE VIAL,,0144162001,N,12-AUG-2026
PROD_95939,95939,02470411,SANDOZ PERINDOPRIL ERBUMINE/ INDAPAMIDE LD,,,0248401002,N,22-MAR-2025
PROD_95940,95940,02470438,SANDOZ PERINDOPRIL ERBUMINE/ INDAPAMIDE,,,0248401001,N,22-MAR-2025
PROD_95941,95941,02470446,SANDOZ PERINDOPRIL ERBUMINE/ INDAPAMIDE HD,,,0248401003,N,22-MAR-2025
PROD_95943,95943,02470462,GENTAMICIN INJECTION USP,"PRESERVATIVE-FREE, SINGLE-USE",,0105695003,N,20-AUG-2026
PROD_95946,95946,02470489,BENLYSTA,SINGLE DOSE AUTO-INJECTOR,,0152941003,N,06-AUG-2026
PROD_95947,95947,02470497,APO-RIVAROXABAN,,,0152487001,N,26-FEB-2026
PROD_95948,95948,02470500,APO-RIVAROXABAN,,,0152487002,N,26-FEB-2026
PROD_95949,95949,02470519,APO-RIVAROXABAN,,,0152487003,N,26-FEB-2026
PROD_95951,95951,02470527,MATRIX SUPPORT WITH SUNSCREEN BROAD SPECTRUM SPF 30,,CAT IV - SUNBURN PROTECTANTS,0331813001,N,22-MAR-2025
PROD_95956,95956,02470578,AURO-CEPHALEXIN,,,0105911004,N,22-MAR-2025
PROD_95957,95957,02470586,AURO-CEPHALEXIN,,,0105911003,N,22-MAR-2025
PROD_95960,95960,02470608,XELJANZ XR,,,0155550002,N,07-MAY-2026
PROD_95965,95965,02470640,PERGOVERIS,DISPENSES 2 X 150 IU/75 IU DOSES. MULTIDOSE PREFILLED PEN,,0257310002,N,17-AUG-2026
PROD_95966,95966,02470659,PERGOVERIS,DISPENSES 3 X 150 IU/75 IU DOSES. MULTIDOSE PREFILLED PEN,,0257310002,N,17-AUG-2026
PROD_95967,95967,02470667,PERGOVERIS,DISPENSES 6 X 150 IU/75 IU DOSES. MULTIDOSE PREFILLED PEN,,0257310002,N,17-AUG-2026
PROD_95968,95968,02470675,PMS-PERINDOPRIL,,,0127178001,N,22-MAR-2025
PROD_95969,95969,02470683,PMS-PERINDOPRIL,,,0127178002,N,22-MAR-2025
PROD_95970,95970,02470691,PMS-PERINDOPRIL,,,0127178003,N,22-MAR-2025
PROD_95971,95971,02470705,APO-DASATINIB,,,0152198001,N,02-APR-2026
PROD_95972,95972,02470713,APO-DASATINIB,,,0152198002,N,02-APR-2026
PROD_95973,95973,02470721,APO-DASATINIB,,,0152198004,N,02-APR-2026
PROD_95974,95974,02470748,MVASI,100 MG/4 ML SINGLE-USE VIAL,,0151381001,N,20-AUG-2026
PROD_95975,95975,02470756,MVASI,400 MG/16 ML SINGLE-USE VIAL,,0151381001,N,06-AUG-2026
PROD_95983,95983,02470780,AA-LANSOPRAZOLE-AMOXICILLIN-CLARITHROMYCIN,,,0334201001,N,22-MAR-2025
PROD_95992,95992,02470853,FINIPIL,,,0104367006,N,22-MAR-2025
PROD_96009,96009,02470993,SPF 60 KIDS WET'N PROTECT,,,0657530002,N,22-MAR-2025
PROD_96012,96012,02471027,XIIDRA,SINGLE-USE CONTAINERS,,0159830001,N,04-AUG-2026
PROD_96019,96019,02471086,APO-ARIPIPRAZOLE,,,0152514001,N,22-MAR-2025
PROD_96020,96020,02471094,APO-ARIPIPRAZOLE,,,0152514002,N,22-MAR-2025
PROD_96021,96021,02471108,APO-ARIPIPRAZOLE,,,0152514006,N,22-MAR-2025
PROD_96022,96022,02471116,APO-ARIPIPRAZOLE,,,0152514003,N,22-MAR-2025
PROD_96023,96023,02471124,APO-ARIPIPRAZOLE,,,0152514004,N,22-MAR-2025
PROD_96024,96024,02471132,APO-ARIPIPRAZOLE,,,0152514005,N,22-MAR-2025
PROD_96025,96025,02471140,LUPIN-CEPHALEXIN,,,0105911004,N,20-OCT-2025
PROD_96026,96026,02471159,LUPIN-CEPHALEXIN,,,0105911003,N,20-OCT-2025
PROD_96027,96027,02471167,M-ATORVASTATIN,,,0133055001,N,02-JUL-2026
PROD_96028,96028,02471175,M-ATORVASTATIN,,,0133055002,N,02-JUL-2026
PROD_96029,96029,02471183,M-ATORVASTATIN,,,0133055003,N,02-JUL-2026
PROD_96030,96030,02471191,M-ATORVASTATIN,,,0133055004,N,02-JUL-2026
PROD_96039,96039,02471280,M-VENLAFAXINE XR,,,0131294002,N,10-MAR-2026
PROD_96040,96040,02471299,M-VENLAFAXINE XR,,,0131294001,N,10-MAR-2026
PROD_96041,96041,02471302,M-VENLAFAXINE XR,,,0131294005,N,10-MAR-2026
PROD_96050,96050,02471396,M-CLARITHROMYCIN,,,0123752002,N,22-MAR-2025
PROD_96051,96051,02471418,M-ESCITALOPRAM,,,0150435002,N,25-MAR-2026
PROD_96052,96052,02471426,M-ESCITALOPRAM,,,0150435004,N,25-MAR-2026
PROD_96055,96055,02471442,MINT-EPLERENONE,,,0152537001,N,22-MAR-2025
PROD_96056,96056,02471450,MINT-EPLERENONE,,,0152537002,N,22-MAR-2025
PROD_96058,96058,02471469,OZEMPIC,DISPENSES 1 MG DOSES. MULTIDOSE PREFILLED PEN,,0159870002,N,13-AUG-2026
PROD_96064,96064,02471485,AURO-ATOMOXETINE,,,0150434001,N,22-MAR-2025
PROD_96065,96065,02471493,AURO-ATOMOXETINE,,,0150434002,N,22-MAR-2025
PROD_96066,96066,02471507,AURO-ATOMOXETINE,,,0150434003,N,22-MAR-2025
PROD_96067,96067,02471515,AURO-ATOMOXETINE,,,0150434004,N,22-MAR-2025
PROD_96068,96068,02471523,AURO-ATOMOXETINE,,,0150434005,N,22-MAR-2025
PROD_96069,96069,02471531,AURO-ATOMOXETINE,,,0150434006,N,22-MAR-2025
PROD_96070,96070,02471558,AURO-ATOMOXETINE,,,0150434007,N,22-MAR-2025
PROD_96073,96073,02471574,VELPHORO,,,0108536040,N,22-MAR-2025
PROD_96076,96076,02471604,"ADVIL COLD, SINUS & FLU EXTRA STRENGTH",,,0349765003,N,02-SEP-2026
PROD_96086,96086,02471647,APO-VARDENAFIL,,,0150003001,N,22-MAR-2025
PROD_96087,96087,02471655,APO-VARDENAFIL,,,0150003002,N,22-MAR-2025
PROD_96088,96088,02471663,APO-VARDENAFIL,,,0150003003,N,22-MAR-2025
PROD_96090,96090,02471671,AURO-AMOXICLAV,,,0234720008,N,22-MAR-2025
PROD_96091,96091,02471698,AURO-AMOXICLAV,,,0234720009,N,22-MAR-2025
PROD_96092,96092,02471701,AURO-AMOXICLAV,,,0234720005,N,22-MAR-2025
PROD_96099,96099,02471795,TANNING OIL HUILE BRONZANTE 15,,CAT IV - SUNBURN PROTECTANTS,0451521014,N,24-JUL-2025
PROD_96103,96103,02471825,NRA-PANTOPRAZOLE,,,0133229001,N,24-JUN-2026
PROD_96106,96106,02471868,AURO-TRANDOLAPRIL,,,0131524001,N,22-MAR-2025
PROD_96109,96109,02471876,AURO-TRANDOLAPRIL,,,0131524002,N,22-MAR-2025
PROD_96110,96110,02471884,AURO-TRANDOLAPRIL,,,0131524003,N,22-MAR-2025
PROD_96111,96111,02471892,AURO-TRANDOLAPRIL,,,0131524004,N,22-MAR-2025
PROD_96113,96113,02471906,REGULAR LIP BALM,,,0218807031,N,22-MAR-2025
PROD_96126,96126,02472015,RIVA-PERINDOPRIL,,,0127178001,N,22-MAR-2025
PROD_96127,96127,02472023,RIVA-PERINDOPRIL,,,0127178002,N,22-MAR-2025
PROD_96128,96128,02472031,RIVA-PERINDOPRIL,,,0127178003,N,22-MAR-2025
PROD_96138,96138,02472104,LONSURF,,,0259910001,N,22-MAR-2025
PROD_96139,96139,02472112,LONSURF,,,0259910002,N,22-MAR-2025
PROD_96140,96140,02472309,JAMP DICLOFENAC TOPICAL SOLUTION,,,0114417007,N,22-MAR-2025
PROD_96151,96151,02472236,FUZION AB FOAMING HAND SOAP,,,0104993016,N,22-MAR-2025
PROD_96153,96153,02472201,NRA-ARIPIPRAZOLE,,,0152514001,N,16-SEP-2025
PROD_96154,96154,02472228,NRA-ARIPIPRAZOLE,,,0152514002,N,16-SEP-2025
PROD_96155,96155,02472244,NRA-ARIPIPRAZOLE,,,0152514006,N,16-SEP-2025
PROD_96156,96156,02472252,NRA-ARIPIPRAZOLE,,,0152514003,N,16-SEP-2025
PROD_96157,96157,02472260,NRA-ARIPIPRAZOLE,,,0152514004,N,16-SEP-2025
PROD_96158,96158,02472279,NRA-ARIPIPRAZOLE,,,0152514005,N,16-SEP-2025
PROD_96159,96159,02472287,ACCLAIM AB,,,0104993016,N,22-MAR-2025
PROD_96170,96170,02472392,JAMP-URSODIOL,,,0122789001,N,22-MAR-2025
PROD_96171,96171,02472406,JAMP-URSODIOL,,,0122789002,N,22-MAR-2025
PROD_96172,96172,02472414,REDDY-RIVAROXABAN,,,0152487001,N,07-JAN-2026
PROD_96173,96173,02472430,REDDY-RIVAROXABAN,,,0152487002,N,07-JAN-2026
PROD_96174,96174,02472422,REDDY-RIVAROXABAN,,,0152487003,N,07-JAN-2026
PROD_96176,96176,02472449,BERRY LIP BALM,,CAT IV - SUNBURN PROTECTANTS,0218807031,N,22-MAR-2025
PROD_96178,96178,02472465,MINT LIP BALM,,CAT IV - SUNBURN PROTECTANTS,0218807031,N,22-MAR-2025
PROD_96182,96182,02472511,NAT-TENOFOVIR,,,0152569001,N,20-JUL-2026
PROD_96194,96194,02472635,NAT-OSELTAMIVIR,,,0139501003,N,20-JUL-2026
PROD_96195,96195,02472643,NAT-OSELTAMIVIR,,,0139501004,N,20-JUL-2026
PROD_96203,96203,02472724,ENERGY BERRY BAIES ÉNERGISANTES FOAMING HAND SOAP ANTIBACTERIAL,,,0104993016,N,22-MAR-2025
PROD_96208,96208,02472775,SPRING SHOWERS PLUIES PRINTANIÈRES FOAMING HAND SOAP ANTIBACTERIAL,,,0104993016,N,22-MAR-2025
PROD_96210,96210,02472791,M-MOXIFLOXACIN,,,0142242001,N,22-MAR-2025
PROD_96212,96212,02472805,ZOLEDRONIC ACID FOR INJECTION,,,0141761002,N,22-MAR-2025
PROD_96216,96216,02472821,MINT-ZOLPIDEM ODT,,,0122857001,N,22-MAR-2025
PROD_96217,96217,02472848,MINT-ZOLPIDEM ODT,,,0122857002,N,22-MAR-2025
PROD_96224,96224,02472902,TEVA-LACOSAMIDE,FILM-COATED TABLET,,0152810001,N,06-AUG-2026
PROD_96225,96225,02472910,TEVA-LACOSAMIDE,FILM-COATED TABLET,,0152810002,N,06-AUG-2026
PROD_96226,96226,02472929,TEVA-LACOSAMIDE,,,0152810003,N,30-MAY-2025
PROD_96228,96228,02472937,TEVA-LACOSAMIDE,FILM-COATED TABLET,,0152810004,N,06-AUG-2026
PROD_96230,96230,02472945,CONTRAVE,,,0259950001,N,14-OCT-2025
PROD_96232,96232,02472961,KEVZARA,1.14 ML PREFILLED PEN,,0158770001,N,31-JUL-2026
PROD_96233,96233,02472988,KEVZARA,1.14 ML PREFILLED PEN,,0158770002,N,31-JUL-2026
PROD_96243,96243,02473097,HADLIMA,SINGLE-DOSE PREFILLED SYRINGE,,0150364003,N,10-AUG-2026
PROD_96244,96244,02473100,HADLIMA PUSHTOUCH,SINGLE-DOSE AUTO-INJECTOR,,0150364003,N,17-AUG-2026
PROD_96245,96245,02473119,HYDRALAX,,,0152488003,N,01-AUG-2025
PROD_96248,96248,02473135,MUSCLE & JOINT NO ODOUR EXTRA STRENGTH,,CAT IV - ANTIPERSPIRANTS,0103740004,N,22-MAR-2025
PROD_96250,96250,02473143,MUSCLE & JOINT NO ODOUR REGULAR STRENGTH,,,0103740005,N,13-JUL-2026
PROD_96253,96253,02473178,REVERSA URBAN PROTECTION HYDRATING CARE SPF 30 SOIN HYDRATANT PROTECTION URBAINE FPS 30,,,0439981027,N,22-MAR-2025
PROD_96254,96254,02473208,M-DULOXETINE,,,0152350001,N,22-MAR-2025
PROD_96255,96255,02473216,M-DULOXETINE,,,0152350002,N,22-MAR-2025
PROD_96262,96262,02473232,FASENRA,SINGLE-DOSE PREFILLED SYRINGE,,0159970001,N,28-AUG-2026
PROD_96263,96263,02473224,KADCYLA,SINGLE-USE VIAL,,0154730003,N,07-AUG-2026
PROD_96264,96264,02473240,JAMP CANDESARTAN-HCT,,,0244181001,N,19-MAY-2026
PROD_96265,96265,02473259,JAMP CANDESARTAN-HCT,,,0244181002,N,19-MAY-2026
PROD_96266,96266,02473267,JAMP CANDESARTAN-HCT,,,0244181003,N,19-MAY-2026
PROD_96270,96270,02473291,AURO-QUINAPRIL HCTZ,,,0231789001,N,22-MAR-2025
PROD_96271,96271,02473305,AURO-QUINAPRIL HCTZ,,,0231789002,N,22-MAR-2025
PROD_96273,96273,02473321,AURO-QUINAPRIL HCTZ,,,0231789003,N,22-MAR-2025
PROD_96274,96274,02473348,MELPHALAN FOR INJECTION,SINGLE-USE VIAL,,0225962001,N,12-AUG-2026
PROD_96290,96290,02473518,"LIDOCAINE 2% AND EPINEPHRINE 1:100,000",,,0201284005,N,22-MAR-2025
PROD_96291,96291,02473526,"LIDOCAINE 2% AND EPINEPHRINE 1:50,000",,,0201284004,N,22-MAR-2025
PROD_96294,96294,02473550,ADDYI,,,0160010001,N,20-JUL-2026
PROD_96295,96295,02473569,KISQALI,,,0160030001,N,23-APR-2026
PROD_96300,96300,02473607,MAR-FEBUXOSTAT,,,0152809001,N,22-MAR-2025
PROD_96302,96302,02473623,SILIQ,2 X SINGLE-USE PREFILLED SYRINGES,,0160070001,N,21-AUG-2026
PROD_96304,96304,02473658,SANDOZ ARIPIPRAZOLE,,,0152514001,N,11-AUG-2025
PROD_96305,96305,02473666,SANDOZ ARIPIPRAZOLE,,,0152514002,N,11-AUG-2025
PROD_96306,96306,02473674,SANDOZ ARIPIPRAZOLE,,,0152514006,N,11-AUG-2025
PROD_96307,96307,02473682,SANDOZ ARIPIPRAZOLE,,,0152514003,N,11-AUG-2025
PROD_96308,96308,02473690,SANDOZ ARIPIPRAZOLE,,,0152514004,N,11-AUG-2025
PROD_96309,96309,02473704,SANDOZ ARIPIPRAZOLE,,,0152514005,N,11-AUG-2025
PROD_96312,96312,02473720,SYMTUZA,,,0460090001,N,28-OCT-2025
PROD_96316,96316,02473763,FLUOROURACIL INJECTION,SINGLE-USE VIAL,,0107505004,N,12-AUG-2026
PROD_96320,96320,02473771,FLUOROURACIL INJECTION,PHARMACY BULK VIAL,,0107505004,N,17-AUG-2026
PROD_96331,96331,02473801,JAMP FOSFOMYCIN,SINGLE-DOSE,,0137036002,N,28-AUG-2026
PROD_96358,96358,02473852,SKIN RENEWING DAY CREAM,,,0216792042,N,22-MAR-2025
PROD_96360,96360,02473879,GLYCOPYRROLATE INJECTION USP,1 ML SINGLE-USE VIAL,,0102396002,N,25-AUG-2026
PROD_96361,96361,02473895,GLYCOPYRROLATE INJECTION USP,2 ML SINGLE-USE VIAL,,0102396002,N,31-JUL-2026
PROD_96362,96362,02473887,GLYCOPYRROLATE INJECTION USP,20 ML MULTIDOSE VIAL,,0102396002,N,21-AUG-2026
PROD_96383,96383,02473909,BESPONSA,SINGLE-DOSE VIAL,,0160110001,N,07-AUG-2026
PROD_96392,96392,02473925,MAR-CIDOFOVIR,SINGLE-USE VIAL,,0137821001,N,12-AUG-2026
PROD_96396,96396,02473941,ODAN-SODIUM POLYSTYRENE SULFONATE,,,0108701006,N,22-MAR-2025
PROD_96397,96397,02473968,ODAN-SODIUM POLYSTYRENE SULFONATE,,,0108701001,N,22-MAR-2025
PROD_96398,96398,02473976,RITUXAN SC,120 MG/ML SINGLE-DOSE VIAL,,0140241002,N,07-AUG-2026
PROD_96400,96400,02473984,MAR-MIDODRINE,,,0123066001,N,22-MAR-2025
PROD_96401,96401,02473992,MAR-MIDODRINE,,,0123066002,N,22-MAR-2025
PROD_96402,96402,02474018,MEZERA,ALSO KNOWN AS MESALAMINE,,0116808012,N,17-AUG-2026
PROD_96403,96403,02474026,MEZERA,ALSO KNOWN AS MESALAMINE,,0116808012,N,17-AUG-2026
PROD_96420,96420,02474174,CARBOCAINE 3%,,,0100583001,N,22-MAR-2025
PROD_96430,96430,02474247,MARCAINE,,,0231290002,N,22-MAR-2025
PROD_96431,96431,02474263,HUMIRA,PREFILLED SYRINGE,,0150364002,N,31-JUL-2026
PROD_96432,96432,02474271,METOPROLOL TARTRATE INJECTION USP,SINGLE-DOSE VIALS,,0111923004,N,14-AUG-2026
PROD_96434,96434,02474298,OXYGEN,,,0110469001,N,22-MAR-2025
PROD_96437,96437,02474328,PMS-DEFERASIROX,,,0151733001,N,22-MAR-2025
PROD_96438,96438,02474336,PMS-DEFERASIROX,,,0151733002,N,22-MAR-2025
PROD_96439,96439,02474344,PMS-DEFERASIROX,,,0151733003,N,01-AUG-2025
PROD_96443,96443,02474352,PREGABALIN,,,0151121001,N,30-APR-2025
PROD_96444,96444,02474360,PREGABALIN,,,0151121002,N,30-APR-2025
PROD_96445,96445,02474379,PREGABALIN,,,0151121003,N,30-APR-2025
PROD_96446,96446,02474387,PREGABALIN,,,0151121005,N,30-APR-2025
PROD_96453,96453,02474425,OGIVRI,SINGLE-DOSE VIAL,,0154252002,N,10-AUG-2026
PROD_96454,96454,02474433,OGIVRI,MULTIDOSE VIAL,,0238103001,N,05-AUG-2026
PROD_96469,96469,02474522,TRELEGY ELLIPTA,,,0360150001,N,22-MAR-2025
PROD_96479,96479,02474565,LAPELGA,SINGLE-USE PREFILLED SYRINGE,,0149962001,N,12-AUG-2026
PROD_96485,96485,02474670,SANDOZ LACOSAMIDE,,,0152810001,N,22-MAR-2025
PROD_96486,96486,02474689,SANDOZ LACOSAMIDE,,,0152810002,N,22-MAR-2025
PROD_96487,96487,02474697,SANDOZ LACOSAMIDE,,,0152810003,N,22-MAR-2025
PROD_96488,96488,02474700,SANDOZ LACOSAMIDE,,,0152810004,N,22-MAR-2025
PROD_96490,96490,02474719,PENTHROX,SINGLE-DOSE BOTTLE,,0102114001,N,21-AUG-2026
PROD_96491,96491,02474727,PENTHROX,"COMBINATION PACK (3 ML SINGLE DOSE BOTTLE, INHALER, CARBON CHAMBER)",,0102114001,N,21-AUG-2026
PROD_96492,96492,02474735,METHOTREXATE INJECTION BP,"20 ML PRESERVATIVE-FREE, SINGLE-USE VIALS",,0107545002,N,25-AUG-2026
PROD_96497,96497,02474786,JAMP ENALAPRIL,,,0117649004,N,22-MAR-2025
PROD_96498,96498,02474794,JAMP ENALAPRIL,,,0117649003,N,22-MAR-2025
PROD_96499,96499,02474808,JAMP ENALAPRIL,,,0117649001,N,22-MAR-2025
PROD_96500,96500,02474816,JAMP ENALAPRIL,,,0117649002,N,22-MAR-2025
PROD_96501,96501,02474824,MAR-PERINDOPRIL,,,0127178001,N,22-MAR-2025
PROD_96502,96502,02474832,MAR-PERINDOPRIL,,,0127178002,N,22-MAR-2025
PROD_96503,96503,02474840,MAR-PERINDOPRIL,,,0127178003,N,22-MAR-2025
PROD_96508,96508,02474867,SLEEP-EZE EZE-FREE,,LS - SLEEP AIDS,0102639008,N,12-AUG-2026
PROD_96510,96510,02474883,FUCIBET,,,0245421003,N,25-JUN-2026
PROD_96511,96511,02474891,METHOTREXATE INJECTION BP,"40 ML PRESERVATIVE-FREE, SINGLE-USE VIALS",,0107545002,N,25-AUG-2026
PROD_96526,96526,02474980,MORPHINE SULFATE INJECTION BP,,,0104545001,N,22-MAR-2025
PROD_96535,96535,02475065,DICLOFENAC,,,0114417004,N,21-NOV-2025
PROD_96549,96549,02475189,COMPLETE MOISTURE,,CAT IV - SUNBURN PROTECTANTS,0218807031,N,22-MAR-2025
PROD_96554,96554,02475200,LYNPARZA,,,0158110002,N,22-JUL-2025
PROD_96555,96555,02475219,LYNPARZA,,,0158110003,N,22-JUL-2025
PROD_96563,96563,02475278,DONEPEZIL,,,0131548001,N,15-DEC-2025
PROD_96567,96567,02475308,AG-DULOXETINE,,,0152350001,N,22-MAR-2025
PROD_96568,96568,02475316,AG-DULOXETINE,,,0152350002,N,22-MAR-2025
PROD_96571,96571,02475332,AURO-LACOSAMIDE,,,0152810001,N,22-MAR-2025
PROD_96572,96572,02475340,AURO-LACOSAMIDE,,,0152810002,N,22-MAR-2025
PROD_96573,96573,02475359,AURO-LACOSAMIDE,,,0152810003,N,22-MAR-2025
PROD_96574,96574,02475367,AURO-LACOSAMIDE,,,0152810004,N,22-MAR-2025
PROD_96575,96575,02475375,APO-AMBRISENTAN,,,0152452001,N,09-JUN-2026
PROD_96576,96576,02475383,APO-AMBRISENTAN,,,0152452002,N,09-JUN-2026
PROD_96577,96577,02475391,GANCICLOVIR FOR INJECTION USP,,,0128037002,N,22-MAR-2025
PROD_96579,96579,02475405,BANANA BOAT ULTRA SPORT SUNSCREEN LOTION SPF 50+,,CAT IV - SUNBURN PROTECTANTS,0451521046,N,22-MAR-2025
PROD_96580,96580,02475413,COPPERTONE LOTION SUNSCREEN SPF 50 SPORT,,CAT IV - SUNBURN PROTECTANTS,0451521043,N,25-JUL-2025
PROD_96581,96581,02475421,SANDOZ SILODOSIN,,,0152869001,N,22-MAR-2025
PROD_96582,96582,02475448,SANDOZ SILODOSIN,,,0152869002,N,22-MAR-2025
PROD_96586,96586,02475480,NEOSTIGMINE METHYLSULFATE INJECTION USP,,,0102263002,N,22-MAR-2025
PROD_96587,96587,02475499,NEOSTIGMINE METHYLSULFATE INJECTION USP,,,0102263003,N,22-MAR-2025
PROD_96603,96603,02475669,ACH-FINGOLIMOD,,,0152886001,N,28-NOV-2025
PROD_96605,96605,02475677,JAMP-VARDENAFIL,,,0150003001,N,22-MAR-2025
PROD_96606,96606,02475685,JAMP-VARDENAFIL,,,0150003002,N,22-MAR-2025
PROD_96607,96607,02475693,JAMP-VARDENAFIL,,,0150003003,N,22-MAR-2025
PROD_96608,96608,02475707,GLN-OLMESARTAN HCTZ,,,0252502001,N,22-MAR-2025
PROD_96609,96609,02475715,GLN-OLMESARTAN HCTZ,,,0252502002,N,22-MAR-2025
PROD_96610,96610,02475723,GLN-OLMESARTAN HCTZ,,,0252502003,N,22-MAR-2025
PROD_96641,96641,02476142,AG-PRAVASTATIN,,,0122563001,N,22-MAR-2025
PROD_96642,96642,02476150,AG-PRAVASTATIN,,,0122563002,N,22-MAR-2025
PROD_96643,96643,02476169,AG-PRAVASTATIN,,,0122563003,N,22-MAR-2025
PROD_96645,96645,02475774,JULUCA,,,0260230001,N,21-NOV-2025
PROD_96647,96647,02475804,TARO-BUPROPION XL,,,0131140003,N,27-JUN-2025
PROD_96648,96648,02475812,TARO-BUPROPION XL,,,0131140004,N,27-JUN-2025
PROD_96656,96656,02475839,AG-ZOPICLONE,,,0122562002,N,05-AUG-2026
PROD_96657,96657,02475847,AG-ZOPICLONE,,,0122562001,N,05-AUG-2026
PROD_96658,96658,02475855,EXTRA STRENGTH BISMUTH,,,0111864004,N,22-MAR-2025
PROD_96662,96662,02475863,TEVA-MOMETASONE,SUSPENSION,,0121732002,N,14-AUG-2026
PROD_96664,96664,02475898,AG-EZETIMIBE,,,0149164001,N,22-MAR-2025
PROD_96678,96678,02476851,NRA-ESCITALOPRAM,,,0150435002,N,22-MAR-2025
PROD_96679,96679,02476878,NRA-ESCITALOPRAM,,,0150435004,N,22-MAR-2025
PROD_96687,96687,02476517,NRA-ATORVASTATIN,,,0133055001,N,22-JUN-2026
PROD_96688,96688,02476525,NRA-ATORVASTATIN,,,0133055002,N,22-JUN-2026
PROD_96689,96689,02476533,NRA-ATORVASTATIN,,,0133055003,N,22-JUN-2026
PROD_96690,96690,02476541,NRA-ATORVASTATIN,,,0133055004,N,22-JUN-2026
PROD_96694,96694,02476452,NRA-AMLODIPINE,,,0131437003,N,22-MAR-2025
PROD_96695,96695,02476460,NRA-AMLODIPINE,,,0131437002,N,22-MAR-2025
PROD_96696,96696,02476479,NRA-AMLODIPINE,,,0131437001,N,22-MAR-2025
PROD_96702,96702,02476088,JAMP-VARDENAFIL ODT,,,0150003002,N,06-JAN-2026
PROD_96704,96704,02476118,FACE & NECK MULTI ACTION VISAGE ET COU MULTI ACTION DAY CREAM / CRÈME DE JOUR SPF 30 / FPS 30,,CAT IV - SUNBURN PROTECTANTS,0335121005,N,29-JUL-2026
PROD_96708,96708,02479117,NRA-PREGABALIN,,,0151121001,N,11-APR-2025
PROD_96709,96709,02479125,NRA-PREGABALIN,,,0151121002,N,11-APR-2025
PROD_96710,96710,02479133,NRA-PREGABALIN,,,0151121003,N,11-APR-2025
PROD_96712,96712,02479168,NRA-PREGABALIN,,,0151121005,N,11-APR-2025
PROD_96715,96715,02479192,NRA-PREGABALIN,,,0151121008,N,11-APR-2025
PROD_96718,96718,02476819,NRA-SILDENAFIL,,,0136261003,N,22-MAR-2025
PROD_96721,96721,02476193,PYRITHIONE ZINC DANDRUFF SHAMPOO MEN 2IN1 SWAGGER,,CAT IV - ANTIDANDRUFF PRODUCTS,0108628001,N,22-MAR-2025
PROD_96727,96727,02476266,PYRITHIONE ZINC DANDRUFF SHAMPOO MEN SWAGGER,,CAT IV - ANTIDANDRUFF PRODUCTS,0108628001,N,22-MAR-2025
PROD_96728,96728,02476274,M-PRAVASTATIN,,,0122563001,N,14-MAY-2025
PROD_96729,96729,02476282,M-PRAVASTATIN,,,0122563002,N,14-MAY-2025
PROD_96730,96730,02476290,M-PRAVASTATIN,,,0122563003,N,14-MAY-2025
PROD_96741,96741,02476487,AURO-OLMESARTAN HCTZ,,,0252502001,N,22-MAR-2025
PROD_96742,96742,02476495,AURO-OLMESARTAN HCTZ,,,0252502002,N,22-MAR-2025
PROD_96743,96743,02476509,AURO-OLMESARTAN HCTZ,,,0252502003,N,22-MAR-2025
PROD_96745,96745,02476576,PMS-PROGESTERONE,,,0106327002,N,26-JUN-2026
PROD_96760,96760,02476762,MINT-PERINDOPRIL,,,0127178001,N,25-SEP-2025
PROD_96761,96761,02476770,MINT-PERINDOPRIL,,,0127178002,N,25-SEP-2025
PROD_96762,96762,02476789,MINT-PERINDOPRIL,,,0127178003,N,25-SEP-2025
PROD_96764,96764,02476835,RESTASIS MULTIDOSE,,,0115996006,N,22-MAR-2025
PROD_96769,96769,02476908,MINT-CANDESARTAN,,,0135220001,N,12-MAR-2026
PROD_96770,96770,02476916,MINT-CANDESARTAN,,,0135220002,N,12-MAR-2026
PROD_96771,96771,02476924,MINT-CANDESARTAN,,,0135220003,N,12-MAR-2026
PROD_96772,96772,02476932,MINT-CANDESARTAN,,,0135220004,N,12-MAR-2026
PROD_96774,96774,02476991,EUCRISA,,,0160310001,N,22-MAR-2025
PROD_96784,96784,02477572,AG-RAMIPRIL,,,0122858004,N,22-MAR-2025
PROD_96785,96785,02477580,AG-RAMIPRIL,,,0122858003,N,22-MAR-2025
PROD_96786,96786,02477599,AG-RAMIPRIL,,,0122858002,N,22-MAR-2025
PROD_96788,96788,02477114,REDDY-ABIRATERONE,,,0152948001,N,24-JUL-2025
PROD_96789,96789,02477130,APO-ACYCLOVIR OINTMENT,,,0115506007,N,22-MAR-2025
PROD_96806,96806,02477211,PYRITHIONE ZINC DANDRUFF SHAMPOO MEN 2IN1 PURE SPORT,,CAT IV - ANTIDANDRUFF PRODUCTS,0108628001,N,22-MAR-2025
PROD_96807,96807,02477238,PYRITHIONE ZINC DANDRUFF SHAMPOO MEN PURE SPORT,,CAT IV - ANTIDANDRUFF PRODUCTS,0108628001,N,22-MAR-2025
PROD_96809,96809,02477882,AG-SERTRALINE,,,0123417003,N,22-MAR-2025
PROD_96810,96810,02477890,AG-SERTRALINE,,,0123417001,N,22-MAR-2025
PROD_96811,96811,02477904,AG-SERTRALINE,,,0123417002,N,22-MAR-2025
PROD_96812,96812,02477254,PHENYLEPHRINE HYDROCHLORIDE INJECTION USP,,,0100662004,N,22-APR-2026
PROD_96819,96819,02477742,AG-ESCITALOPRAM,,,0150435002,N,22-MAR-2025
PROD_96821,96821,02477769,AG-ESCITALOPRAM,,,0150435004,N,22-MAR-2025
PROD_96824,96824,02477289,PYRITHIONE ZINC DANDRUFF SHAMPOO MEN 2IN1 FIJI,,CAT IV - ANTIDANDRUFF PRODUCTS,0108628001,N,22-MAR-2025
PROD_96828,96828,02477637,NRA-CITALOPRAM,,,0136243003,N,24-NOV-2025
PROD_96829,96829,02477645,NRA-CITALOPRAM,,,0136243001,N,24-NOV-2025
PROD_96830,96830,02477653,NRA-CITALOPRAM,,,0136243002,N,24-NOV-2025
PROD_96831,96831,02477327,DEXMEDETOMIDINE HYDROCHLORIDE FOR INJECTION,CONCENTRATE. SINGLE-USE VIALS,,0152679003,N,21-AUG-2026
PROD_96833,96833,02477343,PMS-BUSULFAN,,,0103273002,N,22-MAR-2025
PROD_96835,96835,02477378,NRA-ZOPICLONE,,,0122562002,N,07-AUG-2026
PROD_96836,96836,02477386,NRA-ZOPICLONE,,,0122562001,N,07-AUG-2026
PROD_96841,96841,02477432,HANZEMA,,,0137581002,N,22-MAR-2025
PROD_96842,96842,02477440,HANZEMA,,,0137581003,N,22-MAR-2025
PROD_96844,96844,02477823,PAROXETINE,,,0123131003,N,24-JUN-2026
PROD_96845,96845,02477831,PAROXETINE,,,0123131002,N,24-JUN-2026
PROD_96846,96846,02477858,PAROXETINE,,,0123131001,N,24-JUN-2026
PROD_96858,96858,02477521,BANANA BOAT ULTRA SPORT SUNSCREEN LOTION SPF 30,,CAT IV - SUNBURN PROTECTANTS,0451521057,N,22-MAR-2025
PROD_96859,96859,02477548,BANANA BOAT ULTRA SPORT CLEAR SUNSCREEN SPRAY SPF 30,,CAT IV - SUNBURN PROTECTANTS,0352510022,N,22-MAR-2025
PROD_96860,96860,02477556,BANANA BOAT ULTRA SPORT CLEAR SUNSCREEN SPRAY SPF 50 PLUS,,CAT IV - SUNBURN PROTECTANTS,0451521046,N,22-MAR-2025
PROD_96863,96863,02477696,VORICONAZOLE FOR INJECTION,SINGLE-USE,,0150242002,N,04-AUG-2026
PROD_96865,96865,02477726,AG-AMOXICILLIN,,,0131314006,N,20-APR-2026
PROD_96866,96866,02477777,MONOFERRIC,ALSO KNOWN AS IRON ISOMALTOSIDE 1000,,0108536004,N,04-JUL-2025
PROD_96873,96873,02477947,OLIMEL 7.6%,,,2052745003,N,22-MAR-2025
PROD_96874,96874,02477955,OLIMEL 7.6% E,,,2552744005,N,22-MAR-2025
PROD_96880,96880,02478072,CHILDREN'S BENADRYL BUG BITE RELIEF,,LS - TOPICAL - ANAESTHETIC/ANALGESIC/ANTIPRURITIC,0248141001,N,16-AUG-2025
PROD_96881,96881,02478080,SYMDEKO,YELLOW TABLET (TEZACAFTOR / IVACAFTOR) AND BLUE TABLET,,0360330001,N,14-AUG-2026
PROD_96884,96884,02478110,EXTRA STRENGTH TYLENOL COLD & SINUS PLUS,,LS - COUGH AND COLD,0216113001,N,27-JUL-2026
PROD_96892,96892,02478196,PHARMA-LACOSAMIDE,,,0152810001,N,22-MAR-2025
PROD_96893,96893,02478218,PHARMA-LACOSAMIDE,,,0152810002,N,22-MAR-2025
PROD_96894,96894,02478226,PHARMA-LACOSAMIDE,,,0152810003,N,22-MAR-2025
PROD_96895,96895,02478234,PHARMA-LACOSAMIDE,,,0152810004,N,22-MAR-2025
PROD_96896,96896,02478242,CHILDREN'S CLEAR ALLERGY FORMULA,,,0102639004,N,22-MAR-2025
PROD_96901,96901,02478250,COPPERTONE SPRAY SUNSCREEN SPF 30 SPORT,,CAT IV - SUNBURN PROTECTANTS,0451521069,N,25-JUL-2025
PROD_96902,96902,02478269,COPPERTONE LOTION SUNSCREEN SPF 50 KIDS,,CAT IV - SUNBURN PROTECTANTS,0451521043,N,25-JUL-2025
PROD_96905,96905,02478587,AMLODIPINE,,,0131437003,N,22-MAR-2025
PROD_96906,96906,02478293,SOLIQUA,,,0260350001,N,05-JAN-2026
PROD_96907,96907,02478307,TEVA-DASATINIB,,,0152198001,N,19-FEB-2026
PROD_96908,96908,02478315,TEVA-DASATINIB,,,0152198002,N,19-FEB-2026
PROD_96909,96909,02478323,TEVA-DASATINIB,,,0152198003,N,19-FEB-2026
PROD_96910,96910,02478331,TEVA-DASATINIB,,,0152198005,N,19-FEB-2026
PROD_96911,96911,02478358,TEVA-DASATINIB,,,0152198004,N,19-FEB-2026
PROD_96913,96913,02478374,ERLEADA,,,0160370001,N,02-SEP-2026
PROD_96914,96914,02478382,TRUXIMA,10 MG/ML SINGLE-DOSE VIAL,,0140241001,N,10-AUG-2026
PROD_96915,96915,02478390,TRUXIMA,10 MG/ML SINGLE-DOSE VIAL,,0140241001,N,10-AUG-2026
PROD_96916,96916,02478404,AURO-EFAVIRENZ-EMTRICITABINE-TENOFOVIR,,,0352327001,N,22-MAR-2025
PROD_96929,96929,02478501,AURO-SILODOSIN,,,0152869001,N,22-MAR-2025
PROD_96930,96930,02478528,AURO-SILODOSIN,,,0152869002,N,22-MAR-2025
PROD_96932,96932,02478544,EZETIMIBE,,,0149164001,N,01-AUG-2025
PROD_96935,96935,02478579,BIKTARVY,,,0360430001,N,25-JUL-2025
PROD_96937,96937,02478595,JAMP-CHOLESTYRAMINE,SUGAR-FREE,,0101047008,N,14-AUG-2026
PROD_96950,96950,02478757,SLEEP-EZE EXTRA STRENGTH MINIS,,LS - SLEEP AIDS,0102639001,N,12-AUG-2026
PROD_96951,96951,02478765,PANHEMATIN,,,0160470001,N,22-MAR-2025
PROD_96957,96957,02478862,ACCEL-LEFLUNOMIDE,,,0140182001,N,22-MAR-2025
PROD_96958,96958,02478870,ACCEL-LEFLUNOMIDE,,,0140182002,N,22-MAR-2025
PROD_96959,96959,02478889,SANDOZ MORPHINE SR,,,0104545012,N,30-APR-2025
PROD_96960,96960,02478900,AURO-CINACALCET,,,0150282001,N,22-MAR-2025
PROD_96961,96961,02478897,SANDOZ MORPHINE SR,,,0104545013,N,30-APR-2025
PROD_96962,96962,02478919,AURO-CINACALCET,,,0150282002,N,22-MAR-2025
PROD_96963,96963,02478927,ACCEL-ONDANSETRON,,,0131120003,N,22-MAR-2025
PROD_96964,96964,02478935,ACCEL-ONDANSETRON,,,0131120001,N,22-MAR-2025
PROD_96965,96965,02478943,AURO-CINACALCET,,,0150282003,N,22-MAR-2025
PROD_96967,96967,02479281,PHENYLEPHRINE HYDROCHLORIDE INJECTION USP 1%,,,0100662004,N,22-MAR-2025
PROD_96970,96970,02478986,PREMIUM SUNSCREEN FACE LOTION SUN BUM FACE 50,,CAT IV - SUNBURN PROTECTANTS,0451521014,N,24-JUL-2025
PROD_96971,96971,02478994,PREMIUM SUNSCREEN LOTION SUN BUM 30,,CAT IV - SUNBURN PROTECTANTS,0451521070,N,24-JUL-2025
PROD_96972,96972,02479001,PREMIUM SUNSCREEN LOTION SUN BUM 50,,CAT IV - SUNBURN PROTECTANTS,0451521014,N,24-JUL-2025
PROD_96973,96973,02479028,BENEFIANCE WRINKLE SMOOTHING DAY CREAM,,CAT IV - SUNBURN PROTECTANTS,0555830003,N,22-MAR-2025
PROD_96975,96975,02479044,DANDRUFF SHAMPOO-CLASSIC CLEAN,,CAT IV - ANTIDANDRUFF PRODUCTS,0108628001,N,07-FEB-2026
PROD_96976,96976,02479052,GREEN APPLE POMME VERTE DANDRUFF PYRITHIONE ZINC SHAMPOO,,CAT IV - ANTIDANDRUFF PRODUCTS,0108628001,N,22-MAR-2025
PROD_96978,96978,02479079,CLEANSING NETTOYANT DANDRUFF PYRITHIONE ZINC SHAMPOO,,CAT IV - ANTIDANDRUFF PRODUCTS,0108628001,N,22-MAR-2025
PROD_96979,96979,02479087,JAMP-TENOFOVIR,,,0152569001,N,22-MAR-2025
PROD_96980,96980,02479095,GREEN APPLE POMME VERTE DANDRUFF PYRITHIONE ZINC SHAMPOO & CONDITIONER,,,0108628001,N,22-MAR-2025
PROD_96981,96981,02479109,SODIUM NITROPRUSSIDE FOR INJECTION,SINGLE-USE VIAL,,0110498002,N,12-AUG-2026
PROD_96982,96982,02479206,ALUNBRIG,,,0160490001,N,22-MAR-2025
PROD_96983,96983,02479214,ALUNBRIG,,,0160490002,N,22-MAR-2025
PROD_96984,96984,02479222,ALUNBRIG,,,0160490003,N,22-MAR-2025
PROD_96985,96985,02479230,ALUNBRIG,INITIATION PACK,,0260491001,N,13-AUG-2026
PROD_96991,96991,02479680,NRA-AZITHROMYCIN,,,0126072001,N,22-MAR-2025
PROD_96994,96994,02479346,RIVA-ARIPIPRAZOLE,,,0152514001,N,22-MAR-2025
PROD_96995,96995,02479354,RIVA-ARIPIPRAZOLE,,,0152514002,N,22-MAR-2025
PROD_96996,96996,02479362,RIVA-ARIPIPRAZOLE,,,0152514006,N,22-MAR-2025
PROD_96997,96997,02479370,RIVA-ARIPIPRAZOLE,,,0152514003,N,22-MAR-2025
PROD_96998,96998,02479389,RIVA-ARIPIPRAZOLE,,,0152514004,N,22-MAR-2025
PROD_96999,96999,02479397,RIVA-ARIPIPRAZOLE,,,0152514005,N,22-MAR-2025
PROD_97003,97003,02479737,NRA-CELECOXIB,,,0137043001,N,01-MAY-2026
PROD_97004,97004,02479745,NRA-CELECOXIB,,,0137043002,N,01-MAY-2026
PROD_97006,97006,02479419,MYL-ESOMEPRAZOLE,,,0145162001,N,22-MAR-2025
PROD_97007,97007,02479427,MYL-ESOMEPRAZOLE,,,0145162002,N,22-MAR-2025
PROD_97010,97010,02479753,NRA-PAROXETINE,,,0123131003,N,22-MAR-2025
PROD_97011,97011,02479761,NRA-PAROXETINE,,,0123131002,N,22-MAR-2025
PROD_97012,97012,02479788,NRA-PAROXETINE,,,0123131001,N,22-MAR-2025
PROD_97013,97013,02479451,AURO-ELETRIPTAN,,,0150241001,N,22-MAR-2025
PROD_97014,97014,02479478,AURO-ELETRIPTAN,,,0150241002,N,22-MAR-2025
PROD_97017,97017,02479508,MINT-ATORVASTATIN,,,0133055001,N,26-NOV-2025
PROD_97018,97018,02479516,MINT-ATORVASTATIN,,,0133055002,N,26-NOV-2025
PROD_97019,97019,02479524,MINT-ATORVASTATIN,,,0133055003,N,26-NOV-2025
PROD_97020,97020,02479532,MINT-ATORVASTATIN,,,0133055004,N,26-NOV-2025
PROD_97024,97024,02479869,BENYLIN EXTRA STRENGTH SORE THROAT & COUGH,,LS - COUGH AND COLD,0250663001,N,30-JUN-2026
PROD_97029,97029,02479613,AIMOVIG,SINGLE-USE PREFILLED AUTO-INJECTOR,,0160530001,N,14-AUG-2026
PROD_97030,97030,02479621,HEMLIBRA,SINGLE-DOSE VIALS,,0160531001,N,07-AUG-2026
PROD_97031,97031,02479648,HEMLIBRA,SINGLE-DOSE VIALS,,0160531002,N,07-AUG-2026
PROD_97032,97032,02479656,HEMLIBRA,SINGLE-DOSE VIALS,,0160531002,N,07-AUG-2026
PROD_97033,97033,02479664,HEMLIBRA,SINGLE-DOSE VIALS,,0160531002,N,07-AUG-2026
PROD_97034,97034,02479672,AURO-TRAMADOL,,,0151694006,N,22-MAR-2025
PROD_97036,97036,02479710,ALLERGY FORMULA CAPLETS,,,0102639002,N,17-MAR-2026
PROD_97037,97037,02479729,ALCOHOL FREE FOAMING HAND SANITIZER,,CAT IV - ANTISEPTIC SKIN CLEANSERS,0104993016,N,22-MAR-2025
PROD_97038,97038,02479796,ACCEL-SILDENAFIL,,,0136261001,N,22-MAR-2025
PROD_97039,97039,02479834,PERINDOPRIL ERBUMINE/ INDAPAMIDE,,,0248401001,N,12-DEC-2025
PROD_97040,97040,02479818,ACCEL-SILDENAFIL,,,0136261002,N,22-MAR-2025
PROD_97041,97041,02479826,ACCEL-SILDENAFIL,,,0136261003,N,22-MAR-2025
PROD_97042,97042,02479842,PERINDOPRIL ERBUMINE/ INDAPAMIDE HD,,,0248401003,N,12-DEC-2025
PROD_97044,97044,02479877,PERINDOPRIL ERBUMINE,,,0127178001,N,27-NOV-2025
PROD_97045,97045,02479885,PERINDOPRIL ERBUMINE,,,0127178002,N,27-NOV-2025
PROD_97046,97046,02479893,PERINDOPRIL ERBUMINE,,,0127178003,N,27-NOV-2025
PROD_97047,97047,02479907,ACCEL-ENTECAVIR,,,0151648001,N,22-MAR-2025
PROD_97049,97049,02479923,M-CLINDAMYCIN,,,0105830002,N,01-APR-2025
PROD_97050,97050,02479931,M-CLINDAMYCIN,,,0105830003,N,01-APR-2025
PROD_97056,97056,02480018,OLUMIANT,,,0160570001,N,22-MAR-2025
PROD_97057,97057,02480026,TARO-MELPHALAN,,,0225962001,N,10-APR-2026
PROD_97058,97058,02480034,POTASSIUM CHLORIDE FOR INJECTION CONCENTRATE,,,0100273047,N,22-MAR-2025
PROD_97064,97064,02480042,LEUCOVORIN CALCIUM INJECTION,SINGLE-USE VIAL,,0108436002,N,12-AUG-2026
PROD_97066,97066,02480107,MAR-METHIMAZOLE,,,0104552001,N,22-MAR-2025
PROD_97067,97067,02480115,MAR-METHIMAZOLE,,,0104552003,N,22-MAR-2025
PROD_97069,97069,02480158,NUCEIVA,SINGLE-USE VIALS,,0160590001,N,10-AUG-2026
PROD_97082,97082,02480298,MAR-CINACALCET,,,0150282001,N,22-MAR-2025
PROD_97083,97083,02480301,MAR-CINACALCET,,,0150282002,N,22-MAR-2025
PROD_97084,97084,02480328,MAR-CINACALCET,,,0150282003,N,22-MAR-2025
PROD_97086,97086,02480336,DYE FREE FRAGRANCE FREE ANTIBACTERIAL FOAMING HAND SOAP,,CAT IV - ANTISEPTIC SKIN CLEANSERS,0104993016,N,22-MAR-2025
PROD_97095,97095,02480425,SIGNIFOR LAR,KIT INCLUDES 1 VIAL OF POWDER AND 1 PRE-FILLED SYRINGE OF DILUENT,,0154790007,N,30-MAY-2025
PROD_97096,97096,02480433,SIGNIFOR LAR,KIT INCLUDES 1 VIAL OF POWDER AND 1 PRE-FILLED SYRINGE OF DILUENT,,0154790008,N,30-MAY-2025
PROD_97103,97103,02480980,BIO-SILDENAFIL,,,0136261003,N,22-MAR-2025
PROD_97104,97104,02480514,KYMRIAH,,,0160630001,N,02-APR-2026
PROD_97105,97105,02480492,TARO-PEMETREXED,,,0150104003,N,22-MAR-2025
PROD_97106,97106,02480506,APPLAUD AB ANTISEPTIC LOTIONIZED HAND SOAP,,,0106942004,N,22-MAR-2025
PROD_97107,97107,02480522,XYDALBA,SINGLE-USE VIAL,,0160631001,N,13-AUG-2026
PROD_97109,97109,02480530,FUROSEMIDE INJECTION USP,,,0101944003,N,22-MAR-2025
PROD_97110,97110,02480557,STROMECTOL,,,0124785013,N,05-JAN-2026
PROD_97120,97120,02480700,AG-AZITHROMYCIN,,,0126072001,N,22-MAR-2025
PROD_97124,97124,02480697,HERCEPTIN SC,SINGLE-DOSE VIAL,,0154252003,N,07-AUG-2026
PROD_97125,97125,02480727,AG-PREGABALIN,,,0151121001,N,25-MAR-2025
PROD_97126,97126,02480735,AG-PREGABALIN,,,0151121002,N,25-MAR-2025
PROD_97127,97127,02480743,AG-PREGABALIN,,,0151121003,N,25-MAR-2025
PROD_97128,97128,02480751,AG-PREGABALIN,,,0151121005,N,25-MAR-2025
PROD_97129,97129,02480778,AG-PREGABALIN,,,0151121008,N,25-MAR-2025
PROD_97130,97130,02481189,BIO-ATORVASTATIN,,,0133055001,N,22-MAR-2025
PROD_97131,97131,02481197,BIO-ATORVASTATIN,,,0133055002,N,22-MAR-2025
PROD_97132,97132,02481200,BIO-ATORVASTATIN,,,0133055003,N,22-MAR-2025
PROD_97133,97133,02481219,BIO-ATORVASTATIN,,,0133055004,N,22-MAR-2025
PROD_97135,97135,02481006,BIO-ZOPICLONE,,,0122562002,N,22-MAR-2025
PROD_97136,97136,02481014,BIO-ZOPICLONE,,,0122562001,N,22-MAR-2025
PROD_97137,97137,02480786,XELJANZ,,,0155550003,N,07-MAY-2026
PROD_97138,97138,02480794,HERZUMA,CONTAINS 1 VIAL OF POWDER AND 1 VIAL OF DILUENT,,0154252001,N,17-AUG-2026
PROD_97140,97140,02481057,OLMESARTAN,,,0152496002,N,22-MAR-2025
PROD_97141,97141,02481065,OLMESARTAN,,,0152496003,N,22-MAR-2025
PROD_97143,97143,02481154,BIO-ESCITALOPRAM,,,0150435002,N,22-MAR-2025
PROD_97145,97145,02481170,BIO-ESCITALOPRAM,,,0150435004,N,22-MAR-2025
PROD_97146,97146,02480808,XARELTO,,,0152487004,N,14-OCT-2025
PROD_97147,97147,02480816,SCOTT ANTIMICROBIAL FOAM SKIN CLEANSER,,CAT IV - ANTISEPTIC SKIN CLEANSERS,0104993004,N,22-MAR-2025
PROD_97148,97148,02480824,CABOMETYX,,,0160650001,N,31-DEC-2025
PROD_97149,97149,02480832,CABOMETYX,,,0160650002,N,31-DEC-2025
PROD_97150,97150,02480840,CABOMETYX,,,0160650003,N,31-DEC-2025
PROD_97151,97151,02480859,MAR-TRAMADOL,,,0151694006,N,22-MAR-2025
PROD_97159,97159,02480948,TAKHZYRO,SINGLE-USE VIALS,,0160670001,N,10-AUG-2026
PROD_97160,97160,02480956,MINT-ABACAVIR,,,0137623001,N,22-MAR-2025
PROD_97162,97162,02481030,AURO-ZOLMITRIPTAN,,,0134381001,N,22-MAR-2025
PROD_97163,97163,02481073,AMIKACIN SULFATE INJECTION USP,,,0111922001,N,22-MAR-2025
PROD_97168,97168,02481227,MAR-DAPSONE,,,0106115001,N,22-MAR-2025
PROD_97173,97173,02481405,AG-TADALAFIL,,,0149485004,N,22-MAR-2025
PROD_97175,97175,02481421,AG-TADALAFIL,,,0149485002,N,22-MAR-2025
PROD_97176,97176,02481278,LINEZOLID INJECTION,,,0143501003,N,22-MAR-2025
PROD_97182,97182,02481332,ORILISSA,,,0160710001,N,05-JUL-2025
PROD_97183,97183,02481340,ORILISSA,,,0160710002,N,05-JUL-2025
PROD_97184,97184,02481359,VELTASSA,,,0160711001,N,22-MAR-2025
PROD_97185,97185,02481367,VELTASSA,,,0160711002,N,22-MAR-2025
PROD_97189,97189,02481456,SCOTT FOAM HAND SANITIZER,,CAT IV - ANTISEPTIC SKIN CLEANSERS,0104993016,N,22-MAR-2025
PROD_97193,97193,02481499,APO-DASATINIB,,,0152198003,N,02-APR-2026
PROD_97194,97194,02481502,APO-DASATINIB,,,0152198005,N,02-APR-2026
PROD_97199,97199,02481545,PIFELTRO,,,0160730001,N,27-OCT-2025
PROD_97200,97200,02481553,XERMELO,,,0160731001,N,22-MAR-2025
PROD_97204,97204,02481588,AG-PANTOPRAZOLE SODIUM,,,0133229001,N,22-MAR-2025
PROD_97209,97209,02481634,PERINDOPRIL ERBUMINE,,,0127178001,N,22-MAR-2025
PROD_97210,97210,02481642,PERINDOPRIL ERBUMINE,,,0127178002,N,22-MAR-2025
PROD_97211,97211,02481650,PERINDOPRIL ERBUMINE,,,0127178003,N,22-MAR-2025
PROD_97213,97213,02481952,ALTA-DULOXETINE,,,0152350001,N,16-JUN-2026
PROD_97214,97214,02481960,ALTA-DULOXETINE,,,0152350002,N,16-JUN-2026
PROD_97221,97221,02481723,ONDANSETRON ODT,,,0131120003,N,22-MAR-2025
PROD_97222,97222,02481731,ONDANSETRON ODT,,,0131120001,N,22-MAR-2025
PROD_97224,97224,02481766,JIVI,,,0160750002,N,17-NOV-2025
PROD_97225,97225,02481774,JIVI,,,0160750003,N,17-NOV-2025
PROD_97226,97226,02481782,JIVI,,,0160750004,N,17-NOV-2025
PROD_97227,97227,02481790,JIVI,,,0160750005,N,17-NOV-2025
PROD_97230,97230,02481820,FOLOTYN,,,0160770001,N,22-MAR-2025
PROD_97237,97237,02482037,NRA-CLOPIDOGREL,,,0134440001,N,24-OCT-2025
PROD_97239,97239,02481901,TARO-CIPROFLOXACIN/DEXAMETHASONE,,,0250083001,N,22-MAR-2025
PROD_97242,97242,02481944,ULTRA-LIGHT MOISTURIZING LOTION,,CAT IV - SUNBURN PROTECTANTS,0451521009,N,22-MAR-2025
PROD_97243,97243,02482126,NRA-DULOXETINE,,,0152350001,N,16-JUN-2025
PROD_97244,97244,02482134,NRA-DULOXETINE,,,0152350002,N,16-JUN-2025
PROD_97245,97245,02481987,M-CINACALCET,,,0150282001,N,22-MAR-2025
PROD_97246,97246,02481995,M-CINACALCET,,,0150282002,N,22-MAR-2025
PROD_97247,97247,02482002,M-CINACALCET,,,0150282003,N,22-MAR-2025
PROD_97249,97249,02482010,SHEER HYDRATION SUNSCREEN BROAD SPECTRUM SPF 40,,CAT IV - SUNBURN PROTECTANTS,0331813001,N,22-MAR-2025
PROD_97264,97264,02482177,REGENERIST MICRO-SCULPTING LOTION WITH SPF,,CAT IV - SUNBURN PROTECTANTS,0451521042,N,02-FEB-2026
PROD_97268,97268,02482207,KUVAN,,,0152714001,N,10-JUL-2026
PROD_97270,97270,02482223,SANDOZ RIVAROXABAN,,,0152487001,N,20-MAY-2026
PROD_97271,97271,02482231,SANDOZ RIVAROXABAN,,,0152487002,N,20-MAY-2026
PROD_97272,97272,02482258,SANDOZ RIVAROXABAN,,,0152487003,N,20-MAY-2026
PROD_97282,97282,02482525,JAMP-ZOLEDRONIC ACID,,,0141761002,N,22-MAR-2025
PROD_97283,97283,02482363,AURO-AZITHROMYCIN,,,0126072002,N,22-MAR-2025
PROD_97284,97284,02482371,AURO-AZITHROMYCIN,,,0126072003,N,22-MAR-2025
PROD_97285,97285,02482398,TARO-FAMPRIDINE,,,0153090001,N,22-MAR-2025
PROD_97286,97286,02482401,NYQUIL COMPLETE + VICKS VAPOCOOL COLD & FLU LIQUID,,,0451561002,N,22-MAR-2025
PROD_97287,97287,02482428,DAYQUIL COMPLETE + VICKS VAPOCOOL COLD & FLU LIQUID,,,0451421008,N,22-MAR-2025
PROD_97288,97288,02482436,KAMRAB,2 ML VIAL,,0110666002,N,30-JUL-2026
PROD_97297,97297,02482533,GILENYA,,,0152886002,N,11-JUN-2026
PROD_97300,97300,02482576,SANDOZ AMOXI-CLAV TABLET,,,0234720009,N,22-MAR-2025
PROD_97301,97301,02482584,SANDOZ AMOXI-CLAV TABLET,,,0234720005,N,22-MAR-2025
PROD_97302,97302,02482592,DELSTRIGO,,,0360870001,N,27-OCT-2025
PROD_97303,97303,02482606,SANDOZ FINGOLIMOD,,,0152886001,N,13-NOV-2025
PROD_97305,97305,02482622,APO-TICAGRELOR,,,0152934002,N,06-AUG-2026
PROD_97306,97306,02482630,APO-TICAGRELOR,,,0152934001,N,06-AUG-2026
PROD_97311,97311,02482681,"MORPHINE SULFATE INJECTION, USP","PRESERVATIVE-FREE, SINGLE-USE VIAL",,0104545008,N,28-AUG-2026
PROD_97315,97315,02482746,"MORPHINE SULFATE INJECTION, USP","PRESERVATIVE-FREE, SINGLE-USE VIAL",,0104545001,N,28-AUG-2026
PROD_97324,97324,02482835,AG-MONTELUKAST,,,0133823002,N,22-MAR-2025
PROD_97332,97332,02482924,M-PERINDOPRIL ERBUMINE,,,0127178001,N,23-JUL-2025
PROD_97333,97333,02482932,M-PERINDOPRIL ERBUMINE,,,0127178002,N,23-JUL-2025
PROD_97334,97334,02482940,M-PERINDOPRIL ERBUMINE,,,0127178003,N,23-JUL-2025
PROD_97338,97338,02482983,TARO-IMIQUIMOD PUMP,,,0135820001,N,22-MAR-2025
PROD_97342,97342,02483017,REDDY-LENALIDOMIDE,,,0152422001,N,24-JUL-2025
PROD_97343,97343,02483025,REDDY-LENALIDOMIDE,,,0152422002,N,24-JUL-2025
PROD_97344,97344,02483033,REDDY-LENALIDOMIDE,,,0152422003,N,24-JUL-2025
PROD_97345,97345,02483041,REDDY-LENALIDOMIDE,,,0152422005,N,24-JUL-2025
PROD_97346,97346,02483068,REDDY-LENALIDOMIDE,,,0152422004,N,24-JUL-2025
PROD_97347,97347,02483076,UNITUXIN,SINGLE-USE VIAL,,0160890001,N,12-AUG-2026
PROD_97348,97348,02483084,SUBLOCADE,SINGLE-DOSE PREFILLED SYRINGE AND POUCH,,0142241016,N,19-AUG-2026
PROD_97349,97349,02483092,SUBLOCADE,SINGLE-DOSE PREFILLED SYRINGE AND POUCH,,0142241016,N,19-AUG-2026
PROD_97359,97359,02483130,TARO-BOSENTAN,,,0145922001,N,22-MAR-2025
PROD_97360,97360,02483149,TARO-BOSENTAN,,,0145922002,N,22-MAR-2025
PROD_97371,97371,02483270,ACCEL-RIZATRIPTAN ODT,,,0137841001,N,22-MAR-2025
PROD_97372,97372,02483289,ACCEL-RIZATRIPTAN ODT,,,0137841002,N,22-MAR-2025
PROD_97374,97374,02483300,AG-GLICLAZIDE MR,,,0119934002,N,22-MAR-2025
PROD_97375,97375,02483319,AG-GLICLAZIDE MR,,,0119934003,N,22-MAR-2025
PROD_97376,97376,02483327,ACTEMRA,SINGLE-USE PREFILLED AUTO-INJECTOR,,0152713002,N,10-AUG-2026
PROD_97377,97377,02483335,PREMIUM SUNSCREEN SPRAY SUN BUM 30,,CAT IV - SUNBURN PROTECTANTS,0451521072,N,24-JUL-2025
PROD_97378,97378,02483343,ACETAMINOPHEN INJECTION,,,0102009015,N,22-MAR-2025
PROD_97379,97379,02483351,VICKS NYQUIL COMPLETE COLD & FLU LIQUICAPS,,,0451561001,N,22-MAR-2025
PROD_97380,97380,02483378,VICKS DAYQUIL COMPLETE COLD & FLU LIQUICAPS,,,0451421007,N,22-MAR-2025
PROD_97382,97382,02483467,TRAZIMERA,,,0154252001,N,16-FEB-2026
PROD_97383,97383,02483475,TRAZIMERA,,,0154252002,N,16-FEB-2026
PROD_97384,97384,02483394,IPRATROPIUM BROMIDE AND SALBUTAMOL SULPHATE INHALATION SOLUTION,,,0232902001,N,01-SEP-2026
PROD_97385,97385,02483459,STRAMUCIN,,,0117081001,N,22-MAR-2025
PROD_97392,97392,02483556,MINT-ARIPIPRAZOLE,,,0152514001,N,22-MAR-2025
PROD_97393,97393,02483564,MINT-ARIPIPRAZOLE,,,0152514002,N,22-MAR-2025
PROD_97394,97394,02483572,MINT-ARIPIPRAZOLE,,,0152514006,N,22-MAR-2025
PROD_97395,97395,02483580,MINT-ARIPIPRAZOLE,,,0152514003,N,22-MAR-2025
PROD_97396,97396,02483599,MINT-ARIPIPRAZOLE,,,0152514004,N,22-MAR-2025
PROD_97397,97397,02483602,MINT-ARIPIPRAZOLE,,,0152514005,N,22-MAR-2025
PROD_97398,97398,02483610,FULVESTRANT INJECTION,SINGLE-USE PREFILLED SYRINGE,,0149744001,N,11-AUG-2026
PROD_97399,97399,02483629,CRYSVITA,SINGLE-USE VIAL,,0160950001,N,12-AUG-2026
PROD_97400,97400,02483637,CRYSVITA,SINGLE-USE VIAL,,0160950002,N,12-AUG-2026
PROD_97401,97401,02483645,CRYSVITA,SINGLE-USE VIAL,,0160950003,N,12-AUG-2026
PROD_97402,97402,02483653,SPY AGENT GREEN,,,0150962001,N,22-MAR-2025
PROD_97403,97403,02483661,SPY AGENT GREEN KIT FOR SPY ELITE,,,0150962001,N,22-MAR-2025
PROD_97404,97404,02483688,SPY AGENT GREEN KIT FOR ADVANCED IMAGING MODALITY (AIM) AND PINPOINT,"SUPPLIED WITH STERILE WATER FOR INJECTION, 10 ML/VIAL (PFIZER)",,0150962001,N,22-MAR-2025
PROD_97405,97405,02483696,SPY AGENT GREEN LYMPHATICS KIT FOR ADVANCED IMAGING MODALITY (AIM) AND PINPOINT,,,0150962001,N,22-MAR-2025
PROD_97407,97407,02483726,PREMIUM SUNSCREEN SPRAY SUN BUM 50,,CAT IV - SUNBURN PROTECTANTS,0451521073,N,24-JUL-2025
PROD_97408,97408,02483734,JAMP CLINDAMYCIN,,,0105830002,N,22-MAR-2025
PROD_97409,97409,02483742,JAMP CLINDAMYCIN,,,0105830003,N,22-MAR-2025
PROD_97412,97412,02483777,FACIAL FUEL,,CAT IV - SUNBURN PROTECTANTS,0451521039,N,22-MAR-2025
PROD_97416,97416,02483807,TARO-RIVAROXABAN,,,0152487001,N,29-JAN-2026
PROD_97417,97417,02483815,TARO-RIVAROXABAN,,,0152487002,N,29-JAN-2026
PROD_97418,97418,02483823,TARO-RIVAROXABAN,,,0152487003,N,29-JAN-2026
PROD_97419,97419,02483890,AZITHROMYCIN FOR INJECTION USP,,,0126072006,N,22-MAR-2025
PROD_97420,97420,02483831,ORKAMBI,,,0257771002,N,11-JUN-2026
PROD_97421,97421,02483858,ORKAMBI,,,0257771003,N,11-JUN-2026
PROD_97432,97432,02483971,CRESEMBA,,,0161030001,N,10-JUL-2026
PROD_97433,97433,02483998,CRESEMBA,,,0161030002,N,10-JUL-2026
PROD_97435,97435,02484013,BRINEURA,,,0161050001,N,15-SEP-2025
PROD_97438,97438,02484056,LENVIMA,EACH 4 MG DAILY DOSE CONTAINS 1 X 4 MG CAPSULE PER BLISTER,,0157671007,N,25-AUG-2026
PROD_97439,97439,02484064,MAR-DILTIAZEM CD,,,0115863004,N,09-JUN-2026
PROD_97440,97440,02484072,MAR-DILTIAZEM CD,,,0115863007,N,09-JUN-2026
PROD_97441,97441,02484080,MAR-DILTIAZEM CD,,,0115863006,N,09-JUN-2026
PROD_97442,97442,02484099,MAR-DILTIAZEM CD,,,0115863008,N,09-JUN-2026
PROD_97445,97445,02484129,LENVIMA,EACH 12 MG DAILY DOSE CONTAINS 3 X 4 MG CAPSULES PER BLISTER,,0157671008,N,25-AUG-2026
PROD_97446,97446,02484137,VERKAZIA,,,0115996009,N,12-DEC-2025
PROD_97449,97449,02484153,FULPHILA,SINGLE-DOSE PREFILLED SYRINGES,,0149962001,N,18-AUG-2026
PROD_97453,97453,02484218,VYZULTA,,,0161070001,N,01-AUG-2025
PROD_97454,97454,02484226,COLACE CLEAR,,LS - LAXATIVES (STOOL SOFTENER),0104351002,N,22-MAR-2025
PROD_97460,97460,02484285,HYDRO BOOST GEL CREAM SPF 25,,CAT IV - SUNBURN PROTECTANTS,0451521010,N,31-JUL-2025
PROD_97463,97463,02484315,JAMP ITRACONAZOLE ORAL SOLUTION,,,0123311001,N,22-MAR-2025
PROD_97469,97469,02484374,CHLORAPREP,,,0213979006,N,22-MAR-2025
PROD_97483,97483,02484536,AG-TELMISARTAN,,,0138223001,N,22-MAR-2025
PROD_97484,97484,02484544,AG-TELMISARTAN,,,0138223002,N,22-MAR-2025
PROD_97486,97486,02484560,AG TELMISARTAN-HCT,,,0244783001,N,14-JUL-2026
PROD_97487,97487,02484579,AG TELMISARTAN-HCT,,,0244783002,N,21-OCT-2025
PROD_97492,97492,02484641,ONSTRYV,,,0161151001,N,02-APR-2026
PROD_97495,97495,02484668,ONSTRYV,,,0161151002,N,02-APR-2026
PROD_97499,97499,02484706,PDP-AMLODIPINE,,,0131437004,N,12-JAN-2026
PROD_97500,97500,02484714,REDDY-LENALIDOMIDE,,,0152422006,N,24-JUL-2025
PROD_97510,97510,02484811,DEMYLOCAN,,,0161170001,N,22-MAR-2025
PROD_97511,97511,02484838,BENADRYL ITCH STOPPING CREAM,,,0248141001,N,19-JUN-2025
PROD_97512,97512,02484854,INFLUVAC TETRA,,,0455410003,N,19-SEP-2025
PROD_97516,97516,02484889,ITCH RELIEF MOISTURIZING CREAM,,,0107479001,N,22-MAR-2025
PROD_97524,97524,02484994,TEVA-APIXABAN,,,0153051001,N,17-SEP-2025
PROD_97527,97527,02485001,TEVA-APIXABAN,,,0153051002,N,17-SEP-2025
PROD_97544,97544,02485192,AG-LEVETIRACETAM,,,0148843001,N,22-MAR-2025
PROD_97545,97545,02485206,AG-LEVETIRACETAM,,,0148843002,N,22-MAR-2025
PROD_97546,97546,02485214,AG-LEVETIRACETAM,,,0148843003,N,22-MAR-2025
PROD_97547,97547,02485222,RIVASA 80 MG EC,,,0101169013,N,18-NOV-2025
PROD_97552,97552,02485257,BORTEZOMIB FOR INJECTION,SINGLE-USE VIAL,,0150433001,N,12-AUG-2026
PROD_97553,97553,02485265,APO-DEFERASIROX (TYPE J),,,0151733004,N,22-MAR-2025
PROD_97554,97554,02485273,APO-DEFERASIROX (TYPE J),,,0151733005,N,22-MAR-2025
PROD_97555,97555,02485281,APO-DEFERASIROX (TYPE J),,,0151733006,N,22-MAR-2025
PROD_97557,97557,02485311,LIDOCAINE,,LS - TOPICAL - ANAESTHETIC/ANALGESIC/ANTIPRURITIC,0103565009,N,22-MAR-2025
PROD_97559,97559,02485346,TOLAK,,,0107505005,N,22-MAR-2025
PROD_97561,97561,02485362,JAMP RIVASTIGMINE,,,0140521001,N,22-MAR-2025
PROD_97562,97562,02485370,JAMP RIVASTIGMINE,,,0140521002,N,22-MAR-2025
PROD_97563,97563,02485389,JAMP RIVASTIGMINE,,,0140521003,N,22-MAR-2025
PROD_97564,97564,02485397,JAMP RIVASTIGMINE,,,0140521004,N,22-MAR-2025
PROD_97565,97565,02485400,ADVIL MINI-GELS,,,0108883004,N,25-SEP-2025
PROD_97566,97566,02485419,AG-CYCLOBENZAPRINE,,,0112363001,N,22-MAR-2025
PROD_97569,97569,02485443,ROBITUSSIN HONEY COUGH & COLD NIGHTTIME,,,0215723003,N,22-MAR-2025
PROD_97571,97571,02485478,CLINDAMYCIN INJECTION IN 5% DEXTROSE,,,0105830009,N,22-MAR-2025
PROD_97572,97572,02485486,CLINDAMYCIN INJECTION IN 5% DEXTROSE,,,0105830010,N,22-MAR-2025
PROD_97574,97574,02485508,BACLOFEN INTRATHECAL,,,0113246005,N,01-DEC-2025
PROD_97575,97575,02485516,BACLOFEN INTRATHECAL,,,0113246003,N,01-DEC-2025
PROD_97576,97576,02485524,ROBITUSSIN EXTRA STRENGTH HONEY COUGH & CONGESTION,,,0200826012,N,22-MAR-2025
PROD_97577,97577,02485532,HYDROMORPHONE HYDROCHLORIDE INJECTION USP,0.4 MG/ML,,0108698020,N,29-JUL-2026
PROD_97578,97578,02485540,HYDROMORPHONE HYDROCHLORIDE INJECTION USP,0.4 MG/ML,,0108698020,N,29-JUL-2026
PROD_97581,97581,02485575,NIVESTYM,SINGLE-USE PREFILLED SYRINGE,,0123525003,N,12-AUG-2026
PROD_97582,97582,02485583,NIVESTYM,SINGLE-USE PREFILLED SYRINGE,,0123525003,N,12-AUG-2026
PROD_97583,97583,02485591,NIVESTYM,SINGLE-USE VIAL,,0123525001,N,07-AUG-2026
PROD_97584,97584,02485605,CYSTADROPS,,,0159170004,N,22-MAR-2025
PROD_97587,97587,02485648,YESCARTA,,,0161211001,N,13-AUG-2026
PROD_97588,97588,02485656,NIVESTYM,SINGLE-USE VIAL,,0123525001,N,07-AUG-2026
PROD_97590,97590,02485672,AG-DUTASTERIDE,,,0149361001,N,21-AUG-2025
PROD_97592,97592,02485699,POTASSIUM CHLORIDE FOR INJECTION CONCENTRATE USP,,,0100273006,N,29-MAY-2025
PROD_97594,97594,02485710,TARO-CALCITRIOL,,,0113628001,N,22-MAR-2025
PROD_97595,97595,02485729,TARO-CALCITRIOL,,,0113628004,N,22-MAR-2025
PROD_97602,97602,02485796,"INDOCYANINE GREEN FOR INJECTION, USP",,,0150962001,N,22-MAR-2025
PROD_97609,97609,02485877,ENVARSUS PA,,,0127857007,N,02-APR-2026
PROD_97610,97610,02485885,ENVARSUS PA,,,0127857002,N,25-MAR-2026
PROD_97611,97611,02485893,ENVARSUS PA,,,0127857008,N,25-MAR-2026
PROD_97614,97614,02485907,MINT-ENTECAVIR,,,0151648001,N,22-MAR-2025
PROD_97619,97619,02485966,LORBRENA,,,0161231001,N,17-APR-2026
PROD_97620,97620,02485974,LORBRENA,,,0161231002,N,17-APR-2026
PROD_97636,97636,02486121,AURO-DARUNAVIR,,,0151656003,N,22-MAR-2025
PROD_97637,97637,02486148,AURO-DARUNAVIR,,,0151656006,N,22-MAR-2025
PROD_97640,97640,02486172,NRA-RAMIPRIL,,,0122858004,N,22-MAR-2025
PROD_97641,97641,02486180,NRA-RAMIPRIL,,,0122858003,N,22-MAR-2025
PROD_97642,97642,02486199,NRA-RAMIPRIL,,,0122858002,N,22-MAR-2025
PROD_97646,97646,02486237,NRA-QUETIAPINE,,,0131858001,N,04-NOV-2025
PROD_97651,97651,02486296,TRI-JORDYNA 21,,,0636783002,N,17-SEP-2025
PROD_97652,97652,02486318,TRI-JORDYNA 28,,,0636783002,N,17-SEP-2025
PROD_97657,97657,02486369,MINT-TELMISARTAN,,,0138223001,N,22-MAR-2025
PROD_97658,97658,02486377,MINT-TELMISARTAN,,,0138223002,N,22-MAR-2025
PROD_97660,97660,02486393,SANDOZ ABIRATERONE,,,0152948001,N,22-MAR-2025
PROD_97662,97662,02486407,ULTRA SHEER DRY-TOUCH SUNSCREEN SPF 30,,CAT IV - SUNBURN PROTECTANTS,0451521074,N,14-AUG-2025
PROD_97663,97663,02486423,TEVA-TERIPARATIDE INJECTION,,,0150152001,N,22-MAR-2025
PROD_97667,97667,02486474,ULTRA SHEER BODY MIST SUNSCREEN SPF 30,,CAT IV - SUNBURN PROTECTANTS,0451521075,N,22-OCT-2025
PROD_97677,97677,02486571,HYPERRAB,,,0110666003,N,22-MAR-2025
PROD_97678,97678,02486598,GAMASTAN,,,0106267001,N,22-MAR-2025
PROD_97681,97681,02486636,"SODIUM BICARBONATE INJECTION, USP",,,0104153005,N,09-JUN-2026
PROD_97689,97689,02486717,AMIKACIN SULFATE INJECTION,,,0111922001,N,22-MAR-2025
PROD_97690,97690,02486725,ARTHRITIS PAIN RELIEF,,,0352478002,N,22-MAR-2025
PROD_97697,97697,02486806,AURO-APIXABAN,,,0153051001,N,29-AUG-2025
PROD_97698,97698,02486814,AURO-APIXABAN,,,0153051002,N,29-AUG-2025
PROD_97700,97700,02486830,CHILDREN'S ACETAMINOPHEN SUSPENSION,,LS - ANALG (ACETAMINOPHEN LABELLING STANDARD),0102009005,N,22-MAR-2025
PROD_97705,97705,02486881,ITCH RELIEF MOISTURIZING LOTION,,LS - TOPICAL - ANAESTHETIC/ANALGESIC/ANTIPRURITIC,0107479001,N,22-MAR-2025
PROD_97708,97708,02486938,THERABREATH HEALTHY GUMS ORAL RINSE,,,0106834002,N,22-MAR-2025
PROD_97710,97710,02486954,REACTINE ALLERGY,,,0122686004,N,17-MAR-2026
PROD_97711,97711,02486962,HYDROCHLOROTHIAZIDE,,,0101048002,N,22-MAR-2025
PROD_97713,97713,02486989,CASPOFUNGIN FOR INJECTION,,,0144763001,N,22-MAR-2025
PROD_97714,97714,02486997,CASPOFUNGIN FOR INJECTION,,,0144763002,N,22-MAR-2025
PROD_97715,97715,02487004,COUGH & COLD RELIEF,,,0351264011,N,22-MAR-2025
PROD_97716,97716,02487012,JAMP EMTRICITABINE/TENOFOVIR DISOPROXIL FUMARATE,,,0251568001,N,22-MAR-2025
PROD_97717,97717,02487020,ENGERIX-B,PREFILLED SYRINGE,,0119570002,N,24-JUL-2025
PROD_97718,97718,02487039,ENGERIX-B,PREFILLED SYRINGE,,0119570002,N,24-JUL-2025
PROD_97722,97722,02487071,VANCOMYCIN INJECTION USP IN 0.9% SODIUM CHLORIDE,,,0131315010,N,22-MAR-2025
PROD_97723,97723,02487098,VERZENIO,,,0161330001,N,02-SEP-2025
PROD_97724,97724,02487101,VERZENIO,,,0161330002,N,02-SEP-2025
PROD_97725,97725,02487128,VERZENIO,,,0161330003,N,02-SEP-2025
PROD_97726,97726,02487136,VERZENIO,,,0161330004,N,02-SEP-2025
PROD_97728,97728,02487144,LIBTAYO,,,0161350001,N,23-JUL-2026
PROD_97739,97739,02487233,NIGHTTIME COLD,,,0351461005,N,22-MAR-2025
PROD_97741,97741,02487241,APO-DARUNAVIR,,,0151656003,N,22-MAR-2025
PROD_97742,97742,02487268,APO-DARUNAVIR,,,0151656006,N,22-MAR-2025
PROD_97743,97743,02487276,DAYTIME COLD,,,0351264009,N,22-MAR-2025
PROD_97746,97746,02487306,AIMOVIG,PREFILLED AUTO-INJECTOR,,0160530002,N,14-AUG-2026
PROD_97748,97748,02487314,TREMFYA ONE-PRESS,AUTO-INJECTOR,,0159710001,N,17-AUG-2026
PROD_97750,97750,02487330,MINT-ONDANSETRON ODT,,,0131120003,N,22-MAR-2025
PROD_97751,97751,02487349,MINT-ONDANSETRON ODT,,,0131120001,N,22-MAR-2025
PROD_97753,97753,02487357,ARSENIC TRIOXIDE SOLUTION FOR INJECTION,,,0108756003,N,29-AUG-2026
PROD_97754,97754,02487365,DEXMEDETOMIDINE HYDROCHLORIDE INJECTION,SINGLE-USE VIAL,,0152679004,N,12-AUG-2026
PROD_97755,97755,02487373,DEXMEDETOMIDINE HYDROCHLORIDE INJECTION,SINGLE-USE VIAL,,0152679004,N,12-AUG-2026
PROD_97756,97756,02487381,APO-APIXABAN,,,0153051001,N,09-JAN-2026
PROD_97757,97757,02487403,APO-APIXABAN,,,0153051002,N,09-JAN-2026
PROD_97762,97762,02487462,REKOVELLE,PREFILLED PEN,,0160130001,N,22-MAR-2025
PROD_97763,97763,02487470,REKOVELLE,PREFILLED PEN,,0160130001,N,22-MAR-2025
PROD_97764,97764,02487489,REKOVELLE,PREFILLED PEN,,0160130001,N,22-MAR-2025
PROD_97765,97765,02487497,CABAZITAXEL FOR INJECTION,,,0152936002,N,01-APR-2025
PROD_97766,97766,02487500,CABAZITAXEL FOR INJECTION,,,0152936002,N,01-APR-2025
PROD_97767,97767,02487519,SANDOZ APIXABAN TABLET,,,0153051001,N,12-MAY-2026
PROD_97768,97768,02487527,SANDOZ APIXABAN TABLET,,,0153051002,N,12-MAY-2026
PROD_97785,97785,02487705,COPPERTONE SPRAY SUNSCREEN SPF 50 KIDS,,CAT IV - SUNBURN PROTECTANTS,0451521044,N,25-JUL-2025
PROD_97786,97786,02487713,ACH-APIXABAN,,,0153051001,N,06-AUG-2025
PROD_97787,97787,02487721,ACH-APIXABAN,,,0153051002,N,06-AUG-2025
PROD_97789,97789,02487756,BIBAG,,,0104153026,N,22-MAR-2025
PROD_97790,97790,02487764,FACE SUNSCREEN SPF 45,,CAT IV - SUNBURN PROTECTANTS,0451521014,N,14-OCT-2025
PROD_97793,97793,02487772,JAMP FINGOLIMOD,,,0152886001,N,06-JAN-2026
PROD_97794,97794,02487780,DRY-TOUCH SUNSCREEN SPF 45,,CAT IV - SUNBURN PROTECTANTS,0451521014,N,15-AUG-2025
PROD_97795,97795,02487799,COPPERTONE LOTION SUNSCREEN SPF 50 WATERBABIES,,CAT IV - SUNBURN PROTECTANTS,0451521051,N,25-JUL-2025
PROD_97796,97796,02487802,ZDS-LACOSAMIDE,,,0152810001,N,28-NOV-2025
PROD_97797,97797,02487810,ZDS-LACOSAMIDE,,,0152810002,N,28-NOV-2025
PROD_97798,97798,02487829,ZDS-LACOSAMIDE,,,0152810003,N,28-NOV-2025
PROD_97799,97799,02487837,ZDS-LACOSAMIDE,,,0152810004,N,28-NOV-2025
PROD_97804,97804,02487926,ULTRA-RICH HYDRATION,,CAT IV - SUNBURN PROTECTANTS,0218807031,N,22-MAR-2025
PROD_97805,97805,02487934,COPPERTONE SPRAY SUNSCREEN SPF 50 SPORT,,CAT IV - SUNBURN PROTECTANTS,0451521044,N,25-JUL-2025
PROD_97806,97806,02487942,ULTRA SHEER BODY MIST SUNSCREEN SPF 45,,CAT IV - SUNBURN PROTECTANTS,0451521014,N,23-OCT-2025
PROD_97811,97811,02488000,ARIPIPRAZOLE,,,0152514001,N,22-MAR-2025
PROD_97812,97812,02488019,ARIPIPRAZOLE,,,0152514002,N,22-MAR-2025
PROD_97813,97813,02488027,ARIPIPRAZOLE,,,0152514006,N,22-MAR-2025
PROD_97814,97814,02488035,ARIPIPRAZOLE,,,0152514003,N,22-MAR-2025
PROD_97815,97815,02488043,ARIPIPRAZOLE,,,0152514004,N,22-MAR-2025
PROD_97816,97816,02488051,ARIPIPRAZOLE,,,0152514005,N,22-MAR-2025
PROD_97817,97817,02487993,METHYLENE BLUE INJECTION,,,0106816001,N,22-MAR-2025
PROD_97819,97819,02488086,IVOZFO,,,0137036004,N,22-MAR-2025
PROD_97824,97824,02488132,SCALP RELIEF,,CAT IV - ANTIDANDRUFF PRODUCTS,0108628001,N,22-MAR-2025
PROD_97825,97825,02488140,MINT-SPIRONOLACTONE,,,0106462001,N,06-MAY-2026
PROD_97826,97826,02488159,MINT-SPIRONOLACTONE,,,0106462002,N,06-MAY-2026
PROD_97829,97829,02488183,M-MONTELUKAST,,,0133823002,N,25-MAY-2026
PROD_97838,97838,02488280,COMBOGESIC,,,0261410001,N,16-JUN-2026
PROD_97839,97839,02488299,IOPE AIR CUSHION,,CAT IV - SUNBURN PROTECTANTS,0327220036,N,22-MAR-2025
PROD_97846,97846,02488353,MAR-TROSPIUM,,,0151570001,N,22-MAR-2025
PROD_97847,97847,02488361,TIBELLA,,,0161430001,N,24-JUL-2026
PROD_97848,97848,02488388,JAMP-LACOSAMIDE,,,0152810001,N,22-MAR-2025
PROD_97849,97849,02488396,JAMP-LACOSAMIDE,,,0152810002,N,22-MAR-2025
PROD_97850,97850,02488418,JAMP-LACOSAMIDE,,,0152810003,N,22-MAR-2025
PROD_97851,97851,02488426,JAMP-LACOSAMIDE,,,0152810004,N,22-MAR-2025
PROD_97852,97852,02488434,NRA-SERTRALINE,,,0123417003,N,22-MAR-2025
PROD_97853,97853,02488442,NRA-SERTRALINE,,,0123417001,N,22-MAR-2025
PROD_97854,97854,02488450,NRA-SERTRALINE,,,0123417002,N,22-MAR-2025
PROD_97856,97856,02488477,SENSITIVE SKIN SUNSCREEN CONTINUOUS SPRAY SPF 50 PLUS,,CAT IV - SUNBURN PROTECTANTS,0451521072,N,22-MAR-2025
PROD_97857,97857,02488485,SPORT SUNSCREEN LOTION SPF 30,,CAT IV - SUNBURN PROTECTANTS,0451521014,N,22-MAR-2025
PROD_97860,97860,02488507,SANDOZ PIRFENIDONE TABLETS,,,0153328001,N,22-MAR-2025
PROD_97861,97861,02488515,SANDOZ PIRFENIDONE TABLETS,,,0153328003,N,22-MAR-2025
PROD_97876,97876,02488663,KIDS SUNSCREEN CONTINUOUS SPRAY SPF 50+,,CAT IV - SUNBURN PROTECTANTS,0451521072,N,22-MAR-2025
PROD_97878,97878,02488698,TRANDOLAPRIL,,,0131524002,N,22-MAR-2025
PROD_97879,97879,02488701,TRANDOLAPRIL,,,0131524003,N,22-MAR-2025
PROD_97880,97880,02488728,TRANDOLAPRIL,,,0131524004,N,22-MAR-2025
PROD_97883,97883,02488744,OLMESARTAN,,,0152496002,N,22-MAR-2025
PROD_97884,97884,02488752,OLMESARTAN,,,0152496003,N,22-MAR-2025
PROD_97890,97890,02488825,KIDS SUNSCREEN STICK SPF 50+,,CAT IV - SUNBURN PROTECTANTS,0361450001,N,22-MAR-2025
PROD_97891,97891,02488833,SANDOZ PIRFENIDONE CAPSULES,,,0153328001,N,22-MAR-2025
PROD_97900,97900,02488930,"BUPIVACAINE HYDROCHLORIDE INJECTION, USP",,,0108896002,N,22-MAR-2025
PROD_97901,97901,02488949,PERINDOPRIL ERBUMINE,,,0127178001,N,22-MAR-2025
PROD_97902,97902,02488957,PERINDOPRIL ERBUMINE,,,0127178002,N,22-MAR-2025
PROD_97903,97903,02488965,PERINDOPRIL ERBUMINE,,,0127178003,N,22-MAR-2025
PROD_97906,97906,02489007,SANDOZ ADAPALENE / BENZOYL PEROXIDE,,,0252888001,N,18-AUG-2026
PROD_97907,97907,02489015,NRA-PERINDOPRIL,,,0127178001,N,27-JUN-2025
PROD_97908,97908,02489023,NRA-PERINDOPRIL,,,0127178002,N,27-JUN-2025
PROD_97909,97909,02489031,NRA-PERINDOPRIL,,,0127178003,N,27-JUN-2025
PROD_97915,97915,02489090,BISACODYL SUPPOSITORY,,LS - LAXATIVES (STIMULANT),0101506002,N,22-MAR-2025
PROD_97925,97925,02489155,OMBRELLE KIDS LOTION WET'N PROTECT,,,0657530002,N,22-MAR-2025
PROD_97930,97930,02489228,SANDOZ APIXABAN SDZ,,,0153051001,N,05-JUN-2025
PROD_97931,97931,02489236,SANDOZ APIXABAN SDZ,,,0153051002,N,05-JUN-2025
PROD_97932,97932,02489244,CARBETOCIN INJECTION,SINGLE-DOSE PREFILLED SYRINGE,,0132909001,N,06-AUG-2026
PROD_97933,97933,02489252,ONPATTRO,LIPID COMPLEX,,0161490001,N,22-MAR-2025
PROD_97936,97936,02489287,ACH-LACOSAMIDE,,,0152810001,N,22-MAR-2025
PROD_97937,97937,02489295,ACH-LACOSAMIDE,,,0152810002,N,22-MAR-2025
PROD_97938,97938,02489309,ACH-LACOSAMIDE,,,0152810003,N,22-MAR-2025
PROD_97939,97939,02489317,ACH-LACOSAMIDE,,,0152810004,N,22-MAR-2025
PROD_97948,97948,02489392,NRA-ZOLMITRIPTAN,,,0134381001,N,04-FEB-2026
PROD_97949,97949,02489406,RIVA-LABETALOL,,,0116170001,N,22-MAR-2025
PROD_97950,97950,02489414,RIVA-LABETALOL,,,0116170003,N,22-MAR-2025
PROD_97952,97952,02489430,ZIRABEV,,,0151381001,N,22-MAR-2025
PROD_97953,97953,02489449,ZIRABEV,,,0151381001,N,22-MAR-2025
PROD_97957,97957,02489562,ARIDOL,"ORAL INHALATION POWDER CAPSULES OF VARYING STRENGTHS, INHALER INCLUDED",,0461510001,N,25-JUL-2025
PROD_97966,97966,02489589,FACE ANTI-SHINE CREAM,,,0552875006,N,22-MAR-2025
PROD_97967,97967,02489597,EVENITY,PREFILLED SYRINGE,,0161530001,N,31-JUL-2026
PROD_97970,97970,02489619,TARO-CLOBETASOL SPRAY,,,0110995001,N,22-MAR-2025
PROD_97974,97974,02489678,VENLAFAXINE XR,,,0131294002,N,22-MAR-2025
PROD_97975,97975,02489686,VENLAFAXINE XR,,,0131294001,N,22-MAR-2025
PROD_97976,97976,02489694,VENLAFAXINE XR,,,0131294005,N,22-MAR-2025
PROD_97990,97990,02489821,NRA-MONTELUKAST,,,0133823002,N,28-AUG-2026
PROD_97996,97996,02489899,SANDOZ DEFERASIROX (TYPE J),,,0151733004,N,22-MAR-2025
PROD_97997,97997,02489902,SANDOZ DEFERASIROX (TYPE J),,,0151733005,N,22-MAR-2025
PROD_97998,97998,02489910,SANDOZ DEFERASIROX (TYPE J),,,0151733006,N,22-MAR-2025
PROD_98001,98001,02489937,JAMP-DOXAZOSIN,,,0131431001,N,22-MAR-2025
PROD_98002,98002,02489945,JAMP-DOXAZOSIN,,,0131431003,N,22-MAR-2025
PROD_98003,98003,02489953,JAMP-DOXAZOSIN,,,0131431002,N,22-MAR-2025
PROD_98004,98004,02489961,PRO-ELETRIPTAN,,,0150241001,N,07-MAY-2026
PROD_98005,98005,02489988,PRO-ELETRIPTAN,,,0150241002,N,07-MAY-2026
PROD_98009,98009,02490021,ULTRA FLUIDE VISAGE,,CAT IV - SUNBURN PROTECTANTS,0761590001,N,22-MAR-2025
PROD_98013,98013,02490064,ESPEROCT,,,0161610001,N,22-MAR-2025
PROD_98014,98014,02490072,ESPEROCT,,,0161610002,N,22-MAR-2025
PROD_98016,98016,02490099,ESPEROCT,,,0161610004,N,22-MAR-2025
PROD_98017,98017,02490102,ESPEROCT,,,0161610005,N,22-MAR-2025
PROD_98028,98028,02490226,VYVANSE,,,0152536006,N,16-OCT-2025
PROD_98029,98029,02490234,VYVANSE,,,0152536003,N,16-OCT-2025
PROD_98030,98030,02490242,VYVANSE,,,0152536001,N,16-OCT-2025
PROD_98031,98031,02490250,VYVANSE,,,0152536004,N,16-OCT-2025
PROD_98032,98032,02490269,VYVANSE,,,0152536002,N,16-OCT-2025
PROD_98033,98033,02490277,VYVANSE,,,0152536005,N,16-OCT-2025
PROD_98034,98034,02490285,BPO5,,CAT IV - ACNE THERAPY,0107205001,N,16-JUL-2025
PROD_98037,98037,02490315,VITRAKVI,,,0161630001,N,31-AUG-2026
PROD_98038,98038,02490323,VITRAKVI,,,0161630002,N,31-AUG-2026
PROD_98039,98039,02490331,VITRAKVI,,,0161630003,N,31-AUG-2026
PROD_98043,98043,02490382,KIDS SUNSCREEN LOTION SPF 50+,,CAT IV - SUNBURN PROTECTANTS,0451521082,N,22-MAR-2025
PROD_98045,98045,02490404,ULTRA FLUIDE CORPS,,CAT IV - SUNBURN PROTECTANTS,0761590001,N,22-MAR-2025
PROD_98048,98048,02490439,PDP-LEVETIRACETAM,,,0148843005,N,22-MAR-2025
PROD_98049,98049,02490447,PDP-LEVETIRACETAM,,,0148843005,N,22-MAR-2025
PROD_98050,98050,02490455,MATTE DEFENSE SPF 30,,CAT IV - SUNBURN PROTECTANTS,0451521075,N,10-JUL-2026
PROD_98052,98052,02490463,DAPTOMYCIN FOR INJECTION,,,0152298001,N,15-AUG-2025
PROD_98056,98056,02490528,GAVISCON NAUSEA,,LS - DIMENHYDRINATE,0102747004,N,12-AUG-2026
PROD_98057,98057,02490536,NERLYNX,,,0161650001,N,22-MAR-2025
PROD_98058,98058,02490544,MINT-LACOSAMIDE,,,0152810001,N,22-MAR-2025
PROD_98059,98059,02490552,MINT-LACOSAMIDE,,,0152810002,N,22-MAR-2025
PROD_98060,98060,02490560,MINT-LACOSAMIDE,,,0152810003,N,22-MAR-2025
PROD_98061,98061,02490579,MINT-LACOSAMIDE,,,0152810004,N,22-MAR-2025
PROD_98062,98062,02490587,NRA-DUTASTERIDE,,,0149361001,N,22-MAR-2025
PROD_98068,98068,02490617,JAMP ONDANSETRON,,,0131120002,N,19-DEC-2025
PROD_98069,98069,02490625,JAMP METHIMAZOLE,,,0104552001,N,22-MAR-2025
PROD_98070,98070,02490633,JAMP METHIMAZOLE,,,0104552003,N,22-MAR-2025
PROD_98072,98072,02490668,CLOZARIL,,,0122583003,N,07-AUG-2025
PROD_98073,98073,02490676,CLOZARIL,,,0122583004,N,07-AUG-2025
PROD_98074,98074,02490684,AURO-EMTRICITABINE-TENOFOVIR,,,0251568001,N,22-MAR-2025
PROD_98076,98076,02490706,ODAN CLOBETASOL SPRAY,SOLUTION,,0110995001,N,06-AUG-2026
PROD_98077,98077,02490714,LOKELMA,,,0161670001,N,23-APR-2026
PROD_98078,98078,02490722,LOKELMA,,,0161670002,N,23-APR-2026
PROD_98083,98083,02490773,ERTAPENEM FOR INJECTION,,,0149104002,N,31-JUL-2026
PROD_98084,98084,02490781,AMLODIPINE,,,0131437003,N,22-MAR-2025
PROD_98085,98085,02490803,AMLODIPINE,,,0131437002,N,22-MAR-2025
PROD_98086,98086,02490811,AMLODIPINE,,,0131437001,N,22-MAR-2025
PROD_98087,98087,02490838,DAPTOMYCIN FOR INJECTION,,,0152298001,N,22-MAR-2025
PROD_98090,98090,02490862,SPORT SUNSCREEN CONTINUOUS SPRAY SPF 30,,CAT IV - SUNBURN PROTECTANTS,0451521080,N,22-MAR-2025
PROD_98091,98091,02490870,JAMP FEBUXOSTAT,,,0152809001,N,05-MAY-2025
PROD_98096,98096,02490927,CANESTEN EXTRA STRENGTH EXTERNAL ANTIFUNGAL CREAM,,,0110231003,N,20-JAN-2026
PROD_98097,98097,02490935,CANESORAL COMBI 1 DAY,,,0252465002,N,18-FEB-2026
PROD_98098,98098,02490943,ALLERGY FORMULA EXTRA STRENGTH,,,0102639001,N,22-MAR-2025
PROD_98101,98101,02490986,ACH-IMATINIB,,,0145503002,N,19-JUN-2026
PROD_98102,98102,02490994,ACH-IMATINIB,,,0145503003,N,19-JUN-2026
PROD_98103,98103,02491001,RODAN + FIELDS ESSENTIALS FACE + BODY SUNSCREEN,,CAT IV - SUNBURN PROTECTANTS,0451521084,N,22-MAR-2025
PROD_98104,98104,02491028,SENSITIVE SKIN SUNSCREEN LOTION SPF 50+,,CAT IV - SUNBURN PROTECTANTS,0451521048,N,22-MAR-2025
PROD_98105,98105,02491036,SPORT SUNSCREEN LOTION SPF 50+,,CAT IV - SUNBURN PROTECTANTS,0451521043,N,22-MAR-2025
PROD_98107,98107,02491060,EMGALITY,PREFILLED SYRINGE,,0161690001,N,18-AUG-2026
PROD_98108,98108,02491052,SPORT SUNSCREEN CONTINUOUS SPRAY SPF 50+,,CAT IV - SUNBURN PROTECTANTS,0451521072,N,22-MAR-2025
PROD_98110,98110,02491087,EMGALITY,PREFILLED PEN,,0161690001,N,18-AUG-2026
PROD_98116,98116,02491141,REVITALIFT TRIPLE POWER LZR DAY LOTION,,CAT IV - SUNBURN PROTECTANTS,0451521013,N,22-MAR-2025
PROD_98130,98130,02491281,METHOTREXATE SUBCUTANEOUS,SINGE-USE PREFILLED SYRINGE,,0107545005,N,12-AUG-2026
PROD_98131,98131,02491303,METHOTREXATE SUBCUTANEOUS,SINGE-USE PREFILLED SYRINGE,,0107545005,N,12-AUG-2026
PROD_98132,98132,02491311,METHOTREXATE SUBCUTANEOUS,SINGE-USE PREFILLED SYRINGE,,0107545005,N,12-AUG-2026
PROD_98133,98133,02491338,METHOTREXATE SUBCUTANEOUS,SINGE-USE PREFILLED SYRINGE,,0107545005,N,12-AUG-2026
PROD_98134,98134,02491346,METHOTREXATE SUBCUTANEOUS,SINGE-USE PREFILLED SYRINGE,,0107545005,N,12-AUG-2026
PROD_98135,98135,02491354,METHOTREXATE SUBCUTANEOUS,SINGE-USE PREFILLED SYRINGE,,0107545005,N,12-AUG-2026
PROD_98136,98136,02491362,METHOTREXATE SUBCUTANEOUS,SINGE-USE PREFILLED SYRINGE,,0107545005,N,12-AUG-2026
PROD_98138,98138,02491524,AURO-ONDANSETRON INJECTION,"2 ML PRESERVATIVE-FREE, SINGLE-USE VIAL",,0131120004,N,21-AUG-2026
PROD_98139,98139,02491389,SPORT 30 PUMP SPRAY GEL SUNSCREEN ÉCRAN SOLAIRE GEL EN VAPORISATEUR,,CAT IV - SUNBURN PROTECTANTS,0451521026,N,08-AUG-2025
PROD_98140,98140,02491397,APO-ABIRATERONE FILM COATED TABLETS,,,0152948001,N,22-MAR-2025
PROD_98141,98141,02491400,APO-ABIRATERONE FILM COATED TABLETS,,,0152948002,N,22-MAR-2025
PROD_98143,98143,02491427,JAMP HYDROXYCHLOROQUINE SULFATE,,,0107403001,N,10-APR-2026
PROD_98145,98145,02491443,PYRITHIONE ZINC DANDRUFF SHAMPOO SUPRÊME NOURISH,,CAT IV - ANTIDANDRUFF PRODUCTS,0108628001,N,22-MAR-2025
PROD_98147,98147,02491478,PYRITHIONE ZINC DANDRUFF SHAMPOO SUPRÊME PURIFY & HYDRATE,,CAT IV - ANTIDANDRUFF PRODUCTS,0108628001,N,22-MAR-2025
PROD_98150,98150,02491508,PYRITHIONE ZINC DANDRUFF CONDITIONER SUPRÊME NOURISH,,CAT IV - ANTIDANDRUFF PRODUCTS,0108628013,N,22-MAR-2025
PROD_98151,98151,02491516,PYRITHIONE ZINC DANDRUFF CONDITIONER SUPRÊME PURIFY & HYDRATE,,CAT IV - ANTIDANDRUFF PRODUCTS,0108628013,N,22-MAR-2025
PROD_98152,98152,02491532,AURO-ONDANSETRON INJECTION,"4 ML PRESERVATIVE-FREE, SINGLE-USE VIAL",,0131120004,N,10-AUG-2026
PROD_98155,98155,02491567,SPORT 50 CONTINUOUS SPRAY SUNSCREEN ECRAN SOLAIRE EN VAPORISATEUR,,CAT IV - SUNBURN PROTECTANTS,0451521044,N,08-AUG-2025
PROD_98156,98156,02491575,JINARC,,,0256610004,N,13-AUG-2026
PROD_98157,98157,02491583,JINARC,,,0256610005,N,13-AUG-2026
PROD_98158,98158,02491591,APO-PRUCALOPRIDE,,,0153049001,N,02-FEB-2026
PROD_98159,98159,02491605,APO-PRUCALOPRIDE,,,0153049002,N,02-FEB-2026
PROD_98169,98169,02491680,"HYDROMORPHONE HYDROCHLORIDE INJECTION, USP",,,0108698001,N,01-SEP-2026
PROD_98170,98170,02491699,"HYDROMORPHONE HYDROCHLORIDE INJECTION, USP",,,0108698003,N,01-SEP-2026
PROD_98171,98171,02491702,ERFA HYDROQUINONE,,,0108649002,N,24-JUN-2026
PROD_98173,98173,02491753,DOVATO,,,0261731001,N,19-FEB-2026
PROD_98178,98178,02491761,RODAN + FIELDS UNBLEMISH INVISIBLE MATTE DEFENSE,,CAT IV - SUNBURN PROTECTANTS,0451521014,N,22-MAR-2025
PROD_98186,98186,02491869,JAMP DARIFENACIN,,,0151554001,N,22-MAR-2025
PROD_98187,98187,02491877,JAMP DARIFENACIN,,,0151554002,N,22-MAR-2025
PROD_98190,98190,02491893,LUPIN-PROPRANOLOL LA,,,0101831008,N,22-MAR-2025
PROD_98191,98191,02491907,LUPIN-PROPRANOLOL LA,,,0101831002,N,22-MAR-2025
PROD_98192,98192,02491915,LUPIN-PROPRANOLOL LA,,,0101831001,N,22-MAR-2025
PROD_98193,98193,02491923,LUPIN-PROPRANOLOL LA,,,0101831006,N,22-MAR-2025
PROD_98194,98194,02491931,MORPHINE SULFATE INJECTION USP,,,0104545004,N,22-MAR-2025
PROD_98197,98197,02492067,SSP+,BUFFY COAT PREPARATION,,0761850001,N,26-AUG-2026
PROD_98198,98198,02491974,JAMP RASAGILINE,,,0151662001,N,22-MAR-2025
PROD_98199,98199,02491982,JAMP RASAGILINE,,,0151662002,N,22-MAR-2025
PROD_98201,98201,02492008,NRA-CIPROFLOXACIN,,,0123207001,N,22-MAR-2025
PROD_98204,98204,02492032,TALZENNA,,,0161811001,N,11-MAR-2026
PROD_98206,98206,02492059,MOISTURE SURGE SHEERTINT HYDRATOR SPF 25,,CAT IV - SUNBURN PROTECTANTS,0427221020,N,04-AUG-2026
PROD_98207,98207,02492075,SSP+,BUFFY COAT OR APHERESIS PREPARATION,,0761850001,N,26-AUG-2026
PROD_98210,98210,02492105,ODAN LEVOCARNITINE,,,0127168003,N,22-MAR-2025
PROD_98213,98213,02492148,ERTAPENEM FOR INJECTION,,,0149104002,N,22-MAR-2025
PROD_98214,98214,02492156,HYRIMOZ,PEN,,0150364003,N,17-AUG-2026
PROD_98215,98215,02492164,HYRIMOZ,PREFILLED SYRINGE,,0150364003,N,31-JUL-2026
PROD_98218,98218,02492199,AMLODIPINE,,,0131437003,N,14-AUG-2026
PROD_98230,98230,02492261,SPORT 30 CONTINUOUS SPRAY SUNSCREEN ÉCRAN SOLAIRE EN VAPORISATEUR,,,0451521026,N,08-AUG-2025
PROD_98235,98235,02492334,MINT-IMATINIB,,,0145503002,N,06-MAY-2026
PROD_98236,98236,02492342,MINT-IMATINIB,,,0145503003,N,06-MAY-2026
PROD_98239,98239,02492369,MAR-APIXABAN,,,0153051001,N,02-JUL-2025
PROD_98240,98240,02492377,MAR-APIXABAN,,,0153051002,N,02-JUL-2025
PROD_98241,98241,02492393,TECENTRIQ,CONCENTRATE. SINGLE-USE VIALS,,0158930001,N,27-AUG-2026
PROD_98243,98243,02492415,BAQSIMI,SINGLE-DOSE DEVICE,,0101772002,N,22-MAR-2025
PROD_98246,98246,02492458,TOLERIANE SENSITIVE CRÈME UV,,CAT IV - SUNBURN PROTECTANTS,0451521013,N,22-MAR-2025
PROD_98249,98249,02492482,AG-RIZATRIPTAN ODT,,,0137841001,N,22-MAR-2025
PROD_98250,98250,02492490,AG-RIZATRIPTAN ODT,,,0137841002,N,22-MAR-2025
PROD_98251,98251,02492504,DUPIXENT,PREFILLED SYRINGE,,0159790002,N,31-JUL-2026
PROD_98258,98258,02492571,TARO-TICAGRELOR,,,0152934002,N,22-MAR-2025
PROD_98259,98259,02492598,TARO-TICAGRELOR,,,0152934001,N,22-MAR-2025
PROD_98260,98260,02492601,PMS-ABIRATERONE,,,0152948001,N,22-MAR-2025
PROD_98274,98274,02492768,ARSENIC TRIOXIDE FOR INJECTION,,,0108756003,N,22-MAR-2025
PROD_98279,98279,02492792,OLAY SENSITIVE,,CAT IV - SUNBURN PROTECTANTS,0216792004,N,22-MAR-2025
PROD_98281,98281,02492814,NAT-APIXABAN,,,0153051001,N,20-JUL-2026
PROD_98282,98282,02492822,NAT-APIXABAN,,,0153051002,N,20-JUL-2026
PROD_98283,98283,02492830,RODAN + FIELDS REDEFINE TRIPLE DEFENSE LOTION,,CAT IV - SUNBURN PROTECTANTS,0451521086,N,22-MAR-2025
PROD_98284,98284,02492849,RODAN + FIELDS REDEFINE TRIPLE DEFENSE CREAM,,CAT IV - SUNBURN PROTECTANTS,0335121006,N,22-MAR-2025
PROD_98285,98285,02492857,NIGHTTIME COLD & FLU RELIEF,,,0351552006,N,22-MAR-2025
PROD_98290,98290,02492911,SANDOZ EVEROLIMUS,,,0152682003,N,22-MAR-2025
PROD_98291,98291,02492938,SANDOZ EVEROLIMUS,,,0152682001,N,22-MAR-2025
PROD_98292,98292,02492946,SANDOZ EVEROLIMUS,,,0152682002,N,22-MAR-2025
PROD_98295,98295,02492970,SUPERDEFENSE CITY BLOCK DAILY ENERGY + FACE PROTECTOR SPF 50,,CAT IV - SUNBURN PROTECTANTS,0327220049,N,22-MAR-2025
PROD_98296,98296,02492989,NUCALA,PREFILLED AUTO-INJECTOR,,0157630001,N,14-AUG-2026
PROD_98297,98297,02492997,NUCALA,PREFILLED SYRINGE,,0157630001,N,31-JUL-2026
PROD_98298,98298,02493004,ANTI-NAUSEANT LIQUID GELS,,LS - DIMENHYDRINATE,0102747004,N,22-MAR-2025
PROD_98299,98299,02493012,TRULANCE,,,0161890001,N,22-MAR-2025
PROD_98300,98300,02493020,TARO-DOXORUBICIN LIPOSOMAL,,,0110825002,N,14-APR-2025
PROD_98302,98302,02493039,PRZ-SOLIFENACIN,,,0151584001,N,27-JUL-2026
PROD_98303,98303,02493047,PRZ-SOLIFENACIN,,,0151584002,N,27-JUL-2026
PROD_98304,98304,02493055,ASPEN-DIENOGEST,,,0153021001,N,22-MAR-2025
PROD_98305,98305,02493063,SUNTHERA3 SPF 30 LIPBALM,,CAT IV - SUNBURN PROTECTANTS,0451521044,N,22-MAR-2025
PROD_98306,98306,02493071,SUNTHERA3 SPF 30 CONTINUOUS SPRAY,,CAT IV - SUNBURN PROTECTANTS,0451521080,N,22-MAR-2025
PROD_98307,98307,02493098,OLAY REGENERIST WHIP SUN PROTECTION FACTOR 40,,CAT IV - SUNBURN PROTECTANTS,0451521085,N,22-MAR-2025
PROD_98308,98308,02493101,SUNTHERA3 SPF 50+ SUN PROTECTION LOTION,,CAT IV - SUNBURN PROTECTANTS,0451521048,N,22-MAR-2025
PROD_98313,98313,02493160,PMS-CHLORHEXIDINE WITHOUT ALCOHOL,,,0107629007,N,30-OCT-2025
PROD_98320,98320,02493217,BALVERSA,,,0161931001,N,02-FEB-2026
PROD_98321,98321,02493225,BALVERSA,,,0161931002,N,02-FEB-2026
PROD_98322,98322,02493233,BALVERSA,,,0161931003,N,02-FEB-2026
PROD_98324,98324,02493268,AA-RISEDRONATE DR,,,0135301003,N,22-MAR-2025
PROD_98326,98326,02493284,TEA TREE OIL 2IN1,,CAT IV - ANTIDANDRUFF PRODUCTS,0108628001,N,22-MAR-2025
PROD_98327,98327,02493292,PYRITHIONE ZINC DANDRUFF SHAMPOO TEA TREE OIL,,CAT IV - ANTIDANDRUFF PRODUCTS,0108628001,N,22-MAR-2025
PROD_98328,98328,02493306,BORTEZOMIB FOR INJECTION,,,0150433001,N,22-MAR-2025
PROD_98335,98335,02493330,MEROPENEM FOR INJECTION,,,0128599001,N,22-MAR-2025
PROD_98336,98336,02493349,MEROPENEM FOR INJECTION,,,0128599003,N,22-MAR-2025
PROD_98337,98337,02493357,RIVA LEUCOVORIN,,,0108436001,N,22-MAR-2025
PROD_98339,98339,02493373,TOUJEO DOUBLESTAR,3 ML (900 IU) PREFILLED PEN,,0147062002,N,06-AUG-2026
PROD_98342,98342,02493403,SUNTHERA3 SPF 30 SUN PROTECTION LOTION,,CAT IV - SUNBURN PROTECTANTS,0451521014,N,22-MAR-2025
PROD_98343,98343,02493411,SUNTHERA3 SPF 50+ CONTINUOUS SPRAY,,CAT IV - SUNBURN PROTECTANTS,0451521072,N,22-MAR-2025
PROD_98344,98344,02493438,SUNTHERA3 SPORT SPF 50+ CONTINUOUS SPRAY,,CAT IV - SUNBURN PROTECTANTS,0451521072,N,22-MAR-2025
PROD_98349,98349,02493489,JAMP PRUCALOPRIDE,,,0153049001,N,22-MAR-2025
PROD_98350,98350,02493497,JAMP PRUCALOPRIDE,,,0153049002,N,22-MAR-2025
PROD_98351,98351,02493500,INTRAROSA,,,0161950001,N,22-MAR-2025
PROD_98354,98354,02493535,IBRANCE,,,0157970001,N,31-JUL-2025
PROD_98355,98355,02493543,IBRANCE,,,0157970002,N,31-JUL-2025
PROD_98356,98356,02493551,IBRANCE,,,0157970003,N,31-JUL-2025
PROD_98357,98357,02493578,AURO-PROGESTERONE,,,0106327002,N,24-MAR-2026
PROD_98367,98367,02493675,JORVEZA,,,0116807013,N,22-MAR-2025
PROD_98368,98368,02493683,JAMP ELETRIPTAN,,,0150241001,N,07-APR-2026
PROD_98369,98369,02493691,JAMP ELETRIPTAN,,,0150241002,N,10-APR-2026
PROD_98370,98370,02493705,JAMP FLECAINIDE,,,0116696004,N,22-MAR-2025
PROD_98371,98371,02493713,JAMP FLECAINIDE,,,0116696001,N,22-MAR-2025
PROD_98373,98373,02493748,NRA-CLINDAMYCIN,,,0105830002,N,22-MAR-2025
PROD_98374,98374,02493756,NRA-CLINDAMYCIN,,,0105830003,N,22-MAR-2025
PROD_98377,98377,02493772,SUNSCREEN CONTINUOUS SPRAY SPF 30 SPORT,,CAT IV - SUNBURN PROTECTANTS,0451521026,N,08-AUG-2025
PROD_98380,98380,02493802,BUCKLEY'S COLD & SINUS 24 HOUR PACK,CONTAINS DAYTIME CAPSULES AND NIGHTTIME CAPSULES,,0752932001,N,25-AUG-2026
PROD_98382,98382,02493829,VORICONAZOLE FOR INJECTION,,,0150242002,N,13-JAN-2026
PROD_98383,98383,02493837,NAT-LENALIDOMIDE,,,0152422006,N,20-JUL-2026
PROD_98384,98384,02493845,NAT-LENALIDOMIDE,,,0152422001,N,20-JUL-2026
PROD_98386,98386,02493861,NAT-LENALIDOMIDE,,,0152422002,N,20-JUL-2026
PROD_98387,98387,02493888,NAT-LENALIDOMIDE,,,0152422003,N,20-JUL-2026
PROD_98388,98388,02493896,NAT-LENALIDOMIDE,,,0152422005,N,20-JUL-2026
PROD_98389,98389,02493918,NAT-LENALIDOMIDE,,,0152422004,N,20-JUL-2026
PROD_98404,98404,02494027,BUCKLEY'S COMPLETE 24 HOUR PACK,CONTAINS DAYTIME CAPSULES AND NIGHTTIME CAPSULES,,0853138002,N,25-AUG-2026
PROD_98405,98405,02494035,SANDOZ BISOPROLOL TABLETS,,,0122418001,N,22-MAR-2025
PROD_98406,98406,02494043,SANDOZ BISOPROLOL TABLETS,,,0122418002,N,22-MAR-2025
PROD_98409,98409,02494051,APO-COLESEVELAM,,,0153000001,N,22-MAR-2025
PROD_98410,98410,02494078,MAR-ACARBOSE,,,0123099002,N,22-MAR-2025
PROD_98411,98411,02494086,MAR-ACARBOSE,,,0123099001,N,22-MAR-2025
PROD_98412,98412,02494094,SUNSCREEN CONTINUOUS SPRAY SPF 50 KIDS,SOLUTION,CAT IV - SUNBURN PROTECTANTS,0451521044,N,08-AUG-2025
PROD_98413,98413,02494108,SUNSCREEN CONTINUOUS SPRAY SPF 30,,,0451521026,N,08-AUG-2025
PROD_98417,98417,02494132,NAT-ABIRATERONE,,,0152948001,N,20-JUL-2026
PROD_98421,98421,02494175,AKLIEF,,,0161970001,N,22-MAR-2025
PROD_98422,98422,02494183,SUNTHERA3 KIDS SPF 50+ CONTINUOUS SPRAY SUNSCREEN BROAD SPECTRUM UVA/UVB PROTECTION,,CAT IV - SUNBURN PROTECTANTS,0451521072,N,22-MAR-2025
PROD_98423,98423,02494191,SUNTHERA3 SPORT SPF 50+ SUN PROTECTION LOTION,,CAT IV - SUNBURN PROTECTANTS,0451521043,N,22-MAR-2025
PROD_98424,98424,02494205,ÉMULSION HYDRATANTE VISAGE FPS 30,,CAT IV - SUNBURN PROTECTANTS,0451521009,N,22-MAR-2025
PROD_98425,98425,02494213,SUNTHERA3 KIDS SPF 50+ SUN PROTECTION LOTION,,CAT IV - SUNBURN PROTECTANTS,0451521082,N,22-MAR-2025
PROD_98429,98429,02494264,TARO-BUDESONIDE,,,0116807005,N,22-MAR-2025
PROD_98430,98430,02494272,TARO-BUDESONIDE,,,0116807004,N,22-MAR-2025
PROD_98431,98431,02494280,TARO-BUDESONIDE,,,0116807011,N,22-MAR-2025
PROD_98436,98436,02494337,TEVA-LIOTHYRONINE,,,0102421001,N,22-MAR-2025
PROD_98437,98437,02494345,TEVA-LIOTHYRONINE,,,0102421002,N,22-MAR-2025
PROD_98438,98438,02494353,IBUPROFEN LIQUID GELS,,,0108883004,N,22-MAR-2025
PROD_98439,98439,02494361,SINCALIDE FOR INJECTION,,,0113162001,N,22-JAN-2026
PROD_98440,98440,02494388,MYLOTARG,SINGLE-USE VIAL,,0161991001,N,12-AUG-2026
PROD_98443,98443,02494418,AG-METFORMIN,,,0101773001,N,22-MAR-2025
PROD_98444,98444,02494434,PHARIXIA ALCOHOL FREE,,,0113801001,N,22-MAR-2025
PROD_98445,98445,02494442,AG-METFORMIN,,,0101773002,N,22-MAR-2025
PROD_98446,98446,02494450,CRÈME SOLAIRE VISAGE TOUCHER SEC FPS 30,,CAT IV - SUNBURN PROTECTANTS,0451521043,N,06-JUN-2025
PROD_98447,98447,02494469,LAIT SOLAIRE CORPS FPS 50+,,CAT IV - SUNBURN PROTECTANTS,0552225010,N,06-JUN-2025
PROD_98448,98448,02494477,CRÈME SOLAIRE VISAGE TOUCHER SEC FPS 50+,,CAT IV - SUNBURN PROTECTANTS,0544758078,N,06-JUN-2025
PROD_98451,98451,02494507,PMS-FLUTICASONE PROPIONATE/SALMETEROL DPI,,,0238341001,N,22-MAR-2025
PROD_98452,98452,02494515,PMS-FLUTICASONE PROPIONATE/SALMETEROL DPI,,,0238341002,N,22-MAR-2025
PROD_98453,98453,02494523,PMS-FLUTICASONE PROPIONATE/SALMETEROL DPI,,,0238341003,N,22-MAR-2025
PROD_98455,98455,02494558,ACYCLOVIR SODIUM INJECTION,,,0115506007,N,09-JAN-2026
PROD_98457,98457,02494574,CLADRIBINE INJECTION,,,0124270001,N,22-MAR-2025
PROD_98458,98458,02494582,FRAGMIN,PREFILLED SYRINGES,,0126861002,N,04-AUG-2026
PROD_98460,98460,02494604,FUTURIST HYDRA RESCUE MOISTURIZING MAKEUP FOND DE TEINT HYDRATANT SPF/FPS 45,,CAT IV - SUNBURN PROTECTANTS,0453052003,N,22-MAR-2025
PROD_98463,98463,02494639,CREON MINIMICROSPHERES 35,,,0302964045,N,25-APR-2025
PROD_98465,98465,02494655,CRÈME SOLAIRE CORPS FPS 30,,CAT IV - SUNBURN PROTECTANTS,0451521043,N,06-JUN-2025
PROD_98468,98468,02494698,JAMP CEPHALEXIN,,,0105911004,N,22-MAR-2025
PROD_98469,98469,02494701,JAMP CEPHALEXIN,,,0105911003,N,22-MAR-2025
PROD_98471,98471,02494736,AURO-ENZALUTAMIDE,,,0154350001,N,20-MAY-2026
PROD_98476,98476,02494787,HAWAIIAN TROPIC ISLAND SPORT SWEAT RESISTANT SUNSCREEN LOTION SPF 30,,CAT IV - SUNBURN PROTECTANTS,0352510020,N,22-MAR-2025
PROD_98477,98477,02494795,HAWAIIAN TROPIC ISLAND SPORT SWEAT RESISTANT SUNSCREEN LOTION SPF 50,,CAT IV - SUNBURN PROTECTANTS,0451521087,N,22-MAR-2025
PROD_98480,98480,02494825,SUNSCREEN LOTION 30 SPF/FPS SPORT,,CAT IV - SUNBURN PROTECTANTS,0451521026,N,08-AUG-2025
PROD_98481,98481,02494833,KIDS SUNSCREEN LOTION 50+,,CAT IV - SUNBURN PROTECTANTS,0451521044,N,08-AUG-2025
PROD_98482,98482,02494841,NAT-PREGABALIN,,,0151121001,N,20-JUL-2026
PROD_98483,98483,02494868,NAT-PREGABALIN,,,0151121002,N,20-JUL-2026
PROD_98484,98484,02494876,NAT-PREGABALIN,,,0151121003,N,20-JUL-2026
PROD_98485,98485,02494884,NAT-PREGABALIN,,,0151121005,N,20-JUL-2026
PROD_98486,98486,02494892,NAT-PREGABALIN,,,0151121007,N,20-JUL-2026
PROD_98487,98487,02494906,NAT-PREGABALIN,,,0151121008,N,20-JUL-2026
PROD_98492,98492,02494949,PLAY EVERYDAY LOTION,,CAT IV - SUNBURN PROTECTANTS,0451521021,N,22-MAR-2025
PROD_98493,98493,02494965,SPF 50 FACE CREAM,,CAT IV - SUNBURN PROTECTANTS,0458790005,N,24-JUL-2025
PROD_98494,98494,02494973,SUNSCREEN LOTION 50 SPF/FPS SPORT,,CAT IV - SUNBURN PROTECTANTS,0451521044,N,08-AUG-2025
PROD_98495,98495,02494981,SHEER OIL FREE SUNSCREEN LOTION 30 SPF/FPS,,CAT IV - SUNBURN PROTECTANTS,0451521026,N,05-AUG-2026
PROD_98496,98496,02495007,ROZLYTREK,,,0162010001,N,08-MAY-2026
PROD_98497,98497,02495015,ROZLYTREK,,,0162010002,N,08-MAY-2026
PROD_98498,98498,02495023,SANDOZ CLOBETASOL,SOLUTION,,0110995001,N,12-AUG-2026
PROD_98499,98499,02495031,HAWAIIAN TROPIC ISLAND SPORT SWEAT RESISTANT SUNSCREEN SPRAY SPF 50,,,0451521088,N,22-MAR-2025
PROD_98500,98500,02495058,XOSPATA,,,0162011001,N,22-MAR-2025
PROD_98503,98503,02495082,DULOXETINE,,,0152350001,N,10-APR-2025
PROD_98504,98504,02495090,DULOXETINE,,,0152350002,N,10-APR-2025
PROD_98506,98506,02495139,JAMP DESVENLAFAXINE,,,0152509001,N,22-MAR-2025
PROD_98509,98509,02495155,RINVOQ,,,0162012001,N,07-AUG-2026
PROD_98510,98510,02495147,JAMP DESVENLAFAXINE,,,0152509002,N,22-MAR-2025
PROD_98511,98511,02495163,SUNSCREEN LOTION 30 SPF FPS,,CAT IV - SUNBURN PROTECTANTS,0451521026,N,08-AUG-2025
PROD_98512,98512,02495171,SUNSCREEN LOTION 50 SPF FPS,,CAT IV - SUNBURN PROTECTANTS,0451521044,N,08-AUG-2025
PROD_98513,98513,02495198,CREST PRO-HEALTH NIGHTLY BACTERIA GUARD,,CAT IV - ORAL HEALTH PRODUCTS,0106834010,N,15-MAY-2026
PROD_98514,98514,02495201,SUNSCREEN CONTINUOUS SPRAY SPF 50,,CAT IV - SUNBURN PROTECTANTS,0451521044,N,08-AUG-2025
PROD_98515,98515,02495228,SUNSCREEN CONTINUOUS SPRAY SPF 50 SPORT,,CAT IV - SUNBURN PROTECTANTS,0451521044,N,08-AUG-2025
PROD_98517,98517,02495244,VASCEPA,,,0162013001,N,05-JUL-2025
PROD_98529,98529,02495376,JAMP DILTIAZEM T,,,0115863004,N,06-FEB-2026
PROD_98530,98530,02495384,JAMP DILTIAZEM T,,,0115863007,N,06-FEB-2026
PROD_98531,98531,02495392,JAMP DILTIAZEM T,,,0115863006,N,06-FEB-2026
PROD_98532,98532,02495406,JAMP DILTIAZEM T,,,0115863008,N,06-FEB-2026
PROD_98533,98533,02495414,JAMP DILTIAZEM T,,,0115863009,N,06-FEB-2026
PROD_98535,98535,02495430,MINT-APIXABAN,,,0153051001,N,04-JUN-2025
PROD_98536,98536,02495449,MINT-APIXABAN,,,0153051002,N,04-JUN-2025
PROD_98537,98537,02495457,MINT-VALGANCICLOVIR,,,0147203001,N,22-MAR-2025
PROD_98538,98538,02495465,M-CELECOXIB,,,0137043001,N,29-JUL-2026
PROD_98539,98539,02495473,M-CELECOXIB,,,0137043002,N,29-JUL-2026
PROD_98541,98541,02495503,JAMP NITROFURANTOIN,,,0101480002,N,03-APR-2025
PROD_98542,98542,02495511,JAMP NITROFURANTOIN,,,0101480001,N,03-APR-2025
PROD_98546,98546,02495562,BISOPROLOL TABLETS,,,0122418001,N,22-MAR-2025
PROD_98547,98547,02495570,BISOPROLOL TABLETS,,,0122418002,N,22-MAR-2025
PROD_98548,98548,02495589,OSNUVO,,,0150152001,N,22-MAR-2025
PROD_98549,98549,02495597,WIXELA INHUB,,,0238341001,N,22-MAR-2025
PROD_98550,98550,02495600,WIXELA INHUB,,,0238341002,N,22-MAR-2025
PROD_98551,98551,02495619,WIXELA INHUB,,,0238341003,N,22-MAR-2025
PROD_98553,98553,02495635,CABAZITAXEL FOR INJECTION,,,0152936001,N,24-JUL-2025
PROD_98554,98554,02495643,RIVA-PYRIDOSTIGMINE,,,0107514003,N,22-MAR-2025
PROD_98555,98555,02495651,CEPHALEXIN,,,0105911003,N,22-MAR-2025
PROD_98558,98558,02495694,ULTRA FACIAL CREAM/CRÈME SPF 30,,CAT IV - SUNBURN PROTECTANTS,0451521013,N,22-MAR-2025
PROD_98562,98562,02495724,RUXIENCE,CONCENTRATE. SINGLE-USE VIAL,,0140241001,N,21-AUG-2026
PROD_98563,98563,02495732,VYNDAQEL,,,0162031001,N,09-JUN-2026
PROD_98568,98568,02495783,JAMP METHADONE ORAL CONCENTRATE,,,0144621001,N,22-MAR-2025
PROD_98576,98576,02495864,SANDOZ AMOXICILLIN,,,0131314003,N,22-MAR-2025
PROD_98577,98577,02495872,ODAN-METHADONE,,,0144621001,N,30-JUL-2026
PROD_98578,98578,02495880,ODAN-METHADONE,"DYE FREE, SUGAR-FREE, AND UNFLAVORED",,0144621001,N,25-AUG-2026
PROD_98581,98581,02495910,AMOXICILLIN SODIUM AND POTASSIUM CLAVULANATE FOR INJECTION,SINGLE-USE VIALS,,0234720015,N,10-AUG-2026
PROD_98582,98582,02495929,AMOXICILLIN SODIUM AND POTASSIUM CLAVULANATE FOR INJECTION,SINGLE-USE VIALS,,0234720013,N,10-AUG-2026
PROD_98583,98583,02495937,AMOXICILLIN SODIUM AND POTASSIUM CLAVULANATE FOR INJECTION,SINGLE-USE VIALS,,0234720014,N,10-AUG-2026
PROD_98587,98587,02495988,ODAN ITRACONAZOLE,,,0123311001,N,18-MAR-2026
PROD_98589,98589,02496003,TARO-TESTOSTERONE CYPIONATE INJECTION,,,0106401001,N,22-MAR-2025
PROD_98597,98597,02496097,"PACLITAXEL POWDER FOR INJECTABLE SUSPENSION NANOPARTICLE, ALBUMIN-BOUND PACLITAXEL",,,0124214002,N,22-MAR-2025
PROD_98599,98599,02496119,M-PILOCARPINE,,,0107358009,N,22-MAR-2025
PROD_98600,98600,02496127,ERTAPENEM FOR INJECTION,SINGLE-USE VIAL,,0149104002,N,12-AUG-2026
PROD_98601,98601,02496135,FASENRA PEN,SINGLE-USE PREFILLED AUTO-INJECTOR,,0159970001,N,28-AUG-2026
PROD_98602,98602,02496143,FENTANYL INJECTION BP,,,0123302002,N,22-MAR-2025
PROD_98603,98603,02496151,FENTANYL INJECTION BP,,,0123302002,N,22-MAR-2025
PROD_98604,98604,02496178,FENTANYL INJECTION BP,,,0123302002,N,22-MAR-2025
PROD_98605,98605,02496186,FENTANYL INJECTION BP,,,0123302002,N,22-MAR-2025
PROD_98608,98608,02496216,PMS-FAMPRIDINE,,,0153090001,N,30-APR-2025
PROD_98610,98610,02496232,MAR-TRANEXAMIC ACID,,,0114760001,N,22-MAR-2025
PROD_98611,98611,02496240,NEUTROGENA CLEAR FACE SUNSCREEN LOTION,,CAT IV - SUNBURN PROTECTANTS,0451521014,N,31-JUL-2025
PROD_98612,98612,02496259,SANDOZ POSACONAZOLE,,,0152201002,N,22-MAR-2025
PROD_98618,98618,02496291,ELTAMD SKINCARE UV CLEAR,,CAT IV - SUNBURN PROTECTANTS,0216792017,N,31-JUL-2025
PROD_98619,98619,02496305,SUVEXX,,,0262035001,N,25-MAR-2026
PROD_98620,98620,02496313,"CEFAZOLIN IN DEXTROSE INJECTION, USP",SINGLE-DOSE BAGS,,0109442009,N,22-MAY-2026
PROD_98622,98622,02496348,NUBEQA,,,0162034001,N,15-SEP-2025
PROD_98623,98623,02496356,AG-EMTRICITABINE / TENOFOVIR DISOPROXIL FUMARATE,,,0251568001,N,22-MAR-2025
PROD_98624,98624,02496364,XOFLUZA,,,0162036001,N,03-OCT-2025
PROD_98625,98625,02496372,XOFLUZA,,,0162036002,N,09-FEB-2026
PROD_98626,98626,02496380,MINT-NADOLOL,,,0113396003,N,22-MAR-2025
PROD_98627,98627,02496399,MINT-NADOLOL,,,0113396001,N,22-MAR-2025
PROD_98629,98629,02496410,TARO-CLOTRIMAZOLE/BETAMETHASONE DIPROPIONATE,,,0216399001,N,22-MAR-2025
PROD_98630,98630,02496429,MAYZENT,,,0162037001,N,25-JUL-2025
PROD_98631,98631,02496437,MAYZENT,,,0162037002,N,25-JUL-2025
PROD_98634,98634,02496461,NAT-CETIRIZINE,,,0122686001,N,20-JUL-2026
PROD_98635,98635,02496488,NAT-CETIRIZINE,,,0122686003,N,20-JUL-2026
PROD_98638,98638,02496526,DURATOCIN,SINGLE-USE VIAL,,0132909001,N,12-AUG-2026
PROD_98639,98639,02496534,M-ROSUVASTATIN,,,0148963004,N,24-OCT-2025
PROD_98640,98640,02496542,M-ROSUVASTATIN,,,0148963001,N,24-OCT-2025
PROD_98641,98641,02496550,M-ROSUVASTATIN,,,0148963002,N,24-OCT-2025
PROD_98642,98642,02496569,M-ROSUVASTATIN,,,0148963003,N,24-OCT-2025
PROD_98644,98644,02496585,HYDRO BOOST WATER GEL LOTION SUNSCREEN,,CAT IV - SUNBURN PROTECTANTS,0451521048,N,04-JUN-2025
PROD_98651,98651,02496690,KANJINTI,,,0154252004,N,22-MAR-2025
PROD_98652,98652,02496666,MIRTAZAPINE,,,0143928001,N,22-MAR-2025
PROD_98653,98653,02496674,MIRTAZAPINE,,,0143928002,N,22-MAR-2025
PROD_98654,98654,02496682,MIRTAZAPINE,,,0143928003,N,22-MAR-2025
PROD_98660,98660,02496755,REGIOCIT,,,0262055001,N,22-MAR-2025
PROD_98662,98662,02496771,PEYONA,,,0162054001,N,22-MAR-2025
PROD_98665,98665,02496801,PROTECT + HYDRATE MOISTURIZING SUNSCREEN SPF 50,,CAT IV - SUNBURN PROTECTANTS,0451521090,N,27-AUG-2025
PROD_98666,98666,02496828,MINT-LEUCOVORIN,,,0108436001,N,22-MAR-2025
PROD_98668,98668,02496836,JAMP TOLTERODINE,,,0135202001,N,22-MAR-2025
PROD_98669,98669,02496844,JAMP TOLTERODINE,,,0135202002,N,22-MAR-2025
PROD_98670,98670,02496852,BENDAMUSTINE HYDROCHLORIDE FOR INJECTION,,,0153268001,N,22-MAR-2025
PROD_98671,98671,02496860,BENDAMUSTINE HYDROCHLORIDE FOR INJECTION,,,0153268002,N,22-MAR-2025
PROD_98672,98672,02496879,ULTRA SUN PROTECTOR CREAM CRÈME SOLAIRE ULTRA PROTECTION 50+,,CAT IV - SUNBURN PROTECTANTS,0462074001,N,22-MAR-2025
PROD_98673,98673,02496887,NAT-BENDAMUSTINE,,,0153268001,N,20-JUL-2026
PROD_98674,98674,02496895,NAT-BENDAMUSTINE,,,0153268002,N,20-JUL-2026
PROD_98678,98678,02496909,HEALTHY GLOW ALL-IN-ONE TINTED MOISTURIZER BROAD SPECTRUM SPF 25,,CAT IV - SUNBURN PROTECTANTS,0327220051,N,22-MAR-2025
PROD_98680,98680,02496925,LEUCOVORIN CALCIUM INJECTION,,,0108436002,N,22-MAR-2025
PROD_98681,98681,02496933,AVSOLA,,,0144162001,N,25-AUG-2026
PROD_98684,98684,02496976,BEOVU,SINGLE-USE PREFILLED SYRINGE,,0162094001,N,20-AUG-2026
PROD_98689,98689,02497026,PMS-DIMETHYL FUMARATE,,,0154210001,N,22-MAR-2025
PROD_98690,98690,02497034,PMS-DIMETHYL FUMARATE,,,0154210002,N,22-MAR-2025
PROD_98692,98692,02497069,PIQRAY,,,0162095002,N,24-NOV-2025
PROD_98693,98693,02497077,PIQRAY,,,0162095003,N,24-NOV-2025
PROD_98694,98694,02497085,PIQRAY,KIT CONTAINS 50 MG AND 200 MG PIQRAY TABLETS,,0262096001,N,24-NOV-2025
PROD_98695,98695,02497093,STOKODERM SUNSCREEN PURE,,CAT IV - SUNBURN PROTECTANTS,0451521070,N,22-MAR-2025
PROD_98696,98696,02497123,LIFE BRAND SUNSCREEN LOTION SPF 50+,,CAT IV - SUNBURN PROTECTANTS,0451521048,N,22-MAR-2025
PROD_98700,98700,02497131,JAMP FROVATRIPTAN,,,0150262001,N,22-MAR-2025
PROD_98705,98705,02497204,VOCABRIA,,,0162114001,N,25-JUL-2025
PROD_98706,98706,02497220,CABENUVA,KIT CONTAINS 2 ML VIAL OF CABOTEGRAVIR AND 2 ML VIAL OF RILPIVIRINE,,0262115001,N,25-JUL-2025
PROD_98709,98709,02497247,CABENUVA,KIT CONTAINS 3 ML VIAL OF CABOTEGRAVIR AND 3 ML VIAL OF RILPIVIRINE,,0262115001,N,25-JUL-2025
PROD_98715,98715,02497328,TRANEXAMIC ACID INJECTION,,,0114760002,N,22-MAR-2025
PROD_98716,98716,02497336,PROTECT + HYDRATE FACE,,CAT IV - SUNBURN PROTECTANTS,0451521090,N,05-SEP-2025
PROD_98717,98717,02497344,INSTANT BRONZER INSTANTANÉ 15,,CAT IV - SUNBURN PROTECTANTS,0335121015,N,08-AUG-2025
PROD_98722,98722,02497395,ZIEXTENZO,SINGLE-USE PREFILLED SYRINGE,,0149962001,N,20-AUG-2026
PROD_98723,98723,02497409,JAMP OSELTAMIVIR,,,0139501003,N,22-MAR-2025
PROD_98725,98725,02497425,JAMP OSELTAMIVIR,,,0139501001,N,22-MAR-2025
PROD_98727,98727,02497441,MINT-OSELTAMIVIR,,,0139501003,N,22-MAR-2025
PROD_98729,98729,02497476,MINT-OSELTAMIVIR,,,0139501001,N,22-MAR-2025
PROD_98731,98731,02497506,TARO-CLOMIPRAMINE,,,0109212003,N,22-MAR-2025
PROD_98733,98733,02497514,TARO-CLOMIPRAMINE,,,0109212002,N,22-MAR-2025
PROD_98738,98738,02497557,JAMP SODIUM POLYSTYRENE SULFONATE,,,0108701006,N,22-MAR-2025
PROD_98740,98740,02497581,RYBELSUS,,,0159870003,N,13-AUG-2026
PROD_98741,98741,02497603,RYBELSUS,,,0159870004,N,13-AUG-2026
PROD_98742,98742,02497611,RYBELSUS,,,0159870005,N,13-AUG-2026
PROD_98745,98745,02497654,JAMP ABACAVIR / LAMIVUDINE,,,0251241001,N,22-MAR-2025
PROD_98749,98749,02497697,ADDNUTRIV,,,0962135001,N,22-MAR-2025
PROD_98752,98752,02497727,LIFE BRAND KIDS SUNSCREEN LOTION SPF 50+,,CAT IV - SUNBURN PROTECTANTS,0451521082,N,22-MAR-2025
PROD_98755,98755,02497743,AURO-CEPHALEXIN,,,0105911001,N,22-MAR-2025
PROD_98756,98756,02497751,AURO-CEPHALEXIN,,,0105911002,N,22-MAR-2025
PROD_98759,98759,02497794,LIFE BRAND SUNSCREEN LOTION SPF 30,,CAT IV - SUNBURN PROTECTANTS,0451521014,N,22-MAR-2025
PROD_98761,98761,02497816,LIFE BRAND SUNSCREEN FACE LOTION SPF 50+,,CAT IV - SUNBURN PROTECTANTS,0544758112,N,22-MAR-2025
PROD_98765,98765,02497859,AJOVY,SINGLE-DOSE PREFILLED SYRINGE,,0162154001,N,06-AUG-2026
PROD_98766,98766,02497875,ENTYVIO,SINGLE-USE PREFILLED SYRINGE,,0156530002,N,20-AUG-2026
PROD_98767,98767,02497867,ENTYVIO,SINGLE-USE PREFILLED PEN,,0156530002,N,10-AUG-2026
PROD_98782,98782,02498022,MIDAZOLAM INJECTION USP,,,0119935002,N,28-OCT-2025
PROD_98785,98785,02498057,UCERIS,,,0116807014,N,22-MAR-2025
PROD_98787,98787,02498073,ITULATEK,,,0162175001,N,23-JUL-2025
PROD_98788,98788,02498081,RODAN + FIELDS REVERSE BRIGHTENING DEFENSE FLUID LOTION,,CAT IV - SUNBURN PROTECTANTS,0451521046,N,22-MAR-2025
PROD_98796,98796,02498189,JAMP DIENOGEST,,,0153021001,N,22-MAR-2025
PROD_98801,98801,02498235,SARCLISA,FOR I.V. INFUSION. SINGLE-USE VIALS,,0162194001,N,17-AUG-2026
PROD_98802,98802,02498243,SARCLISA,FOR I.V. INFUSION. SINGLE-USE VIALS,,0162194001,N,17-AUG-2026
PROD_98804,98804,02498251,HIZENTRA,ALSO KNOW AS IMMUNE GLOBULIN (HUMAN). 20 ML SINGLE-USE PREFILLED SYRINGE,,0106267011,N,27-AUG-2026
PROD_98805,98805,02498278,MORPHINE SULFATE INJECTION EPIDURAL,SINGLE-USE VIAL,,0104545007,N,12-AUG-2026
PROD_98806,98806,02498286,MORPHINE SULFATE INJECTION EPIDURAL,SINGLE-USE VIAL,,0104545004,N,12-AUG-2026
PROD_98807,98807,02498294,DRIXORAL NO DRIP NASAL CONGESTION,,LS - TOPICAL NASAL DECONGESTANTS,0101481001,N,22-MAR-2025
PROD_98808,98808,02498308,DRIXORAL NO DRIP NASAL CONGESTION WITH MENTHOL,,LS - TOPICAL NASAL DECONGESTANTS,0101481001,N,22-MAR-2025
PROD_98809,98809,02498316,RIXIMYO,SINGLE-USE VIALS,,0140241001,N,10-AUG-2026
PROD_98811,98811,02498332,JAMP ROSUVASTATIN TABLETS,,,0148963004,N,06-AUG-2026
PROD_98812,98812,02498340,JAMP ROSUVASTATIN TABLETS,,,0148963001,N,06-AUG-2026
PROD_98813,98813,02498359,JAMP ROSUVASTATIN TABLETS,,,0148963002,N,06-AUG-2026
PROD_98814,98814,02498367,JAMP ROSUVASTATIN TABLETS,,,0148963003,N,06-AUG-2026
PROD_98816,98816,02498413,CLINIMIX E,8% AMINO ACIDS (BLEND D) WITH ELECTROLYTES IN 10% DEXTROSE WITH CALCIUM INJECTION,,2062219002,N,22-MAR-2025
PROD_98819,98819,02498421,CLINIMIX E,8% AMINO ACIDS (BLEND D) WITH ELECTROLYTES IN 14% DEXTROSE WITH CALCIUM INJECTION,,2062219001,N,22-MAR-2025
PROD_98820,98820,02498448,CLINIMIX,6% AMINO ACIDS (BLEND D) WITHOUT ELECTROLYTES IN 5% DEXTROSE INJECTION,,1662220001,N,22-APR-2025
PROD_98821,98821,02498456,CLINIMIX,8% AMINO ACIDS (BLEND D) WITHOUT ELECTROLYTES IN 10% DEXTROSE INJECTION,,1662220002,N,22-MAR-2025
PROD_98822,98822,02498464,CLINIMIX,8% AMINO ACIDS (BLEND D) WITHOUT ELECTROLYTES IN 14% DEXTROSE INJECTION,,1662220003,N,22-MAR-2025
PROD_98824,98824,02498472,DAURISMO,,,0162218001,N,22-MAR-2025
PROD_98825,98825,02498480,DAURISMO,,,0162218002,N,22-MAR-2025
PROD_98827,98827,02498502,JAMP DIGOXIN,,,0107281004,N,27-JAN-2026
PROD_98828,98828,02498510,JAMP DIGOXIN,,,0107281006,N,27-JAN-2026
PROD_98830,98830,02498537,ADYNOVATE,"125 UNITS/ML (2 ML DILUENT), SINGLE USE VIAL",,0158550001,N,30-JUL-2026
PROD_98831,98831,02498545,ADYNOVATE,250 UNITS/ML (2 ML DILUENT) SINGLE-USE VIAL,,0158550002,N,30-JUL-2026
PROD_98834,98834,02498588,ADYNOVATE,500 UNITS/ML (2 ML DILUENT) - SINGLE USE VIAL,,0158550003,N,22-MAR-2025
PROD_98835,98835,02498596,ADYNOVATE,750 UNITS/ML (2 ML DILUENT) - SINGLE USE VIAL,,0158550006,N,22-MAR-2025
PROD_98837,98837,02498626,ADYNOVATE,600 UNITS/ML (5 ML DILUENT) - SINGLE USE VIAL,,0158550007,N,22-MAR-2025
PROD_98840,98840,02498650,TOMVI,SINGLE-USE VIALS,,0162234001,N,10-AUG-2026
PROD_98842,98842,02498677,SPY AGENT GREEN KIT FOR SPY-PHI,,,0150962001,N,22-MAR-2025
PROD_98843,98843,02498731,NAT-LANTHANUM,,,0151709001,N,20-JUL-2026
PROD_98844,98844,02498758,NAT-LANTHANUM,,,0151709002,N,20-JUL-2026
PROD_98845,98845,02498766,NAT-LANTHANUM,,,0151709003,N,20-JUL-2026
PROD_98846,98846,02498774,NAT-LANTHANUM,,,0151709004,N,20-JUL-2026
PROD_98847,98847,02498685,ATECTURA BREEZHALER,,,0262235001,N,22-MAR-2025
PROD_98848,98848,02498693,ATECTURA BREEZHALER,,,0262235002,N,22-MAR-2025
PROD_98849,98849,02498707,ATECTURA BREEZHALER,,,0262235003,N,22-MAR-2025
PROD_98854,98854,02498804,APO-TERIPARATIDE INJECTION,PREFILLED PEN,,0150152001,N,31-JUL-2026
PROD_98856,98856,02498820,ROCURONIUM BROMIDE INJECTION,,,0126317001,N,22-MAR-2025
PROD_98866,98866,02498944,AG-VITAMINE D TABLETS,,,0108524005,N,24-SEP-2025
PROD_98867,98867,02498952,SLEEP AID,,LS - SLEEP AIDS,0102639001,N,22-MAR-2025
PROD_98882,98882,02499053,LIFE BRAND SPORT SUNSCREEN CONTINUOUS SPRAY SPF 50+,,CAT IV - SUNBURN PROTECTANTS,0544758040,N,22-MAR-2025
PROD_98883,98883,02499061,TARO-BORTEZOMIB,SINGLE-USE VIAL,,0150433001,N,07-AUG-2026
PROD_98885,98885,02499096,CEFEPIME FOR INJECTION USP,SINGLE-USE VIALS,,0150504005,N,10-AUG-2026
PROD_98886,98886,02499118,AFTER SUN GEL,,LS - TOPICAL - ANAESTHETIC/ANALGESIC/ANTIPRURITIC,0103565012,N,22-MAR-2025
PROD_98888,98888,02499126,BISACODYL LAXATIVE,,LS - LAXATIVES (STIMULANT),0101506001,N,22-MAR-2025
PROD_98894,98894,02499193,NRA-LEVETIRACETAM,,,0148843001,N,22-MAR-2025
PROD_98896,98896,02499215,NRA-LEVETIRACETAM,,,0148843003,N,22-MAR-2025
PROD_98897,98897,02499223,AURO-INDOMETHACIN,,,0101832002,N,22-MAR-2025
PROD_98899,98899,02499258,NRA-OLMESARTAN,,,0152496002,N,22-MAR-2025
PROD_98900,98900,02499266,NRA-OLMESARTAN,,,0152496003,N,22-MAR-2025
PROD_98902,98902,02499282,TARO-DASATINIB,,,0152198001,N,27-OCT-2025
PROD_98903,98903,02499290,SPRAVATO,SPRAY,,0162254001,N,25-AUG-2026
PROD_98904,98904,02499304,TARO-DASATINIB,,,0152198002,N,27-OCT-2025
PROD_98905,98905,02499312,TARO-DASATINIB,,,0152198003,N,27-OCT-2025
PROD_98906,98906,02499320,TARO-DASATINIB,,,0152198005,N,27-OCT-2025
PROD_98907,98907,02499339,TARO-DASATINIB,,,0152198004,N,27-OCT-2025
PROD_98908,98908,02499347,TARO-DASATINIB,,,0152198006,N,27-OCT-2025
PROD_98924,98924,02499509,NEXPLANON,SINGLE-USE APPLICATOR,,0162274001,N,21-AUG-2026
PROD_98925,98925,02499517,DIARRHEA RELIEF FAST DISSOLVE,,,0111332001,N,19-NOV-2025
PROD_98934,98934,02499614,POLIVY,SINGLE-USE VIAL,,0162275001,N,12-AUG-2026
PROD_98935,98935,02499622,PMS-TELMISARTAN,,,0138223001,N,14-OCT-2025
PROD_98936,98936,02499630,PMS-TELMISARTAN,,,0138223002,N,14-OCT-2025
PROD_98941,98941,02499681,ENSPRYNG,PREFILLED SYRINGE,,0162294001,N,31-JUL-2026
PROD_98943,98943,02499711,"CEFTRIAXONE INJECTION, USP",,,0117292011,N,22-MAR-2025
PROD_98944,98944,02499738,"CEFTRIAXONE INJECTION, USP",,,0117292012,N,22-MAR-2025
PROD_98955,98955,02499827,TUKYSA,,,0162296001,N,27-NOV-2025
PROD_98956,98956,02499835,TUKYSA,,,0162296002,N,27-NOV-2025
PROD_98960,98960,02499894,NAT-OSELTAMIVIR,,,0139501005,N,20-JUL-2026
PROD_98962,98962,02499916,LEVOTHYROXINE SODIUM INJECTION,,,0107794029,N,22-MAR-2025
PROD_98963,98963,02499924,LEVOTHYROXINE SODIUM INJECTION,,,0107794005,N,22-MAR-2025
PROD_98967,98967,02499967,DUOBRII,,,0262297001,N,27-OCT-2025
PROD_98971,98971,02499991,PEPTO BISMOL LIQUICAPS,,,0111864003,N,22-MAR-2025
PROD_98980,98980,02500094,JAMP CINACALCET TABLETS,,,0150282001,N,16-OCT-2025
PROD_98981,98981,02500108,JAMP CINACALCET TABLETS,,,0150282002,N,16-OCT-2025
PROD_98982,98982,02500116,JAMP CINACALCET TABLETS,,,0150282003,N,22-MAR-2025
PROD_98983,98983,02500124,FOAM-CARE ULTRA,,,0104993016,N,22-MAR-2025
PROD_98984,98984,02500132,AG-ROSUVASTATIN,,,0148963004,N,03-SEP-2025
PROD_98985,98985,02500140,AG-ROSUVASTATIN,,,0148963001,N,03-SEP-2025
PROD_98986,98986,02500159,AG-ROSUVASTATIN,,,0148963002,N,03-SEP-2025
PROD_98987,98987,02500167,AG-ROSUVASTATIN,,,0148963003,N,03-SEP-2025
PROD_98988,98988,02500175,JAMP ALENDRONATE SODIUM,,,0150323002,N,01-DEC-2025
PROD_98992,98992,02500213,AURO-BUSPIRONE,,,0116263001,N,22-MAR-2025
PROD_99001,99001,02500310,NAT-TERIFLUNOMIDE,,,0154970001,N,20-JUL-2026
PROD_99003,99003,02500337,ODOMZO,,,0162314001,N,16-JUN-2026
PROD_99011,99011,02500434,PMS-TERIFLUNOMIDE,,,0154970001,N,22-MAR-2025
PROD_99025,99025,02500582,AG-VALACYCLOVIR,,,0128626001,N,10-DEC-2025
PROD_99028,99028,02500612,SUNSCREEN FACE STICK / ÉCRAN SOLAIRE BÂTON,,CAT IV - SUNBURN PROTECTANTS,0451521014,N,24-JUL-2025
PROD_99030,99030,02500639,APO-TERIFLUNOMIDE,,,0154970001,N,22-MAR-2025
PROD_99031,99031,02500647,LIDOCAINE HYDROCHLORIDE INJECTION,SINGLE-USE PREFILLED SYRINGE,,0101280004,N,10-AUG-2026
PROD_99032,99032,02500655,LIDOCAINE HYDROCHLORIDE INJECTION,SINGLE-USE PREFILLED SYRINGE,,0101280001,N,10-AUG-2026
PROD_99033,99033,02500663,JAMP GEFITINIB,,,0149783001,N,22-MAR-2025
PROD_99036,99036,02500701,MORPHINE SULFATE INJECTION,,,0104545008,N,31-JUL-2026
PROD_99037,99037,02500728,MORPHINE SULFATE INJECTION,,,0104545001,N,31-JUL-2026
PROD_99038,99038,02500736,MORPHINE SULFATE INJECTION,,,0104545009,N,31-JUL-2026
PROD_99045,99045,02500795,AG-CANDESARTAN TABLETS,,,0135220002,N,22-MAR-2025
PROD_99046,99046,02500809,AG-CANDESARTAN TABLETS,,,0135220003,N,22-MAR-2025
PROD_99047,99047,02500817,AG-CANDESARTAN TABLETS,,,0135220004,N,22-MAR-2025
PROD_99049,99049,02500833,QINLOCK,,,0162315001,N,09-JAN-2026
PROD_99070,99070,02501058,INSTANT BRONZER INSTANTANÉ 30 CONTINUOUS SPRAY SUNSCREEN,,CAT IV - SUNBURN PROTECTANTS,0451521026,N,08-AUG-2025
PROD_99071,99071,02501066,INSTANT BRONZER INSTANTANÉ 15 CONTINUOUS SPRAY SUNSCREEN,,CAT IV - SUNBURN PROTECTANTS,0335121015,N,08-AUG-2025
PROD_99074,99074,02501090,TEVA-TERIFLUNOMIDE,,,0154970001,N,22-MAR-2025
PROD_99087,99087,02501244,ENERZAIR BREEZHALER,,,0362336001,N,22-MAR-2025
PROD_99088,99088,02501252,HEMORRHOIDAL OINTMENT,,LS - ANORECTAL DRUG PRODUCTS,0362337001,N,22-MAR-2025
PROD_99090,99090,02501279,IRINOTECAN HYDROCHLORIDE INJECTION,SINGLE-USE VIALS,,0132910001,N,10-AUG-2026
PROD_99092,99092,02501295,IRINOTECAN HYDROCHLORIDE INJECTION,SINGLE-USE VIAL,,0132910001,N,12-AUG-2026
PROD_99093,99093,02501309,BIO-PERINDOPRIL,,,0127178001,N,22-MAR-2025
PROD_99094,99094,02501317,BIO-PERINDOPRIL,,,0127178002,N,22-MAR-2025
PROD_99095,99095,02501325,BIO-PERINDOPRIL,,,0127178003,N,22-MAR-2025
PROD_99098,99098,02501368,DOVE CARE & PROTECT HAND WASH ANTIBACTERIAL,,CAT IV - ANTISEPTIC SKIN CLEANSERS,0104993016,N,22-MAR-2025
PROD_99101,99101,02501384,CLEAR SUNSCREEN STICK 50+,,CAT IV - SUNBURN PROTECTANTS,0451521094,N,22-MAR-2025
PROD_99103,99103,02501406,SUNSCREEN LIP BALM,,CAT IV - SUNBURN PROTECTANTS,0451521043,N,24-JUL-2025
PROD_99106,99106,02501430,NOREPINEPHRINE BITARTRATE IN 5% DEXTROSE INJECTION,SINGLE-USE,,0131301002,N,04-AUG-2026
PROD_99107,99107,02501449,NOREPINEPHRINE BITARTRATE IN 5% DEXTROSE INJECTION,SINGLE-USE,,0131301003,N,04-AUG-2026
PROD_99111,99111,02501481,DAUNORUBICIN INJECTABLE SOLUTION,,,0105870004,N,03-JUL-2026
PROD_99112,99112,02501503,PMS-ABIRATERONE,,,0152948002,N,22-MAR-2025
PROD_99116,99116,02501554,"FENTANYL CITRATE INJECTION, USP",,,0123302002,N,22-MAR-2025
PROD_99121,99121,02501600,INQOVI,,,0262355001,N,18-JUN-2025
PROD_99126,99126,02501643,APO-QUETIAPINE FUMARATE,,,0131858002,N,22-MAR-2025
PROD_99138,99138,02501775,SMOFKABIVEN EXTRA NITROGEN ELECTROLYTE FREE,SINGLE-USE,,2163114001,N,04-AUG-2026
PROD_99139,99139,02501783,"SUCCINYLCHOLINE CHLORIDE INJECTION, USP",MULTIDOSE VIAL,,0105141001,N,30-JUL-2026
PROD_99142,99142,02501813,SMOFKABIVEN EXTRA NITROGEN,,,2763115001,N,22-MAR-2025
PROD_99162,99162,02502038,M-AZITHROMYCIN,,,0126072001,N,22-MAR-2025
PROD_99165,99165,02502054,INSTANT BRONZER INSTANTANÉ 30 SPRAY GEL SUNSCREEN,,CAT IV - SUNBURN PROTECTANTS,0451521026,N,08-AUG-2025
PROD_99166,99166,02502062,INSTANT BRONZER INSTANTANÉ 4 SPRAY GEL SUNSCREEN,,CAT IV - SUNBURN PROTECTANTS,0242881006,N,08-AUG-2025
PROD_99167,99167,02502070,SPORT 30 LOTION SUNSCREEN LOTION ÉCRAN SOLAIRE,,CAT IV - SUNBURN PROTECTANTS,0451521026,N,05-AUG-2026
PROD_99173,99173,02502143,VEKLURY,SINGLE-DOSE VIAL,,0162395002,N,10-AUG-2026
PROD_99175,99175,02502178,ANTI-MICROBE M,,CAT IV - ANTISEPTIC SKIN CLEANSERS,0104993027,N,22-MAR-2025
PROD_99178,99178,02502208,HAND SANITIZER,,CAT IV - ANTISEPTIC SKIN CLEANSERS,0104993027,N,22-MAR-2025
PROD_99186,99186,02502283,M-CLOPIDOGREL,,,0134440001,N,22-MAR-2025
PROD_99188,99188,02502305,JAMP ABIRATERONE,,,0152948001,N,22-MAR-2025
PROD_99189,99189,02502313,SUBOXONE,,,0252216001,N,22-MAR-2025
PROD_99190,99190,02502321,SUBOXONE,,,0252216005,N,22-MAR-2025
PROD_99191,99191,02502348,SUBOXONE,,,0252216002,N,22-MAR-2025
PROD_99192,99192,02502356,SUBOXONE,,,0252216003,N,22-MAR-2025
PROD_99195,99195,02502372,TOBRAMYCIN INJECTION USP,,,0110230001,N,22-MAR-2025
PROD_99196,99196,02502380,HULIO,SINGLE-DOSE PREFILLED SYRINGES,,0150364003,N,14-AUG-2026
PROD_99197,99197,02502399,HULIO,SINGLE-DOSE PREFILLED SYRINGES,,0150364003,N,07-AUG-2026
PROD_99198,99198,02502402,HULIO,SINGLE-DOSE PREFILLED PENS,,0150364003,N,16-JUL-2026
PROD_99200,99200,02502429,JAMP PRASUGREL,,,0152712001,N,22-MAR-2025
PROD_99202,99202,02502445,INREBIC,,,0162415001,N,22-MAR-2025
PROD_99209,99209,02502526,ULTRA SHEER BODY MIST SUNSCREEN,,,0451521048,N,16-MAY-2025
PROD_99210,99210,02502534,ULTRA SHEER DRY-TOUCH SUNSCREEN,,CAT IV - SUNBURN PROTECTANTS,0451521048,N,31-JUL-2025
PROD_99211,99211,02502542,ULTRA SHEER FACE SUNSCREEN,,CAT IV - SUNBURN PROTECTANTS,0451521048,N,31-JUL-2025
PROD_99216,99216,02502593,"VANCOMYCIN HYDROCHLORIDE FOR INJECTION, USP",SINGLE-USE VIALS,,0131315003,N,10-AUG-2026
PROD_99218,99218,02502615,ISOPROTERENOL HYDROCHLORIDE INJECTION USP,SINGLE-USE VIALS,,0101873001,N,10-AUG-2026
PROD_99219,99219,02502623,ISOPROTERENOL HYDROCHLORIDE INJECTION USP,SINGLE-USE VIALS,,0101873001,N,10-AUG-2026
PROD_99222,99222,02502674,IDACIO,PREFILLED PEN,,0150364003,N,31-JUL-2026
PROD_99223,99223,02502682,IDACIO,PREFILLED SYRINGE,,0150364003,N,31-JUL-2026
PROD_99224,99224,02502690,MAR-DIMETHYL FUMARATE,,,0154210001,N,22-MAR-2025
PROD_99225,99225,02502704,MAR-DIMETHYL FUMARATE,,,0154210002,N,22-MAR-2025
PROD_99226,99226,02502712,DARZALEX SC,,,0158231002,N,27-JUL-2026
PROD_99234,99234,02502801,JAMP LAMIVUDINE / ZIDOVUDINE,,,0235460001,N,22-MAR-2025
PROD_99238,99238,02502852,FS ANTIMICROBIAL HAND WASH,,,0104993016,N,22-MAR-2025
PROD_99244,99244,02502917,PMS-IRON SUCROSE,SINGLE-USE VIAL,,0108536014,N,12-AUG-2026
PROD_99248,99248,02502968,ARTISTRY SKIN NUTRITION BALANCING MATTE DAY LOTION,,CAT IV - SUNBURN PROTECTANTS,0335121031,N,22-MAR-2025
PROD_99249,99249,02502976,ARTISTRY SKIN NUTRITION HYDRATING DAY LOTION,,CAT IV - SUNBURN PROTECTANTS,0335121006,N,22-MAR-2025
PROD_99250,99250,02502984,FIRDAPSE,,,0162417001,N,10-JUN-2025
PROD_99254,99254,02503034,RUZURGI,"IN ACCORDANCE WITH THE FCA DECISION IN A-78-22, THE 2021-06-24 DECISION (DATA PROTECTION) WAS RESTORED, AND A NEW NOC WAS ISSUED.",,0162417001,N,22-MAR-2025
PROD_99261,99261,02503107,GLOWSCREEN,,CAT IV - SUNBURN PROTECTANTS,0335121001,N,22-MAR-2025
PROD_99262,99262,02503115,PMS-FLUTICASONE HFA,,,0124685001,N,07-JUL-2026
PROD_99263,99263,02503123,PMS-FLUTICASONE HFA,,,0124685004,N,07-JUL-2026
PROD_99264,99264,02503131,PMS-FLUTICASONE HFA,,,0124685003,N,07-JUL-2026
PROD_99274,99274,02503247,DAYQUIL COUGH DM + CONGESTION,,,0300674006,N,22-MAR-2025
PROD_99282,99282,02503344,AG-SILDENAFIL TABLETS,,,0136261003,N,22-MAR-2025
PROD_99284,99284,02503360,CLOTRIMAZOLE EXTRA STRENGTH EXTERNAL ANTIFUNGAL CREAM,,,0110231003,N,06-JAN-2026
PROD_99291,99291,02503433,PANCREASE MT 2,,,0302964046,N,05-JUN-2025
PROD_99292,99292,02503441,PANCREASE MT 20,,,0302964047,N,05-JUN-2025
PROD_99297,99297,02503506,JAMP SILDENAFIL TABLETS,,,0136261003,N,22-MAR-2025
PROD_99301,99301,02503549,NYQUIL COMPLETE,,,0451561002,N,22-MAR-2025
PROD_99307,99307,02503611,NYQUIL COUGH DM + CONGESTION,,,0362436002,N,22-MAR-2025
PROD_99308,99308,02503638,DAYQUIL COMPLETE,,,0451421008,N,22-MAR-2025
PROD_99313,99313,02503689,IMVEXXY,,,0106457038,N,22-MAR-2025
PROD_99314,99314,02503697,IMVEXXY,,,0106457039,N,22-MAR-2025
PROD_99317,99317,02503727,JAMP MODAFINIL,,,0136083001,N,22-MAR-2025
PROD_99323,99323,02503794,NRA-TELMISARTAN,,,0138223001,N,02-JUL-2026
PROD_99324,99324,02503808,NRA-TELMISARTAN,,,0138223002,N,02-JUL-2026
PROD_99328,99328,02503840,PMS-SITAGLIPTIN,,,0152414002,N,22-MAR-2025
PROD_99329,99329,02503859,PMS-SITAGLIPTIN,,,0152414003,N,22-MAR-2025
PROD_99330,99330,02503867,PMS-SITAGLIPTIN,,,0152414001,N,22-MAR-2025
PROD_99331,99331,02503875,NRA-FLUOXETINE,,,0116847003,N,22-MAR-2025
PROD_99332,99332,02503883,NRA-FLUOXETINE,,,0116847001,N,22-MAR-2025
PROD_99333,99333,02503891,STERILE WATER FOR INJECTION USP,PHARMACY BULK,,0105143002,N,22-MAR-2025
PROD_99334,99334,02503905,ONDANSETRON INJECTION USP,"2 ML PRESERVATIVE-FREE, SINGLE-USE VIAL",,0131120004,N,20-AUG-2026
PROD_99341,99341,02503956,SANDOZ SITAGLIPTIN-METFORMIN,,,0252656001,N,22-MAR-2025
PROD_99342,99342,02503964,SANDOZ SITAGLIPTIN-METFORMIN,,,0252656002,N,22-MAR-2025
PROD_99343,99343,02503972,SANDOZ SITAGLIPTIN-METFORMIN,,,0252656003,N,22-MAR-2025
PROD_99344,99344,02503980,MAR-ABIRATERONE,,,0152948001,N,22-MAR-2025
PROD_99345,99345,02503999,MAR-ABIRATERONE,,,0152948002,N,22-MAR-2025
PROD_99346,99346,02504006,SANDOZ OSELTAMIVIR,,,0139501003,N,22-APR-2025
PROD_99347,99347,02504014,SANDOZ OSELTAMIVIR,,,0139501004,N,22-APR-2025
PROD_99348,99348,02504022,SANDOZ OSELTAMIVIR,,,0139501001,N,22-APR-2025
PROD_99350,99350,02504049,SANDOZ SITAGLIPTIN,,,0152414002,N,22-MAR-2025
PROD_99351,99351,02504057,SANDOZ SITAGLIPTIN,,,0152414003,N,22-MAR-2025
PROD_99352,99352,02504065,SANDOZ SITAGLIPTIN,,,0152414001,N,22-MAR-2025
PROD_99353,99353,02504073,REDDY-POMALIDOMIDE,,,0155290001,N,09-MAR-2026
PROD_99354,99354,02504081,REDDY-POMALIDOMIDE,,,0155290002,N,09-MAR-2026
PROD_99355,99355,02504103,REDDY-POMALIDOMIDE,,,0155290003,N,09-MAR-2026
PROD_99356,99356,02504111,REDDY-POMALIDOMIDE,,,0155290004,N,09-MAR-2026
PROD_99357,99357,02504138,NRA-TELMISARTAN/HCTZ,,,0244783002,N,28-JUL-2025
PROD_99358,99358,02504146,NRA-TELMISARTAN/HCTZ,,,0244783001,N,28-JUL-2025
PROD_99361,99361,02504170,JAMP TERIFLUNOMIDE,,,0154970001,N,22-MAR-2025
PROD_99363,99363,02504197,JAMP ATORVASTATIN TABLETS,,,0133055001,N,05-DEC-2025
PROD_99364,99364,02504200,JAMP ATORVASTATIN TABLETS,,,0133055002,N,05-DEC-2025
PROD_99365,99365,02504219,JAMP ATORVASTATIN TABLETS,,,0133055003,N,05-DEC-2025
PROD_99367,99367,02504235,JAMP ATORVASTATIN TABLETS,,,0133055004,N,05-DEC-2025
PROD_99377,99377,02504340,CREST PRO-HEALTH GERM GUARD,,CAT IV - ORAL HEALTH PRODUCTS,0106834010,N,05-JUN-2026
PROD_99389,99389,02504472,LETROZOLE,,,0132937001,N,27-FEB-2026
PROD_99391,99391,02504499,TARO-LURASIDONE,,,0153185005,N,22-MAR-2025
PROD_99392,99392,02504502,TARO-LURASIDONE,,,0153185001,N,22-MAR-2025
PROD_99393,99393,02504510,TARO-LURASIDONE,,,0153185004,N,22-MAR-2025
PROD_99394,99394,02504529,TARO-LURASIDONE,,,0153185002,N,22-MAR-2025
PROD_99395,99395,02504537,TARO-LURASIDONE,,,0153185003,N,22-MAR-2025
PROD_99397,99397,02504553,JAMP LEVETIRACETAM TABLETS,,,0148843001,N,22-MAR-2025
PROD_99398,99398,02504561,JAMP LEVETIRACETAM TABLETS,,,0148843002,N,22-MAR-2025
PROD_99399,99399,02504588,JAMP LEVETIRACETAM TABLETS,,,0148843003,N,22-MAR-2025
PROD_99400,99400,02504596,IMATINIB,,,0145503002,N,25-AUG-2026
PROD_99401,99401,02504618,IMATINIB,,,0145503003,N,25-AUG-2026
PROD_99403,99403,02504634,PANOXYL ACNE WASH,,CAT IV - ACNE THERAPY,0107205008,N,22-MAR-2025
PROD_99407,99407,02504677,PMS-EVEROLIMUS,,,0152682003,N,22-MAR-2025
PROD_99408,99408,02504685,PMS-EVEROLIMUS,,,0152682001,N,22-MAR-2025
PROD_99409,99409,02504693,PMS-EVEROLIMUS,,,0152682002,N,22-MAR-2025
PROD_99412,99412,02504723,ACTIVATED CHARCOAL CAPSULES,,LS - ANTIFLATULENTS,0106680023,N,22-MAR-2025
PROD_99424,99424,02504855,MAR-TRIENTINE,,,0162478001,N,22-MAR-2025
PROD_99426,99426,02504871,LOTION SOLAIRE CORPS FPS 30,,CAT IV - SUNBURN PROTECTANTS,0462479001,N,22-MAR-2025
PROD_99429,99429,02504928,GLEOLAN,SINGLE-DOSE VIAL,,0143983002,N,07-AUG-2026
PROD_99442,99442,02505053,TARO-ADAPALENE/BENZOYL PEROXIDE FORTE,,,0252888002,N,22-MAR-2025
PROD_99448,99448,02505134,EMGALITY,SINGLE-DOSE PREFILLED SYRINGE,,0161690002,N,06-AUG-2026
PROD_99450,99450,02505150,PRZ-SILDENAFIL,,,0136261001,N,27-JUL-2026
PROD_99451,99451,02505169,PRZ-SILDENAFIL,,,0136261002,N,27-JUL-2026
PROD_99452,99452,02505177,AZACITIDINE FOR INJECTION,SINGLE-USE,,0152665001,N,04-AUG-2026
PROD_99458,99458,02505223,BIJUVA,,,0254135003,N,22-MAR-2025
PROD_99460,99460,02505258,HYRIMOZ,SINGLE-USE PREFILLED SYRINGE,,0150364003,N,12-AUG-2026
PROD_99466,99466,02505290,BANANA BOAT DAILY PROTECT SUNSCREEN LOTION SPF 50+,,CAT IV - SUNBURN PROTECTANTS,0451521046,N,22-MAR-2025
PROD_99467,99467,02505304,BANANA BOAT DAILY PROTECT SUNSCREEN LOTION SPF 30,,CAT IV - SUNBURN PROTECTANTS,0451521057,N,22-MAR-2025
PROD_99471,99471,02505355,EYLEA,SINGLE-USE PREFILLED SYRINGE,,0154950001,N,20-AUG-2026
PROD_99489,99489,02505517,BIVALIRUDIN INJECTION,SINGLE-USE,,0148342002,N,04-AUG-2026
PROD_99492,99492,02505541,REBLOZYL,SINGLE-USE VIAL,,0162498001,N,07-AUG-2026
PROD_99493,99493,02505568,REBLOZYL,SINGLE-USE VIAL,,0162498002,N,07-AUG-2026
PROD_99494,99494,02505576,PRZ-ROSUVASTATIN,,,0148963004,N,27-JUL-2026
PROD_99495,99495,02505584,PRZ-ROSUVASTATIN,,,0148963001,N,27-JUL-2026
PROD_99496,99496,02505592,PRZ-ROSUVASTATIN,,,0148963002,N,27-JUL-2026
PROD_99497,99497,02505606,PRZ-ROSUVASTATIN,,,0148963003,N,27-JUL-2026
PROD_99498,99498,02505614,TAKHZYRO,2 ML PREFILLED SYRINGE,,0160670001,N,30-JUL-2026
PROD_99502,99502,02505649,CHILDREN'S ALLERGY FORMULA RAPID MELTS,,,0102639007,N,22-MAR-2025
PROD_99512,99512,02505851,LUXTURNA,,,0162520001,N,05-MAR-2026
PROD_99514,99514,02505762,APO-DIMETHYL FUMARATE,,,0154210001,N,22-MAR-2025
PROD_99515,99515,02505770,APO-DIMETHYL FUMARATE,,,0154210002,N,22-MAR-2025
PROD_99522,99522,02505843,SANDOZ TERIFLUNOMIDE,,,0154970001,N,22-MAR-2025
PROD_99523,99523,02505878,PMS-LURASIDONE,,,0153185005,N,22-MAR-2025
PROD_99524,99524,02505886,PMS-LURASIDONE,,,0153185001,N,22-MAR-2025
PROD_99525,99525,02505894,PMS-LURASIDONE,,,0153185004,N,22-MAR-2025
PROD_99526,99526,02505908,PMS-LURASIDONE,,,0153185002,N,22-MAR-2025
PROD_99527,99527,02505916,PMS-LURASIDONE,,,0153185003,N,22-MAR-2025
PROD_99528,99528,02505924,VOCARVI,,,0123310001,N,22-MAR-2025
PROD_99531,99531,02505959,BANANA BOAT DAILY PROTECT SUNSCREEN SPRAY SPF 30,,CAT IV - SUNBURN PROTECTANTS,0352510022,N,22-MAR-2025
PROD_99532,99532,02505967,BANANA BOAT DAILY PROTECT SUNSCREEN SPRAY SPF 50+,,CAT IV - SUNBURN PROTECTANTS,0451521046,N,22-MAR-2025
PROD_99535,99535,02505991,ZEPOSIA,,,0162518003,N,16-JUL-2025
PROD_99536,99536,02506009,ZEPOSIA,INITIATION PACK,,0262519001,N,13-AUG-2026
PROD_99541,99541,02506068,SCALP MIST,SOLUTION,,0451521072,N,14-AUG-2026
PROD_99542,99542,02506076,AG-ATORVASTATIN,,,0133055001,N,24-MAR-2026
PROD_99543,99543,02506084,AG-ATORVASTATIN,,,0133055002,N,24-MAR-2026
PROD_99544,99544,02506092,AG-ATORVASTATIN,,,0133055003,N,24-MAR-2026
PROD_99545,99545,02506106,AG-ATORVASTATIN,,,0133055004,N,24-MAR-2026
PROD_99548,99548,02506130,JAMP LENALIDOMIDE,,,0152422006,N,22-MAR-2025
PROD_99549,99549,02506149,JAMP LENALIDOMIDE,,,0152422001,N,22-MAR-2025
PROD_99550,99550,02506157,JAMP LENALIDOMIDE,,,0152422002,N,22-MAR-2025
PROD_99551,99551,02506165,JAMP LENALIDOMIDE,,,0152422003,N,22-MAR-2025
PROD_99552,99552,02506173,JAMP LENALIDOMIDE,,,0152422005,N,22-MAR-2025
PROD_99553,99553,02506181,JAMP LENALIDOMIDE,,,0152422004,N,22-MAR-2025
PROD_99554,99554,02506203,TARO-CLOBETASOL SHAMPOO,,,0110995001,N,22-MAR-2025
PROD_99555,99555,02506211,HERZUMA,SINGLE-USE VIAL,,0154252002,N,12-AUG-2026
PROD_99556,99556,02506238,NYVEPRIA,SINGLE-USE PREFILLED SYRINGE,,0149962001,N,20-AUG-2026
PROD_99560,99560,02506262,BRYHALI,,,0123416002,N,19-SEP-2025
PROD_99561,99561,02506270,APO-SITAGLIPTIN/METFORMIN XR,,,0252656001,N,22-MAR-2025
PROD_99562,99562,02506289,APO-SITAGLIPTIN/METFORMIN XR,,,0252656003,N,22-MAR-2025
PROD_99563,99563,02506297,APO-SITAGLIPTIN/METFORMIN XR,,,0252656004,N,22-MAR-2025
PROD_99564,99564,02506300,DERMA SOLUTIONS,,CAT IV - ANTISEPTIC SKIN CLEANSERS,0104993027,N,22-MAR-2025
PROD_99566,99566,02506343,GIVLAARI,SINGLE-USE VIAL,,0162538001,N,12-AUG-2026
PROD_99568,99568,02506327,AG-ALENDRONATE SODIUM,,,0150323002,N,17-MAR-2026
PROD_99576,99576,02506394,NAT-POMALIDOMIDE,,,0155290001,N,20-JUL-2026
PROD_99577,99577,02506408,NAT-POMALIDOMIDE,,,0155290002,N,20-JUL-2026
PROD_99578,99578,02506416,NAT-POMALIDOMIDE,,,0155290003,N,20-JUL-2026
PROD_99579,99579,02506424,NAT-POMALIDOMIDE,,,0155290004,N,20-JUL-2026
PROD_99582,99582,02506459,NOROMBY,SINGLE-DOSE PREFILLED SYRINGE,,0131860001,N,06-AUG-2026
PROD_99583,99583,02506467,NOROMBY,SINGLE-DOSE PREFILLED SYRINGE,,0131860001,N,06-AUG-2026
PROD_99584,99584,02506475,NOROMBY,SINGLE-DOSE PREFILLED SYRINGE,,0131860001,N,06-AUG-2026
PROD_99585,99585,02506483,NOROMBY,SINGLE-DOSE PREFILLED SYRINGE,,0131860001,N,06-AUG-2026
PROD_99586,99586,02506491,NOROMBY,SINGLE-DOSE PREFILLED SYRINGE,,0131860001,N,06-AUG-2026
PROD_99587,99587,02506505,NOROMBY HP,SINGLE-DOSE PREFILLED SYRINGE,,0131860002,N,06-AUG-2026
PROD_99588,99588,02506513,NOROMBY HP,SINGLE-DOSE PREFILLED SYRINGE,,0131860002,N,06-AUG-2026
PROD_99592,99592,02506564,TRURAPI,CARTRIDGE,,0144802001,N,17-AUG-2026
PROD_99593,99593,02506572,TRURAPI,MULTIDOSE PREFILLED PEN,,0144802001,N,06-AUG-2026
PROD_99604,99604,02506688,ARIPIPRAZOLE,,,0152514001,N,15-JAN-2026
PROD_99606,99606,02506718,ARIPIPRAZOLE,,,0152514002,N,15-JAN-2026
PROD_99607,99607,02506726,ARIPIPRAZOLE,,,0152514006,N,15-JAN-2026
PROD_99608,99608,02506742,APO-ELTROMBOPAG,,,0152873001,N,31-DEC-2025
PROD_99609,99609,02506734,ARIPIPRAZOLE,,,0152514003,N,15-JAN-2026
PROD_99610,99610,02506769,APO-ELTROMBOPAG,,,0152873002,N,31-DEC-2025
PROD_99611,99611,02506750,ARIPIPRAZOLE,,,0152514004,N,15-JAN-2026
PROD_99613,99613,02506785,ARIPIPRAZOLE,,,0152514005,N,15-JAN-2026
PROD_99616,99616,02506807,JAMP ATOMOXETINE,,,0150434001,N,22-MAR-2025
PROD_99617,99617,02506815,JAMP ATOMOXETINE,,,0150434002,N,22-MAR-2025
PROD_99621,99621,02506866,JAMP ATOMOXETINE,,,0150434006,N,22-MAR-2025
PROD_99622,99622,02506874,JAMP ATOMOXETINE,,,0150434007,N,22-MAR-2025
PROD_99623,99623,02506882,SANDOZ CIPROFLOXACIN / DEXAMETHASONE,,,0250083001,N,22-MAR-2025
PROD_99638,99638,02506963,FENTANYL CITRATE INJECTION,,,0123302002,N,31-JUL-2026
PROD_99639,99639,02506971,WATER DRENCH,,CAT IV - SUNBURN PROTECTANTS,0451521095,N,08-JUL-2026
PROD_99652,99652,02507110,JAMP LAMIVUDINE,,,0128157001,N,22-MAR-2025
PROD_99653,99653,02507129,JAMP LAMIVUDINE,,,0128157005,N,22-MAR-2025
PROD_99657,99657,02507161,MENQUADFI,SINGLE-DOSE VIAL,,0562558001,N,07-AUG-2026
PROD_99659,99659,02507196,TEVA-RIVAROXABAN,,,0152487001,N,05-MAR-2026
PROD_99660,99660,02507218,TEVA-RIVAROXABAN,,,0152487002,N,05-MAR-2026
PROD_99661,99661,02507226,TEVA-RIVAROXABAN,,,0152487003,N,05-MAR-2026
PROD_99662,99662,02507234,PMSC-ATORVASTATIN,,,0133055001,N,22-MAR-2025
PROD_99664,99664,02507250,PMSC-ATORVASTATIN,,,0133055003,N,22-MAR-2025
PROD_99665,99665,02507269,PMSC-ATORVASTATIN,,,0133055004,N,22-MAR-2025
PROD_99672,99672,02507315,TARO-DEFERASIROX (TYPE J),,,0151733004,N,22-MAR-2025
PROD_99673,99673,02507323,TARO-DEFERASIROX (TYPE J),,,0151733005,N,22-MAR-2025
PROD_99674,99674,02507331,TARO-DEFERASIROX (TYPE J),,,0151733006,N,22-MAR-2025
PROD_99675,99675,02507366,DAYVIGO,,,0162559001,N,22-MAR-2025
PROD_99676,99676,02507374,DAYVIGO,,,0162559002,N,22-MAR-2025
PROD_99680,99680,02507404,SODIUM NITROPRUSSIDE FOR INJECTION,SINGLE-USE VIAL,,0110498002,N,12-AUG-2026
PROD_99683,99683,02507439,SENSITIVE EXPERT+ FACE,,,0552875006,N,22-MAR-2025
PROD_99684,99684,02507447,SENSITIVE EXPERT+ SUNSCREEN,,,0552875006,N,22-MAR-2025
PROD_99686,99686,02507471,APO-SAXAGLIPTIN,,,0152653002,N,12-DEC-2025
PROD_99687,99687,02507498,APO-SAXAGLIPTIN,,,0152653001,N,12-DEC-2025
PROD_99688,99688,02507501,INCLUNOX,"PRESERVATIVE-FREE, SINGLE-USE PREFILLED SYRINGE",,0131860001,N,20-AUG-2026
PROD_99689,99689,02507528,INCLUNOX,"PRESERVATIVE-FREE, SINGLE-USE PREFILLED SYRINGE",,0131860001,N,20-AUG-2026
PROD_99690,99690,02507536,INCLUNOX,"PRESERVATIVE-FREE, SINGLE-USE PREFILLED SYRINGE",,0131860001,N,20-AUG-2026
PROD_99691,99691,02507544,INCLUNOX,"PRESERVATIVE-FREE, SINGLE-USE PREFILLED SYRINGE",,0131860001,N,20-AUG-2026
PROD_99692,99692,02507552,INCLUNOX,"PRESERVATIVE-FREE, SINGLE-USE PREFILLED SYRINGE",,0131860001,N,20-AUG-2026
PROD_99693,99693,02507560,INCLUNOX HP,"PRESERVATIVE-FREE, SINGLE-USE PREFILLED SYRINGE",,0131860002,N,20-AUG-2026
PROD_99694,99694,02507579,INCLUNOX HP,"PRESERVATIVE-FREE, SINGLE-USE PREFILLED SYRINGE",,0131860002,N,20-AUG-2026
PROD_99695,99695,02507587,MICRO+6 CONCENTRATE,,,0623891004,N,24-OCT-2025
PROD_99696,99696,02507595,PYRITHIONE ZINC DANDRUFF SHAMPOO APPLE CIDER VINEGAR,,CAT IV - ANTIDANDRUFF PRODUCTS,0108628001,N,22-MAR-2025
PROD_99702,99702,02507668,AZACITIDINE FOR INJECTION,SINGLE-USE VIAL,,0152665001,N,12-AUG-2026
PROD_99705,99705,02507692,NIVEA MEN SENSITIVE,,CAT IV - SUNBURN PROTECTANTS,0335121032,N,25-JUL-2025
PROD_99712,99712,02507722,BIO-DULOXETINE,,,0152350001,N,22-MAR-2025
PROD_99714,99714,02507749,JAMP FAMOTIDINE,,,0118722001,N,22-MAR-2025
PROD_99715,99715,02507757,JAMP FAMOTIDINE,,,0118722002,N,22-MAR-2025
PROD_99716,99716,02507765,BIO-DULOXETINE,,,0152350002,N,22-MAR-2025
PROD_99717,99717,02507773,JAMP PAROXETINE TABLETS,,,0123131003,N,12-DEC-2025
PROD_99718,99718,02507781,JAMP PAROXETINE TABLETS,,,0123131002,N,12-DEC-2025
PROD_99719,99719,02507803,JAMP PAROXETINE TABLETS,,,0123131001,N,12-DEC-2025
PROD_99720,99720,02507811,MED-BRIMONIDINE,,,0131859001,N,22-MAR-2025
PROD_99724,99724,02507862,TARO-LENALIDOMIDE,,,0152422006,N,22-MAR-2025
PROD_99725,99725,02507870,TARO-LENALIDOMIDE,,,0152422001,N,22-MAR-2025
PROD_99726,99726,02507889,TARO-LENALIDOMIDE,,,0152422002,N,22-MAR-2025
PROD_99727,99727,02507897,TARO-LENALIDOMIDE,,,0152422003,N,22-MAR-2025
PROD_99728,99728,02507900,TARO-LENALIDOMIDE,,,0152422005,N,22-MAR-2025
PROD_99729,99729,02507919,TARO-LENALIDOMIDE,,,0152422004,N,22-MAR-2025
PROD_99730,99730,02507927,APO-LENALIDOMIDE,,,0152422006,N,22-MAR-2025
PROD_99731,99731,02507935,APO-LENALIDOMIDE,,,0152422001,N,22-MAR-2025
PROD_99732,99732,02507943,APO-LENALIDOMIDE,,,0152422002,N,22-MAR-2025
PROD_99733,99733,02507951,APO-LENALIDOMIDE,,,0152422003,N,22-MAR-2025
PROD_99734,99734,02507978,APO-LENALIDOMIDE,,,0152422005,N,22-MAR-2025
PROD_99735,99735,02507986,APO-LENALIDOMIDE,,,0152422004,N,22-MAR-2025
PROD_99738,99738,02508028,MINT-CAPECITABINE,,,0134120002,N,12-JUN-2026
PROD_99741,99741,02508052,TAVALISSE,,,0162598002,N,22-MAR-2025
PROD_99742,99742,02508060,TAVALISSE,,,0162598001,N,22-MAR-2025
PROD_99744,99744,02508087,TRI-CIRA 21,,,0636783002,N,11-SEP-2025
PROD_99745,99745,02508095,TRI-CIRA 28,,,0636783002,N,11-SEP-2025
PROD_99746,99746,02508109,MINT-LETROZOLE,,,0132937001,N,19-MAY-2026
PROD_99761,99761,02508222,REFRESH ANTIBAC FOAM,,,0104993016,N,22-MAR-2025
PROD_99763,99763,02508249,JAMP AMOXI CLAV,,,0234720008,N,22-MAR-2025
PROD_99764,99764,02508257,JAMP AMOXI CLAV,,,0234720009,N,22-MAR-2025
PROD_99765,99765,02508265,JAMP AMOXI CLAV,,,0234720005,N,22-MAR-2025
PROD_99766,99766,02508273,NRA-OLMESARTAN HCTZ,,,0252502001,N,04-NOV-2025
PROD_99767,99767,02508281,NRA-OLMESARTAN HCTZ,,,0252502002,N,04-NOV-2025
PROD_99768,99768,02508303,NRA-OLMESARTAN HCTZ,,,0252502003,N,04-NOV-2025
PROD_99773,99773,02508362,JAMP PYRIDOSTIGMINE BROMIDE,,,0107514003,N,22-MAR-2025
PROD_99778,99778,02508419,HYOSCINE BUTYLBROMIDE INJECTION BP,SINGLE-USE VIALS,,0104703002,N,10-AUG-2026
PROD_99781,99781,02508443,JAMP LEVOFLOXACIN,,,0131663003,N,22-MAR-2025
PROD_99782,99782,02508451,JAMP LEVOFLOXACIN,,,0131663004,N,22-MAR-2025
PROD_99783,99783,02508478,JAMP LEVOFLOXACIN,,,0131663005,N,22-MAR-2025
PROD_99796,99796,02508605,MINT-OLOPATADINE 0.2%,,,0132394002,N,22-MAR-2025
PROD_99797,99797,02508613,VERITY-BCG,,,0162601001,N,22-MAR-2025
PROD_99800,99800,02508656,APO-SITAGLIPTIN MALATE,,,0152414002,N,22-MAR-2025
PROD_99801,99801,02508664,APO-SITAGLIPTIN MALATE,,,0152414003,N,22-MAR-2025
PROD_99802,99802,02508672,APO-SITAGLIPTIN MALATE,,,0152414001,N,22-MAR-2025
PROD_99807,99807,02508729,BIO-TADALAFIL,,,0149485002,N,22-MAR-2025
PROD_99809,99809,02508745,ACNE FOAMING CLEANSER,,CAT IV - ACNE THERAPY,0107205008,N,22-MAR-2025
PROD_99811,99811,02508761,CLARITIN KIDS RAPID DISSOLVE,,,0120416003,N,22-MAR-2025
PROD_99822,99822,02508893,JAMP ESCITALOPRAM,,,0150435002,N,22-MAR-2025
PROD_99823,99823,02508907,JAMP ESCITALOPRAM,,,0150435004,N,22-MAR-2025
PROD_99838,99838,02509067,ACH-METHOTREXATE,,,0107545001,N,24-JUL-2025
PROD_99839,99839,02509075,REDESCA,SINGLE-DOSE PREFILLED SYRINGE,,0131860001,N,06-AUG-2026
PROD_99840,99840,02509083,REDESCA,SINGLE-DOSE PREFILLED SYRINGE,,0131860001,N,19-AUG-2026
PROD_99841,99841,02509091,REDESCA,SINGLE-DOSE PREFILLED SYRINGE,,0131860001,N,06-AUG-2026
PROD_99842,99842,02509105,REDESCA,SINGLE-DOSE PREFILLED SYRINGE,,0131860001,N,19-AUG-2026
PROD_99843,99843,02509113,REDESCA,SINGLE-DOSE PREFILLED SYRINGE,,0131860001,N,06-AUG-2026
PROD_99844,99844,02509121,REDESCA,MULTIDOSE VIALS,,0131860001,N,13-AUG-2026
PROD_99845,99845,02509148,REDESCA HP,SINGLE-DOSE PREFILLED SYRINGE,,0131860002,N,06-AUG-2026
PROD_99846,99846,02509156,REDESCA HP,SINGLE-DOSE PREFILLED SYRINGE,,0131860002,N,06-AUG-2026
PROD_99854,99854,02509237,ULTRA LIGHT ADVANCED LOTION,,CAT IV - SUNBURN PROTECTANTS,0761590001,N,22-MAR-2025
PROD_99856,99856,02509253,BENDAMUSTINE HYDROCHLORIDE FOR INJECTION,SINGLE-USE,,0153268001,N,04-AUG-2026
PROD_99857,99857,02509261,BENDAMUSTINE HYDROCHLORIDE FOR INJECTION,SINGLE-USE,,0153268002,N,04-AUG-2026
PROD_99871,99871,02509415,APO-SITAGLIPTIN MALATE / METFORMIN HYDROCHLORIDE,,,0252656001,N,22-MAR-2025
PROD_99872,99872,02509423,APO-SITAGLIPTIN MALATE / METFORMIN HYDROCHLORIDE,,,0252656002,N,22-MAR-2025
PROD_99873,99873,02509431,APO-SITAGLIPTIN MALATE / METFORMIN HYDROCHLORIDE,,,0252656003,N,22-MAR-2025
PROD_99876,99876,02509474,AJOVY,SINGLE-DOSE PREFILLED AUTO-INJECTOR,,0162154001,N,10-AUG-2026
PROD_99887,99887,02509571,JAMP PILOCARPINE,,,0107358009,N,22-MAR-2025
PROD_99889,99889,02509601,OLMESARTAN/HCTZ,,,0252502001,N,22-APR-2026
PROD_99890,99890,02509628,OLMESARTAN/HCTZ,,,0252502003,N,17-APR-2026
PROD_99891,99891,02509636,OLMESARTAN/HCTZ,,,0252502002,N,17-APR-2026
PROD_99896,99896,02509687,MINT-FROVATRIPTAN,,,0150262001,N,22-MAR-2025
PROD_99897,99897,02509695,ZOLGENSMA,SINGLE-USE VIAL,,0162641001,N,12-AUG-2026
PROD_99900,99900,02509717,VINDA ANTISEPTIC WIPES,,CAT IV - ANTISEPTIC SKIN CLEANSERS,0104367009,N,05-AUG-2025
PROD_99902,99902,02509733,INCRELEX,MULTIDOSE VIAL,,0162642001,N,31-JUL-2026
PROD_99914,99914,02509865,STUBBORN ACNE AM TREATMENT,,CAT IV - ACNE THERAPY,0107205004,N,14-AUG-2025
PROD_99918,99918,02509911,JAMP BUSPIRONE,,,0116263001,N,22-MAR-2025
PROD_99919,99919,02509938,JAMP PIRFENIDONE,,,0153328001,N,22-MAR-2025
PROD_99923,99923,02509970,AG-FAMOTIDINE,,,0118722001,N,22-MAR-2025
PROD_99924,99924,02509989,AG-FAMOTIDINE,,,0118722002,N,22-MAR-2025
PROD_99929,99929,02510030,BIO-CETIRIZINE,,,0122686003,N,22-MAR-2025
PROD_99930,99930,02510049,DUPIXENT,SINGLE-USE PREFILLED PEN,,0159790001,N,14-AUG-2026
PROD_99932,99932,02510065,COOLA CLEAR SUNSCREEN SPRAY TROPICAL COCONUT SCENT,,CAT IV - SUNBURN PROTECTANTS,0335121033,N,22-MAR-2025
PROD_99933,99933,02510073,ELTAMD SKINCARE UV CLEAR TINTED,,CAT IV - SUNBURN PROTECTANTS,0216792017,N,31-JUL-2025
PROD_99934,99934,02510081,COOLA CLEAR SUNSCREEN SPRAY FRAGRANCE FREE,,CAT IV - SUNBURN PROTECTANTS,0451521098,N,22-MAR-2025
PROD_99940,99940,02510162,XARELTO,1 MG/ML WHEN RECONSTITUTED,,0152487007,N,21-AUG-2026
PROD_99941,99941,02510170,XARELTO,1 MG/ML WHEN RECONSTITUTED,,0152487008,N,21-AUG-2026
PROD_99943,99943,02510197,ONUREG,,,0152665002,N,12-MAR-2026
PROD_99944,99944,02510200,ONUREG,,,0152665003,N,12-MAR-2026
PROD_99945,99945,02510219,CORZYNA,,,0162681001,N,30-JUL-2025
PROD_99946,99946,02510227,CORZYNA,,,0162681002,N,30-JUL-2025
PROD_99955,99955,02510324,ESSEPNA,,,1662682001,N,22-MAR-2025
PROD_99956,99956,02510332,COOLA CLEAR SUNSCREEN SPRAY PINA COLADA SCENT,,CAT IV - SUNBURN PROTECTANTS,0335121033,N,22-MAR-2025
PROD_99959,99959,02510367,AURO-CANAGLIFLOZIN,,,0155670001,N,16-JAN-2026
PROD_99960,99960,02510375,AURO-CANAGLIFLOZIN,,,0155670002,N,16-JAN-2026
PROD_99963,99963,02510405,ARTISTRY SKIN NUTRITION RENEWING REACTIVATION DAY CREAM,,CAT IV - SUNBURN PROTECTANTS,0335121006,N,22-MAR-2025
PROD_99964,99964,02510413,ARTISTRY SKIN NUTRITION RENEWING REACTIVATION DAY LOTION,,CAT IV - SUNBURN PROTECTANTS,0335121006,N,22-MAR-2025
PROD_99968,99968,02510464,TARO-APIXABAN,,,0153051001,N,13-AUG-2025
PROD_99969,99969,02510472,TARO-APIXABAN,,,0153051002,N,13-AUG-2025
PROD_99970,99970,02510480,AG-PAROXETINE TABLETS,,,0123131003,N,22-MAR-2025
PROD_99971,99971,02510499,AG-PAROXETINE TABLETS,,,0123131002,N,22-MAR-2025
PROD_99973,99973,02510510,AG-PAROXETINE TABLETS,,,0123131001,N,22-MAR-2025
PROD_99977,99977,02510553,CORICIDIN COLD & FLU LIQUID GELS,,,0346041003,N,22-MAR-2025
PROD_99983,99983,02510634,AG-AMOXI CLAV,,,0234720009,N,22-MAR-2025
PROD_99984,99984,02510642,AG-AMOXI CLAV,,,0234720005,N,22-MAR-2025
PROD_99988,99988,02510685,NRA-QUETIAPINE XR,,,0131858004,N,22-MAR-2025
PROD_99990,99990,02510707,NRA-QUETIAPINE XR,,,0131858005,N,22-MAR-2025
PROD_99991,99991,02510715,NRA-QUETIAPINE XR,,,0131858007,N,22-MAR-2025
PROD_99993,99993,02510731,JAMP CLOXACILLIN,,,0131306002,N,22-MAR-2025
PROD_99994,99994,02510758,JAMP CLOXACILLIN,,,0131306001,N,22-MAR-2025
PROD_99999,99999,02510790,PMS-METOCLOPRAMIDE HYDROCHLORIDE INJECTION,SINGLE-USE VIALS,,0109394003,N,10-AUG-2026
PROD_100000,100000,02510804,COOLA CLASSIC FACE SPF 50 SUNSCREEN LOTION FRAGRANCE-FREE,,CAT IV - SUNBURN PROTECTANTS,0451521100,N,22-MAR-2025
PROD_100001,100001,02510812,COOLA CLASSIC FACE SPF 50 SUNSCREEN LOTION WHITE TEA SCENT,,CAT IV - SUNBURN PROTECTANTS,0451521100,N,22-MAR-2025
PROD_100002,100002,02510839,VYEPTI,SINGLE-USE VIAL,,0162703001,N,12-AUG-2026
PROD_100012,100012,02510855,JAMP KETOROLAC,,,0121995001,N,07-MAY-2025
PROD_100015,100015,02510871,CREST PRO-HEALTH GUM DETOXIFY,,CAT IV - ORAL HEALTH PRODUCTS,0106834010,N,22-MAY-2026
PROD_100018,100018,02510901,SOAPOPULAR ANTIBACTERIAL HAND SOAP,,CAT IV - ANTISEPTIC SKIN CLEANSERS,0104993027,N,22-MAR-2025
PROD_100019,100019,02510944,AG-ESCITALOPRAM TABLETS,,,0150435002,N,22-APR-2025
PROD_100020,100020,02510952,AG-ESCITALOPRAM TABLETS,,,0150435004,N,22-APR-2025
PROD_100023,100023,02510987,APO-FLUTICASONE HFA,,,0124685003,N,07-JUL-2026
PROD_100024,100024,02510995,TISSUEBLUE,,,0162723001,N,22-MAR-2025
PROD_100029,100029,02511045,ABRILADA,SINGLE-DOSE PREFILLED PEN,,0150364003,N,12-AUG-2026
PROD_100030,100030,02511053,ABRILADA,SINGLE-DOSE PREFILLED SYRINGE,,0150364003,N,10-AUG-2026
PROD_100031,100031,02511061,ABRILADA,SINGLE-DOSE PREFILLED SYRINGE,,0150364003,N,10-AUG-2026
PROD_100038,100038,02511150,ERTAPENEM FOR INJECTION,SINGLE-USE VIAL,,0149104002,N,12-AUG-2026
PROD_100048,100048,02511266,ELETRIPTAN,,,0150241001,N,22-MAR-2025
PROD_100049,100049,02511274,ELETRIPTAN,,,0150241002,N,22-MAR-2025
PROD_100050,100050,02511282,AURO-ONDANSETRON ODT,,,0131120003,N,22-MAR-2025
PROD_100051,100051,02511290,AURO-ONDANSETRON ODT,,,0131120001,N,22-MAR-2025
PROD_100052,100052,02511304,TARO-TOFACITINIB,,,0155550001,N,09-JUN-2026
PROD_100053,100053,02511312,TARO-TOFACITINIB,,,0155550003,N,09-JUN-2026
PROD_100054,100054,02511320,BUCKLEY'S DRY COUGH EXTRA STRENGTH,,,0100807001,N,22-MAR-2025
PROD_100055,100055,02511339,SALONPAS PAIN RELIEVING CREAM,,LS - TOPICAL - ANAESTHETIC/ANALGESIC/ANTIPRURITIC,0262725001,N,22-MAR-2025
PROD_100056,100056,02511347,"VINORELBINE INJECTION, USP",SINGLE-USE VIAL,,0126071001,N,12-AUG-2026
PROD_100057,100057,02511355,KESIMPTA,PREFILLED PEN,,0153129002,N,14-AUG-2026
PROD_100062,100062,02511428,SALONPAS PAIN RELIEVING SOLUTION,,LS - TOPICAL - ANAESTHETIC/ANALGESIC/ANTIPRURITIC,0262725001,N,22-MAR-2025
PROD_100065,100065,02511452,BIVALIRUDIN FOR INJECTION,,,0148342001,N,26-MAR-2025
PROD_100066,100066,02511460,AG-NIFEDIPINE ER,,,0115253005,N,22-MAR-2025
PROD_100071,100071,02511517,TIVICAY,,,0154870004,N,21-NOV-2025
PROD_100074,100074,02511568,TEVA-NALOXONE NASAL SPRAY,,,0108981005,N,22-MAR-2025
PROD_100077,100077,02511584,REMSIMA SC,PREFILLED PEN,,0144162002,N,31-JUL-2026
PROD_100083,100083,02511649,M-NIFEDIPINE ER,,,0115253005,N,22-MAR-2025
PROD_100086,100086,02511673,MAR-MYCOPHENOLIC ACID,,,0150521001,N,06-AUG-2025
PROD_100087,100087,02511681,MAR-MYCOPHENOLIC ACID,,,0150521002,N,06-AUG-2025
PROD_100089,100089,02511851,CREST PRO-HEALTH GUM & BREATH PURIFY,,CAT IV - ORAL HEALTH PRODUCTS,0106834010,N,22-MAR-2025
PROD_100090,100090,02511711,JAMP NIFEDIPINE ER,,,0115253005,N,22-MAR-2025
PROD_100105,100105,02511886,NRA-HYDROXYCHLOROQUINE,,,0107403001,N,24-JUL-2026
PROD_100110,100110,02511932,TARO-BORTEZOMIB,,,0150433002,N,22-MAR-2025
PROD_100119,100119,02512025,M-CETIRIZINE,,,0122686003,N,24-OCT-2025
PROD_100126,100126,02512033,BABY HEALING OINTMENT,,CAT IV - DIAPER RASH PRODUCTS,0108784014,N,22-MAR-2025
PROD_100127,100127,02512041,PMS-RIVAROXABAN,,,0152487001,N,12-MAR-2026
PROD_100128,100128,02512068,PMS-RIVAROXABAN,,,0152487002,N,12-MAR-2026
PROD_100129,100129,02512076,PMS-RIVAROXABAN,,,0152487003,N,12-MAR-2026
PROD_100133,100133,02512114,M-TADALAFIL,,,0149485004,N,22-MAR-2025
PROD_100134,100134,02512122,M-TADALAFIL,,,0149485001,N,22-MAR-2025
PROD_100135,100135,02512130,M-TADALAFIL,,,0149485002,N,22-MAR-2025
PROD_100156,100156,02512262,PRZ-TADALAFIL,,,0149485003,N,27-JUL-2026
PROD_100157,100157,02512270,PRZ-TADALAFIL,,,0149485004,N,27-JUL-2026
PROD_100158,100158,02512289,PRZ-TADALAFIL,,,0149485001,N,27-JUL-2026
PROD_100159,100159,02512297,PRZ-TADALAFIL,,,0149485002,N,27-JUL-2026
PROD_100162,100162,02512327,TENOFOVIR,,,0152569001,N,22-MAR-2025
PROD_100163,100163,02512335,ACCEL-HYOSCINE,,,0104703001,N,22-MAR-2025
PROD_100165,100165,02512351,OLAY REGENERIST SPF 30 HYDRATING COLLAGEN PEPTIDE 24,,CAT IV - SUNBURN PROTECTANTS,0451521042,N,22-MAR-2025
PROD_100167,100167,02512386,OLAY REGENERIST SPF 30 HYDRATING RETINOL 24 + PEPTIDES,,CAT IV - SUNBURN PROTECTANTS,0451521042,N,22-MAR-2025
PROD_100171,100171,02512424,BUPIVACAINE HYDROCHLORIDE IN DEXTROSE INJECTION USP,SINGLE-USE VIALS,,0108896002,N,10-AUG-2026
PROD_100175,100175,02512467,JAMP LAMIVUDINE HBV,,,0128157003,N,22-MAR-2025
PROD_100176,100176,02512475,ACH-SITAGLIPTIN,,,0152414002,N,22-MAR-2025
PROD_100177,100177,02512483,ACH-SITAGLIPTIN,,,0152414003,N,22-MAR-2025
PROD_100178,100178,02512491,ACH-SITAGLIPTIN,,,0152414001,N,22-MAR-2025
PROD_100183,100183,02512556,DOJOLVI,,,0162765001,N,21-JUL-2026
PROD_100190,100190,02512629,CEQUA,SINGLE-USE VIALS,,0115996010,N,10-AUG-2026
PROD_100192,100192,02512645,APO-DOXYCYCLINE MR,MODIFIED-RELEASE CAPSULE,,0105569008,N,17-AUG-2026
PROD_100193,100193,02512653,KYE-ESCITALOPRAM,,,0150435003,N,22-MAR-2025
PROD_100203,100203,02512777,SANDOZ AFATINIB,,,0154930001,N,22-MAR-2025
PROD_100204,100204,02512785,SANDOZ AFATINIB,,,0154930002,N,22-MAR-2025
PROD_100205,100205,02512793,SANDOZ AFATINIB,,,0154930003,N,22-MAR-2025
PROD_100209,100209,02512831,BIO-ZOLMITRIPTAN,,,0134381001,N,22-MAR-2025
PROD_100212,100212,02512874,LACOSAMIDE,,,0152810001,N,25-SEP-2025
PROD_100213,100213,02512882,LACOSAMIDE,,,0152810002,N,25-SEP-2025
PROD_100214,100214,02512890,LACOSAMIDE,,,0152810003,N,25-SEP-2025
PROD_100215,100215,02512904,LACOSAMIDE,,,0152810004,N,25-SEP-2025
PROD_100216,100216,02512912,PHESGO,SINGLE-USE VIAL,,0254251002,N,12-AUG-2026
PROD_100217,100217,02512920,PHESGO,SINGLE-USE VIAL,,0254251003,N,12-AUG-2026
PROD_100218,100218,02512939,MINT-TENOFOVIR,,,0152569001,N,22-MAR-2025
PROD_100221,100221,02512963,BRUKINSA,,,0162766001,N,27-MAY-2026
PROD_100227,100227,02513161,"MAGNESIUM SULFATE INJECTION, BP 49.3%",,,0105356002,N,21-AUG-2025
PROD_100232,100232,02513080,MEKTOVI,,,0162786001,N,02-APR-2026
PROD_100233,100233,02513099,BRAFTOVI,,,0162787001,N,22-JUL-2026
PROD_100241,100241,02513218,NEXTSTELLIS,24 X PINK ACTIVE TABLETS AND 4 X WHITE INERT TABLETS,,0262789001,N,21-AUG-2026
PROD_100244,100244,02513226,SANI HANDS FOAM,,,0104993004,N,22-MAR-2025
PROD_100250,100250,02513285,M-LATANOPROST,,,0132916001,N,24-OCT-2025
PROD_100263,100263,02513420,ARSENIC TRIOXIDE FOR INJECTION,SINGLE-USE VIAL,,0108756003,N,12-AUG-2026
PROD_100269,100269,02513579,BIPAZEN,SINGLE-USE AMPOULE,,0112050006,N,10-AUG-2026
PROD_100276,100276,02513560,TOTAL EFFECTS 7 IN ONE MOISTURIZER WITH SPF BROAD SPECTRUM SPF 30,,CAT IV - SUNBURN PROTECTANTS,0451521042,N,15-AUG-2025
PROD_100283,100283,02513641,RODAN+FIELDS REVERSE KIT,,,0451521046,N,22-MAR-2025
PROD_100284,100284,02513668,RODAN + FIELDS UNBLEMISH KIT,,,0562806001,N,22-MAR-2025
PROD_100285,100285,02513676,AG-CITALOPRAM TABLETS,,,0136243003,N,14-JUL-2026
PROD_100286,100286,02513684,AG-CITALOPRAM TABLETS,,,0136243001,N,11-DEC-2025
PROD_100287,100287,02513692,AG-CITALOPRAM TABLETS,,,0136243002,N,11-DEC-2025
PROD_100293,100293,02513749,GLYCOPYRROLATE INJECTION USP,"PRESERVATIVE-FREE, SINGLE-USE VIALS",,0102396002,N,02-SEP-2026
PROD_100299,100299,02513765,TOTAL EFFECTS 7 IN ONE MOISTURIZER WITH SPF BROAD SPECTRUM SPF 15,,CAT IV - SUNBURN PROTECTANTS,0451521022,N,07-OCT-2025
PROD_100303,100303,02513838,RODAN+FIELDS REDEFINE,,CAT IV - SUNBURN PROTECTANTS,0335121006,N,22-MAR-2025
PROD_100305,100305,02513854,JORVEZA,,,0116807011,N,22-MAR-2025
PROD_100316,100316,02513978,"DEXMEDETOMIDINE HYDROCHLORIDE FOR INJECTION, USP",,,0152679003,N,05-MAY-2025
PROD_100317,100317,02513986,AURO-LURASIDONE,,,0153185005,N,24-DEC-2025
PROD_100318,100318,02513994,AURO-LURASIDONE,,,0153185001,N,24-DEC-2025
PROD_100319,100319,02514001,AURO-LURASIDONE,,,0153185004,N,24-DEC-2025
PROD_100320,100320,02514028,AURO-LURASIDONE,,,0153185002,N,24-DEC-2025
PROD_100321,100321,02514036,AURO-LURASIDONE,,,0153185003,N,24-DEC-2025
PROD_100327,100327,02514095,DILTIAZEM HYDROCHLORIDE INJECTION,,,0115863003,N,22-MAR-2025
PROD_100335,100335,02514184,"20% SODIUM CHLORIDE INJECTION, BP",PHARMACY BULK,,0100053046,N,22-MAR-2025
PROD_100339,100339,02514222,VISTASEAL,PREFILLED SYRINGES,,0252708002,N,22-MAR-2025
PROD_100340,100340,02514230,VISTASEAL,PREFILLED SYRINGES,,0252708002,N,04-AUG-2026
PROD_100342,100342,02514257,VISTASEAL,PREFILLED SYRINGES,,0252708002,N,22-MAR-2025
PROD_100355,100355,02514400,ENHERTU,SINGLE-USE VIAL,,0162807001,N,27-AUG-2026
PROD_100356,100356,02514419,7 IN ONE TONE CORRECTING CC CREAM WITH SPF ,,CAT IV - SUNBURN PROTECTANTS,0335121008,N,04-JUN-2025
PROD_100362,100362,02514435,HYDROMORPHONE HYDROCHLORIDE INJECTION USP,,,0108698004,N,22-MAR-2025
PROD_100366,100366,02514486,METFORMIN TABLETS,,,0101773001,N,12-JAN-2026
PROD_100367,100367,02514494,METFORMIN TABLETS,,,0101773002,N,12-JAN-2026
PROD_100369,100369,02514516,M-LATANOPROST-TIMOLOL,,,0248501001,N,22-MAR-2025
PROD_100410,100410,02514702,JAMP PIRFENIDONE,,,0153328001,N,22-MAR-2025
PROD_100411,100411,02514710,JAMP PIRFENIDONE,,,0153328003,N,22-MAR-2025
PROD_100414,100414,02514737,REDDY-DASATINIB,,,0152198001,N,30-OCT-2025
PROD_100415,100415,02514745,REDDY-DASATINIB,,,0152198002,N,30-OCT-2025
PROD_100416,100416,02514753,REDDY-DASATINIB,,,0152198003,N,30-OCT-2025
PROD_100417,100417,02514761,REDDY-DASATINIB,,,0152198005,N,30-OCT-2025
PROD_100418,100418,02514788,REDDY-DASATINIB,,,0152198004,N,30-OCT-2025
PROD_100419,100419,02514796,REDDY-DASATINIB,,,0152198006,N,30-OCT-2025
PROD_100428,100428,02514877,JAMP MONTELUKAST CHEWABLE TABLETS,,,0133823003,N,06-JAN-2026
PROD_100429,100429,02514885,JAMP MONTELUKAST CHEWABLE TABLETS,,,0133823001,N,06-JAN-2026
PROD_100434,100434,02514931,EVRYSDI,,,0162847001,N,21-MAY-2026
PROD_100436,100436,02514966,MAR-ONDANSETRON ODT,,,0131120003,N,22-MAR-2025
PROD_100437,100437,02514974,MAR-ONDANSETRON ODT,,,0131120001,N,22-MAR-2025
PROD_100438,100438,02514982,CAPECITABINE,,,0134120001,N,09-JUN-2026
PROD_100439,100439,02514990,CAPECITABINE,,,0134120002,N,09-JUN-2026
PROD_100446,100446,02515067,WAYMADE-TRIENTINE,,,0162478001,N,22-MAR-2025
PROD_100454,100454,02515156,RIVA-TENOFOVIR,,,0152569001,N,22-MAR-2025
PROD_100461,100461,02515229,JAMP ENZALUTAMIDE,,,0154350001,N,15-APR-2026
PROD_100469,100469,02515296,CYTARABINE INJECTION,SINGLE-USE VIAL,,0108854005,N,07-AUG-2026
PROD_100470,100470,02515318,PHARMA-LEVETIRACETAM,,,0148843005,N,23-JAN-2026
PROD_100474,100474,02515350,RIVA-BRIMONIDINE,,,0131859001,N,22-MAR-2025
PROD_100483,100483,02515423,PEMETREXED FOR INJECTION,SINGLE-USE VIAL,,0150104004,N,12-AUG-2026
PROD_100484,100484,02515431,POLIVY,SINGLE-USE VIAL,,0162275002,N,12-AUG-2026
PROD_100487,100487,02515482,PONVORY,MAINTENANCE PACK,,0162867001,N,25-AUG-2026
PROD_100489,100489,02515490,VYXEOS,,,0262869001,N,22-MAR-2025
PROD_100508,100508,02515695,CETIRIZINE,,,0122686003,N,22-JAN-2026
PROD_100515,100515,02515776,TRELEGY ELLIPTA,,,0360150002,N,22-MAR-2025
PROD_100518,100518,02515784,SANDOZ CLONIDINE,,,0108891001,N,22-MAR-2025
PROD_100519,100519,02515792,SANDOZ CLONIDINE,,,0108891002,N,22-MAR-2025
PROD_100521,100521,02515814,SUNOSI,,,0162888001,N,22-MAR-2025
PROD_100522,100522,02515822,SUNOSI,,,0162888002,N,22-MAR-2025
PROD_100525,100525,02515857,PANTOPRAZOLE SODIUM FOR INJECTION,SINGLE-USE VIAL,,0133229001,N,12-AUG-2026
PROD_100534,100534,02515989,ACH-TADALAFIL,,,0149485004,N,22-MAR-2025
PROD_100535,100535,02515997,ACH-TADALAFIL,,,0149485001,N,22-MAR-2025
PROD_100536,100536,02516004,ACH-TADALAFIL,,,0149485002,N,22-MAR-2025
PROD_100540,100540,02516047,JAMP DIMETHYL FUMARATE,,,0154210001,N,22-MAR-2025
PROD_100541,100541,02516055,JAMP DIMETHYL FUMARATE,,,0154210002,N,22-MAR-2025
PROD_100542,100542,02516063,AG-FLECAINIDE,,,0116696004,N,22-MAR-2025
PROD_100543,100543,02516071,AG-FLECAINIDE,,,0116696001,N,22-MAR-2025
PROD_100544,100544,02516098,ILUMYA,SINGLE-DOSE PREFILLED SYRINGE,,0162907001,N,07-AUG-2025
PROD_100545,100545,02516101,DILTIAZEM T,,,0115863004,N,03-FEB-2026
PROD_100546,100546,02516128,DILTIAZEM T,,,0115863007,N,03-FEB-2026
PROD_100547,100547,02516136,DILTIAZEM T,,,0115863006,N,03-FEB-2026
PROD_100548,100548,02516144,DILTIAZEM T,,,0115863008,N,03-FEB-2026
PROD_100549,100549,02516152,DILTIAZEM T,,,0115863009,N,03-FEB-2026
PROD_100550,100550,02516160,"HYDRALAZINE HYDROCHLORIDE INJECTION, USP",SINGLE-USE VIAL,,0107444005,N,12-AUG-2026
PROD_100552,100552,02516187,PROGESTERONE,,,0106327002,N,13-AUG-2026
PROD_100558,100558,02516209,COLACE PLUS STIMULANT LAXATIVE,,,0215780001,N,24-JUN-2026
PROD_100559,100559,02516217,SANDOZ CLONIDINE,,,0108891003,N,22-MAR-2025
PROD_100560,100560,02516225,SODIUM BICARBONATE INJECTION USP,,,0104153005,N,22-MAR-2025
PROD_100561,100561,02516241,WAKIX,,,0162928002,N,13-MAY-2026
PROD_100562,100562,02516268,WAKIX,,,0162928001,N,13-MAY-2026
PROD_100563,100563,02516276,AG-TENOFOVIR,,,0152569001,N,22-MAR-2025
PROD_100565,100565,02516292,JAMP RIVAROXABAN,,,0152487001,N,06-MAY-2026
PROD_100566,100566,02516306,JAMP RIVAROXABAN,,,0152487002,N,06-MAY-2026
PROD_100567,100567,02516314,JAMP RIVAROXABAN,,,0152487003,N,06-MAY-2026
PROD_100568,100568,02516322,TEPMETKO,,,0162948001,N,22-MAR-2025
PROD_100572,100572,02516365,ESSENTIAL ENERGY HYDRATING DAY CREAM,,CAT IV - SUNBURN PROTECTANTS,0451521101,N,22-MAR-2025
PROD_100574,100574,02516403,PHOTO REGUL CREAM / CRÈME UNIFYING PROTECTIVE FACE CARE / SOIN PROTECTEUR VISAGE UNIFICATEUR SPF 25 / FPS 25,,CAT IV - SUNBURN PROTECTANTS,0350284009,N,29-JUL-2026
PROD_100577,100577,02516438,JAMP LURASIDONE,,,0153185005,N,23-DEC-2025
PROD_100578,100578,02516446,JAMP LURASIDONE,,,0153185001,N,23-DEC-2025
PROD_100579,100579,02516454,JAMP LURASIDONE,,,0153185004,N,23-DEC-2025
PROD_100580,100580,02516462,JAMP LURASIDONE,,,0153185002,N,23-DEC-2025
PROD_100581,100581,02516470,JAMP LURASIDONE,,,0153185003,N,23-DEC-2025
PROD_100586,100586,02516519,BIO-SOLIFENACIN,,,0151584001,N,15-JAN-2026
PROD_100587,100587,02516527,BIO-SOLIFENACIN,,,0151584002,N,15-JAN-2026
PROD_100588,100588,02516535,VENLAFAXINE XR,,,0131294002,N,22-MAR-2025
PROD_100589,100589,02516543,VENLAFAXINE XR,,,0131294001,N,22-MAR-2025
PROD_100590,100590,02516551,VENLAFAXINE XR,,,0131294005,N,22-MAR-2025
PROD_100600,100600,02516667,TECARTUS,,,0162968001,N,14-AUG-2026
PROD_100605,100605,02516713,FLEXACRÈME PAIN RELIEF RUB,,LS - TRIETHANOLAMINE SALICYLATE (TROLAMINE),0103740002,N,22-MAR-2025
PROD_100607,100607,02516756,RIZATRIPTAN,,,0137841002,N,22-MAR-2025
PROD_100609,100609,02516764,LEDAGA,,,0107722002,N,22-MAR-2025
PROD_100615,100615,02516799,JAMP TEMOZOLOMIDE,,,0138781001,N,22-MAR-2025
PROD_100616,100616,02516802,JAMP TEMOZOLOMIDE,,,0138781002,N,22-MAR-2025
PROD_100617,100617,02516810,JAMP TEMOZOLOMIDE,,,0138781003,N,22-MAR-2025
PROD_100618,100618,02516829,JAMP TEMOZOLOMIDE,,,0138781006,N,22-MAR-2025
PROD_100620,100620,02516845,JAMP TEMOZOLOMIDE,,,0138781004,N,22-MAR-2025
PROD_100625,100625,02516918,RETEVMO,,,0162988001,N,11-MAR-2026
PROD_100626,100626,02516926,RETEVMO,,,0162988002,N,11-MAR-2026
PROD_100627,100627,02516934,AG-QUETIAPINE FUMARATE,,,0131858001,N,02-JUL-2026
PROD_100628,100628,02516942,AG-QUETIAPINE FUMARATE,,,0131858002,N,02-JUL-2026
PROD_100629,100629,02516950,AG-QUETIAPINE FUMARATE,,,0131858003,N,02-JUL-2026
PROD_100630,100630,02516969,AG-QUETIAPINE FUMARATE,,,0131858005,N,02-JUL-2026
PROD_100635,100635,02517019,MAR-AFATINIB,,,0154930001,N,22-MAR-2025
PROD_100636,100636,02517027,MAR-AFATINIB,,,0154930002,N,22-MAR-2025
PROD_100637,100637,02517035,MAR-AFATINIB,,,0154930003,N,22-MAR-2025
PROD_100638,100638,02517205,SANDOZ ADAPALENE / BENZOYL PEROXIDE FORTE,,,0252888002,N,18-AUG-2026
PROD_100645,100645,02517116,PMSC-CELECOXIB,,,0137043001,N,30-JUL-2026
PROD_100646,100646,02517124,PMSC-CELECOXIB,,,0137043002,N,30-JUL-2026
PROD_100647,100647,02517132,DEXTROSE INJECTION,,,0102181001,N,22-MAR-2025
PROD_100648,100648,02517140,TRIKAFTA,,,0462989001,N,06-FEB-2026
PROD_100649,100649,02517159,AQUAGEL DEFENSE 50,,CAT IV - SUNBURN PROTECTANTS,0451521073,N,22-MAR-2025
PROD_100653,100653,02517191,FACE MIST,,CAT IV - SUNBURN PROTECTANTS,0451521073,N,24-JUL-2025
PROD_100663,100663,02517280,CHILDREN'S TYLENOL EASY DISSOLVE,,,0102009006,N,12-SEP-2025
PROD_100679,100679,02517388,TRECONDYV,,,0163010002,N,05-JUN-2025
PROD_100680,100680,02517396,FLUCONAZOLE,,,0122529001,N,22-MAR-2025
PROD_100681,100681,02517418,FLUCONAZOLE,,,0122529002,N,22-MAR-2025
PROD_100684,100684,02517450,JAMP QUINAPRIL,,,0123206002,N,22-MAR-2025
PROD_100685,100685,02517469,JAMP QUINAPRIL,,,0123206003,N,22-MAR-2025
PROD_100686,100686,02517477,JAMP QUINAPRIL,,,0123206004,N,22-MAR-2025
PROD_100691,100691,02517515,CLEAR ACTION BENZOYL PEROXIDE ACNE TREATMENT 5%,,CAT IV - ACNE THERAPY,0107205001,N,22-MAR-2025
PROD_100695,100695,02517574,BAG BALM SKIN MOISTURIZER,,CAT IV - MEDICATED SKIN CARE PRODUCTS,0108784011,N,22-MAR-2025
PROD_100701,100701,02517639,PEMETREXED DISODIUM FOR INJECTION,,,0150104002,N,22-MAR-2025
PROD_100702,100702,02517647,PEMETREXED DISODIUM FOR INJECTION,,,0150104001,N,22-MAR-2025
PROD_100704,100704,02517663,PENTAMIDINE ISETIONATE FOR INJECTION BP,,,0152223001,N,22-MAR-2025
PROD_100706,100706,02517698,LUMIFY,,,0131859004,N,12-DEC-2025
PROD_100707,100707,02517701,JAMP MIDODRINE,,,0123066001,N,22-MAR-2025
PROD_100708,100708,02517728,JAMP MIDODRINE,,,0123066002,N,29-AUG-2025
PROD_100710,100710,02517744,ROCURONIUM BROMIDE INJECTION,MULTIDOSE VIALS,,0126317001,N,13-AUG-2026
PROD_100712,100712,02517760,EXTRA STRENGTH CLOTRIMAZOLE EXTRA FORT -FLUCONAZOLE COMBI,,,0252465002,N,28-NOV-2025
PROD_100713,100713,02517779,PMS-SILODOSIN,,,0152869001,N,22-MAR-2025
PROD_100714,100714,02517787,PMS-SILODOSIN,,,0152869002,N,22-MAR-2025
PROD_100715,100715,02517795,MAR-METOCLOPRAMIDE,,,0109394003,N,01-APR-2026
PROD_100720,100720,02517841,VYNDAMAX,,,0163049001,N,09-JUN-2026
PROD_100721,100721,02517868,ARAZLO,,,0133047003,N,26-JAN-2026
PROD_100735,100735,02518015,APO-ELETRIPTAN TABLETS,,,0150241001,N,22-MAR-2025
PROD_100736,100736,02518023,APO-ELETRIPTAN TABLETS,,,0150241002,N,22-MAR-2025
PROD_100737,100737,02518031,FPS 60 LOTION UV ULTRA-LÉGÈRE,,,0761590001,N,22-MAR-2025
PROD_100738,100738,02518058,BREZTRI AEROSPHERE,PRESSURIZED INHALATION SUSPENSION,,0363070002,N,06-AUG-2026
PROD_100744,100744,02518112,OSPHENA,,,0163071001,N,22-MAR-2025
PROD_100752,100752,02518201,RED EYE TRIPLE ACTION,,,0227167001,N,12-SEP-2025
PROD_100753,100753,02518228,RED EYE WORKPLACE,,,0227167001,N,12-SEP-2025
PROD_100755,100755,02518244,KANJINTI,SINGLE-USE VIAL,,0154252002,N,07-AUG-2026
PROD_100757,100757,02518252,VABLYS,,,0107638003,N,22-MAR-2025
PROD_100759,100759,02518279,SUPER-C SPF 30,,CAT IV - SUNBURN PROTECTANTS,0451521103,N,20-JUN-2025
PROD_100766,100766,02518376,LEQVIO,,,0163074001,N,22-MAR-2025
PROD_100770,100770,02518384,ULTRA SHEER MOISTURIZING FACE SERUM SUNSCREEN,,CAT IV - SUNBURN PROTECTANTS,0451521090,N,16-MAY-2025
PROD_100782,100782,02518511,JAMP MYCOPHENOLIC ACID,,,0150521002,N,19-SEP-2025
PROD_100783,100783,02518538,JAMP MYCOPHENOLIC ACID,,,0150521001,N,19-SEP-2025
PROD_100787,100787,02518562,SANDOZ LENALIDOMIDE,,,0152422006,N,22-MAR-2025
PROD_100788,100788,02518570,SANDOZ LENALIDOMIDE,,,0152422001,N,22-MAR-2025
PROD_100789,100789,02518589,SANDOZ LENALIDOMIDE,,,0152422002,N,22-MAR-2025
PROD_100790,100790,02518597,SANDOZ LENALIDOMIDE,,,0152422003,N,22-MAR-2025
PROD_100791,100791,02518600,SANDOZ LENALIDOMIDE,,,0152422005,N,22-MAR-2025
PROD_100792,100792,02518619,SANDOZ LENALIDOMIDE,,,0152422004,N,22-MAR-2025
PROD_100793,100793,02518627,MINJUVI,SINGLE-USE VIAL,,0163075001,N,12-AUG-2026
PROD_100803,100803,02518732,SANDOZ DAPAGLIFLOZIN,,,0156370001,N,21-JUL-2025
PROD_100804,100804,02518740,SANDOZ DAPAGLIFLOZIN,,,0156370002,N,21-JUL-2025
PROD_100805,100805,02518759,JAMP TRAMADOL HCL,,,0151694006,N,22-MAR-2025
PROD_100806,100806,02518767,METRONIDAZOLE,,,0102572003,N,22-MAR-2025
PROD_100809,100809,02518791,JAMP BISOPROLOL,,,0122418002,N,22-MAR-2025
PROD_100810,100810,02518805,JAMP BISOPROLOL,,,0122418001,N,22-MAR-2025
PROD_100812,100812,02518821,JAMP SPIRONOLACTONE,,,0106462001,N,29-APR-2026
PROD_100813,100813,02518848,JAMP SPIRONOLACTONE,,,0106462002,N,29-APR-2026
PROD_100820,100820,02518910,GLN-APREMILAST,,,0156231002,N,31-DEC-2025
PROD_100830,100830,02519011,BLEXTEN,,,0158051002,N,22-MAR-2025
PROD_100831,100831,02519038,BLEXTEN,,,0158051003,N,22-MAR-2025
PROD_100833,100833,02519054,MINT-BUSPIRONE,,,0116263001,N,22-MAR-2025
PROD_100835,100835,02519070,DIASTAT,PREFILLED RECTAL DELIVERY SYSTEM,,0103614001,N,23-OCT-2025
PROD_100836,100836,02519089,DIASTAT,PREFILLED RECTAL DELIVERY SYSTEM,,0103614001,N,23-OCT-2025
PROD_100840,100840,02519127,MOMETASONE,,,0121732002,N,22-MAR-2025
PROD_100844,100844,02519178,BICALUTAMIDE,,,0127996001,N,22-MAR-2025
PROD_100846,100846,02519194,TRANEXAMIC ACID,,,0114760001,N,22-MAR-2025
PROD_100851,100851,02519232,ONDANSETRON ODT,,,0131120003,N,22-MAR-2025
PROD_100852,100852,02519240,ONDANSETRON ODT,,,0131120001,N,22-MAR-2025
PROD_100854,100854,02519267,ADVIL PLUS ACETAMINOPHEN,,,0261410002,N,19-SEP-2025
PROD_100855,100855,02519283,SKYRIZI,SINGLE-USE PREFILLED SYRINGE,,0161390002,N,07-AUG-2026
PROD_100857,100857,02519291,SKYRIZI,SINGLE-USE PREFILLED PEN,,0161390002,N,07-AUG-2026
PROD_100858,100858,02519305,ACETAMINOPHEN INJECTION,,,0102009015,N,22-MAR-2025
PROD_100862,100862,02519348,HYDROXYCHLOROQUINE,,,0107403001,N,02-JUL-2026
PROD_100863,100863,02519364,KALYDECO,,,0153450004,N,22-MAR-2025
PROD_100865,100865,02519380,MYINFLA,,,0107264009,N,22-MAR-2025
PROD_100870,100870,02519437,REDDY-CLOBETASOL SHAMPOO,,,0110995001,N,20-JUN-2025
PROD_100871,100871,02519445,PMS-ONDANSETRON ODT,,,0131120003,N,22-MAR-2025
PROD_100872,100872,02519453,PMS-ONDANSETRON ODT,,,0131120001,N,22-MAR-2025
PROD_100873,100873,02519461,JAMP EFAVIRENZ/EMTRICITABINE/TENOFOVIR DISOPROXIL FUMARATE,,,0352327001,N,22-MAR-2025
PROD_100878,100878,02519534,PANTOPRAZOLE MAGNESIUM,,,0133229001,N,22-MAR-2025
PROD_100880,100880,02519550,URBAN ENVIRONMENT OIL-FREE,,CAT IV - SUNBURN PROTECTANTS,0463116001,N,22-MAR-2025
PROD_100883,100883,02519585,VALACYCLOVIR,,,0128626003,N,22-MAR-2025
PROD_100888,100888,02519631,ARTHRITIS PAIN RELIEF,,,0102009008,N,22-MAR-2025
PROD_100892,100892,02519682,M-BETAHISTINE,,,0103555002,N,22-MAR-2025
PROD_100893,100893,02519690,M-BETAHISTINE,,,0103555003,N,22-MAR-2025
PROD_100894,100894,02519704,M-BETAHISTINE,,,0103555004,N,22-MAR-2025
PROD_100896,100896,02519720,PERINDOPRIL/INDAPAMIDE,,,0248401001,N,11-AUG-2026
PROD_100897,100897,02519739,PERINDOPRIL/INDAPAMIDE,,,0248401003,N,11-AUG-2026
PROD_100899,100899,02519755,M-METRONIDAZOLE,,,0102572003,N,22-MAR-2025
PROD_100905,100905,02519828,JAMP ALENDRONATE / VITAMIN D3,,,0251575001,N,22-MAR-2025
PROD_100906,100906,02519836,JAMP ALENDRONATE / VITAMIN D3,,,0251575002,N,22-MAR-2025
PROD_100907,100907,02519844,ALFUZOSIN,,,0146806001,N,22-MAR-2025
PROD_100909,100909,02519852,GLN-DAPAGLIFLOZIN,,,0156370001,N,13-AUG-2025
PROD_100910,100910,02519860,GLN-DAPAGLIFLOZIN,,,0156370002,N,13-AUG-2025
PROD_100911,100911,02519879,CAPECITABINE,,,0134120001,N,03-JUN-2026
PROD_100912,100912,02519887,CAPECITABINE,,,0134120002,N,03-JUN-2026
PROD_100917,100917,02519933,PEMAZYRE,,,0163133001,N,22-MAR-2025
PROD_100918,100918,02519941,PEMAZYRE,,,0163133002,N,22-MAR-2025
PROD_100919,100919,02519968,PEMAZYRE,,,0163133003,N,22-MAR-2025
PROD_100922,100922,02519992,LIFT & FIRM Y-ZONE CRÈME JOUR HAUTE FERMETÉ FPS 20,,CAT IV - SUNBURN PROTECTANTS,0451521105,N,22-MAR-2025
PROD_100923,100923,02520001,HYPERHEP B,VIALS,,0114080002,N,06-AUG-2026
PROD_100924,100924,02520028,HALOETTE,,,0250087001,N,22-APR-2025
PROD_100925,100925,02520036,JAMP TRETINOIN,,,0112395005,N,22-MAR-2025
PROD_100930,100930,02520087,HYPERTET,1 ML PREFILLED SYRINGE,,0133051001,N,14-AUG-2026
PROD_100931,100931,02520095,LUMAKRAS,,,0163153001,N,01-APR-2025
PROD_100932,100932,02520109,M-ESOMEPRAZOLE,,,0145162001,N,22-MAR-2025
PROD_100933,100933,02520117,M-ESOMEPRAZOLE,,,0145162002,N,22-MAR-2025
PROD_100934,100934,02520125,HYPERHEP B,"NEONATAL, PREFILLED SYRINGE",,0114080002,N,24-AUG-2026
PROD_100955,100955,02520354,JAMP LINEZOLID,,,0143501002,N,22-MAR-2025
PROD_100959,100959,02520397,VARDENAFIL,,,0150003002,N,22-MAR-2025
PROD_100960,100960,02520400,VARDENAFIL,,,0150003003,N,22-MAR-2025
PROD_100961,100961,02520419,NYQUIL KIDS,,LS - COUGH AND COLD,0362436002,N,22-MAR-2025
PROD_100962,100962,02520427,APO-POMALIDOMIDE,,,0155290001,N,22-APR-2026
PROD_100963,100963,02520435,APO-POMALIDOMIDE,,,0155290002,N,22-APR-2026
PROD_100964,100964,02520443,APO-POMALIDOMIDE,,,0155290003,N,22-APR-2026
PROD_100965,100965,02520451,APO-POMALIDOMIDE,,,0155290004,N,22-APR-2026
PROD_100967,100967,02520478,AMB-BISACODYL,,LS - LAXATIVES (STOOL SOFTENER),0101506002,N,22-MAR-2025
PROD_100968,100968,02520486,NRA-LETROZOLE,,,0132937001,N,22-MAR-2025
PROD_100969,100969,02520494,TEVA-SITAGLIPTIN MALATE / METFORMIN,,,0252656001,N,27-JAN-2026
PROD_100970,100970,02520508,TEVA-SITAGLIPTIN MALATE / METFORMIN,,,0252656002,N,27-JAN-2026
PROD_100971,100971,02520516,TEVA-SITAGLIPTIN MALATE / METFORMIN,,,0252656003,N,27-JAN-2026
PROD_100989,100989,02520699,ESOMEPRAZOLE,,,0145162001,N,16-DEC-2025
PROD_100990,100990,02520702,ESOMEPRAZOLE,,,0145162002,N,16-DEC-2025
PROD_100991,100991,02520710,MOXIFLOXACIN,,,0142242001,N,22-MAR-2025
PROD_100992,100992,02520729,BAMBEVI,,,0151381001,N,22-MAR-2025
PROD_100993,100993,02520737,BAMBEVI,,,0151381001,N,22-MAR-2025
PROD_100997,100997,02520788,TRODELVY,,,0163175001,N,28-JUL-2025
PROD_100998,100998,02520796,PEG 3350,,,0152488002,N,22-MAR-2025
PROD_101006,101006,02520869,RUKOBIA,,,0163177001,N,22-MAR-2025
PROD_101013,101013,02520893,RINVOQ,,,0162012002,N,07-AUG-2026
PROD_101018,101018,02520931,NRA-TADALAFIL,,,0149485004,N,22-MAR-2025
PROD_101020,101020,02520966,NRA-TADALAFIL,,,0149485002,N,22-MAR-2025
PROD_101021,101021,02520974,KIRSTY,PREFILLED PEN,,0144802001,N,05-AUG-2026
PROD_101023,101023,02520990,NYPOZI,PREFILLED SYRINGE,,0123525003,N,31-JUL-2026
PROD_101024,101024,02521008,NYPOZI,PREFILLED SYRINGE,,0123525003,N,31-JUL-2026
PROD_101028,101028,02521059,HALYCIL,,,0103603001,N,22-MAR-2025
PROD_101030,101030,02521075,SANDOZ LURASIDONE,LURASIDONE HYDROCHLORIDE TABLETS,,0153185005,N,22-MAR-2025
PROD_101031,101031,02521083,OPSYNVI,,,0263194001,N,16-APR-2025
PROD_101032,101032,02521091,SANDOZ LURASIDONE,LURASIDONE HYDROCHLORIDE TABLETS,,0153185001,N,22-MAR-2025
PROD_101033,101033,02521105,SANDOZ LURASIDONE,LURASIDONE HYDROCHLORIDE TABLETS,,0153185004,N,22-MAR-2025
PROD_101034,101034,02521113,SANDOZ LURASIDONE,LURASIDONE HYDROCHLORIDE TABLETS,,0153185002,N,22-MAR-2025
PROD_101035,101035,02521121,SANDOZ LURASIDONE,LURASIDONE HYDROCHLORIDE TABLETS,,0153185003,N,22-MAR-2025
PROD_101036,101036,02521148,EPINEPHRINE INJECTION,SINGLE-USE PREFILLED SYRINGE,,0104871003,N,04-AUG-2026
PROD_101037,101037,02521156,AG-BISOPROLOL,,,0122418001,N,22-MAR-2025
PROD_101038,101038,02521164,AG-BISOPROLOL,,,0122418002,N,22-MAR-2025
PROD_101039,101039,02521172,OLOPATADINE,,,0132394001,N,22-MAR-2025
PROD_101043,101043,02521202,IMATINIB,,,0145503002,N,23-JUL-2026
PROD_101044,101044,02521229,FLUCONAZOLE-150,,,0122529004,N,18-NOV-2025
PROD_101045,101045,02521210,IMATINIB,,,0145503003,N,23-JUL-2026
PROD_101046,101046,02521237,EXTRA STRENGTH TYLENOL LIQUID GELS,,LS - ANALG (ACETAMINOPHEN LABELLING STANDARD),0102009002,N,02-APR-2026
PROD_101047,101047,02521245,ALLEGRA HIVES,,,0131730001,N,03-JUL-2025
PROD_101048,101048,02521253,CEPHALEXIN,,,0105911004,N,22-MAR-2025
PROD_101049,101049,02521261,CEPHALEXIN,,,0105911003,N,22-MAR-2025
PROD_101050,101050,02521288,ADTRALZA,PREFILLED SYRINGES,,0163195001,N,04-AUG-2026
PROD_101055,101055,02521350,DARUNAVIR,,,0151656006,N,22-MAR-2025
PROD_101060,101060,02521407,MILRINONE LACTATE INJECTION USP,SINGLE DOSE VIAL,,0131285001,N,22-MAR-2025
PROD_101061,101061,02521415,COOLA DAILY PROTECTION SPF 50 REFRESHING WATER CREAM SUNSCREEN,,CAT IV - SUNBURN PROTECTANTS,0451521107,N,22-MAR-2025
PROD_101062,101062,02521423,COOLA HYDRATING SUNSCREEN LOTION PINA COLADA SCENT,,CAT IV - SUNBURN PROTECTANTS,0451521108,N,22-MAR-2025
PROD_101065,101065,02521466,PMSC-VENLAFAXINE XR,,,0131294002,N,12-NOV-2025
PROD_101066,101066,02521474,PMSC-VENLAFAXINE XR,,,0131294005,N,12-NOV-2025
PROD_101067,101067,02521482,PMSC-VENLAFAXINE XR,,,0131294001,N,12-NOV-2025
PROD_101072,101072,02521539,PIPERACILLIN AND TAZOBACTAM FOR INJECTION,,,0225919008,N,22-MAR-2025
PROD_101073,101073,02521547,MINT-EMTRICITABINE/TENOFOVIR,,,0251568001,N,22-MAR-2025
PROD_101074,101074,02521555,PRZ-ATORVASTATIN,,,0133055001,N,27-JUL-2026
PROD_101075,101075,02521563,PRZ-ATORVASTATIN,,,0133055002,N,27-JUL-2026
PROD_101076,101076,02521571,PRZ-ATORVASTATIN,,,0133055003,N,27-JUL-2026
PROD_101077,101077,02521598,PRZ-ATORVASTATIN,,,0133055004,N,27-JUL-2026
PROD_101081,101081,02521636,URBAN ENVIRONMENT FRESH - MOISTURE,BROAD SPECTRUM SPF 42 SUNSCREEN,CAT IV - SUNBURN PROTECTANTS,0451521092,N,22-MAR-2025
PROD_101082,101082,02521644,SANDOZ ABIRATERONE,,,0152948002,N,22-MAR-2025
PROD_101084,101084,02521660,COOLA CLASSIC FACE SPF 30 SUNSCREEN LOTION CUCUMBER SCENT,,CAT IV - SUNBURN PROTECTANTS,0451521108,N,22-MAR-2025
PROD_101087,101087,02521679,NGENLA,PREFILLED PEN,,0163234001,N,07-AUG-2026
PROD_101089,101089,02521687,NGENLA,PREFILLED PEN,,0163234002,N,07-AUG-2026
PROD_101093,101093,02521733,PMS-APREMILAST,,,0156231002,N,22-MAR-2025
PROD_101095,101095,02521768,SANDOZ FESOTERODINE FUMARATE,,,0153091001,N,22-MAR-2025
PROD_101096,101096,02521776,SANDOZ FESOTERODINE FUMARATE,,,0153091002,N,22-MAR-2025
PROD_101108,101108,02521903,PADCEV,SINGLE-USE VIAL,,0163254001,N,31-JUL-2026
PROD_101109,101109,02521911,PADCEV,SINGLE-USE VIAL,,0163254002,N,31-JUL-2026
PROD_101112,101112,02521954,PYRITHIONE ZINC DANDRUFF SHAMPOO HYDRATING COCONUT 2IN1,,CAT IV - ANTIDANDRUFF PRODUCTS,0108628001,N,24-APR-2025
PROD_101113,101113,02521962,PYRITHIONE ZINC DANDRUFF SHAMPOO HYDRATING COCONUT ,,CAT IV - ANTIDANDRUFF PRODUCTS,0108628001,N,02-MAY-2025
PROD_101115,101115,02521989,COOLA CLEAR SUNSCREEN SPRAY GUAVA MANGO SCENT,,CAT IV - SUNBURN PROTECTANTS,0451521109,N,22-MAR-2025
PROD_101118,101118,02522012,COOLA HYDRATING SUNSCREEN LOTION GUAVA MANGO SCENT,,CAT IV - SUNBURN PROTECTANTS,0451521100,N,22-MAR-2025
PROD_101119,101119,02522020,DORZOLAMIDE-TIMOLOL,,,0237301001,N,22-MAR-2025
PROD_101131,101131,02522160,ABEVMY,SINLGE-USE VIAL,,0151381001,N,12-AUG-2026
PROD_101132,101132,02522179,ABEVMY,SINLGE-USE VIAL,,0151381001,N,12-AUG-2026
PROD_101138,101138,02522233,MAR-MYCOPHENOLATE MOFETIL,,,0128158003,N,19-AUG-2026
PROD_101141,101141,02522268,LIDOCAINE HYDROCHLORIDE INJECTION,SINGLE-USE PREFILLED SYRINGE,,0101280001,N,20-AUG-2026
PROD_101144,101144,02522306,TARO-ACYCLOVIR,,,0115506007,N,22-MAR-2025
PROD_101145,101145,02522314,NRA-LURASIDONE,,,0153185005,N,08-AUG-2025
PROD_101146,101146,02522322,NRA-LURASIDONE,,,0153185001,N,08-AUG-2025
PROD_101147,101147,02522330,NRA-LURASIDONE,,,0153185004,N,08-AUG-2025
PROD_101148,101148,02522349,NRA-LURASIDONE,,,0153185002,N,08-AUG-2025
PROD_101150,101150,02522365,NEXVIAZYME,SINGLE-USE VIAL,,0163274001,N,12-AUG-2026
PROD_101151,101151,02522373,DORZOLAMIDE,,,0128558001,N,22-MAR-2025
PROD_101153,101153,02522403,VAXNEUVANCE,SINGLE-DOSE PREFILLED SYRINGE,,1663275001,N,18-AUG-2026
PROD_101155,101155,02522438,GLASSIA,SINGLE-USE VIAL,,0120888004,N,12-AUG-2026
PROD_101158,101158,02522470,MAVIRET,,,0259390002,N,10-FEB-2026
PROD_101162,101162,02522500,PRZ-AMLODIPINE,,,0131437003,N,27-JUL-2026
PROD_101163,101163,02522519,PRZ-AMLODIPINE,,,0131437002,N,27-JUL-2026
PROD_101164,101164,02522527,PRZ-AMLODIPINE,,,0131437001,N,27-JUL-2026
PROD_101166,101166,02522543,PYRITHIONE ZINC DANDRUFF SHAMPOO LEMON OIL 2IN1,,CAT IV - ANTIDANDRUFF PRODUCTS,0108628001,N,22-MAR-2025
PROD_101174,101174,02522632,TARO-PERAMPANEL,,,0154211001,N,22-MAR-2025
PROD_101175,101175,02522640,TARO-PERAMPANEL,,,0154211002,N,22-MAR-2025
PROD_101176,101176,02522659,TARO-PERAMPANEL,,,0154211003,N,22-MAR-2025
PROD_101177,101177,02522667,TARO-PERAMPANEL,,,0154211004,N,22-MAR-2025
PROD_101178,101178,02522675,TARO-PERAMPANEL,,,0154211005,N,22-MAR-2025
PROD_101179,101179,02522683,TARO-PERAMPANEL,,,0154211006,N,22-MAR-2025
PROD_101180,101180,02522691,OLAY HYALURONIC HYDRATING FACIAL MOISTURIZER WITH SPF,,CAT IV - SUNBURN PROTECTANTS,0451521042,N,22-MAR-2025
PROD_101181,101181,02522705,TEVA-SITAGLIPTIN MALATE,,,0152414002,N,22-MAR-2025
PROD_101182,101182,02522713,TEVA-SITAGLIPTIN MALATE,,,0152414003,N,22-MAR-2025
PROD_101183,101183,02522721,TEVA-SITAGLIPTIN MALATE,,,0152414001,N,22-MAR-2025
PROD_101187,101187,02522829,AYBINTIO,SINGLE-USE VIAL,,0151381001,N,12-AUG-2026
PROD_101189,101189,02522837,AYBINTIO,SINGLE-USE VIAL,,0151381001,N,12-AUG-2026
PROD_101191,101191,02522799,PMS-TOFACITINIB,,,0155550001,N,19-MAY-2026
PROD_101192,101192,02522802,SLYND,,,0163280001,N,22-MAR-2025
PROD_101194,101194,02522845,SAPHNELO,SINGLE-USE VIAL,,0163278001,N,12-AUG-2026
PROD_101196,101196,02522861,ACCEL-DULOXETINE,,,0152350001,N,11-APR-2025
PROD_101197,101197,02522888,ACCEL-DULOXETINE,,,0152350002,N,11-APR-2025
PROD_101198,101198,02522896,JAMP TOFACITINIB,,,0155550001,N,25-AUG-2026
PROD_101203,101203,02522950,JACK & JILL HONEY COUGH & COLD,,,0200826013,N,22-MAR-2025
PROD_101204,101204,02522969,JACK & JILL BEDTIME HONEY COUGH & COLD,,,0215723003,N,22-MAR-2025
PROD_101209,101209,02523019,PROPYLTHIOURACIL TABLETS,,,0103603001,N,22-MAR-2025
PROD_101211,101211,02523035,PERINDOPRIL ERBUMINE/INDAPAMIDE,,,0248401001,N,22-MAR-2025
PROD_101212,101212,02523043,PERINDOPRIL ERBUMINE/INDAPAMIDE HD,,,0248401003,N,22-MAR-2025
PROD_101218,101218,02523116,NRA-ALENDRONATE,,,0150323002,N,18-AUG-2026
PROD_101221,101221,02523140,"CALCIUM GLUCONATE INJECTION, USP 10%",,,0108566002,N,19-MAY-2026
PROD_101226,101226,02523183,SUPER FLUID UV DEFENSE,,CAT IV - SUNBURN PROTECTANTS,0451521048,N,22-MAR-2025
PROD_101230,101230,02523191,IXIFI,SINGLE-USE VIAL,,0144162001,N,07-AUG-2026
PROD_101233,101233,02523213,PREMIUM SUNSCREEN LOTION WITH INSTANT BRONZER BROAD SPECTRUM SPF 15,,CAT IV - SUNBURN PROTECTANTS,0451521110,N,24-JUL-2025
PROD_101235,101235,02523248,COOLA LIPLUX ORIGINAL,,CAT IV - SUNBURN PROTECTANTS,0335121005,N,22-MAR-2025
PROD_101252,101252,02523434,JEMPERLI,SINGLE-USE VIAL,,0163298001,N,12-AUG-2026
PROD_101256,101256,02523493,DEPO-PROVERA,SINGLE-USE PREFILLED SYRINGE,,0106339003,N,20-AUG-2026
PROD_101257,101257,02523477,COOLA DEW GOOD ILLUMINATING SERUM SUNSCREEN,,CAT IV - SUNBURN PROTECTANTS,0335121034,N,22-MAR-2025
PROD_101258,101258,02523485,COOLA CLASSIC SUNSCREEN STICK SPF 30 TROPICAL COCONUT SCENT,,CAT IV - SUNBURN PROTECTANTS,0335121035,N,22-MAR-2025
PROD_101263,101263,02523558,JAMP GUANFACINE XR,,,0154470001,N,19-JUN-2026
PROD_101264,101264,02523566,JAMP GUANFACINE XR,,,0154470002,N,19-JUN-2026
PROD_101265,101265,02523574,JAMP GUANFACINE XR,,,0154470003,N,19-JUN-2026
PROD_101266,101266,02523582,JAMP GUANFACINE XR,,,0154470004,N,19-JUN-2026
PROD_101271,101271,02523620,AURO-RITONAVIR,,,0128780001,N,25-AUG-2025
PROD_101278,101278,02523728,APO-GUANFACINE XR,,,0154470001,N,17-APR-2026
PROD_101279,101279,02523736,APO-GUANFACINE XR,,,0154470002,N,17-APR-2026
PROD_101280,101280,02523744,APO-GUANFACINE XR,,,0154470003,N,17-APR-2026
PROD_101281,101281,02523752,APO-GUANFACINE XR,,,0154470004,N,17-APR-2026
PROD_101282,101282,02523760,YUFLYMA,PREFILLED SYRINGE,,0150364002,N,04-AUG-2026
PROD_101284,101284,02523779,YUFLYMA,PREFILLED PEN,,0150364002,N,31-JUL-2026
PROD_101285,101285,02523795,JAMP CHLORTHALIDONE,,,0101804004,N,22-MAR-2025
PROD_101286,101286,02523809,JAMP CHLORTHALIDONE,,,0101804003,N,22-MAR-2025
PROD_101287,101287,02523817,JAMP CHLORTHALIDONE,,,0101804002,N,22-MAR-2025
PROD_101288,101288,02523825,AZITHROMYCIN FOR INJECTION,,,0126072006,N,22-MAR-2025
PROD_101289,101289,02523833,M-TERIFLUNOMIDE,,,0154970001,N,22-MAR-2025
PROD_101297,101297,02523922,TENOFOVIR,,,0152569001,N,10-MAR-2026
PROD_101299,101299,02523949,SIMLANDI,PREFILLED SYRINGE,,0150364002,N,22-MAR-2025
PROD_101300,101300,02523957,SIMLANDI,AUTO-INJECTOR,,0150364002,N,06-AUG-2026
PROD_101301,101301,02523965,SIMLANDI,PREFILLED SYRINGE,,0150364002,N,22-MAR-2025
PROD_101302,101302,02523973,SANDOZ POMALIDOMIDE,,,0155290001,N,31-DEC-2025
PROD_101303,101303,02523981,SANDOZ POMALIDOMIDE,,,0155290002,N,31-DEC-2025
PROD_101304,101304,02524007,SANDOZ POMALIDOMIDE,,,0155290003,N,31-DEC-2025
PROD_101305,101305,02524015,SANDOZ POMALIDOMIDE,,,0155290004,N,31-DEC-2025
PROD_101306,101306,02524023,AURO-METHOTREXATE,,,0107545001,N,05-NOV-2025
PROD_101307,101307,02524031,PAXLOVID,CONTAINS 5 BLISTER CARDS OF 4 NIRMATRELVIR AND 2 RITONAVIR TABLETS,,0263338001,N,22-APR-2026
PROD_101308,101308,02524058,TARO-SUNITINIB,,,0151642001,N,22-MAR-2025
PROD_101310,101310,02524066,TARO-SUNITINIB,,,0151642002,N,22-MAR-2025
PROD_101312,101312,02524082,TARO-SUNITINIB,,,0151642003,N,22-MAR-2025
PROD_101313,101313,02524090,MINT-ONDANSETRON SOLUTION,,,0131120002,N,22-MAR-2025
PROD_101314,101314,02524104,AURO-APREMILAST,,,0156231002,N,22-MAR-2025
PROD_101316,101316,02524120,AURO-APREMILAST,14-DAY STARTER PACK,,0356230001,N,20-AUG-2026
PROD_101320,101320,02524163,XOFLUZA,,,0162036003,N,26-JUN-2025
PROD_101324,101324,02524198,MAR-CLONIDINE,,,0108891003,N,22-MAR-2025
PROD_101328,101328,02524252,DUPIXENT,SINGLE-DOSE PREFILLED PEN,,0159790002,N,14-AUG-2026
PROD_101329,101329,02524244,LETROZOLE,,,0132937001,N,22-MAR-2025
PROD_101331,101331,02524279,ONDANSETRON ODT,,,0131120003,N,14-JUL-2025
PROD_101332,101332,02524287,ONDANSETRON ODT,,,0131120001,N,14-JUL-2025
PROD_101334,101334,02524309,BENVYON,,,0153268001,N,22-MAR-2025
PROD_101335,101335,02524317,ONTRUZANT,SINGLE-USE VIAL,,0154252002,N,07-AUG-2026
PROD_101336,101336,02524325,ONTRUZANT,MULTIPLE USE VIAL,,0154252001,N,04-JUL-2025
PROD_101339,101339,02524368,HYQVIA,SINGLE-USE,,0263359001,N,19-MAR-2026
PROD_101340,101340,02524376,HYQVIA,SINGLE-USE,,0263359001,N,19-MAR-2026
PROD_101341,101341,02524384,HYQVIA,SINGLE-USE,,0263359001,N,19-MAR-2026
PROD_101342,101342,02524392,HYQVIA,SINGLE-USE,,0263359001,N,19-MAR-2026
PROD_101343,101343,02524406,HYQVIA,SINGLE-USE,,0263359001,N,19-MAR-2026
PROD_101347,101347,02524449,AZITHROMYCIN FOR INJECTION,,,0126072006,N,22-MAR-2025
PROD_101350,101350,02524481,MEZERA,ALSO KNOWN AS MESALAMINE,,0116808002,N,17-AUG-2026
PROD_101351,101351,02524465,AURO-HYDROCORTISONE,,,0106344002,N,23-DEC-2025
PROD_101352,101352,02524473,AURO-HYDROCORTISONE,,,0106344013,N,23-DEC-2025
PROD_101353,101353,02524503,REDDY-RIVAROXABAN,,,0152487004,N,07-JAN-2026
PROD_101357,101357,02524554,GLOW 30,,CAT IV - SUNBURN PROTECTANTS,0335121001,N,24-JUL-2025
PROD_101365,101365,02524627,SOHONOS,,,0163378001,N,30-JUL-2026
PROD_101366,101366,02524635,SOHONOS,,,0163378002,N,30-JUL-2026
PROD_101367,101367,02524643,SOHONOS,,,0163378003,N,30-JUL-2026
PROD_101368,101368,02524651,SOHONOS,,,0163378004,N,30-JUL-2026
PROD_101369,101369,02524678,SOHONOS,,,0163378005,N,30-JUL-2026
PROD_101372,101372,02524708,MINT-ACYCLOVIR,,,0115506002,N,22-MAR-2025
PROD_101373,101373,02524716,MINT-ACYCLOVIR,,,0115506004,N,22-MAR-2025
PROD_101374,101374,02524724,MINT-ACYCLOVIR,,,0115506005,N,22-MAR-2025
PROD_101375,101375,02524732,RIVA-IRBESARTAN,,,0131700001,N,22-MAR-2025
PROD_101376,101376,02524740,RIVA-IRBESARTAN,,,0131700002,N,22-MAR-2025
PROD_101377,101377,02524759,RIVA-IRBESARTAN,,,0131700003,N,22-MAR-2025
PROD_101381,101381,02524791,CEFAZOLIN SODIUM FOR INJECTION BP,,,0109442010,N,22-MAR-2025
PROD_101383,101383,02524813,M-IRBESARTAN,,,0131700001,N,07-AUG-2026
PROD_101384,101384,02524821,M-IRBESARTAN,,,0131700002,N,07-AUG-2026
PROD_101385,101385,02524848,M-IRBESARTAN,,,0131700003,N,07-AUG-2026
PROD_101388,101388,02524872,CLÉ DE PEAU BEAUTÉ SOIN PROTECTEUR POUR LES LÈVRES PROTECTIVE LIP TREATMENT 25,,CAT IV - SUNBURN PROTECTANTS,0351586020,N,18-JUN-2026
PROD_101391,101391,02524880,CINACALCET,,,0150282001,N,22-MAR-2025
PROD_101398,101398,02524953,MICAFUNGIN SODIUM FOR INJECTION,SINGLE-USE VIAL,,0163379001,N,12-AUG-2026
PROD_101399,101399,02524961,MICAFUNGIN SODIUM FOR INJECTION,SINGLE-USE VIAL,,0163379002,N,12-AUG-2026
PROD_101402,101402,02524996,DIACETYLMORPHINE HYDROCHLORIDE,,,0117249003,N,01-SEP-2026
PROD_101403,101403,02525003,DIACETYLMORPHINE HYDROCHLORIDE,,,0117249004,N,01-SEP-2026
PROD_101405,101405,02525062,FACE DAILY UV ANTI-AGING MOISTURIZER,,,0761590001,N,22-MAR-2025
PROD_101407,101407,02525046,TRANDOLAPRIL,,,0131524002,N,22-MAR-2025
PROD_101408,101408,02525054,TRANDOLAPRIL,,,0131524003,N,22-MAR-2025
PROD_101409,101409,02525070,TRANDOLAPRIL,,,0131524004,N,22-MAR-2025
PROD_101414,101414,02525127,AG-GUANFACINE XR,,,0154470001,N,11-AUG-2026
PROD_101415,101415,02525135,AG-GUANFACINE XR,,,0154470002,N,11-AUG-2026
PROD_101416,101416,02525143,AG-GUANFACINE XR,,,0154470003,N,11-AUG-2026
PROD_101417,101417,02525151,AG-GUANFACINE XR,,,0154470004,N,11-AUG-2026
PROD_101418,101418,02525186,LISINOPRIL (TYPE Z),,,0121550003,N,02-APR-2025
PROD_101419,101419,02525194,LISINOPRIL (TYPE Z),,,0121550001,N,02-APR-2025
PROD_101420,101420,02525208,LISINOPRIL (TYPE Z),,,0121550002,N,02-APR-2025
PROD_101421,101421,02525178,TARO-CALCIPOTRIOL / BETAMETHASONE GEL,,,0252270002,N,22-MAR-2025
PROD_101422,101422,02525216,CRÈME UV PROTECTRICE PROTECTIVE UV CREAM,,CAT IV - SUNBURN PROTECTANTS,0451521092,N,08-JUL-2025
PROD_101423,101423,02525224,PRO-GUANFACINE XR,,,0154470001,N,04-AUG-2026
PROD_101424,101424,02525232,PRO-GUANFACINE XR,,,0154470002,N,04-AUG-2026
PROD_101425,101425,02525240,PRO-GUANFACINE XR,,,0154470003,N,04-AUG-2026
PROD_101426,101426,02525259,PRO-GUANFACINE XR,,,0154470004,N,04-AUG-2026
PROD_101427,101427,02525267,BIMZELX,PREFILLED SYRINGE,,0163399001,N,31-JUL-2026
PROD_101428,101428,02525275,BIMZELX,AUTO-INJECTOR,,0163399001,N,06-AUG-2026
PROD_101436,101436,02525348,AMOXICILLIN CAPSULES BP,,,0131314001,N,08-APR-2026
PROD_101437,101437,02525356,AMOXICILLIN CAPSULES BP,,,0131314006,N,08-APR-2026
PROD_101442,101442,02525402,BLUE LIZARD AUSTRALIAN SUNSCREEN 50 SPF KIDS,,CAT IV - SUNBURN PROTECTANTS,0359310002,N,22-MAR-2025
PROD_101444,101444,02525429,BLUE LIZARD AUSTRALIAN SUNSCREEN 50 SPF SPORT,,CAT IV - SUNBURN PROTECTANTS,0359310002,N,22-MAR-2025
PROD_101451,101451,02525518,RIVA APIXABAN,,,0153051001,N,27-FEB-2026
PROD_101452,101452,02525526,RIVA APIXABAN,,,0153051002,N,27-FEB-2026
PROD_101457,101457,02525569,COSENTYX,SINGLE-USE PREFILLED SYRINGE,,0156650001,N,20-AUG-2026
PROD_101459,101459,02525585,CHLORAPREP SWABSTICKS,,,0213979006,N,22-MAR-2025
PROD_101462,101462,02525615,AG-DESVENLAFAXINE,,,0152509001,N,22-MAR-2025
PROD_101463,101463,02525623,AG-DESVENLAFAXINE,,,0152509002,N,22-MAR-2025
PROD_101464,101464,02525631,MOISTURIZING SUNSCREEN LOTION FOR FACE AND BODY,,CAT IV - SUNBURN PROTECTANTS,0451521009,N,15-JUL-2025
PROD_101466,101466,02525666,PMS-PAZOPANIB,,,0152743001,N,22-MAR-2025
PROD_101467,101467,02525720,KIDS MOISTURIZING SUNSCREEN LOTION FOR FACE AND BODY,,CAT IV - SUNBURN PROTECTANTS,0350284016,N,15-JUL-2025
PROD_101476,101476,02525755,OXLUMO,SINGLE-USE VIAL,,0163440001,N,07-AUG-2026
PROD_101478,101478,02525771,JAMP VORICONAZOLE,,,0150242001,N,14-AUG-2026
PROD_101479,101479,02525798,JAMP VORICONAZOLE,,,0150242002,N,14-AUG-2026
PROD_101483,101483,02525852,MELVIZO,SINGLE-USE VIALS,,0152224001,N,10-AUG-2026
PROD_101484,101484,02525844,ACETAMINOPHEN EXTRA STRENGTH TABLETS,,LS - ANALG (ACETAMINOPHEN LABELLING STANDARD),0102009002,N,06-AUG-2025
PROD_101485,101485,02525860,NUMBSKIN,,LS - TOPICAL - ANAESTHETIC/ANALGESIC/ANTIPRURITIC,0103565001,N,22-MAR-2025
PROD_101486,101486,02525879,PROPOFOL INJECTION,SINGLE-USE,,0121833001,N,04-AUG-2026
PROD_101490,101490,02525917,"SULFAMETHOXAZOLE AND TRIMETHOPRIM FOR INJECTION, USP",,,0208901005,N,22-MAR-2025
PROD_101511,101511,02525984,AVEENO POSITIVELY RADIANT DAILY MOISTURIZER SPF 15,,CAT IV - SUNBURN PROTECTANTS,0451521113,N,11-SEP-2025
PROD_101512,101512,02525992,AVEENO POSITIVELY RADIANT DAILY MOISTURIZER SPF 30,,CAT IV - SUNBURN PROTECTANTS,0451521061,N,10-SEP-2025
PROD_101519,101519,02526069,NRA-APIXABAN,,,0153051002,N,05-JAN-2026
PROD_101523,101523,02526115,REZUROCK,,,0163502001,N,09-JUN-2026
PROD_101529,101529,02526182,RYBREVANT,SINGLE-USE VIAL,,0163501001,N,29-AUG-2026
PROD_101531,101531,02526204,TEVA-SUNITINIB,,,0151642001,N,22-MAR-2025
PROD_101532,101532,02526212,TEVA-SUNITINIB,,,0151642002,N,22-MAR-2025
PROD_101533,101533,02526220,TEVA-SUNITINIB,,,0151642003,N,22-MAR-2025
PROD_101534,101534,02526239,UV+AGE DAILY,,CAT IV - SUNBURN PROTECTANTS,0761590001,N,22-MAR-2025
PROD_101536,101536,02526247,PALYNZIQ,,,0163521002,N,30-JUL-2025
PROD_101537,101537,02526255,PALYNZIQ,,,0163521001,N,30-JUL-2025
PROD_101538,101538,02526263,PALYNZIQ,,,0163521001,N,30-JUL-2025
PROD_101547,101547,02526379,MINT-RANITIDINE,,,0115150002,N,22-MAR-2025
PROD_101548,101548,02526387,MINT-RANITIDINE,,,0115150001,N,22-MAR-2025
PROD_101551,101551,02526417,THIOTEPA FOR INJECTION USP,SINGLE-USE VIAL,,0107649001,N,12-AUG-2026
PROD_101552,101552,02526425,THIOTEPA FOR INJECTION USP,SINGLE-USE VIAL,,0107649002,N,12-AUG-2026
PROD_101554,101554,02526441,SEMGLEE,PREFILLED PEN,,0147062001,N,05-AUG-2026
PROD_101558,101558,02526492,ENEMEEZ,,,0104351011,N,22-JUL-2026
PROD_101564,101564,02526557,APO-FLUTICASONE HFA,,,0124685004,N,07-JUL-2026
PROD_101565,101565,02526565,TRANDOLAPRIL,,,0131524002,N,22-MAR-2025
PROD_101566,101566,02526573,TRANDOLAPRIL,,,0131524003,N,22-MAR-2025
PROD_101567,101567,02526581,TRANDOLAPRIL,,,0131524004,N,22-MAR-2025
PROD_101569,101569,02526611,BANANA BOAT SIMPLY PROTECT KIDS KIDS SUNSCREEN SPRAY SPF 50+,,CAT IV - SUNBURN PROTECTANTS,0458790007,N,22-MAR-2025
PROD_101571,101571,02526646,BANANA BOAT SIMPLY PROTECT BABY BABY SUNSCREEN SPRAY SPF 50+,SOLUTION,CAT IV - SUNBURN PROTECTANTS,0458790007,N,12-AUG-2026
PROD_101573,101573,02526662,TAVNEOS,,,0163561001,N,08-JUL-2025
PROD_101574,101574,02526670,TRIKAFTA,,,0462989002,N,06-FEB-2026
PROD_101576,101576,02526697,PURELL ANTIMICROBIAL FOAM HANDWASH 2% CHG,,,0107629004,N,22-MAR-2025
PROD_101582,101582,02526751,CAFFEINE CITRATE ORAL SOLUTION USP,SINGLE-USE VIALS,,0162054001,N,10-AUG-2026
PROD_101583,101583,02526778,CAFFEINE CITRATE INJECTION USP,,,0162054001,N,18-DEC-2025
PROD_101584,101584,02526786,TARO-RIVAROXABAN,,,0152487004,N,29-JAN-2026
PROD_101585,101585,02526794,VRAYLAR,,,0163581003,N,14-JUL-2025
PROD_101586,101586,02526808,VRAYLAR,,,0163581001,N,14-JUL-2025
PROD_101587,101587,02526816,VRAYLAR,,,0163581002,N,14-JUL-2025
PROD_101588,101588,02526824,VRAYLAR,,,0163581004,N,10-JUL-2025
PROD_101589,101589,02526859,EUCERIN COMPLETE HYDRATION LOTION,,CAT IV - SUNBURN PROTECTANTS,0451521051,N,25-JUL-2025
PROD_101590,101590,02526832,EUCERIN AGE DEFENSE,,CAT IV - SUNBURN PROTECTANTS,0451521014,N,25-JUL-2025
PROD_101591,101591,02526840,EUCERIN ANTI-SHINE,,CAT IV - SUNBURN PROTECTANTS,0451521014,N,25-JUL-2025
PROD_101592,101592,02526867,EUCERIN COMPLETE HYDRATION SPRAY,,CAT IV - SUNBURN PROTECTANTS,0451521051,N,25-JUL-2025
PROD_101595,101595,02526891,AURO-NINTEDANIB,,,0157030001,N,13-JAN-2026
PROD_101596,101596,02526905,AURO-NINTEDANIB,,,0157030002,N,13-JAN-2026
PROD_101606,101606,02527006,NRA-CANDESARTAN,,,0135220001,N,31-DEC-2025
PROD_101607,101607,02527014,NRA-CANDESARTAN,,,0135220002,N,31-DEC-2025
PROD_101608,101608,02527022,NRA-CANDESARTAN,,,0135220003,N,31-DEC-2025
PROD_101609,101609,02527030,NRA-CANDESARTAN,,,0135220004,N,31-DEC-2025
PROD_101610,101610,02527049,PREVNAR 20,0.5 ML SINGLE-DOSE PREFILLED SYRINGE,,2163621001,N,14-AUG-2026
PROD_101618,101618,02527138,BREYANZI,SINGLE-DOSE VIALS CD8 AND CD4 COMPONENTS,,0163641001,N,07-AUG-2026
PROD_101620,101620,02527154,ENTECAVIR,,,0151648001,N,22-MAR-2025
PROD_101623,101623,02527200,JAMP PERINDOPRIL ERBUMINE,,,0127178001,N,22-MAR-2025
PROD_101624,101624,02527189,APO-DAPAGLIFLOZIN,,,0156370001,N,11-JUL-2025
PROD_101625,101625,02527197,APO-DAPAGLIFLOZIN,,,0156370002,N,11-JUL-2025
PROD_101626,101626,02527219,JAMP PERINDOPRIL ERBUMINE,,,0127178002,N,22-MAR-2025
PROD_101627,101627,02527227,JAMP PERINDOPRIL ERBUMINE,,,0127178003,N,22-MAR-2025
PROD_101632,101632,02527251,COPPERTONE LOTION SUNSCREEN SPF 50 COMPLETE,,CAT IV - SUNBURN PROTECTANTS,0451521051,N,25-JUL-2025
PROD_101635,101635,02527294,COPPERTONE SPRAY SUNSCREEN SPF 30 COMPLETE,,CAT IV - SUNBURN PROTECTANTS,0451521069,N,25-JUL-2025
PROD_101637,101637,02527316,COPPERTONE SPRAY SUNSCREEN SPF 50 COMPLETE,,CAT IV - SUNBURN PROTECTANTS,0451521044,N,25-JUL-2025
PROD_101643,101643,02527375,LEVETIRACETAM INJECTION USP,,,0148843005,N,22-MAR-2025
PROD_101646,101646,02527391,TABRECTA,,,0163681001,N,22-MAR-2025
PROD_101647,101647,02527405,TABRECTA,,,0163681002,N,22-MAR-2025
PROD_101648,101648,02527421,AURO-ESLICARBAZEPINE,,,0155850001,N,21-MAY-2025
PROD_101649,101649,02527448,AURO-ESLICARBAZEPINE,,,0155850002,N,21-MAY-2025
PROD_101650,101650,02527456,AURO-ESLICARBAZEPINE,,,0155850003,N,21-MAY-2025
PROD_101651,101651,02527464,AURO-ESLICARBAZEPINE,,,0155850004,N,21-MAY-2025
PROD_101655,101655,02527499,FUROSEMIDE SPECIAL INJECTION,SINGLE-USE VIAL,,0101944003,N,07-AUG-2026
PROD_101660,101660,02527537,PMS-RIVAROXABAN,,,0152487004,N,12-MAR-2026
PROD_101664,101664,02527588,KIMMTRAK,SINGLE-USE,,0163721001,N,04-AUG-2026
PROD_101665,101665,02527596,BANANA BOAT SIMPLY PROTECT SPORT SPORT SUNSCREEN SPRAY SPF 50+,,CAT IV - SUNBURN PROTECTANTS,0458790007,N,22-MAR-2025
PROD_101666,101666,02527618,VABYSMO,SINGLE-USE VIAL,,0163722001,N,12-AUG-2026
PROD_101672,101672,02527677,XPOVIO,,,0163741001,N,22-AUG-2025
PROD_101674,101674,02527693,ORLADEYO,,,0163761001,N,29-JUN-2026
PROD_101690,101690,02527723,FOOTRENEW,,CAT IV - ATHLETES FOOT TREATMENTS,0102537001,N,22-MAR-2025
PROD_101691,101691,02527715,POTELIGEO,SINGLE-USE VIAL,,0163781001,N,07-AUG-2026
PROD_101693,101693,02527731,CICAPLAST BAUME B5 CONDITIONING PRO-VITAMIN B5 PRO-VITAMINE B5 REVITALISANTE,,CAT IV - MEDICATED SKIN CARE PRODUCTS,0106827023,N,22-MAR-2025
PROD_101694,101694,02527766,ANTHELIOS DERMO-KIDS 50+,,,0763701001,N,22-MAR-2025
PROD_101695,101695,02527774,AURO-DEFERASIROX (TYPE J),,,0151733004,N,22-MAR-2025
PROD_101696,101696,02527782,AURO-DEFERASIROX (TYPE J),,,0151733005,N,22-MAR-2025
PROD_101697,101697,02527790,AURO-DEFERASIROX (TYPE J),,,0151733006,N,22-MAR-2025
PROD_101703,101703,02527839,SPY AGENT GREEN KIT FOR ADVANCED IMAGING MODALITY (AIM) AND PINPOINT,"SUPPLIED WITH STERILE WATER FOR INJECTION, 10 ML/VIAL (OMEGA)",,0150962001,N,22-MAR-2025
PROD_101704,101704,02527847,BIO-FINASTERIDE,,,0124110001,N,22-MAR-2025
PROD_101708,101708,02527898,FACIAL MOISTURIZING LOTION SPF 30,,CAT IV - SUNBURN PROTECTANTS,0550243002,N,22-MAR-2025
PROD_101724,101724,02527979,BIO-APIXABAN,,,0153051001,N,22-MAR-2025
PROD_101725,101725,02527987,BIO-APIXABAN,,,0153051002,N,22-MAR-2025
PROD_101726,101726,02527995,AG-RIVAROXABAN,,,0152487001,N,10-AUG-2026
PROD_101727,101727,02528002,AG-RIVAROXABAN,,,0152487002,N,10-AUG-2026
PROD_101728,101728,02528010,AG-RIVAROXABAN,,,0152487003,N,10-AUG-2026
PROD_101729,101729,02528029,ADAPTASUN SEA AND TROPICS PROTECTIVE BODY LOTION SPF 30,,CAT IV - SUNBURN PROTECTANTS,0350284009,N,29-JUL-2026
PROD_101730,101730,02528037,JAMP DILTIAZEM CD,,,0115863004,N,24-JUN-2026
PROD_101731,101731,02528045,JAMP DILTIAZEM CD,,,0115863007,N,24-JUN-2026
PROD_101732,101732,02528053,JAMP DILTIAZEM CD,,,0115863006,N,24-JUN-2026
PROD_101733,101733,02528061,JAMP DILTIAZEM CD,,,0115863008,N,24-JUN-2026
PROD_101735,101735,02528096,TARO-FUSIDIC ACID,,,0114230003,N,02-MAR-2026
PROD_101740,101740,02528142,LETYBO,SINGLE-USE VIAL,,0163821002,N,12-AUG-2026
PROD_101744,101744,02528193,MAGNESIUM CHLORIDE FOR HEMODIALYSIS 5.15,SINGLE-USE VIAL,,0120793031,N,07-AUG-2026
PROD_101745,101745,02528207,JAMP CLONIDINE,,,0108891003,N,22-MAR-2025
PROD_101749,101749,02528258,CANDESARTAN,,,0135220001,N,22-MAR-2025
PROD_101750,101750,02528266,CANDESARTAN,,,0135220004,N,22-MAR-2025
PROD_101753,101753,02528290,PMS-DEFERASIROX (TYPE J),,,0151733004,N,22-MAR-2025
PROD_101754,101754,02528304,PMS-DEFERASIROX (TYPE J),,,0151733005,N,22-MAR-2025
PROD_101755,101755,02528312,PMS-DEFERASIROX (TYPE J),,,0151733006,N,22-MAR-2025
PROD_101756,101756,02528320,SCEMBLIX,,,0163861001,N,30-OCT-2025
PROD_101757,101757,02528339,SCEMBLIX,,,0163861002,N,30-OCT-2025
PROD_101760,101760,02528363,CIBINQO,,,0163862001,N,18-MAR-2026
PROD_101761,101761,02528371,CIBINQO,,,0163862002,N,18-MAR-2026
PROD_101762,101762,02528398,CIBINQO,,,0163862003,N,18-MAR-2026
PROD_101763,101763,02528401,TD ADSORBED,PRESERVATIVE-FREE,,0214427001,N,05-AUG-2026
PROD_101764,101764,02528428,APO-FLUTICASONE HFA,,,0124685001,N,22-MAR-2025
PROD_101765,101765,02528509,WEGOVY,DISPENSES 0.25 MG DOSES. MULTIDOSE PREFILLED PEN,,0159870010,N,13-AUG-2026
PROD_101766,101766,02528436,JAMP CEPHALEXIN SUSPENSION,,,0105911001,N,22-MAR-2025
PROD_101767,101767,02528444,JAMP CEPHALEXIN SUSPENSION,,,0105911002,N,22-MAR-2025
PROD_101769,101769,02528479,PMSC-ESOMEPRAZOLE DR,,,0145162001,N,22-MAR-2025
PROD_101770,101770,02528487,PMSC-ESOMEPRAZOLE DR,,,0145162002,N,22-MAR-2025
PROD_101771,101771,02528460,RISEDRONATE,,,0135301005,N,22-MAR-2025
PROD_101772,101772,02528495,GLN-ATOVAQUONE,,,0124073001,N,22-MAR-2025
PROD_101773,101773,02528517,WEGOVY,DISPENSES 0.5 MG DOSES. MULTIDOSE PREFILLED PEN,,0159870002,N,13-AUG-2026
PROD_101774,101774,02528525,WEGOVY,DISPENSES 1 MG DOSES. MULTIDOSE PREFILLED PEN,,0159870002,N,13-AUG-2026
PROD_101775,101775,02528533,WEGOVY,DISPENSES 1.7 MG DOSES. MULTIDOSE PREFILLED PEN,,0159870008,N,13-AUG-2026
PROD_101776,101776,02528541,WEGOVY,DISPENSES 2.4 MG DOSES. MULTIDOSE PREFILLED PEN,,0159870003,N,13-AUG-2026
PROD_101777,101777,02528568,JAMP DOXYCYCLINE,,,0105569005,N,22-MAR-2025
PROD_101779,101779,02528584,ODAN-DEXAMETHASONE ELIXIR,,,0106303010,N,22-MAR-2025
PROD_101780,101780,02528592,SANDOZ TACROLIMUS XR,,,0127857003,N,22-APR-2026
PROD_101781,101781,02528606,SANDOZ TACROLIMUS XR,,,0127857002,N,08-APR-2026
PROD_101783,101783,02528622,SANDOZ TACROLIMUS XR,,,0127857006,N,08-APR-2026
PROD_101784,101784,02528630,SANDOZ TACROLIMUS XR,,,0127857001,N,08-APR-2026
PROD_101786,101786,02528657,ROCURONIUM BROMIDE INJECTION,MULTIDOSE VIAL,,0126317001,N,13-AUG-2026
PROD_101788,101788,02528681,TEVA-CETIRIZINE,,,0122686003,N,06-FEB-2026
PROD_101789,101789,02528673,PIPERACILLIN AND TAZOBACTAM FOR INJECTION,,,0225919001,N,22-MAR-2025
PROD_101790,101790,02528703,PIPERACILLIN AND TAZOBACTAM FOR INJECTION,,,0225919003,N,22-MAR-2025
PROD_101791,101791,02528711,PIPERACILLIN AND TAZOBACTAM FOR INJECTION,,,0225919002,N,22-MAR-2025
PROD_101792,101792,02528738,ALLERGY RELIEF LIQUID GELS,,,0122686001,N,22-MAR-2025
PROD_101793,101793,02528746,PEMETREXED DISODIUM FOR INJECTION,SINGLE-USE VIAL,,0150104002,N,12-AUG-2026
PROD_101794,101794,02528754,PEMETREXED DISODIUM FOR INJECTION,SINGLE-USE VIAL,,0150104001,N,12-AUG-2026
PROD_101797,101797,02528789,IRINOTECAN HYDROCHLORIDE INJECTION,,,0132910001,N,01-JUN-2026
PROD_101799,101799,02528800,IRINOTECAN HYDROCHLORIDE INJECTION,,,0132910001,N,01-JUN-2026
PROD_101800,101800,02528819,MEROPENEM FOR INJECTION,SINGLE-USE VIAL,,0128599001,N,12-AUG-2026
PROD_101801,101801,02528827,MEROPENEM FOR INJECTION,SINGLE-USE VIAL,,0128599002,N,12-AUG-2026
PROD_101802,101802,02528835,PANTOPRAZOLE FOR INJECTION,SINGLE-USE VIAL,,0133229001,N,12-AUG-2026
PROD_101806,101806,02528886,DEXMEDETOMIDINE HYDROCHLORIDE FOR INJECTION,,,0152679003,N,17-OCT-2025
PROD_101808,101808,02528908,WELIREG,,,0163901001,N,02-SEP-2026
PROD_101810,101810,02528924,JAMP APIXABAN,,,0153051001,N,18-AUG-2025
PROD_101811,101811,02528932,JAMP APIXABAN,,,0153051002,N,18-AUG-2025
PROD_101814,101814,02528940,JAMP DOXYCYCLINE CAPSULES,,,0105569001,N,22-MAR-2025
PROD_101815,101815,02528959,JAMP APREMILAST,,,0156231002,N,29-AUG-2025
PROD_101816,101816,02528967,JAMP APREMILAST,STARTER PACK,,0356230001,N,10-AUG-2026
PROD_101817,101817,02528975,RIVA-DAPAGLIFLOZIN,,,0156370001,N,16-APR-2026
PROD_101818,101818,02528983,RIVA-DAPAGLIFLOZIN,,,0156370002,N,16-APR-2026
PROD_101819,101819,02528991,APO-DEXLANSOPRAZOLE,,,0152766001,N,22-MAR-2025
PROD_101820,101820,02529009,M-APIXABAN,,,0153051001,N,25-NOV-2025
PROD_101821,101821,02529017,M-APIXABAN,,,0153051002,N,25-NOV-2025
PROD_101822,101822,02529025,APO-DEXLANSOPRAZOLE,,,0152766002,N,22-MAR-2025
PROD_101823,101823,02529033,SITAGLIPTIN,,,0152414002,N,22-MAR-2025
PROD_101824,101824,02529041,SITAGLIPTIN,,,0152414003,N,22-MAR-2025
PROD_101825,101825,02529068,SITAGLIPTIN,,,0152414001,N,22-MAR-2025
PROD_101826,101826,02529076,MOXIFLOXACIN,,,0142242003,N,22-MAR-2025
PROD_101827,101827,02529084,SANDOZ APREMILAST,,,0156231002,N,22-MAR-2025
PROD_101828,101828,02529092,SANDOZ APREMILAST,STARTER PACK,,0356230001,N,10-AUG-2026
PROD_101829,101829,02529106,SANDOZ SITAGLIPTIN-METFORMIN XR,,,0252656001,N,22-MAR-2025
PROD_101830,101830,02529114,SANDOZ SITAGLIPTIN-METFORMIN XR,,,0252656003,N,22-MAR-2025
PROD_101831,101831,02529122,SANDOZ SITAGLIPTIN-METFORMIN XR,,,0252656004,N,22-MAR-2025
PROD_101832,101832,02529130,FLUID SPF 15,,CAT IV - SUNBURN PROTECTANTS,0216790155,N,22-MAR-2025
PROD_101839,101839,02529157,SITAGLIPTIN-METFORMIN,,,0252656001,N,22-MAR-2025
PROD_101840,101840,02529165,SITAGLIPTIN-METFORMIN,,,0252656002,N,22-MAR-2025
PROD_101841,101841,02529173,SITAGLIPTIN-METFORMIN,,,0252656003,N,22-MAR-2025
PROD_101844,101844,02529203,NORDITROPIN FLEXPRO,MULTIDOSE PREFILLED PEN,,0131827011,N,14-AUG-2026
PROD_101845,101845,02529211,NORDITROPIN FLEXPRO,MULTIDOSE PREFILLED PEN,,0131827012,N,14-AUG-2026
PROD_101847,101847,02529254,TRURAPI,VIAL,,0144802001,N,22-MAR-2025
PROD_101850,101850,02529289,URBAN ENVIRONMENT VITA-CLEAR,,CAT IV - SUNBURN PROTECTANTS,0451521092,N,18-JUN-2026
PROD_101856,101856,02529343,LAPELGA,SINGLE-USE PREFILLED AUTO-INJECTOR,,0149962001,N,14-AUG-2026
PROD_101857,101857,02529351,YOUR SKIN BUT BETTER CC+,,CAT IV - SUNBURN PROTECTANTS,0356210003,N,22-MAR-2025
PROD_101858,101858,02529378,INVISIBLE DAILY DEFENSE SUNSCREEN,,CAT IV - SUNBURN PROTECTANTS,0451521090,N,22-AUG-2025
PROD_101859,101859,02529386,INVISIBLE DAILY DEFENSE BODY MIST SUNSCREEN,,CAT IV - SUNBURN PROTECTANTS,0451521014,N,17-SEP-2025
PROD_101860,101860,02529394,M-ALENDRONATE,,,0150323002,N,14-JUL-2026
PROD_101864,101864,02529432,M-FLUOXETINE,,,0116847003,N,22-MAR-2025
PROD_101865,101865,02529440,M-FLUOXETINE,,,0116847001,N,22-MAR-2025
PROD_101866,101866,02529459,AMIKACIN SULFATE INJECTION,SINGLE-USE VIALS,,0111922001,N,22-MAR-2025
PROD_101869,101869,02529491,AG-PERINDOPRIL ERBUMINE,,,0127178001,N,22-MAR-2025
PROD_101874,101874,02529505,AG-PERINDOPRIL ERBUMINE,,,0127178002,N,22-MAR-2025
PROD_101875,101875,02529513,AG-PERINDOPRIL ERBUMINE,,,0127178003,N,22-MAR-2025
PROD_101878,101878,02529548,TEZSPIRE,SINGLE-USE PREFILLED SYRINGE,,0163941001,N,06-AUG-2026
PROD_101879,101879,02529556,TEZSPIRE,SINGLE-USE PREFILLED PEN,,0163941001,N,06-AUG-2026
PROD_101882,101882,02529580,BIMATOPROST RC,,,0147303002,N,31-JUL-2026
PROD_101883,101883,02529599,AZACITIDINE FOR INJECTION,SINGLE-USE VIAL,,0152665001,N,12-AUG-2026
PROD_101884,101884,02529602,MYXREDLIN,,,0152199004,N,22-DEC-2025
PROD_101886,101886,02529610,OCTASA,ALSO KNOWN AS MESALAMINE,,0116808015,N,17-AUG-2026
PROD_101887,101887,02529629,JAMP ABIRATERONE,,,0152948002,N,22-MAR-2025
PROD_101888,101888,02529637,"ANTICOAGULANT SODIUM CITRATE SOLUTION, USP",SINGLE-USE,,0100377001,N,04-AUG-2026
PROD_101890,101890,02529653,COSENTYX,SINGLE-USE PREFILLED SYRINGE,,0156650001,N,04-AUG-2026
PROD_101891,101891,02529661,COSENTYX,PRE-FILLED PEN (UNOREADY PEN). SINGLE USE,,0156650001,N,16-JUN-2026
PROD_101892,101892,02529688,KORSUVA,,,0163961001,N,22-MAR-2025
PROD_101899,101899,02529750,M-TICAGRELOR,,,0152934002,N,29-JUL-2026
PROD_101900,101900,02529769,M-TICAGRELOR,,,0152934001,N,29-JUL-2026
PROD_101901,101901,02529777,HYDRATING LIP PROTECTANT STICK SPF 15,,CAT IV - SUNBURN PROTECTANTS,0322013005,N,08-JUL-2026
PROD_101903,101903,02529793,POTASSIUM CHLORIDE FOR HEMODIALYSIS 7.55,,,0100273040,N,22-MAR-2025
PROD_101904,101904,02529807,PYRITHIONE ZINC DANDRUFF SHAMPOO GINGER 2IN1,,CAT IV - ANTIDANDRUFF PRODUCTS,0108628001,N,22-MAR-2025
PROD_101905,101905,02529815,PLERIXAFOR INJECTION,SINGLE-USE VIAL,,0153050001,N,07-AUG-2026
PROD_101907,101907,02529831,ROCURONIUM BROMIDE INJECTION,MULTIDOSE VIALS,,0126317001,N,13-AUG-2026
PROD_101909,101909,02529866,AURO-SITAGLIPTIN,,,0152414002,N,22-MAR-2025
PROD_101910,101910,02529874,AURO-SITAGLIPTIN,,,0152414003,N,22-MAR-2025
PROD_101911,101911,02529882,AURO-SITAGLIPTIN,,,0152414001,N,22-MAR-2025
PROD_101913,101913,02529904,ANASTROZOLE,,,0128681001,N,01-DEC-2025
PROD_101914,101914,02529912,AG-APIXABAN,,,0153051001,N,29-DEC-2025
PROD_101915,101915,02529920,AG-APIXABAN,,,0153051002,N,29-DEC-2025
PROD_101916,101916,02529939,CHILDREN'S TYLENOL DYE-FREE CHEWABLES,,LS - ANALG (ACETAMINOPHEN LABELLING STANDARD),0102009006,N,29-OCT-2025
PROD_101921,101921,02529998,"DANTROLENE SODIUM FOR INJECTION, USP",SINGLE-DOSE VIALS,,0109855003,N,07-AUG-2026
PROD_101923,101923,02530007,AURO-TOFACITINIB,,,0155550001,N,01-APR-2026
PROD_101924,101924,02530015,AURO-TOFACITINIB,,,0155550003,N,01-APR-2026
PROD_101925,101925,02530031,ZEJULA,,,0161550001,N,26-MAY-2026
PROD_101926,101926,02530058,PYRITHIONE ZINC DANDRUFF SHAMPOO 2IN1 MEN EUCALYPTUS & NEEM,,CAT IV - ANTIDANDRUFF PRODUCTS,0108628001,N,22-MAR-2025
PROD_101930,101930,02530090,NAT-EVEROLIMUS,,,0152682003,N,20-JUL-2026
PROD_101931,101931,02530104,NAT-EVEROLIMUS,,,0152682001,N,20-JUL-2026
PROD_101933,101933,02530120,NAT-EVEROLIMUS,,,0152682002,N,20-JUL-2026
PROD_101934,101934,02530139,KOSELUGO,,,0163981001,N,11-AUG-2026
PROD_101935,101935,02530147,KOSELUGO,,,0163981002,N,11-AUG-2026
PROD_101940,101940,02530201,ISA KNOX ANEW SOLAIRE 50 SPF / FPS ACTIVE FACE & BODY,,CAT IV - SUNBURN PROTECTANTS,0451521063,N,22-MAR-2025
PROD_101941,101941,02530228,ISA KNOX ANEW SOLAIRE 50 SPF / FPS EVERYDAY FACE,,CAT IV - SUNBURN PROTECTANTS,0451521063,N,22-MAR-2025
PROD_101942,101942,02530236,NRA-CETIRIZINE TABLETS,,,0122686003,N,28-NOV-2025
PROD_101944,101944,02530244,MODAFINIL,,,0136083001,N,22-MAR-2025
PROD_101945,101945,02530260,RIVA-HYDROXYUREA,,,0113432001,N,17-JUL-2026
PROD_101948,101948,02530295,RYMTI,1 ML SINGLE-USE PREFILLED SYRINGE,,0151564001,N,19-AUG-2026
PROD_101949,101949,02530309,RYMTI,1 ML SINGLE-USE PREFILLED AUTO-INJECTOR PEN,,0151564001,N,31-JUL-2026
PROD_101952,101952,02530341,MYLAN-AZELASTINE/FLUTICASONE,,,0256150002,N,22-MAR-2025
PROD_101953,101953,02530333,JAMP POSACONAZOLE,,,0152201001,N,22-MAR-2025
PROD_101958,101958,02530406,RYLAZE,"RECOMBINANT, SINGLE-DOSE VIAL",,0164041001,N,28-AUG-2026
PROD_101959,101959,02530414,COLGATE TOTAL ACTIVE PREVENTION GUM HEALTH,,,0106834010,N,29-OCT-2025
PROD_101961,101961,02530422,THE SOLUTION ANORECTAL SPRAY TEMPORARY PAIN RELIEF,,LS - ANORECTAL DRUG PRODUCTS,0201284014,N,22-MAR-2025
PROD_101962,101962,02530430,"CARBOPROST TROMETHAMINE INJECTION, USP",VIAL,,0133100001,N,24-JUL-2025
PROD_101963,101963,02530449,LIDOCAINE INJECTION BP,"CONTAINS PRESERVATIVE, MULTIDOSE VIALS",,0101280004,N,25-AUG-2026
PROD_101964,101964,02530457,LIDOCAINE INJECTION BP,"CONTAINS PRESERVATIVE, MULTIDOSE VIALS",,0101280001,N,25-AUG-2026
PROD_101968,101968,02530481,AMPICILLIN SODIUM FOR INJECTION BP,,,0105872001,N,22-MAR-2025
PROD_101969,101969,02530503,AMPICILLIN SODIUM FOR INJECTION BP,,,0105872003,N,22-MAR-2025
PROD_101970,101970,02530511,AMPICILLIN SODIUM FOR INJECTION BP,,,0105872005,N,22-MAR-2025
PROD_101971,101971,02530546,EYEZIRGAN,,,0128037004,N,28-JUL-2026
PROD_101976,101976,02530597,EVEN BETTER BRIGHTENING MOISTURIZER,,CAT IV - SUNBURN PROTECTANTS,0335121009,N,22-MAR-2025
PROD_101980,101980,02530635,FULVESTRANT INJECTABLE,SINGLE-USE PREFILLED SYRINGE,,0149744001,N,06-AUG-2026
PROD_101985,101985,02530694,M-AMOXI CLAV,,,0234720004,N,22-MAR-2025
PROD_101986,101986,02530708,APIXABAN,,,0153051001,N,12-AUG-2026
PROD_101987,101987,02530716,APIXABAN,,,0153051002,N,12-AUG-2026
PROD_101988,101988,02530724,PRO-APIXABAN,,,0153051001,N,10-APR-2026
PROD_101989,101989,02530740,LIVTENCITY,,,0164061001,N,24-JUL-2026
PROD_101990,101990,02530732,PRO-APIXABAN,,,0153051002,N,10-APR-2026
PROD_101991,101991,02530759,PEPTO-BISMOL EXTRA CAPLET,,,0111864006,N,22-MAR-2025
PROD_101993,101993,02530775,METHOFILL SELF-DOSE INJECTOR,SINGLE-DOSE PREFILLED AUTO-INJECTOR,,0107545005,N,10-AUG-2026
PROD_101994,101994,02530783,METHOFILL SELF-DOSE INJECTOR,SINGLE-DOSE PREFILLED AUTO-INJECTOR,,0107545005,N,10-AUG-2026
PROD_101995,101995,02530791,METHOFILL SELF-DOSE INJECTOR,SINGLE-DOSE PREFILLED AUTO-INJECTOR,,0107545005,N,10-AUG-2026
PROD_101996,101996,02530805,METHOFILL SELF-DOSE INJECTOR,SINGLE-DOSE PREFILLED AUTO-INJECTOR,,0107545005,N,10-AUG-2026
PROD_101998,101998,02530821,NUCALA,SINGLE-USE PREFILLED SYRINGE,,0157630001,N,06-AUG-2026
PROD_101999,101999,02530813,METHOFILL SELF-DOSE INJECTOR,SINGLE-DOSE PREFILLED AUTO-INJECTOR,,0107545005,N,10-AUG-2026
PROD_102001,102001,02530848,METHOFILL SELF-DOSE INJECTOR,SINGLE-DOSE PREFILLED AUTO-INJECTOR,,0107545005,N,10-AUG-2026
PROD_102002,102002,02530856,METHOFILL SELF-DOSE INJECTOR,SINGLE-DOSE PREFILLED AUTO-INJECTOR,,0107545005,N,10-AUG-2026
PROD_102010,102010,02530937,M-SERTRALINE,,,0123417003,N,22-MAR-2025
PROD_102011,102011,02530945,M-SERTRALINE,,,0123417001,N,22-MAR-2025
PROD_102012,102012,02530953,M-SERTRALINE,,,0123417002,N,22-MAR-2025
PROD_102033,102033,02531186,RYALTRIS,SUSPENSION,,0264081001,N,14-AUG-2026
PROD_102034,102034,02531194,TRANEXAMIC ACID INJECTION,AMPOULES,,0114760002,N,05-MAR-2026
PROD_102035,102035,02531208,TRANEXAMIC ACID INJECTION,VIALS,,0114760002,N,22-MAR-2025
PROD_102038,102038,02531224,ACYCLOVIR SODIUM INJECTION,,,0115506007,N,07-APR-2026
PROD_102039,102039,02531240,NRA-CANDESARTAN HCTZ,,,0244181001,N,07-JAN-2026
PROD_102040,102040,02531259,NRA-CANDESARTAN HCTZ,,,0244181002,N,07-JAN-2026
PROD_102041,102041,02531267,NRA-CANDESARTAN HCTZ,,,0244181003,N,07-JAN-2026
PROD_102048,102048,02531348,PYRITHIONE ZINC DANDRUFF CONDITIONER SULFATE FREE SHEA BUTTER,,CAT IV - ANTIDANDRUFF PRODUCTS,0108628013,N,02-MAY-2025
PROD_102049,102049,02531356,PYRITHIONE ZINC DANDRUFF SHAMPOO SULFATE FREE SHEA BUTTER,,CAT IV - ANTIDANDRUFF PRODUCTS,0108628001,N,10-APR-2025
PROD_102050,102050,02531364,JAMP DAPAGLIFLOZIN,,,0156370001,N,17-JUL-2026
PROD_102051,102051,02531372,JAMP DAPAGLIFLOZIN,,,0156370002,N,17-JUL-2026
PROD_102054,102054,02531402,AURO-DAPAGLIFLOZIN,,,0156370001,N,29-JUL-2026
PROD_102055,102055,02531410,AURO-DAPAGLIFLOZIN,,,0156370002,N,29-JUL-2026
PROD_102056,102056,02531429,"AZITHROMYCIN FOR INJECTION, USP",SINGLE-USE VIAL,,0126072006,N,12-AUG-2026
PROD_102067,102067,02531550,PMS-DAPAGLIFLOZIN,,,0156370001,N,14-MAY-2025
PROD_102068,102068,02531569,PMS-DAPAGLIFLOZIN,,,0156370002,N,14-MAY-2025
PROD_102069,102069,02531577,BOTOX,,,0151557003,N,14-MAY-2026
PROD_102070,102070,02531585,BOTOX,,,0151557004,N,14-MAY-2026
PROD_102071,102071,02531593,AURO-LEVOCARB,,,0210315002,N,25-JUL-2025
PROD_102072,102072,02531607,AURO-LEVOCARB,,,0210315003,N,25-JUL-2025
PROD_102073,102073,02531615,AURO-LEVOCARB,,,0210315001,N,25-JUL-2025
PROD_102075,102075,02531631,TARO-SITAGLIPTIN FUMARATE,,,0152414002,N,22-MAR-2025
PROD_102076,102076,02531658,TARO-SITAGLIPTIN FUMARATE,,,0152414003,N,22-MAR-2025
PROD_102078,102078,02531666,TARO-SITAGLIPTIN FUMARATE,,,0152414001,N,22-MAR-2025
PROD_102081,102081,02531704,JAMP BRIMONIDINE/TIMOLOL,,,0249643001,N,30-JAN-2026
PROD_102085,102085,02531747,METOCLOPRAMIDE HYDROCHLORIDE INJECTION,,,0109394003,N,22-MAR-2025
PROD_102088,102088,02531771,LIP SCREEN SHINE,,CAT IV - SUNBURN PROTECTANTS,0451521095,N,22-MAR-2025
PROD_102089,102089,02531798,JAMP TICAGRELOR,,,0152934002,N,04-JUN-2026
PROD_102090,102090,02531801,JAMP TICAGRELOR,,,0152934001,N,04-JUN-2026
PROD_102091,102091,02531828,"PROGESTERONE INJECTION, USP",,,0106327001,N,22-MAR-2025
PROD_102093,102093,02531844,JAMP AMIODARONE,,,0118593001,N,22-MAR-2025
PROD_102096,102096,02531879,CARMUSTINE FOR INJECTION USP,,,0109587001,N,22-MAR-2025
PROD_102097,102097,02531887,MINT-MEMANTINE,,,0150423001,N,22-MAR-2025
PROD_102098,102098,02531895,PRZ-METFORMIN,,,0101773001,N,27-JUL-2026
PROD_102099,102099,02531909,PRZ-METFORMIN,,,0101773002,N,27-JUL-2026
PROD_102100,102100,02531917,KERENDIA,,,0164141001,N,10-FEB-2026
PROD_102101,102101,02531925,KERENDIA,,,0164141002,N,10-FEB-2026
PROD_102102,102102,02531933,PYRITHIONE ZINC DANDRUFF SHAMPOO AVOCADO OIL,,CAT IV - ANTIDANDRUFF PRODUCTS,0108628001,N,22-MAR-2025
PROD_102103,102103,02531941,"MITOMYCIN FOR INJECTION, USP",,,0111533002,N,22-MAR-2025
PROD_102104,102104,02531968,PYRITHIONE ZINC DANDRUFF SHAMPOO DEEP SCALP HYDRATION,,CAT IV - ANTIDANDRUFF PRODUCTS,0108628001,N,22-MAR-2025
PROD_102106,102106,02531984,PYRITHIONE ZINC DANDRUFF SHAMPOO DEEP SCALP CLEANSE,,CAT IV - ANTIDANDRUFF PRODUCTS,0108628001,N,22-MAR-2025
PROD_102107,102107,02531992,PYRITHIONE ZINC DANDRUFF SHAMPOO DEEP SCALP CLEANSE 2IN1,,CAT IV - ANTIDANDRUFF PRODUCTS,0108628001,N,22-MAR-2025
PROD_102109,102109,02532026,PYRITHIONE ZINC DANDRUFF SHAMPOO DEEP SCALP HYDRATION 2IN1,,CAT IV - ANTIDANDRUFF PRODUCTS,0108628001,N,22-MAR-2025
PROD_102111,102111,02532042,PRZ-AMOXICILLIN,,,0131314001,N,27-JUL-2026
PROD_102112,102112,02532050,PRZ-AMOXICILLIN,,,0131314006,N,27-JUL-2026
PROD_102116,102116,02532093,SKYRIZI,PRE-FILLED CATRIDGE WITH ON-BODY INJECTOR,,0161390002,N,07-AUG-2026
PROD_102117,102117,02532107,SKYRIZI,SINGLE-USE VIAL,,0161390003,N,12-AUG-2026
PROD_102119,102119,02532123,M-CITALOPRAM,,,0136243003,N,22-MAR-2025
PROD_102121,102121,02532158,TARO-DESVENLAFAXINE,,,0152509001,N,01-SEP-2026
PROD_102122,102122,02532166,TARO-DESVENLAFAXINE,,,0152509002,N,01-SEP-2026
PROD_102123,102123,02532174,AUDRINA 21,,,0220415002,N,22-MAR-2025
PROD_102124,102124,02532182,AUDRINA 28,,,0220415002,N,22-MAR-2025
PROD_102126,102126,02532190,AURO-SUNITINIB,,,0151642001,N,22-MAR-2025
PROD_102127,102127,02532204,AURO-SUNITINIB,,,0151642002,N,22-MAR-2025
PROD_102129,102129,02532220,AURO-SUNITINIB,,,0151642003,N,22-MAR-2025
PROD_102130,102130,02532247,ELONOX,SINGLE-USE PREFILLED SERINGE,,0131860001,N,20-AUG-2026
PROD_102131,102131,02532255,ELONOX,SINGLE-USE PREFILLED SERINGE,,0131860001,N,20-AUG-2026
PROD_102132,102132,02532263,ELONOX,SINGLE-USE PREFILLED SERINGE,,0131860001,N,20-AUG-2026
PROD_102133,102133,02532271,ELONOX,SINGLE-USE PREFILLED SERINGE,,0131860001,N,10-AUG-2026
PROD_102134,102134,02532298,ELONOX,SINGLE-USE PREFILLED SERINGE,,0131860001,N,20-AUG-2026
PROD_102135,102135,02532301,ELONOX HP,SINGLE-USE PREFILLED SERINGE,,0131860002,N,20-AUG-2026
PROD_102136,102136,02532328,ELONOX HP,SINGLE-USE PREFILLED SERINGE,,0131860002,N,20-AUG-2026
PROD_102138,102138,02532344,MICAFUNGIN SODIUM FOR INJECTION,SINGLE-USE VIAL,,0152203002,N,07-AUG-2026
PROD_102140,102140,02532360,MICAFUNGIN SODIUM FOR INJECTION,SINGLE-USE VIAL,,0152203003,N,07-AUG-2026
PROD_102141,102141,02532379,GLYCOPYRROLATE INJECTION USP,"CONTAINS PRESERVATIVE, MULTIDOSE VIAL",,0102396002,N,02-SEP-2026
PROD_102142,102142,02532387,"SUMATRIPTAN INJECTION, USP",0.5 ML SINGLE-DOSE PREFILLED SYRINGE,,0123238006,N,12-AUG-2026
PROD_102144,102144,02532409,REDDY-EVEROLIMUS,,,0152682003,N,24-JUL-2025
PROD_102145,102145,02532417,REDDY-EVEROLIMUS,,,0152682001,N,24-JUL-2025
PROD_102147,102147,02532433,REDDY-EVEROLIMUS,,,0152682002,N,24-JUL-2025
PROD_102148,102148,02532441,JAMP VALPROIC ACID ORAL SOLUTION,,,0112996002,N,24-JUN-2026
PROD_102149,102149,02532468,SUNLENCA,,,0164221001,N,14-AUG-2026
PROD_102150,102150,02532476,SUNLENCA,SINGLE-DOSE VIALS,,0164221001,N,14-AUG-2026
PROD_102152,102152,02532492,MOISTURE SURGE SPF 28 SHEER HYDRATOR,,CAT IV - SUNBURN PROTECTANTS,0439442013,N,22-MAR-2025
PROD_102153,102153,02532506,SKIN FIRMING RETINOL MOISTURIZER,,CAT IV - SUNBURN PROTECTANTS,0451521116,N,20-JUN-2025
PROD_102156,102156,02532530,UBRELVY,,,0164241001,N,16-JUL-2026
PROD_102157,102157,02532549,CAMZYOS,,,0164242001,N,25-JUL-2025
PROD_102158,102158,02532557,CAMZYOS,,,0164242002,N,25-JUL-2025
PROD_102159,102159,02532565,CAMZYOS,,,0164242003,N,25-JUL-2025
PROD_102160,102160,02532573,CAMZYOS,,,0164242004,N,25-JUL-2025
PROD_102161,102161,02532581,UBRELVY,,,0164241002,N,16-JUL-2026
PROD_102163,102163,02532611,RADICAVA,,,0160190002,N,06-JUL-2026
PROD_102170,102170,02532689,MIRTAZAPINE,,,0143928001,N,21-AUG-2025
PROD_102173,102173,02532719,TECARTUS,,,0162968002,N,14-AUG-2026
PROD_102186,102186,02532840,SANDOZ SUNITINIB,,,0151642001,N,22-MAR-2025
PROD_102187,102187,02532867,SANDOZ SUNITINIB,,,0151642002,N,22-MAR-2025
PROD_102189,102189,02532883,SANDOZ SUNITINIB,,,0151642003,N,22-MAR-2025
PROD_102196,102196,02532972,"ZINC SULFATE INJECTION, USP",,,0109299014,N,22-MAR-2025
PROD_102197,102197,02532964,REBINYN,SINGLE-USE VIAL,,0159770004,N,12-AUG-2026
PROD_102198,102198,02532980,"ZINC SULFATE INJECTION, USP",,,0109299013,N,22-MAR-2025
PROD_102199,102199,02532999,"VANCOMYCIN HYDROCHLORIDE FOR INJECTION, USP",,,0131315003,N,10-APR-2026
PROD_102202,102202,02533006,"VANCOMYCIN HYDROCHLORIDE FOR INJECTION, USP",,,0131315001,N,10-APR-2026
PROD_102205,102205,02533030,SOTYKTU,,,0164321001,N,20-AUG-2026
PROD_102206,102206,02533049,AG-DAPAGLIFLOZIN,,,0156370001,N,04-FEB-2026
PROD_102207,102207,02533057,AG-DAPAGLIFLOZIN,,,0156370002,N,04-FEB-2026
PROD_102209,102209,02533065,MAR-CYPROHEPTADINE,,LS - CYPROHEPTADINE,0102134002,N,22-MAR-2025
PROD_102210,102210,02533073,AURO-DAPAGLIFLOZIN / METFORMIN,,,0257650001,N,23-JUL-2026
PROD_102211,102211,02533081,AURO-DAPAGLIFLOZIN / METFORMIN,,,0257650002,N,23-JUL-2026
PROD_102212,102212,02533103,TOBRAMYCIN INJECTION USP,,,0110230001,N,22-MAR-2025
PROD_102221,102221,02533200,MIDODRINE,,,0123066001,N,22-MAR-2025
PROD_102222,102222,02533219,MIDODRINE,,,0123066002,N,22-MAR-2025
PROD_102224,102224,02533235,JAMP GATIFLOXACIN,,,0142621005,N,22-MAR-2025
PROD_102225,102225,02533243,AURO-FEBUXOSTAT,,,0152809001,N,22-MAR-2025
PROD_102226,102226,02533251,REDDY-ABIRATERONE,,,0152948002,N,24-JUL-2025
PROD_102227,102227,02533278,DAYTIME DEFENDER SUNSCREEN BROAD SPECTRUM SPF 30,,CAT IV - SUNBURN PROTECTANTS,0335121029,N,22-MAR-2025
PROD_102229,102229,02533294,EMPAVELI,SINGLE-USE VIAL,,0164341001,N,07-AUG-2026
PROD_102230,102230,02533308,FUTURIST SKINTINT SERUM,,CAT IV - SUNBURN PROTECTANTS,0346162014,N,22-MAR-2025
PROD_102231,102231,02533316,SANDOZ ALFACALCIDOL,,,0135700001,N,22-MAR-2025
PROD_102232,102232,02533324,SANDOZ ALFACALCIDOL,,,0135700002,N,22-MAR-2025
PROD_102233,102233,02533332,PMSC-NIFEDIPINE ER,,,0115253004,N,22-MAR-2025
PROD_102234,102234,02533340,TARO-LISDEXAMFETAMINE CHEWABLE TABLETS,,,0152536006,N,19-MAY-2026
PROD_102235,102235,02533359,TARO-LISDEXAMFETAMINE CHEWABLE TABLETS,,,0152536003,N,19-MAY-2026
PROD_102236,102236,02533367,TARO-LISDEXAMFETAMINE CHEWABLE TABLETS,,,0152536001,N,19-MAY-2026
PROD_102237,102237,02533375,TARO-LISDEXAMFETAMINE CHEWABLE TABLETS,,,0152536004,N,19-MAY-2026
PROD_102238,102238,02533383,TARO-LISDEXAMFETAMINE CHEWABLE TABLETS,,,0152536002,N,19-MAY-2026
PROD_102239,102239,02533391,TARO-LISDEXAMFETAMINE CHEWABLE TABLETS,,,0152536005,N,19-MAY-2026
PROD_102240,102240,02533405,PREMIUM BEAUTY BALM,,CAT IV - SUNBURN PROTECTANTS,0427221021,N,22-MAR-2025
PROD_102241,102241,02533413,HAWAIIAN TROPIC SUNSCREEN OIL SPRAY,,CAT IV - SUNBURN PROTECTANTS,0242881007,N,22-MAR-2025
PROD_102243,102243,02533448,ULTOMIRIS,SINGLE-USE VIAL,,0161710002,N,07-AUG-2026
PROD_102244,102244,02533456,ULTOMIRIS,SINGLE-USE VIAL,,0161710002,N,07-AUG-2026
PROD_102245,102245,02533464,ZIMED PF,"PRESERVATIVE-FREE, MULTIDOSE BOTTLE",,0147303001,N,21-AUG-2026
PROD_102246,102246,02533480,HADLIMA PUSHTOUCH,SINGLE-DOSE AUTO-INJECTOR,,0150364002,N,17-AUG-2026
PROD_102247,102247,02533472,HADLIMA,SINGLE-DOSE PREFILLED SYRINGE,,0150364002,N,10-AUG-2026
PROD_102253,102253,02533545,SANDOZ RIOCIGUAT,,,0154770001,N,29-AUG-2025
PROD_102255,102255,02533561,SANDOZ RIOCIGUAT,,,0154770002,N,29-AUG-2025
PROD_102256,102256,02533588,SANDOZ RIOCIGUAT,,,0154770003,N,29-AUG-2025
PROD_102257,102257,02533618,SANDOZ RIOCIGUAT,,,0154770005,N,29-AUG-2025
PROD_102258,102258,02533596,SANDOZ RIOCIGUAT,,,0154770004,N,29-AUG-2025
PROD_102260,102260,02533626,JACK & JILL MULTI-SYMPTOM COLD & COUGH,,,0214697002,N,22-MAR-2025
PROD_102261,102261,02533642,APO-METHADONE,,,0144621002,N,06-FEB-2026
PROD_102262,102262,02533650,APO-METHADONE,,,0144621003,N,06-FEB-2026
PROD_102263,102263,02533669,APO-METHADONE,,,0144621001,N,06-FEB-2026
PROD_102264,102264,02533677,APO-METHADONE,,,0144621004,N,06-FEB-2026
PROD_102268,102268,02533715,ACNE FOAMING CLEANSER,,CAT IV - ACNE THERAPY,0107205008,N,13-AUG-2025
PROD_102272,102272,02533758,ACID CONCENTRATE A1243,,,0617386210,N,22-MAR-2025
PROD_102273,102273,02533766,ACID CONCENTRATE A1255,,,0617386463,N,22-MAR-2025
PROD_102274,102274,02533774,ACID CONCENTRATE A1228,,,0617386452,N,22-MAR-2025
PROD_102276,102276,02533782,ACID CONCENTRATE A1241,,,0617386167,N,22-MAR-2025
PROD_102277,102277,02533804,RISPERIDONE,,,0124332006,N,22-MAR-2025
PROD_102278,102278,02533820,ACID CONCENTRATE A1246,,,0617386209,N,22-MAR-2025
PROD_102279,102279,02533812,ACID CONCENTRATE A1245,,,0617386165,N,22-MAR-2025
PROD_102280,102280,02533839,ACID CONCENTRATE A1252,,,0617386461,N,22-MAR-2025
PROD_102281,102281,02533847,ACID CONCENTRATE A1242,,,0617386183,N,22-MAR-2025
PROD_102282,102282,02533871,ACID CONCENTRATE A1263,,,0617386208,N,22-MAR-2025
PROD_102283,102283,02533855,ACID CONCENTRATE A1231,,,0617386464,N,22-MAR-2025
PROD_102284,102284,02533863,ACID CONCENTRATE A1265,,,0617386210,N,22-MAR-2025
PROD_102286,102286,02533898,ACID CONCENTRATE A1267,,,0617386465,N,22-MAR-2025
PROD_102287,102287,02533979,QULIPTA,,,0164361001,N,12-JUN-2026
PROD_102288,102288,02533928,RISPERIDONE,,,0124332007,N,22-MAR-2025
PROD_102289,102289,02533936,RISPERIDONE,,,0124332003,N,22-MAR-2025
PROD_102290,102290,02533944,RISPERIDONE,,,0124332004,N,22-MAR-2025
PROD_102291,102291,02533952,RISPERIDONE,,,0124332002,N,22-MAR-2025
PROD_102292,102292,02533960,RISPERIDONE,,,0124332005,N,22-MAR-2025
PROD_102293,102293,02533987,QULIPTA,,,0164361002,N,12-JUN-2026
PROD_102294,102294,02533995,QULIPTA,,,0164361003,N,12-JUN-2026
PROD_102306,102306,02534126,CETIRIZINE,,,0122686003,N,11-JAN-2026
PROD_102308,102308,02534134,JAMP SITAGLIPTIN,,,0152414002,N,22-MAR-2025
PROD_102309,102309,02534142,JAMP SITAGLIPTIN,,,0152414003,N,22-MAR-2025
PROD_102310,102310,02534150,JAMP SITAGLIPTIN,,,0152414001,N,22-MAR-2025
PROD_102312,102312,02534177,VEGZELMA,,,0151381001,N,22-MAR-2025
PROD_102313,102313,02534185,VEGZELMA,,,0151381001,N,22-MAR-2025
PROD_102326,102326,02534320,ARIPIPRAZOLE,,,0152514001,N,22-MAR-2025
PROD_102327,102327,02534339,ARIPIPRAZOLE,,,0152514002,N,22-MAR-2025
PROD_102328,102328,02534347,ARIPIPRAZOLE,,,0152514006,N,22-MAR-2025
PROD_102329,102329,02534355,ARIPIPRAZOLE,,,0152514003,N,22-MAR-2025
PROD_102330,102330,02534363,ARIPIPRAZOLE,,,0152514004,N,22-MAR-2025
PROD_102331,102331,02534371,ARIPIPRAZOLE,,,0152514005,N,22-MAR-2025
PROD_102335,102335,02534444,APO-LISDEXAMFETAMINE CHEWABLE TABLETS,,,0152536006,N,19-JUN-2026
PROD_102336,102336,02534436,GASTROVOL LIQUID GELS,,,0111864003,N,22-MAR-2025
PROD_102337,102337,02534452,APO-LISDEXAMFETAMINE CHEWABLE TABLETS,,,0152536003,N,19-JUN-2026
PROD_102338,102338,02534460,APO-LISDEXAMFETAMINE CHEWABLE TABLETS,,,0152536001,N,19-JUN-2026
PROD_102339,102339,02534479,APO-LISDEXAMFETAMINE CHEWABLE TABLETS,,,0152536004,N,19-JUN-2026
PROD_102340,102340,02534487,APO-LISDEXAMFETAMINE CHEWABLE TABLETS,,,0152536002,N,19-JUN-2026
PROD_102341,102341,02534495,APO-LISDEXAMFETAMINE CHEWABLE TABLETS,,,0152536005,N,19-JUN-2026
PROD_102344,102344,02534525,JAMP DICLOFENAC,,,0114417004,N,22-MAR-2025
PROD_102345,102345,02534533,REDDY-SAPROPTERIN,,,0152714001,N,24-JUL-2025
PROD_102350,102350,02534592,METRONIDAZOLE,,,0102572003,N,22-MAR-2025
PROD_102353,102353,02534622,KENGREXAL,,,0164401001,N,22-MAR-2025
PROD_102357,102357,02534665,JAMP CLOBETASOL SPRAY,,,0110995001,N,09-DEC-2025
PROD_102358,102358,02534673,PRZ-METFORMIN,,,0101773003,N,27-JUL-2026
PROD_102359,102359,02534681,APO-LEVOTHYROXINE,,,0107794005,N,22-MAR-2025
PROD_102360,102360,02534703,APO-LEVOTHYROXINE,,,0107794002,N,22-MAR-2025
PROD_102362,102362,02534738,MINT-CLONIDINE,,,0108891003,N,22-MAR-2025
PROD_102363,102363,02534746,"SULFAMETHOXAZOLE AND TRIMETHOPRIM FOR INJECTION, USP",,,0208901005,N,19-AUG-2026
PROD_102364,102364,02534754,DRY COUGH RELIEF EXTRA STRENGTH,,LS - COUGH AND COLD,0100807001,N,22-MAR-2025
PROD_102365,102365,02534762,MUCUS & PHLEGM RELIEF EXTRA STRENGTH,,LS - EXPECTORANT - ADULT,0103181003,N,22-MAR-2025
PROD_102368,102368,02534789,QUADRACEL,,,0965263003,N,01-APR-2026
PROD_102369,102369,02534797,PENTACEL,,,1166043001,N,01-APR-2026
PROD_102370,102370,02534800,FLECAINIDE,,,0116696004,N,22-MAR-2025
PROD_102371,102371,02534819,FLECAINIDE,,,0116696001,N,22-MAR-2025
PROD_102372,102372,02534827,LIDOCAINE HYDROCHLORIDE INJECTION USP,SINGLE-USE,,0101280004,N,05-AUG-2026
PROD_102373,102373,02534835,AG-LATANOPROST,,,0132916001,N,07-OCT-2025
PROD_102374,102374,02534843,PRO-NIFEDIPINE ER,,,0115253004,N,22-MAR-2025
PROD_102375,102375,02534851,MUSCLE & BODY,,,0102009008,N,06-AUG-2025
PROD_102377,102377,02534886,FLUCONAZOLE,,,0122529001,N,21-AUG-2026
PROD_102378,102378,02534894,FLUCONAZOLE,,,0122529002,N,21-AUG-2026
PROD_102380,102380,02534916,M-METHOTREXATE,,,0107545001,N,11-DEC-2025
PROD_102381,102381,02534924,NRA-MIRTAZAPINE,,,0143928001,N,05-DEC-2025
PROD_102382,102382,02534932,NRA-MIRTAZAPINE,,,0143928002,N,05-DEC-2025
PROD_102383,102383,02534940,NRA-MIRTAZAPINE,,,0143928003,N,05-DEC-2025
PROD_102386,102386,02534975,"NALOXONE HYDROCHLORIDE INJECTION, USP",MULTIDOSE VIAL,,0108981002,N,13-JUL-2026
PROD_102387,102387,02534983,M-SITAGLIPTIN,,,0152414002,N,14-MAY-2026
PROD_102388,102388,02534991,M-SITAGLIPTIN,,,0152414003,N,14-MAY-2026
PROD_102389,102389,02535009,M-SITAGLIPTIN,,,0152414001,N,14-MAY-2026
PROD_102395,102395,02535076,YUFLYMA,PREFILLED SYRINGE,,0150364002,N,04-AUG-2026
PROD_102396,102396,02535084,YUFLYMA,PREFILLED PEN,,0150364002,N,31-JUL-2026
PROD_102398,102398,02535106,DESVENLAFAXINE,,,0152509001,N,22-MAR-2025
PROD_102399,102399,02535114,DESVENLAFAXINE,,,0152509002,N,22-MAR-2025
PROD_102400,102400,02535122,JAMP LISDEXAMFETAMINE,,,0152536006,N,06-MAY-2026
PROD_102401,102401,02535130,JAMP LISDEXAMFETAMINE,,,0152536003,N,06-MAY-2026
PROD_102402,102402,02535149,JAMP LISDEXAMFETAMINE,,,0152536001,N,06-MAY-2026
PROD_102403,102403,02535157,JAMP LISDEXAMFETAMINE,,,0152536004,N,06-MAY-2026
PROD_102404,102404,02535165,JAMP LISDEXAMFETAMINE,,,0152536002,N,06-MAY-2026
PROD_102405,102405,02535173,JAMP LISDEXAMFETAMINE,,,0152536005,N,06-MAY-2026
PROD_102406,102406,02535181,JAMP LISDEXAMFETAMINE,,,0152536007,N,06-MAY-2026
PROD_102407,102407,02535203,CLEAR SUNSCREEN FACE STICK,,CAT IV - SUNBURN PROTECTANTS,0451521014,N,24-JUL-2025
PROD_102408,102408,02535211,KIDS 50 CLEAR SUNSCREEN SPRAY,,CAT IV - SUNBURN PROTECTANTS,0451521014,N,24-JUL-2025
PROD_102411,102411,02535246,JAMP GABAPENTIN CAPSULES,,,0125929001,N,29-JAN-2026
PROD_102412,102412,02535254,JAMP GABAPENTIN CAPSULES,,,0125929003,N,29-JAN-2026
PROD_102413,102413,02535262,JAMP GABAPENTIN CAPSULES,,,0125929002,N,29-JAN-2026
PROD_102415,102415,02535297,M-DAPAGLIFLOZIN,,,0156370001,N,12-JAN-2026
PROD_102416,102416,02535300,M-DAPAGLIFLOZIN,,,0156370002,N,12-JAN-2026
PROD_102417,102417,02535319,ACCEL-ONDANSETRON ODT,,,0131120003,N,25-JUL-2025
PROD_102418,102418,02535327,ACCEL-ONDANSETRON ODT,,,0131120001,N,25-JUL-2025
PROD_102422,102422,02535424,HIZENTRA,PREFILLED SYRINGE,,0106267011,N,31-JUL-2026
PROD_102424,102424,02535386,NRA-DONEPEZIL,,,0131548001,N,12-NOV-2025
PROD_102425,102425,02535394,NRA-DONEPEZIL,,,0131548002,N,12-NOV-2025
PROD_102426,102426,02535408,GEL SUNSCREEN BROAD-SPECTRUM SPF 50,,CAT IV - SUNBURN PROTECTANTS,0335121001,N,17-JUL-2026
PROD_102427,102427,02535416,TEVA-BUDESONIDE,,,0116807004,N,04-MAY-2026
PROD_102431,102431,02535467,RIVA-PYRANTEL PAMOATE,,LS - ANTHELMINTICS,0108709003,N,22-MAR-2025
PROD_102432,102432,02535475,FROVATRIPTAN,,,0150262001,N,22-MAR-2025
PROD_102433,102433,02535483,AURO-VALGANCICLOVIR,,,0147203002,N,22-MAR-2025
PROD_102436,102436,02535513,AG-SITAGLIPTIN,,,0152414002,N,22-MAR-2025
PROD_102437,102437,02535521,AG-SITAGLIPTIN,,,0152414003,N,22-MAR-2025
PROD_102438,102438,02535548,AG-SITAGLIPTIN,,,0152414001,N,22-MAR-2025
PROD_102445,102445,02535610,REDDY-SAPROPTERIN,,,0152714002,N,24-JUL-2025
PROD_102447,102447,02535637,NRA-FINASTERIDE,,,0124110001,N,27-APR-2026
PROD_102449,102449,02535645,"KETAMINE INJECTION, BP",,,0131360003,N,22-MAR-2025
PROD_102450,102450,02535653,NRA-PRAVASTATIN,,,0122563001,N,15-SEP-2025
PROD_102451,102451,02535661,NRA-PRAVASTATIN,,,0122563002,N,15-SEP-2025
PROD_102452,102452,02535688,NRA-PRAVASTATIN,,,0122563003,N,15-SEP-2025
PROD_102453,102453,02535696,CALQUENCE,,,0161750001,N,08-OCT-2025
PROD_102456,102456,02535734,ACETAMINOPHEN INJECTION,,,0102009015,N,14-JUL-2026
PROD_102457,102457,02535742,ACETAMINOPHEN INJECTION,,,0102009015,N,14-JUL-2026
PROD_102458,102458,02535750,ACETAMINOPHEN INJECTION,,,0102009015,N,14-JUL-2026
PROD_102461,102461,02535785,DEGIL SUN 30 SPF FPS,,CAT IV - SUNBURN PROTECTANTS,0544758013,N,09-JAN-2026
PROD_102462,102462,02535793,JAMP-AMOXICILLIN,,,0131314002,N,06-AUG-2026
PROD_102463,102463,02535807,MINT-METRONIDAZOLE,,,0102572001,N,22-MAR-2025
PROD_102464,102464,02535815,JAMP-AMOXICILLIN,,,0131314003,N,10-OCT-2025
PROD_102467,102467,02535858,YESAFILI,SINGLE-USE VIAL,,0154950001,N,12-AUG-2026
PROD_102470,102470,02535882,"FUROSEMIDE INJECTION, USP",SINGLE-USE VIALS,,0101944003,N,10-AUG-2026
PROD_102475,102475,02535939,MINT-ENTACAPONE,,,0143623001,N,22-MAR-2025
PROD_102478,102478,02535955,SHEER TOUCH LEAVES SKIN RADIANT SPF 50,,CAT IV - SUNBURN PROTECTANTS,0451521087,N,22-MAR-2025
PROD_102479,102479,02535963,SHEER TOUCH LEAVES SKIN RADIANT SPF 30,,CAT IV - SUNBURN PROTECTANTS,0352510020,N,22-MAR-2025
PROD_102480,102480,02535971,SHEER TOUCH LEAVES SKIN RADIANT SPF 15,,CAT IV - SUNBURN PROTECTANTS,0451521117,N,22-MAR-2025
PROD_102481,102481,02535998,ACH-FESOTERODINE,,,0153091001,N,25-MAY-2026
PROD_102482,102482,02536005,ACH-FESOTERODINE,,,0153091002,N,25-MAY-2026
PROD_102484,102484,02536021,AMOXICILLIN/CLAV,,,0234720009,N,11-JUN-2025
PROD_102485,102485,02536048,AMOXICILLIN/CLAV,,,0234720005,N,11-JUN-2025
PROD_102488,102488,02536064,CANDESARTAN/HCTZ,,,0244181002,N,22-MAR-2025
PROD_102493,102493,02536137,PANTOPRAZOLE,,,0133229002,N,22-MAR-2025
PROD_102494,102494,02536129,PROTECTIVE OINTMENT,,,0108784002,N,22-MAR-2025
PROD_102495,102495,02536145,MICRO+ TE PEDIATRIC,,,0564501001,N,22-MAR-2025
PROD_102496,102496,02536153,APO-DAPAGLIFLOZIN-METFORMIN,,,0257650001,N,06-AUG-2026
PROD_102497,102497,02536161,APO-DAPAGLIFLOZIN-METFORMIN,,,0257650002,N,06-AUG-2026
PROD_102498,102498,02536188,NRA-OLANZAPINE ODT,,,0128783003,N,22-MAR-2025
PROD_102499,102499,02536196,NRA-OLANZAPINE ODT,,,0128783002,N,22-MAR-2025
PROD_102500,102500,02536218,NRA-OLANZAPINE ODT,,,0128783005,N,22-MAR-2025
PROD_102501,102501,02536226,NRA-OLANZAPINE ODT,,,0128783006,N,22-MAR-2025
PROD_102504,102504,02536250,PRZ-DOXYCYCLINE,,,0105569001,N,27-JUL-2026
PROD_102505,102505,02536269,SANDOZ BILASTINE,,,0158051001,N,24-OCT-2025
PROD_102507,102507,02536285,CISPLATIN INJECTION BP,SINGLE-USE VIAL,,0113245002,N,07-AUG-2026
PROD_102508,102508,02536293,FULVESTRANT INJECTION,SINGLE-USE PREFILLED SYRINGE,,0149744001,N,11-AUG-2026
PROD_102510,102510,02536315,"TESTOSTERONE ENANTHATE INJECTION, USP",,,0106403001,N,22-MAR-2025
PROD_102515,102515,02536374,MEROPENEM FOR INJECTION,SINGLE-USE VIAL,,0128599002,N,12-AUG-2026
PROD_102519,102519,02536412,STOOL SOFTENER CLEAR,,LS - LAXATIVES (STOOL SOFTENER),0104351002,N,22-MAR-2025
PROD_102520,102520,02536420,NRA-EZETIMIBE TABLETS,,,0149164001,N,22-MAR-2025
PROD_102521,102521,02536439,NRA-METFORMIN,,,0101773001,N,22-MAR-2025
PROD_102522,102522,02536447,NRA-METFORMIN,,,0101773002,N,22-MAR-2025
PROD_102523,102523,02536455,SPEVIGO,SINGLE-USE VIAL,,0164521001,N,17-APR-2026
PROD_102526,102526,02536498,PRO-AMOXI CLAV,,,0234720009,N,07-JUL-2025
PROD_102527,102527,02536501,PRO-AMOXI CLAV,,,0234720005,N,07-JUL-2025
PROD_102529,102529,02536536,DIMENHYDRINATE INJECTION USP,"CONTAINS PRESERVATIVE, MULTIDOSE VIALS",,0102747004,N,25-AUG-2026
PROD_102531,102531,02536552,COLUMVI,1 MG/ML SINGLE-USE VIAL,,0164522001,N,13-AUG-2026
PROD_102532,102532,02536560,COLUMVI,1 MG/ML SINGLE-USE VIAL,,0164522001,N,13-AUG-2026
PROD_102533,102533,02536579,FERRIPROX MR,MODIFIED-RELEASE TABLET,,0156430003,N,28-AUG-2026
PROD_102535,102535,02536595,NRA-ROSUVASTATIN TABLETS,,,0148963004,N,24-OCT-2025
PROD_102537,102537,02536609,NRA-ROSUVASTATIN TABLETS,,,0148963001,N,24-OCT-2025
PROD_102538,102538,02536625,NRA-ROSUVASTATIN TABLETS,,,0148963002,N,24-OCT-2025
PROD_102539,102539,02536633,NRA-ROSUVASTATIN TABLETS,,,0148963003,N,24-OCT-2025
PROD_102542,102542,02536676,TADALAFIL,FOR ONE-A-DAY USE,,0149485003,N,25-AUG-2026
PROD_102543,102543,02536684,TADALAFIL,FOR ONE-A-DAY USE,,0149485004,N,25-AUG-2026
PROD_102544,102544,02536692,TADALAFIL,FOR ON-DEMAND DOSING,,0149485001,N,25-AUG-2026
PROD_102545,102545,02536706,TADALAFIL,FOR ON-DEMAND DOSING,,0149485002,N,25-AUG-2026
PROD_102546,102546,02536714,BUPIVACAINE HYDROCHLORIDE IN DEXTROSE INJECTION USP,SINGLE-DOSE AMPOULE,,0108896002,N,06-AUG-2026
PROD_102548,102548,02536722,AG-TOPIRAMATE TABLETS,,,0132938001,N,22-JUN-2026
PROD_102549,102549,02536730,AG-TOPIRAMATE TABLETS,,,0132938002,N,22-JUN-2026
PROD_102551,102551,02536765,MINT-TIZANIDINE,,,0135342001,N,20-AUG-2026
PROD_102553,102553,02536781,PYRITHIONE ZINC DANDRUFF SHAMPOO AVOCADO OIL 2IN1,,CAT IV - ANTIDANDRUFF PRODUCTS,0108628001,N,22-MAR-2025
PROD_102557,102557,02536846,MINT-MEXILETINE,,,0116151001,N,22-MAR-2025
PROD_102558,102558,02536854,MINT-MEXILETINE,,,0116151002,N,22-MAR-2025
PROD_102559,102559,02536862,"THIOTEPA FOR INJECTION, BP",,,0107649001,N,22-MAR-2025
PROD_102560,102560,02536870,"THIOTEPA FOR INJECTION, BP",,,0107649002,N,22-MAR-2025
PROD_102565,102565,02536927,DAILY SHEER BROAD-SPECTRUM SUNSCREEN SPF 50 WATER/SWEAT RESISTANT (40 MINUTES),,CAT IV - SUNBURN PROTECTANTS,0451521118,N,22-MAR-2025
PROD_102567,102567,02536943,PMS-METHYLPHENIDATE CR,,,0107548001,N,22-MAR-2025
PROD_102568,102568,02536951,PMS-METHYLPHENIDATE CR,,,0107548008,N,22-MAR-2025
PROD_102569,102569,02536978,PMS-METHYLPHENIDATE CR,,,0107548002,N,22-MAR-2025
PROD_102570,102570,02536986,PMS-METHYLPHENIDATE CR,,,0107548009,N,22-MAR-2025
PROD_102571,102571,02536994,PMS-METHYLPHENIDATE CR,,,0107548010,N,22-MAR-2025
PROD_102572,102572,02537001,PMS-METHYLPHENIDATE CR,,,0107548011,N,22-MAR-2025
PROD_102573,102573,02537028,PMS-METHYLPHENIDATE CR,,,0107548012,N,22-MAR-2025
PROD_102574,102574,02537036,PMS-METHYLPHENIDATE CR,,,0107548013,N,22-MAR-2025
PROD_102575,102575,02537044,VERQUVO,,,0164541001,N,22-MAR-2025
PROD_102576,102576,02537052,VERQUVO,,,0164541002,N,22-MAR-2025
PROD_102577,102577,02537060,VERQUVO,,,0164541003,N,22-MAR-2025
PROD_102578,102578,02537079,LEVOFLOXACIN IN 5% DEXTROSE INJECTION,,,0131663001,N,22-MAR-2025
PROD_102579,102579,02537087,ORKAMBI,,,0257771004,N,11-JUN-2026
PROD_102581,102581,02537109,DEXMEDETOMIDINE HYDROCHLORIDE INJECTION,,,0152679004,N,29-MAY-2025
PROD_102586,102586,02537133,GLOW SCREEN SUNRISE,,CAT IV - SUNBURN PROTECTANTS,0335121001,N,07-APR-2026
PROD_102587,102587,02537141,EVERY. SINGLE. FACE. WATERY LOTION,,CAT IV - SUNBURN PROTECTANTS,0451521119,N,22-MAR-2025
PROD_102588,102588,02537168,GANCICLOVIR FOR INJECTION,SINGLE-USE VIAL,,0128037002,N,07-AUG-2026
PROD_102591,102591,02537176,ERTAPENEM FOR INJECTION,,,0149104001,N,22-MAR-2025
PROD_102592,102592,02537184,AG-TICAGRELOR,,,0152934002,N,11-AUG-2026
PROD_102593,102593,02537192,AG-TICAGRELOR,,,0152934001,N,11-AUG-2026
PROD_102594,102594,02537206,BEYFORTUS,SINGLE-USE PREFILLED SYRINGE,,0164561001,N,06-AUG-2026
PROD_102595,102595,02537214,BEYFORTUS,SINGLE-USE PREFILLED SYRINGE,,0164561001,N,06-AUG-2026
PROD_102598,102598,02537257,FINLIUS,PREFILLED SYRINGE,,0152506001,N,31-JUL-2026
PROD_102599,102599,02537249,SERTRALINE,,,0123417003,N,22-MAR-2025
PROD_102600,102600,02537265,SERTRALINE,,,0123417001,N,22-MAR-2025
PROD_102602,102602,02537281,SERTRALINE,,,0123417002,N,22-MAR-2025
PROD_102603,102603,02537303,FINLIUS,SINGLE-USE VIAL AND PREFILLED SYRINGE,,0152506001,N,13-AUG-2026
PROD_102604,102604,02537311,FINLIUS I.V.,SINGLE-USE VIAL,,0152506002,N,07-AUG-2026
PROD_102605,102605,02537338,KIDS 50 CLEAR SUNSCREEN LOTION,,CAT IV - SUNBURN PROTECTANTS,0451521014,N,24-JUL-2025
PROD_102606,102606,02537346,PRO-ZOLPIDEM ODT,,,0122857001,N,22-MAR-2025
PROD_102607,102607,02537354,PRO-ZOLPIDEM ODT,,,0122857002,N,22-MAR-2025
PROD_102611,102611,02537397,METOCLOPRAMIDE HYDROCHLORIDE INJECTION,,,0164581001,N,22-MAR-2025
PROD_102614,102614,02537427,MINT-FINASTERIDE,,,0124110002,N,22-MAR-2025
PROD_102616,102616,02537443,QUVIVIQ,,,0164601002,N,22-MAR-2025
PROD_102617,102617,02537451,AG-AMOXICILLIN,,,0131314003,N,06-FEB-2026
PROD_102621,102621,02537508,"ETOMIDATE INJECTION, USP",,,0162234001,N,22-MAR-2025
PROD_102622,102622,02537516,"NEOSTIGMINE METHYLSULFATE INJECTION, USP",,,0102263002,N,22-MAR-2025
PROD_102623,102623,02537524,ANTIBACTERIAL FOAMING HAND SOAP,,,0104993016,N,22-MAR-2025
PROD_102624,102624,02537532,ZORYVE,,,0152826002,N,31-AUG-2026
PROD_102625,102625,02537540,BANANA BOAT KIDS SUNSCREEN LOTION ROLL-ON,,CAT IV - SUNBURN PROTECTANTS,0451521042,N,22-MAR-2025
PROD_102626,102626,02537559,BANANA BOAT KIDS SUNSCREEN SPRAY,,CAT IV - SUNBURN PROTECTANTS,0451521042,N,22-MAR-2025
PROD_102627,102627,02537567,AG-LISDEXAMFETAMINE,,,0152536006,N,30-JUL-2026
PROD_102628,102628,02537575,AG-LISDEXAMFETAMINE,,,0152536003,N,30-JUL-2026
PROD_102629,102629,02537583,AG-LISDEXAMFETAMINE,,,0152536001,N,30-JUL-2026
PROD_102630,102630,02537591,AG-LISDEXAMFETAMINE,,,0152536004,N,30-JUL-2026
PROD_102631,102631,02537605,AG-LISDEXAMFETAMINE,,,0152536002,N,30-JUL-2026
PROD_102632,102632,02537613,AG-LISDEXAMFETAMINE,,,0152536005,N,30-JUL-2026
PROD_102636,102636,02537656,PRO-DAPAGLIFLOZIN,,,0156370001,N,19-NOV-2025
PROD_102637,102637,02537664,PRO-DAPAGLIFLOZIN,,,0156370002,N,19-NOV-2025
PROD_102646,102646,02537680,ACTIVATED CHARCOAL CAPSULES,,LS - ANTIFLATULENTS,0106680023,N,22-MAR-2025
PROD_102647,102647,02537745,IMCIVREE,1 ML MULTIDOSE VIAL,,0164661001,N,19-AUG-2026
PROD_102648,102648,02537699,"HYDRALAZINE HYDROCHLORIDE INJECTION, USP",SINGLE-USE VIAL,,0107444005,N,12-AUG-2026
PROD_102649,102649,02537702,VYALEV,,,0264641001,N,06-MAY-2026
PROD_102652,102652,02537737,SILDENAFIL,,,0136261003,N,22-MAR-2025
PROD_102653,102653,02537753,AURO-PIRFENIDONE,,,0153328001,N,22-MAR-2025
PROD_102654,102654,02537761,AURO-PIRFENIDONE,,,0153328003,N,22-MAR-2025
PROD_102655,102655,02537788,APO-BROMFENAC,,,0156750001,N,22-MAR-2025
PROD_102656,102656,02537796,M-DORZOLAMIDE-TIMOLOL,,,0237301001,N,22-MAR-2025
PROD_102660,102660,02537826,COOLA CLASSIC FACE MIST SUNSCREEN,,CAT IV - SUNBURN PROTECTANTS,0335121029,N,22-MAR-2025
PROD_102661,102661,02537850,LUPIN-TIOTROPIUM,,,0148683001,N,22-MAR-2025
PROD_102662,102662,02537869,BARE MINIMAL INGREDIENTS SHAMPOO SOOTHING HYDRATION,,CAT IV - ANTIDANDRUFF PRODUCTS,0108628001,N,22-MAR-2025
PROD_102663,102663,02537877,SANDOZ RIVAROXABAN,,,0152487004,N,20-MAY-2026
PROD_102664,102664,02537885,BARE MINIMAL INGREDIENTS SHAMPOO PURE CLEAN,,CAT IV - ANTIDANDRUFF PRODUCTS,0108628001,N,22-MAR-2025
PROD_102665,102665,02537893,ACETAZOLAMIDE FOR INJECTION USP,SINGLE-USE VIAL,,0107512002,N,12-AUG-2026
PROD_102666,102666,02537907,AG-TRAZODONE,,,0115713001,N,22-MAR-2025
PROD_102667,102667,02537915,AG-TRAZODONE,,,0115713002,N,22-MAR-2025
PROD_102668,102668,02537923,AG-TRAZODONE,,,0115713003,N,22-MAR-2025
PROD_102669,102669,02537931,APO-ESLICARBAZEPINE,,,0155850001,N,07-MAY-2025
PROD_102670,102670,02537958,APO-ESLICARBAZEPINE,,,0155850002,N,07-MAY-2025
PROD_102671,102671,02537966,APO-ESLICARBAZEPINE,,,0155850003,N,07-MAY-2025
PROD_102672,102672,02537974,APO-ESLICARBAZEPINE,,,0155850004,N,07-MAY-2025
PROD_102673,102673,02537990,PMS-PERINDOPRIL-INDAPAMIDE,,,0248401002,N,22-MAR-2025
PROD_102674,102674,02538008,PMS-PERINDOPRIL-INDAPAMIDE,,,0248401001,N,22-MAR-2025
PROD_102675,102675,02537982,PMS-PERINDOPRIL-INDAPAMIDE,,,0248401003,N,22-MAR-2025
PROD_102677,102677,02538016,BANANA BOAT DAILY PROTECT FACE SUNSCREEN LOTION,,CAT IV - SUNBURN PROTECTANTS,0451521087,N,22-MAR-2025
PROD_102681,102681,02538059,JAMP POMALIDOMIDE,,,0155290001,N,18-MAR-2026
PROD_102682,102682,02538075,JAMP POMALIDOMIDE,,,0155290002,N,18-MAR-2026
PROD_102683,102683,02538083,JAMP POMALIDOMIDE,,,0155290003,N,18-MAR-2026
PROD_102684,102684,02538091,JAMP POMALIDOMIDE,,,0155290004,N,18-MAR-2026
PROD_102687,102687,02538121,MINT-BETAHISTINE,,,0103555002,N,22-JUL-2026
PROD_102688,102688,02538148,MINT-BETAHISTINE,,,0103555003,N,22-JUL-2026
PROD_102689,102689,02538156,MINT-BETAHISTINE,,,0103555004,N,22-JUL-2026
PROD_102690,102690,02538164,VAXCHORA,ALSO CONTAINS ONE 4.5 G BUFFER COMPONENT SACHET,,0164701002,N,20-JUL-2026
PROD_102693,102693,02538180,APO-APREMILAST,,,0156231002,N,22-MAR-2025
PROD_102695,102695,02538202,MINT-TRIMEBUTINE,,,0115865003,N,22-MAR-2025
PROD_102696,102696,02538210,MINT-TRIMEBUTINE,,,0115865004,N,22-MAR-2025
PROD_102697,102697,02538229,DYNAMIC SKIN RECOVERY,,CAT IV - SUNBURN PROTECTANTS,0451521120,N,10-JUL-2026
PROD_102698,102698,02538237,XYWAV,0.5 G/ML OF TOTAL SALTS,,0464702001,N,31-JUL-2026
PROD_102703,102703,02538296,GLOW SCREEN DAWN,,CAT IV - SUNBURN PROTECTANTS,0451521121,N,22-MAR-2025
PROD_102704,102704,02538318,GLOW SCREEN GOLDEN HOUR,,CAT IV - SUNBURN PROTECTANTS,0451521121,N,22-MAR-2025
PROD_102705,102705,02538326,GLOW SCREEN SUNSET,,CAT IV - SUNBURN PROTECTANTS,0451521121,N,22-MAR-2025
PROD_102706,102706,02538334,NRA-DAPAGLIFLOZIN,,,0156370001,N,24-DEC-2025
PROD_102707,102707,02538342,NRA-DAPAGLIFLOZIN,,,0156370002,N,24-DEC-2025
PROD_102708,102708,02538350,ACID CONTROLLER MAXIMUM STRENGTH,,,0118722001,N,06-JAN-2026
PROD_102710,102710,02538377,CARBOPROST TROMETHAMINE INJECTION USP,,,0133100001,N,31-JUL-2026
PROD_102713,102713,02538407,ACETAMINOPHEN EXTRA STRENGTH RED TABLETS,,LS - ANALG (ACETAMINOPHEN LABELLING STANDARD),0102009002,N,06-AUG-2025
PROD_102714,102714,02538415,SANDOZ DESVENLAFAXINE,,,0152509001,N,22-MAR-2025
PROD_102715,102715,02538423,SANDOZ DESVENLAFAXINE,,,0152509002,N,22-MAR-2025
PROD_102716,102716,02538431,ACETYLCYSTEINE SOLUTION USP,,,0100024001,N,12-SEP-2025
PROD_102717,102717,02538458,NRA-TOPIRAMATE,,,0132938002,N,02-JUL-2026
PROD_102718,102718,02538466,NRA-TOPIRAMATE,,,0132938001,N,02-JUL-2026
PROD_102719,102719,02538474,NRA-TOPIRAMATE,,,0132938006,N,02-JUL-2026
PROD_102720,102720,02538482,WEIGHTLESS SKIN FOUNDATION SPF 15,,CAT IV - SUNBURN PROTECTANTS,0216790156,N,22-MAR-2025
PROD_102721,102721,02538490,CLONIDINE,,,0108891001,N,22-MAR-2025
PROD_102722,102722,02538504,CLONIDINE,,,0108891002,N,22-MAR-2025
PROD_102723,102723,02538512,KIDS SUNSCREEN STICK,,CAT IV - SUNBURN PROTECTANTS,0451521048,N,10-SEP-2025
PROD_102724,102724,02538520,INVISIBLE DAILY DEFENSE FACE SERUM SUNSCREEN,,CAT IV - SUNBURN PROTECTANTS,0451521090,N,19-AUG-2025
PROD_102725,102725,02538539,ONDEXXYA,,,0164721001,N,22-MAR-2025
PROD_102726,102726,02538555,AKEEGA,,,0264741001,N,07-AUG-2026
PROD_102727,102727,02538547,BIORÉ UV AQUA RICH WEIGHTLESS MOISTURIZER,,CAT IV - SUNBURN PROTECTANTS,0451521026,N,22-MAR-2025
PROD_102728,102728,02538563,AKEEGA,,,0264741002,N,07-AUG-2026
PROD_102729,102729,02538571,BIORÉ UV AQUA RICH WEIGHTLESS MOISTURIZER HYDRATANT LÉGER,,CAT IV - SUNBURN PROTECTANTS,0451521044,N,22-MAR-2025
PROD_102730,102730,02538598,REVITALIZING SUPREME+ YOUTH POWER CREME,,CAT IV - SUNBURN PROTECTANTS,0451521122,N,22-MAR-2025
PROD_102731,102731,02538601,ODAN-AMANTADINE SYRUP,,,0109101002,N,05-SEP-2025
PROD_102732,102732,02538628,MINT-FAMOTIDINE,,,0118722001,N,22-MAR-2025
PROD_102733,102733,02538636,MINT-FAMOTIDINE,,,0118722002,N,22-MAR-2025
PROD_102734,102734,02538644,2% CALCIUM GLUCONATE IN SODIUM CHLORIDE INJECTION,,,0108566008,N,19-MAY-2026
PROD_102735,102735,02538652,XCOPRI,,,0164761001,N,29-DEC-2025
PROD_102736,102736,02538660,XCOPRI,,,0164761002,N,29-DEC-2025
PROD_102737,102737,02538679,APO-BRIVARACETAM,,,0157931001,N,07-JAN-2026
PROD_102738,102738,02538725,XCOPRI,,,0164761003,N,29-DEC-2025
PROD_102739,102739,02538687,APO-BRIVARACETAM,,,0157931002,N,07-JAN-2026
PROD_102740,102740,02538695,APO-BRIVARACETAM,,,0157931003,N,07-JAN-2026
PROD_102741,102741,02538709,APO-BRIVARACETAM,,,0157931004,N,07-JAN-2026
PROD_102742,102742,02538717,APO-BRIVARACETAM,,,0157931005,N,07-JAN-2026
PROD_102743,102743,02538733,XCOPRI,,,0164761004,N,29-DEC-2025
PROD_102744,102744,02538741,XCOPRI,,,0164761005,N,29-DEC-2025
PROD_102745,102745,02538768,XCOPRI,,,0164761006,N,29-DEC-2025
PROD_102746,102746,02538776,XCOPRI,TITRATION PACK 1,,0264762001,N,14-AUG-2026
PROD_102747,102747,02538784,XCOPRI,TITRATION PACK 2,,0264762002,N,14-AUG-2026
PROD_102751,102751,02538822,CLEAR ACTION MEDICATED ACNE GEL,,CAT IV - ACNE THERAPY,0107205001,N,13-AUG-2025
PROD_102752,102752,02538830,SILK HYDRATION WEIGHTLESS SUNSCREEN SPRAY SPF 30,,CAT IV - SUNBURN PROTECTANTS,0451521035,N,22-MAR-2025
PROD_102753,102753,02538849,SILK HYDRATION WEIGHTLESS SUNSCREEN SPRAY SPF 50+,,CAT IV - SUNBURN PROTECTANTS,0451521088,N,22-MAR-2025
PROD_102757,102757,02538881,WINLEVI,,,0164781001,N,29-JUL-2026
PROD_102760,102760,02538938,ANTHELIOS 50+,,,0763701001,N,18-JUN-2025
PROD_102761,102761,02538954,COAL-TAR SHAMPOO,,CAT IV - ANTIDANDRUFF PRODUCTS,0107207001,N,22-MAR-2025
PROD_102762,102762,02538946,SILK HYDRATION WEIGHTLESS SUNSCREEN LOTION SPF 50+,,CAT IV - SUNBURN PROTECTANTS,0451521123,N,22-MAR-2025
PROD_102766,102766,02538997,YOUTH-EXTENDING DAILY HYDRATING FLUID,,CAT IV - SUNBURN PROTECTANTS,0439981024,N,05-AUG-2026
PROD_102767,102767,02539004,TARO-METHYLPHENIDATE ER,,,0107548004,N,08-MAY-2026
PROD_102768,102768,02539012,TARO-METHYLPHENIDATE ER,,,0107548007,N,08-MAY-2026
PROD_102769,102769,02539020,TARO-METHYLPHENIDATE ER,,,0107548005,N,08-MAY-2026
PROD_102770,102770,02539039,TARO-METHYLPHENIDATE ER,,,0107548006,N,08-MAY-2026
PROD_102771,102771,02539047,ABSORICA LD,,,0115751006,N,31-JUL-2026
PROD_102772,102772,02539055,ABSORICA LD,,,0115751007,N,31-JUL-2026
PROD_102773,102773,02539063,ABSORICA LD,,,0115751008,N,31-JUL-2026
PROD_102774,102774,02539071,ABSORICA LD,,,0115751005,N,31-JUL-2026
PROD_102775,102775,02539098,SILK HYDRATION FACE SPF 30,,CAT IV - SUNBURN PROTECTANTS,0451521035,N,22-MAR-2025
PROD_102779,102779,02539144,SUGAMMADEX INJECTION,SINGLE-USE VIAL,,0157810001,N,31-JUL-2026
PROD_102783,102783,02539187,ULTRA SUN PROTECTOR LOTION,,CAT IV - SUNBURN PROTECTANTS,0451521092,N,18-JUN-2026
PROD_102784,102784,02539195,COUGH & CHEST CONGESTION,,,0200826012,N,11-MAR-2026
PROD_102786,102786,02539209,DAUNORUBICIN HYDROCHLORIDE INJECTION,,,0105870004,N,22-MAR-2025
PROD_102787,102787,02539225,SILK HYDRATION WEIGHTLESS SUNSCREEN LOTION SPF 30,,CAT IV - SUNBURN PROTECTANTS,0451521035,N,22-MAR-2025
PROD_102792,102792,02539284,NAT-SUNITINIB,,,0151642003,N,20-JUL-2026
PROD_102793,102793,02539292,AURO-BRIVARACETAM,,,0157931003,N,12-JUN-2026
PROD_102794,102794,02539306,AURO-BRIVARACETAM,,,0157931005,N,12-JUN-2026
PROD_102796,102796,02539322,COUGH & CONGESTION,,,0300674005,N,11-MAR-2026
PROD_102797,102797,02539349,SILK HYDRATION SERUM SPF 30,,CAT IV - SUNBURN PROTECTANTS,0451521057,N,22-MAR-2025
PROD_102798,102798,02539330,SILK HYDRATION FACE SERUM SPF 50,,CAT IV - SUNBURN PROTECTANTS,0451521042,N,22-MAR-2025
PROD_102815,102815,02539381,SUN SOLEIL,,CAT IV - SUNBURN PROTECTANTS,0451521051,N,25-JUL-2025
PROD_102816,102816,02539403,SOOTHING CARE SPF 15,,CAT IV - SUNBURN PROTECTANTS,0242881008,N,25-JUL-2025
PROD_102818,102818,02539438,JAMP AMOXI CLAV SUSPENSION,,,0234720001,N,22-MAR-2025
PROD_102819,102819,02539446,JAMP AMOXI CLAV SUSPENSION,,,0234720004,N,22-MAR-2025
PROD_102820,102820,02539454,PLERIXAFOR INJECTION,SINGLE-USE VIAL,,0153050001,N,07-AUG-2026
PROD_102827,102827,02539519,JAMP SILODOSIN,,,0152869001,N,22-MAR-2025
PROD_102828,102828,02539527,JAMP SILODOSIN,,,0152869002,N,22-MAR-2025
PROD_102832,102832,02539578,GLOW STICK,,CAT IV - SUNBURN PROTECTANTS,0335121001,N,22-MAR-2025
PROD_102833,102833,02539586,BIVALIRUDIN FOR INJECTION,SINGLE-USE VIAL,,0148342001,N,07-AUG-2026
PROD_102835,102835,02539608,PMS-METHOTREXATE INJECTION,SINGLE-USE PREFILLED SYRINGES,,0107545005,N,15-APR-2025
PROD_102836,102836,02539616,PMS-METHOTREXATE INJECTION,SINGLE-USE PREFILLED SYRINGES,,0107545005,N,12-AUG-2026
PROD_102837,102837,02539624,PMS-METHOTREXATE INJECTION,SINGLE-USE PREFILLED SYRINGES,,0107545005,N,15-APR-2025
PROD_102838,102838,02539632,PMS-METHOTREXATE INJECTION,SINGLE-USE PREFILLED SYRINGES,,0107545005,N,15-APR-2025
PROD_102839,102839,02539640,PMS-METHOTREXATE INJECTION,SINGLE-USE PREFILLED SYRINGES,,0107545005,N,15-APR-2025
PROD_102840,102840,02539659,PMS-METHOTREXATE INJECTION,SINGLE-USE PREFILLED SYRINGES,,0107545005,N,15-APR-2025
PROD_102841,102841,02539667,PMS-METHOTREXATE INJECTION,SINGLE-USE PREFILLED SYRINGES,,0107545005,N,15-APR-2025
PROD_102847,102847,02539721,RINVOQ,,,0162012003,N,07-AUG-2026
PROD_102848,102848,02539748,LINEZOLID INJECTION,,,0143501003,N,22-JUN-2026
PROD_102849,102849,02539756,TECVAYLI,SINGLE-USE VIAL,,0164822001,N,07-AUG-2026
PROD_102850,102850,02539764,TECVAYLI,SINGLE-USE VIAL,,0164822002,N,07-AUG-2026
PROD_102854,102854,02539802,HYDRALAZINE,,,0107444003,N,03-JUN-2026
PROD_102855,102855,02539810,HYDRALAZINE,,,0107444002,N,03-JUN-2026
PROD_102856,102856,02539829,HYDRALAZINE,,,0107444001,N,03-JUN-2026
PROD_102857,102857,02539837,FEBUXOSTAT,,,0152809001,N,22-MAR-2025
PROD_102858,102858,02539845,OMVOH,PREFILLED PEN,,0164841001,N,15-JUL-2026
PROD_102859,102859,02539853,OMVOH,PREFILLED SYRINGE,,0164841001,N,31-JUL-2026
PROD_102860,102860,02539861,OMVOH,,,0164841002,N,15-JUL-2026
PROD_102861,102861,02539888,LIVMARLI,,,0164842001,N,02-MAR-2026
PROD_102863,102863,02539918,BROAD SPECTRUM SPF45,,CAT IV - SUNBURN PROTECTANTS,0216792050,N,22-MAR-2025
PROD_102864,102864,02539926,UNIVERSAL TINTED MOISTURIZER SPF46,,CAT IV - SUNBURN PROTECTANTS,0216792050,N,22-MAR-2025
PROD_102866,102866,02539934,SOGROYA,PREFILLED PEN,,0164861001,N,31-JUL-2026
PROD_102867,102867,02539942,SOGROYA,PREFILLED PEN,,0164861002,N,31-JUL-2026
PROD_102868,102868,02539950,SOGROYA,PREFILLED PEN,,0164861003,N,31-JUL-2026
PROD_102870,102870,02539977,AXBERI,SINGLE-USE PREFILLED SYRINGE,,0131860001,N,22-MAR-2025
PROD_102871,102871,02539985,AXBERI,SINGLE-USE PREFILLED SYRINGE,,0131860001,N,22-MAR-2025
PROD_102872,102872,02539993,MEKINIST,,,0154511004,N,02-MAR-2026
PROD_102873,102873,02540002,AXBERI,SINGLE-USE PREFILLED SYRINGE,,0131860001,N,22-MAR-2025
PROD_102874,102874,02540010,AXBERI,SINGLE-USE PREFILLED SYRINGE,,0131860001,N,22-MAR-2025
PROD_102875,102875,02540029,AXBERI HP,SINGLE-USE PREFILLED SYRINGE,,0131860002,N,28-AUG-2025
PROD_102876,102876,02540037,AXBERI HP,SINGLE-USE PREFILLED SYRINGE,,0131860002,N,28-AUG-2025
PROD_102877,102877,02540045,AXBERI,SINGLE-USE PREFILLED SYRINGE,,0131860001,N,22-MAR-2025
PROD_102878,102878,02540053,TAFINLAR,,,0154510003,N,20-MAR-2026
PROD_102879,102879,02540061,CLONIDINE,,,0108891003,N,22-MAR-2025
PROD_102880,102880,02540088,SMART SPF 30 WRINKLE CORRECTING CREAM,,CAT IV - SUNBURN PROTECTANTS,0439442014,N,22-MAR-2025
PROD_102882,102882,02540118,REDDY-SITAGLIPTIN AND METFORMIN HYDROCHLORIDE,,,0252656001,N,24-JUL-2025
PROD_102883,102883,02540126,REDDY-SITAGLIPTIN AND METFORMIN HYDROCHLORIDE,,,0252656002,N,24-JUL-2025
PROD_102884,102884,02540134,REDDY-SITAGLIPTIN AND METFORMIN HYDROCHLORIDE,,,0252656003,N,24-JUL-2025
PROD_102887,102887,02540169,REVITALIFT ANTI-WRINKLE + FIRMING,,CAT IV - SUNBURN PROTECTANTS,0451521013,N,22-MAR-2025
PROD_102889,102889,02540185,ERLEADA,,,0160370002,N,02-SEP-2026
PROD_102890,102890,02540193,ADTRALZA,PREFILLED PENS,,0163195001,N,14-AUG-2026
PROD_102891,102891,02540207,AREXVY,,,0164921001,N,19-JUN-2026
PROD_102892,102892,02540215,IMBRUVICA,,,0156250005,N,16-JUL-2026
PROD_102895,102895,02540258,OZEMPIC,DISPENSES 0.25 MG OR 0.5 MG DOSES. MULTIDOSE PREFILLED PEN,,0159870010,N,13-AUG-2026
PROD_102897,102897,02540274,TUMS CHEWY BITES WITH GAS RELIEF,,LS - ANTACID,0231513006,N,22-MAR-2025
PROD_102915,102915,02540452,PRZ-ABIRATERONE,,,0152948001,N,27-JUL-2026
PROD_102916,102916,02540460,PRZ-ABIRATERONE,,,0152948002,N,27-JUL-2026
PROD_102919,102919,02540495,EXTRA STRENGTH ALLERGY RELIEF,,,0122686001,N,01-JUN-2026
PROD_102922,102922,02540525,SUPREME HYDRATING FACIAL SCREEN,,CAT IV - SUNBURN PROTECTANTS,0352739004,N,22-MAR-2025
PROD_102923,102923,02540533,EXTREME HYDRATING BODY + HAND SCREEN,,CAT IV - SUNBURN PROTECTANTS,0451521043,N,22-MAR-2025
PROD_102927,102927,02540584,JAMP ANASTROZOLE TABLETS,,,0128681001,N,02-OCT-2025
PROD_102928,102928,02540592,JAMP ZOLPIDEM ODT,,,0122857001,N,22-MAR-2025
PROD_102929,102929,02540606,JAMP ZOLPIDEM ODT,,,0122857002,N,22-MAR-2025
PROD_102930,102930,02540614,INVISIBLE SUNSCREEN,,CAT IV - SUNBURN PROTECTANTS,0451521125,N,10-JUL-2026
PROD_102932,102932,02540630,NOREPINEPHRINE BITARTRATE INJECTION,,,0131301001,N,22-MAR-2025
PROD_102937,102937,02540681,JAMP RALOXIFENE,,,0151607001,N,22-MAR-2025
PROD_102941,102941,02540746,AURO-DIMETHYL FUMARATE,,,0154210001,N,22-MAR-2025
PROD_102942,102942,02540754,AURO-DIMETHYL FUMARATE,,,0154210002,N,22-MAR-2025
PROD_102944,102944,02540762,JAMP NINTEDANIB,,,0157030002,N,24-AUG-2026
PROD_102945,102945,02540770,SILDENAFIL,,,0136261001,N,31-MAR-2025
PROD_102946,102946,02540789,AURO-BROMFENAC,,,0156750001,N,19-AUG-2026
PROD_102948,102948,02540800,COUGH & COLD RELIEF EXTRA STRENGTH,,,0310136002,N,23-DEC-2025
PROD_102949,102949,02540819,EPTIFIBATIDE INJECTION,,,0137621001,N,31-JUL-2026
PROD_102950,102950,02540827,EPTIFIBATIDE INJECTION,,,0137621002,N,31-JUL-2026
PROD_102951,102951,02540835,RIVA RIVAROXABAN,,,0152487004,N,02-JUL-2026
PROD_102952,102952,02540843,RIVA RIVAROXABAN,,,0152487001,N,02-JUL-2026
PROD_102953,102953,02540851,RIVA RIVAROXABAN,,,0152487002,N,02-JUL-2026
PROD_102954,102954,02540878,RIVA RIVAROXABAN,,,0152487003,N,02-JUL-2026
PROD_102955,102955,02540886,APO-AZELASTINE/FLUTICASONE,,,0256150002,N,13-AUG-2025
PROD_102957,102957,02540908,MUCUS & PHLEGM RELIEF WITH COUGH CONTROL EXTRA STRENGTH,,,0200826003,N,22-MAR-2025
PROD_102959,102959,02540967,PRO-RIVAROXABAN,,,0152487004,N,02-JUL-2026
PROD_102960,102960,02540975,PRO-RIVAROXABAN,,,0152487001,N,02-JUL-2026
PROD_102961,102961,02540983,PRO-RIVAROXABAN,,,0152487002,N,02-JUL-2026
PROD_102962,102962,02540991,PRO-RIVAROXABAN,,,0152487003,N,02-JUL-2026
PROD_102963,102963,02540924,PRO-DILTIAZEM CD,,,0115863004,N,01-APR-2026
PROD_102964,102964,02540932,PRO-DILTIAZEM CD,,,0115863007,N,01-APR-2026
PROD_102965,102965,02540940,PRO-DILTIAZEM CD,,,0115863006,N,01-APR-2026
PROD_102966,102966,02540959,PRO-DILTIAZEM CD,,,0115863008,N,01-APR-2026
PROD_102967,102967,02541009,IMJUDO,,,0164941001,N,24-JUL-2025
PROD_102972,102972,02541041,MOUNJARO,SINGLE-DOSE VIAL,,0164301001,N,10-AUG-2026
PROD_102973,102973,02541068,MOUNJARO,SINGLE-DOSE VIAL,,0164301002,N,23-JUL-2026
PROD_102974,102974,02541076,MOUNJARO,SINGLE-DOSE VIAL,,0164301003,N,10-AUG-2026
PROD_102975,102975,02541084,MOUNJARO,SINGLE-DOSE VIAL,,0164301004,N,10-AUG-2026
PROD_102976,102976,02541092,MOUNJARO,SINGLE-DOSE VIAL,,0164301005,N,10-AUG-2026
PROD_102977,102977,02541106,MOUNJARO,SINGLE-DOSE VIAL,,0164301006,N,23-JUL-2026
PROD_102979,102979,02541122,BIO-PREGABALIN,,,0151121001,N,22-MAR-2025
PROD_102980,102980,02541130,BIO-PREGABALIN,,,0151121002,N,22-MAR-2025
PROD_102981,102981,02541149,BIO-PREGABALIN,,,0151121003,N,22-MAR-2025
PROD_102983,102983,02541165,BIO-PREGABALIN,,,0151121005,N,22-MAR-2025
PROD_102986,102986,02541203,BIO-PREGABALIN,,,0151121008,N,22-MAR-2025
PROD_102987,102987,02541211,BANANA BOAT KIDS SUNSCREEN LOTION,,CAT IV - SUNBURN PROTECTANTS,0352510021,N,22-MAR-2025
PROD_102988,102988,02541238,MINT-CARBAMAZEPINE,,,0108674001,N,08-OCT-2025
PROD_102991,102991,02541262,PROACTIVSUN DAILY SPF 30,,CAT IV - SUNBURN PROTECTANTS,0335121006,N,03-JUL-2026
PROD_102992,102992,02541270,SPIKEVAX,2.5 ML MULTIDOSE VIAL,,0166225001,N,21-AUG-2026
PROD_102993,102993,02541289,APO-CANDESARTAN TABLETS,,,0135220001,N,22-MAR-2025
PROD_102994,102994,02541297,APO-CANDESARTAN TABLETS,,,0135220002,N,22-MAR-2025
PROD_102995,102995,02541300,APO-CANDESARTAN TABLETS,,,0135220003,N,22-MAR-2025
PROD_102996,102996,02541319,APO-CANDESARTAN TABLETS,,,0135220004,N,22-MAR-2025
PROD_103000,103000,02541351,JAMP ONDANSETRON ODF,,,0131120003,N,22-MAR-2025
PROD_103001,103001,02541378,JAMP ONDANSETRON ODF,,,0131120001,N,22-MAR-2025
PROD_103004,103004,02541394,PRZ-BISOPROLOL,,,0122418001,N,27-JUL-2026
PROD_103005,103005,02541416,OPDUALAG,SINGLE-USE VIAL,,0264981001,N,07-AUG-2026
PROD_103006,103006,02541408,PRZ-BISOPROLOL,,,0122418002,N,27-JUL-2026
PROD_103007,103007,02541424,ONDANSETRON,,,0131120003,N,22-MAR-2025
PROD_103008,103008,02541432,ONDANSETRON,,,0131120001,N,22-MAR-2025
PROD_103009,103009,02541440,GLATIRAMER ACETATE INJECTION,PREFILLED SYRINGE,,0132525001,N,31-JUL-2026
PROD_103010,103010,02541459,COMPLETE + FACIAL MOISTURIZER WITH SPF BROAD SPECTRUM SPF 40,,CAT IV - SUNBURN PROTECTANTS,0451521085,N,27-AUG-2025
PROD_103011,103011,02541467,RIVAROXABAN,,,0152487004,N,24-JUL-2026
PROD_103012,103012,02541475,RIVAROXABAN,,,0152487001,N,24-JUL-2026
PROD_103013,103013,02541483,RIVAROXABAN,,,0152487002,N,24-JUL-2026
PROD_103014,103014,02541491,RIVAROXABAN,,,0152487003,N,24-JUL-2026
PROD_103015,103015,02541505,LABETALOL HYDROCHLORIDE INJECTION USP,MULTIDOSE VIAL,,0116170002,N,22-MAR-2025
PROD_103019,103019,02541556,AURO-BILASTINE,,,0158051001,N,22-MAR-2025
PROD_103020,103020,02541564,ATENOLOL,,,0113847004,N,22-MAR-2025
PROD_103021,103021,02541572,TEVA-MIRTAZAPINE,,,0143928001,N,22-MAR-2025
PROD_103022,103022,02541580,TEVA-MIRTAZAPINE,,,0143928003,N,22-MAR-2025
PROD_103023,103023,02541599,VYVGART,SINGLE-USE VIAL,,0165001001,N,12-AUG-2026
PROD_103024,103024,02541602,QUILLIVANT ER CHEWABLE TABLETS,,,0107548002,N,11-MAR-2026
PROD_103025,103025,02541610,QUILLIVANT ER CHEWABLE TABLETS,,,0107548009,N,11-MAR-2026
PROD_103026,103026,02541629,QUILLIVANT ER CHEWABLE TABLETS,,,0107548010,N,11-MAR-2026
PROD_103027,103027,02541637,QUILLIVANT ER ORAL SUSPENSION,,,0107548003,N,11-MAR-2026
PROD_103029,103029,02541742,MYFEMBREE,,,0365021001,N,29-OCT-2025
PROD_103030,103030,02541653,OLOPATADINE 0.2%,,,0132394002,N,22-MAR-2025
PROD_103033,103033,02541696,PMS-PERINDOPRIL-AMLODIPINE,,,0257790001,N,22-MAR-2025
PROD_103034,103034,02541718,PMS-PERINDOPRIL-AMLODIPINE,,,0257790002,N,22-MAR-2025
PROD_103035,103035,02541726,PMS-PERINDOPRIL-AMLODIPINE,,,0257790003,N,22-MAR-2025
PROD_103036,103036,02541734,APO-RIVAROXABAN,,,0152487004,N,26-FEB-2026
PROD_103038,103038,02541769,EVKEEZA,SINGLE-USE VIAL,,0165041001,N,12-AUG-2026
PROD_103044,103044,02541823,COMIRNATY,SINGLE-DOSE VIAL AND MULTIDOSE VIAL,,0166244001,N,19-AUG-2026
PROD_103046,103046,02541858,COMIRNATY,SINGLE-DOSE VIAL AND MULTIDOSE VIAL,,0166244003,N,19-AUG-2026
PROD_103049,103049,02541882,COUGH & CHEST CONGESTION REGULAR STRENGTH,,,0200826001,N,22-MAR-2025
PROD_103050,103050,02541890,COUGH & CHEST CONGESTION EXTRA STRENGTH,,,0200826003,N,23-DEC-2025
PROD_103051,103051,02541904,SODIUM BICARBONATE INJECTION USP,SINGLE-USE VIAL,,0104153005,N,12-AUG-2026
PROD_103052,103052,02541912,JAMP LETROZOLE TABLETS,,,0132937001,N,22-MAR-2025
PROD_103057,103057,02541963,M-PREGABALIN,,,0151121008,N,14-OCT-2025
PROD_103059,103059,02541998,BENDAMUSTINE HYDROCHLORIDE FOR INJECTION,SINGLE-USE VIAL,,0153268001,N,12-AUG-2026
PROD_103060,103060,02542005,BENDAMUSTINE HYDROCHLORIDE FOR INJECTION,SINGLE-USE VIAL,,0153268002,N,12-AUG-2026
PROD_103062,103062,02542021,GLN-POSACONAZOLE,,,0152201002,N,22-MAR-2025
PROD_103067,103067,02542072,ÉMULSION UV PROTECTRICE POUR LE CORPS PROTECTIVE UV EMULSION FOR BODY,,,0452245002,N,18-JUN-2026
PROD_103072,103072,02542129,SODIUM NITROPRUSSIDE FOR INJECTION,SINGLE-USE VIAL,,0110498002,N,07-AUG-2026
PROD_103073,103073,02542137,ORGOVYX,,,0165101001,N,07-NOV-2025
PROD_103074,103074,02542145,STERILE WATER FOR INJECTION USP,,,0105143002,N,03-JUN-2026
PROD_103075,103075,02542153,MAGNESIUM SULFATE IN WATER FOR INJECTION,,,0105356011,N,22-MAR-2025
PROD_103077,103077,02542188,M-TRANYLCYPROMINE,,,0102102001,N,22-MAR-2025
PROD_103078,103078,02542196,LIDOCAINE HYDROCHLORIDE INJECTION,SINGLE-USE AMPOULE,,0101280004,N,31-JUL-2026
PROD_103079,103079,02542218,LIDOCAINE HYDROCHLORIDE INJECTION,SINGLE-USE AMPOULE,,0101280001,N,31-JUL-2026
PROD_103081,103081,02542226,M-AMOXI CLAV,,,0234720001,N,22-MAR-2025
PROD_103083,103083,02542250,RANOPTO,SINGLE-USE VIAL,,0152224001,N,12-AUG-2026
PROD_103084,103084,02542269,VYEPTI,SINGLE-USE VIAL,,0162703001,N,07-AUG-2026
PROD_103085,103085,02542277,TRIKAFTA,,,0462989003,N,06-FEB-2026
PROD_103086,103086,02542285,TRIKAFTA,,,0462989004,N,06-FEB-2026
PROD_103087,103087,02542293,EPKINLY,SINGLE-USE VIAL,,0165121001,N,07-AUG-2026
PROD_103088,103088,02542307,EPKINLY,SINGLE-USE VIAL,,0165121002,N,07-AUG-2026
PROD_103089,103089,02542315,HYRIMOZ,PREFILLED SYRINGE,,0150364002,N,31-JUL-2026
PROD_103090,103090,02542323,HYRIMOZ,PREFILLED SYRINGE,,0150364002,N,31-JUL-2026
PROD_103091,103091,02542331,HYRIMOZ,PREFILLED PEN,,0150364002,N,31-JUL-2026
PROD_103092,103092,02542358,HYRIMOZ,PREFILLED SYRINGE,,0150364002,N,31-JUL-2026
PROD_103093,103093,02542366,HYRIMOZ,PREFILLED PEN,,0150364002,N,31-JUL-2026
PROD_103097,103097,02542404,WATERMELON GLOW DEW BALM,,CAT IV - SUNBURN PROTECTANTS,0350284005,N,22-MAR-2025
PROD_103100,103100,02542420,AMVUTTRA,SINGLE-USE PREFILLED SYRINGE,,0165141001,N,11-AUG-2026
PROD_103103,103103,02542463,UPH-SILDENAFIL,,,0136261003,N,30-MAY-2025
PROD_103105,103105,02542498,FIVE STAR LIP PROTECTION,,CAT IV - SUNBURN PROTECTANTS,0350284016,N,22-MAR-2025
PROD_103109,103109,02542560,HEMGENIX,,,0165161002,N,22-MAY-2026
PROD_103113,103113,02542587,JAMP IPRATROPIUM HFA,,,0115643002,N,07-JUL-2026
PROD_103117,103117,02542617,PERIOGARD PROTECT CETYLPYRIDINIUM CHLORIDE MOUTHWASH,,,0106834010,N,22-MAR-2025
PROD_103119,103119,02542641,BYLVAY,,,0165181001,N,17-NOV-2025
PROD_103121,103121,02542676,BYLVAY,,,0165181002,N,17-NOV-2025
PROD_103122,103122,02542684,BYLVAY,,,0165181003,N,17-NOV-2025
PROD_103123,103123,02542692,BYLVAY,,,0165181004,N,17-NOV-2025
PROD_103124,103124,02542706,DOPTELET,,,0165201001,N,29-JUL-2025
PROD_103126,103126,02542722,JAMP KETOTIFEN OPHTHALMIC,,,0115676003,N,16-APR-2025
PROD_103127,103127,02542730,JAMP LAMOTRIGINE,,,0127134003,N,22-JAN-2026
PROD_103128,103128,02542749,JAMP LAMOTRIGINE,,,0127134001,N,22-JAN-2026
PROD_103129,103129,02542757,JAMP LAMOTRIGINE,,,0127134006,N,22-JAN-2026
PROD_103132,103132,02542781,UNSEEN SUNSCREEN LIP PROTECTOR,,CAT IV - SUNBURN PROTECTANTS,0451521119,N,22-MAR-2025
PROD_103135,103135,02542838,SOLARCAINE BURN PAIN RELIEF,,,0101280002,N,22-MAR-2025
PROD_103143,103143,02542900,REPAIR & PROTECT,,CAT IV - MEDICATED SKIN CARE PRODUCTS,0108784003,N,22-MAR-2025
PROD_103145,103145,02542927,CC+ NATURAL MATTE,,CAT IV - SUNBURN PROTECTANTS,0365261001,N,22-MAR-2025
PROD_103146,103146,02542943,ASPARLAS,,,0165262001,N,22-MAR-2025
PROD_103147,103147,02542951,NRA-VARENICLINE,,,0152190001,N,22-MAR-2025
PROD_103148,103148,02542978,NRA-VARENICLINE,,,0152190002,N,22-MAR-2025
PROD_103149,103149,02542986,NRA-VARENICLINE,"INITIAL DOSING PACK, 1 BLISTER (11 X 0.5MG, 14 X 1 MG), 1 BLISTER (28 X 1 MG)",,0252269001,N,22-MAR-2025
PROD_103151,103151,02543001,CABANACLEAR WATER GEL LOTION,,CAT IV - SUNBURN PROTECTANTS,0350284017,N,05-AUG-2026
PROD_103153,103153,02543036,JAMTEKI,SINGLE-USE VIAL AND PREFILLED SYRINGE,,0152506001,N,13-AUG-2026
PROD_103154,103154,02543044,JAMTEKI,SINGLE-USE PREFILLED SYRINGE,,0152506001,N,20-AUG-2026
PROD_103156,103156,02543060,AG-CITALOPRAM TABLETS,,,0136243004,N,22-MAR-2025
PROD_103157,103157,02543079,EPIDIOLEX,,,0165301001,N,28-APR-2025
PROD_103158,103158,02543087,JAMP PENTOXIFYLLINE SR,,,0115837001,N,22-MAR-2025
PROD_103164,103164,02543141,NOURISHING DAY CREAM CRÈME DE JOUR NOURRISSANTE SPF 15 FPS 15,,CAT IV - SUNBURN PROTECTANTS,0465322001,N,25-JUL-2025
PROD_103167,103167,02543184,ACCEL-DAPAGLIFLOZIN,,,0156370001,N,08-JAN-2026
PROD_103168,103168,02543192,ACCEL-DAPAGLIFLOZIN,,,0156370002,N,08-JAN-2026
PROD_103169,103169,02543206,BEYOND SCREEN UV SERUM,,CAT IV - SUNBURN PROTECTANTS,0451521060,N,22-MAR-2025
PROD_103180,103180,02543311,TARO-POSACONAZOLE,,,0152201002,N,22-MAR-2025
PROD_103181,103181,02543346,EVERY SUN DAY SUN FLUID,,CAT IV - SUNBURN PROTECTANTS,0552225020,N,22-MAR-2025
PROD_103183,103183,02543362,HELLO SUNSHINE,,CAT IV - SUNBURN PROTECTANTS,0451521060,N,22-MAR-2025
PROD_103185,103185,02543389,JAMP EPLERENONE,,,0152537001,N,22-MAR-2025
PROD_103186,103186,02543397,JAMP EPLERENONE,,,0152537002,N,22-MAR-2025
PROD_103187,103187,02543400,NAT-SITAGLIPTIN,,,0152414001,N,20-JUL-2026
PROD_103188,103188,02543419,AG-LETROZOLE TABLETS,,,0132937001,N,22-MAR-2025
PROD_103190,103190,02543435,JAMP DOMPERIDONE TABLETS,,,0116957001,N,28-MAY-2026
PROD_103191,103191,02543443,DEGIL SUN 50 SPF FPS,,CAT IV - SUNBURN PROTECTANTS,0544758022,N,08-JAN-2026
PROD_103192,103192,02543451,KALYDECO,,,0153450005,N,22-MAR-2025
PROD_103193,103193,02543478,M-DOXYCYCLINE,,,0105569001,N,22-MAR-2025
PROD_103194,103194,02543486,JAMP CANAGLIFLOZIN,,,0155670001,N,29-JAN-2026
PROD_103195,103195,02543494,JAMP CANAGLIFLOZIN,,,0155670002,N,29-JAN-2026
PROD_103196,103196,02543508,JAMP NEBIVOLOL,,,0153531002,N,22-MAR-2025
PROD_103199,103199,02543532,LITFULO,,,0165362001,N,22-MAR-2025
PROD_103200,103200,02543540,REFRESHING DAY CREAM CRÈME DE JOUR RAFRAÎCHISSANTE SPF 15 FPS 15,,CAT IV - SUNBURN PROTECTANTS,0465322001,N,25-JUL-2025
PROD_103201,103201,02543559,ELREXFIO,,,0165382001,N,30-APR-2026
PROD_103202,103202,02543567,ELREXFIO,,,0165382001,N,30-APR-2026
PROD_103203,103203,02543575,LEFLUNOMIDE,,,0140182001,N,14-AUG-2026
PROD_103204,103204,02543583,LEFLUNOMIDE,,,0140182002,N,14-AUG-2026
PROD_103205,103205,02543605,NURTEC ODT,,,0165402001,N,13-MAY-2026
PROD_103206,103206,02543591,ZZZQUIL SLEEP AID,,LS - SLEEP AIDS,0102639008,N,28-JUL-2025
PROD_103207,103207,02543613,M-DIENOGEST,,,0153021001,N,22-MAR-2025
PROD_103213,103213,02543672,DESVENLAFAXINE,,,0152509001,N,22-MAR-2025
PROD_103214,103214,02543680,DESVENLAFAXINE,,,0152509002,N,22-MAR-2025
PROD_103216,103216,02543710,AG-LAMOTRIGINE,,,0127134003,N,27-APR-2026
PROD_103217,103217,02543729,AG-LAMOTRIGINE,,,0127134001,N,27-APR-2026
PROD_103218,103218,02543737,AG-LAMOTRIGINE,,,0127134006,N,27-APR-2026
PROD_103219,103219,02543745,LEVODEXA,,,0265462001,N,15-SEP-2025
PROD_103226,103226,02543834,DAILYSCREEN HYDRATING DAILY CREAM,,CAT IV - SUNBURN PROTECTANTS,0451521126,N,22-MAR-2025
PROD_103232,103232,02543893,TIMEWISE REPAIR VOLU-FIRM DAY CREAM SUNSCREEN BROAD SPECTRUM SPF 30,,CAT IV - SUNBURN PROTECTANTS,0335121029,N,22-MAR-2025
PROD_103233,103233,02543907,NOYADA,,,0114954006,N,22-MAR-2025
PROD_103234,103234,02543915,NOYADA,,,0114954007,N,22-MAR-2025
PROD_103236,103236,02543931,UPLIZNA,SINGLE-USE,,0165502001,N,27-JUN-2026
PROD_103239,103239,02543974,"VANCOMYCIN HYDROCHLORIDE FOR INJECTION, USP",,,0131315003,N,22-MAR-2025
PROD_103240,103240,02543990,PRO-DUTASTERIDE,,,0149361001,N,22-MAR-2025
PROD_103241,103241,02543982,"VANCOMYCIN HYDROCHLORIDE FOR INJECTION, USP",,,0131315001,N,22-MAR-2025
PROD_103242,103242,02544008,FAVE FLUID SPF50+ ULTRALIGHT SCREEN,,CAT IV - SUNBURN PROTECTANTS,0365522001,N,22-MAR-2025
PROD_103244,103244,02544040,ABRYSVO,,,0265562001,N,28-MAY-2026
PROD_103245,103245,02544024,NRA-URSODIOL,,,0122789002,N,22-MAR-2025
PROD_103246,103246,02544032,NRA-URSODIOL,,,0122789001,N,22-MAR-2025
PROD_103261,103261,02544083,DEXRAZOXANE FOR INJECTION,SINGLE-USE VIAL,,0152586001,N,12-AUG-2026
PROD_103270,103270,02544172,VIAGRA,,,0136261002,N,22-MAR-2025
PROD_103271,103271,02544180,WEZLANA,SINGLE-USE PREFILLED SYRINGE,,0152506001,N,28-NOV-2025
PROD_103272,103272,02544199,WEZLANA,PREFILLED SYRINGE,,0152506001,N,28-NOV-2025
PROD_103273,103273,02544202,WEZLANA,SINGLE-USE VIAL,,0152506001,N,07-AUG-2026
PROD_103274,103274,02544210,WEZLANA I.V.,VIAL,,0152506002,N,28-NOV-2025
PROD_103278,103278,02544245,SANDOZ BISOPROLOL TABLETS,,,0122418003,N,22-MAR-2025
PROD_103279,103279,02544253,SANDOZ BISOPROLOL TABLETS,,,0122418004,N,22-MAR-2025
PROD_103285,103285,02544334,MEROPENEM FOR INJECTION USP AND SODIUM CHLORIDE INJECTION USP,,,0128599001,N,29-MAY-2025
PROD_103286,103286,02544342,MEROPENEM FOR INJECTION USP AND SODIUM CHLORIDE INJECTION USP,,,0128599002,N,29-MAY-2025
PROD_103292,103292,02544369,GLN-BILASTINE,,,0158051001,N,22-MAR-2025
PROD_103293,103293,02544377,JAMP TOPIRAMATE TABLETS,,,0132938003,N,18-MAR-2026
PROD_103303,103303,02544482,JAMP BACLOFEN,,,0113246001,N,16-SEP-2025
PROD_103304,103304,02544490,JAMP BACLOFEN,,,0113246002,N,16-SEP-2025
PROD_103308,103308,02544539,HYDRATING GLOW MIST,,CAT IV - SUNBURN PROTECTANTS,0451521043,N,05-AUG-2026
PROD_103314,103314,02544555,MYALEPTA,SINGLE-USE VIAL,,0165662001,N,18-AUG-2026
PROD_103315,103315,02544563,MYALEPTA,SINGLE-USE VIAL,,0165662002,N,18-AUG-2026
PROD_103316,103316,02544571,MYALEPTA,,,0165662003,N,17-NOV-2025
PROD_103318,103318,02544601,OKEDI,PREFILLED POWDER SYRINGE AND SOLVENT SYRINGE,,0124332015,N,09-JAN-2026
PROD_103319,103319,02544628,OKEDI,PREFILLED POWDER SYRINGE AND SOLVENT SYRINGE,,0124332016,N,09-JAN-2026
PROD_103320,103320,02544636,DAYWEAR MULTI-PROTECTION 24H-MOISTURE CREME,,CAT IV - SUNBURN PROTECTANTS,0252501001,N,22-MAR-2025
PROD_103321,103321,02544644,MINT-POSACONAZOLE,,,0152201002,N,22-MAR-2025
PROD_103322,103322,02544652,JAMP SULFASALAZINE,,,0106101001,N,16-DEC-2025
PROD_103323,103323,02544660,BACLOFEN,,,0113246001,N,22-MAR-2025
PROD_103324,103324,02544679,BACLOFEN,,,0113246002,N,22-MAR-2025
PROD_103325,103325,02544687,EXTRA STRENGTH TYLENOL DAYTIME RELIEF,,,0211744002,N,10-JUL-2025
PROD_103334,103334,02544733,TRUQAP,,,0165703001,N,24-NOV-2025
PROD_103335,103335,02544741,TRUQAP,,,0165703002,N,24-NOV-2025
PROD_103336,103336,02544768,OLUMIANT,,,0160570002,N,13-MAR-2026
PROD_103342,103342,02544792,JAMP CEFADROXIL,,,0115958005,N,22-MAR-2025
PROD_103343,103343,02544806,COMBOGESIC IV,SINGLE-USE VIAL,,0261410003,N,12-AUG-2026
PROD_103346,103346,02544822,EUGIA-ONDANSETRON INJECTION,"2 ML PRESERVATIVE-FREE, SINGLE-USE VIAL",,0131120004,N,21-AUG-2026
PROD_103347,103347,02544830,EUGIA-ONDANSETRON INJECTION,"4 ML PRESERVATIVE-FREE, SINGLE-USE VIAL",,0131120004,N,10-AUG-2026
PROD_103351,103351,02544873,GLOW + GO LIP OIL,,CAT IV - SUNBURN PROTECTANTS,0451521014,N,05-AUG-2026
PROD_103352,103352,02544881,RESILIENCE MULTI-EFFECT TRI-PEPTIDE FACE AND NECK CREME,,CAT IV - SUNBURN PROTECTANTS,0335121030,N,22-MAR-2025
PROD_103353,103353,02544903,VELSIPITY,,,0165723001,N,11-MAR-2026
PROD_103354,103354,02544911,NRA-BETAHISTINE,,,0103555002,N,22-MAR-2025
PROD_103355,103355,02544938,NRA-BETAHISTINE,,,0103555003,N,22-MAR-2025
PROD_103356,103356,02544946,NRA-BETAHISTINE,,,0103555004,N,22-MAR-2025
PROD_103357,103357,02544954,JAMP NITROFURANTOIN BID,,,0101480001,N,22-MAR-2025
PROD_103358,103358,02544962,BARE MINIMAL INGREDIENTS SHAMPOO ITCH CONTROL,,CAT IV - ANTIDANDRUFF PRODUCTS,0108628001,N,17-JUL-2025
PROD_103360,103360,02544989,JAMP LOPERAMIDE,LACTOSE-FREE,,0111332001,N,17-AUG-2026
PROD_103362,103362,02545004,EYLEA HD,SINGLE-USE VIAL. 8MG/70MCL,,0154950003,N,24-JUN-2026
PROD_103363,103363,02545012,MEZERA,ALSO KNOWN AS MESALAMINE,,0116808009,N,17-AUG-2026
PROD_103389,103389,02545098,HUEGUARD INVISIBLE SUNSCREEN STICK,,CAT IV - SUNBURN PROTECTANTS,0451521014,N,11-JUL-2025
PROD_103392,103392,02545136,XOLAIR,SINGLE-USE PREFILLED PEN,,0150422001,N,14-AUG-2026
PROD_103393,103393,02545144,XOLAIR,SINGLE-USE PREFILLED PEN,,0150422001,N,14-AUG-2026
PROD_103395,103395,02545160,XOLAIR,SINGLE-USE PREFILLED SYRINGE,,0150422001,N,04-AUG-2026
PROD_103396,103396,02545179,AURO-TAMSULOSIN CR,,,0133680001,N,22-MAR-2025
PROD_103401,103401,02545225,JAMP IRBESARTAN,,,0131700001,N,02-APR-2026
PROD_103402,103402,02545233,JAMP IRBESARTAN,,,0131700002,N,02-APR-2026
PROD_103403,103403,02545241,JAMP IRBESARTAN,,,0131700003,N,02-APR-2026
PROD_103407,103407,02545292,JAMP SUMATRIPTAN DF,,,0123238007,N,01-MAY-2026
PROD_103408,103408,02545306,JAMP SUMATRIPTAN DF,,,0123238002,N,01-MAY-2026
PROD_103409,103409,02545314,JAMP SUMATRIPTAN DF,,,0123238001,N,01-MAY-2026
PROD_103410,103410,02545322,SMART TONE BROAD-SPECTRUM SUNSCREEN SPF 50,,CAT IV - SUNBURN PROTECTANTS,0451521118,N,22-MAR-2025
PROD_103412,103412,02545349,JAMP SUMATRIPTAN,,,0123238007,N,22-MAR-2025
PROD_103413,103413,02545357,JAMP SUMATRIPTAN,,,0123238002,N,22-MAR-2025
PROD_103414,103414,02545365,JAMP SUMATRIPTAN,,,0123238001,N,22-MAR-2025
PROD_103417,103417,02545403,LANEIGE HYDRO UV DEFENSE EX,,CAT IV - SUNBURN PROTECTANTS,0451521128,N,22-MAR-2025
PROD_103418,103418,02545411,JUBBONTI,"PRESERVATIVE-FREE, SINGLE-USE PREFILLED SYRINGE",,0152691001,N,20-AUG-2026
PROD_103419,103419,02545438,SHEEN HYDRATING LIP BALM SPF 50,,CAT IV - SUNBURN PROTECTANTS,0351586021,N,22-MAR-2025
PROD_103422,103422,02545462,ATORVASTATIN,,,0133055001,N,02-APR-2026
PROD_103423,103423,02545470,ATORVASTATIN,,,0133055002,N,02-APR-2026
PROD_103424,103424,02545489,ATORVASTATIN,,,0133055003,N,02-APR-2026
PROD_103425,103425,02545497,ATORVASTATIN,,,0133055004,N,02-APR-2026
PROD_103433,103433,02545586,NRA-OLANZAPINE,,,0128783001,N,22-MAR-2025
PROD_103434,103434,02545594,NRA-OLANZAPINE,,,0128783003,N,22-MAR-2025
PROD_103435,103435,02545608,NRA-OLANZAPINE,,,0128783004,N,22-MAR-2025
PROD_103436,103436,02545616,NRA-OLANZAPINE,,,0128783002,N,22-MAR-2025
PROD_103437,103437,02545624,NRA-OLANZAPINE,,,0128783005,N,22-MAR-2025
PROD_103438,103438,02545632,NRA-OLANZAPINE,,,0128783006,N,22-MAR-2025
PROD_103443,103443,02545683,FOAMING ANTIBACTERIAL HAND CLEANSER,,,0104993016,N,22-MAR-2025
PROD_103444,103444,02545691,IBUPROFEN MINI LIQUID CAPSULES,,,0108883004,N,03-JUL-2025
PROD_103447,103447,02545721,XENPOZYME,SINGLE-USE VIAL,,0165763002,N,07-AUG-2026
PROD_103450,103450,02545764,WYOST,SINGLE-USE VIAL,,0152691002,N,07-AUG-2026
PROD_103451,103451,02545772,MAR-ETHOSUXIMIDE,,,0107470002,N,22-MAR-2025
PROD_103456,103456,02545829,RODAN + FIELDS PLUMPING LIP OIL,,CAT IV - SUNBURN PROTECTANTS,0216792027,N,22-MAR-2025
PROD_103457,103457,02545837,PRZ-SITAGLIPTIN,,,0152414002,N,27-JUL-2026
PROD_103458,103458,02545845,PRZ-SITAGLIPTIN,,,0152414003,N,27-JUL-2026
PROD_103459,103459,02545853,PRZ-SITAGLIPTIN,,,0152414001,N,27-JUL-2026
PROD_103460,103460,02545861,TEVA-LISDEXAMFETAMINE,,,0152536006,N,02-MAR-2026
PROD_103461,103461,02545888,TEVA-LISDEXAMFETAMINE,,,0152536003,N,02-MAR-2026
PROD_103462,103462,02545896,TEVA-LISDEXAMFETAMINE,,,0152536001,N,02-MAR-2026
PROD_103463,103463,02545918,TEVA-LISDEXAMFETAMINE,,,0152536004,N,02-MAR-2026
PROD_103464,103464,02545926,TEVA-LISDEXAMFETAMINE,,,0152536002,N,02-MAR-2026
PROD_103465,103465,02545934,TEVA-LISDEXAMFETAMINE,,,0152536005,N,02-MAR-2026
PROD_103466,103466,02545942,TEVA-LISDEXAMFETAMINE,,,0152536007,N,02-MAR-2026
PROD_103467,103467,02545950,ERIBULIN MESYLATE INJECTION,SINGLE-USE VIAL,,0153064001,N,07-AUG-2026
PROD_103468,103468,02545969,AZITHROMYCIN,,,0126072001,N,22-MAR-2025
PROD_103472,103472,02545985,AURO-RUFINAMIDE,,,0152938002,N,22-MAR-2025
PROD_103473,103473,02545993,AURO-RUFINAMIDE,,,0152938003,N,22-MAR-2025
PROD_103474,103474,02546019,DESLORATADINE,,,0143961001,N,22-MAR-2025
PROD_103476,103476,02546035,SUMATRIPTAN,,,0123238002,N,22-MAR-2025
PROD_103477,103477,02546043,SUMATRIPTAN,,,0123238001,N,22-MAR-2025
PROD_103479,103479,02546078,FERINJECT,,,0108536006,N,10-JUL-2025
PROD_103480,103480,02546086,M-DILTIAZEM CD,,,0115863004,N,02-JUL-2026
PROD_103481,103481,02546094,M-DILTIAZEM CD,,,0115863007,N,02-JUL-2026
PROD_103482,103482,02546108,M-DILTIAZEM CD,,,0115863006,N,02-JUL-2026
PROD_103483,103483,02546116,M-DILTIAZEM CD,,,0115863008,N,02-JUL-2026
PROD_103488,103488,02546167,JAMP DUTASTERIDE CAPSULES,,,0149361001,N,15-APR-2025
PROD_103492,103492,02546205,AWIQLI,PREFILLED PEN,,0165803001,N,31-JUL-2026
PROD_103493,103493,02546213,AWIQLI,PREFILLED PEN,,0165803001,N,31-JUL-2026
PROD_103494,103494,02546221,AWIQLI,PREFILLED PEN,,0165803001,N,31-JUL-2026
PROD_103495,103495,02546248,SANDOZ LISDEXAMFETAMINE CAPSULES,,,0152536006,N,01-MAY-2026
PROD_103496,103496,02546256,SANDOZ LISDEXAMFETAMINE CAPSULES,,,0152536003,N,01-MAY-2026
PROD_103497,103497,02546264,SANDOZ LISDEXAMFETAMINE CAPSULES,,,0152536001,N,01-MAY-2026
PROD_103498,103498,02546272,SANDOZ LISDEXAMFETAMINE CAPSULES,,,0152536004,N,01-MAY-2026
PROD_103499,103499,02546280,SANDOZ LISDEXAMFETAMINE CAPSULES,,,0152536002,N,01-MAY-2026
PROD_103500,103500,02546299,SANDOZ LISDEXAMFETAMINE CAPSULES,,,0152536005,N,01-MAY-2026
PROD_103501,103501,02546302,SANDOZ LISDEXAMFETAMINE CAPSULES,,,0152536007,N,01-MAY-2026
PROD_103502,103502,02546310,TECENTRIQ SC,SINGLE-USE VIAL,,0158930002,N,27-AUG-2026
PROD_103504,103504,02546337,JAMP IMIPRAMINE,,,0103832003,N,22-MAR-2025
PROD_103505,103505,02546345,JAMP IMIPRAMINE,,,0103832002,N,22-MAR-2025
PROD_103506,103506,02546353,JAMP IMIPRAMINE,,,0103832001,N,22-MAR-2025
PROD_103507,103507,02546361,JAMP IMIPRAMINE,,,0103832004,N,22-MAR-2025
PROD_103509,103509,02546396,JAMP LEVOCARB,,,0210315002,N,22-MAR-2025
PROD_103510,103510,02546418,JAMP LEVOCARB,,,0210315003,N,22-MAR-2025
PROD_103511,103511,02546426,JAMP LEVOCARB,,,0210315001,N,22-MAR-2025
PROD_103512,103512,02546434,M-DILTIAZEM T,,,0115863004,N,25-FEB-2026
PROD_103513,103513,02546442,M-DILTIAZEM T,,,0115863007,N,25-FEB-2026
PROD_103514,103514,02546450,M-DILTIAZEM T,,,0115863006,N,25-FEB-2026
PROD_103515,103515,02546469,M-DILTIAZEM T,,,0115863008,N,25-FEB-2026
PROD_103516,103516,02546477,M-DILTIAZEM T,,,0115863009,N,25-FEB-2026
PROD_103517,103517,02546485,BARE MINIMAL INGREDIENTS 2IN1 SHAMPOO PURE CLEAN,,CAT IV - ANTIDANDRUFF PRODUCTS,0108628001,N,17-JUL-2025
PROD_103519,103519,02546507,OLAY GLOW + PROTECT SPF STICK,,CAT IV - SUNBURN PROTECTANTS,0451521014,N,22-MAR-2025
PROD_103521,103521,02546523,ULTRA GENTLE DAILY FACIAL MOISTURIZER SPF 30,,CAT IV - SUNBURN PROTECTANTS,0451521076,N,11-SEP-2025
PROD_103531,103531,02546639,COLISTIMETHATE FOR INJECTION USP,,,0165843001,N,13-JUL-2026
PROD_103532,103532,02546647,APO-LISDEXAMFETAMINE CAPSULES,,,0152536006,N,24-MAR-2026
PROD_103533,103533,02546655,APO-LISDEXAMFETAMINE CAPSULES,,,0152536003,N,24-MAR-2026
PROD_103534,103534,02546663,APO-LISDEXAMFETAMINE CAPSULES,,,0152536001,N,24-MAR-2026
PROD_103535,103535,02546671,APO-LISDEXAMFETAMINE CAPSULES,,,0152536004,N,24-MAR-2026
PROD_103536,103536,02546698,APO-LISDEXAMFETAMINE CAPSULES,,,0152536002,N,24-MAR-2026
PROD_103537,103537,02546701,APO-LISDEXAMFETAMINE CAPSULES,,,0152536005,N,24-MAR-2026
PROD_103538,103538,02546728,APO-LISDEXAMFETAMINE CAPSULES,,,0152536007,N,24-MAR-2026
PROD_103541,103541,02546736,CYCLOPHOSPHAMIDE FOR INJECTION USP,SINGLE-USE VIAL,,0107630007,N,12-AUG-2026
PROD_103542,103542,02546744,CYCLOPHOSPHAMIDE FOR INJECTION USP,SINGLE-USE VIAL,,0107630004,N,12-AUG-2026
PROD_103543,103543,02546752,JAMP FLUOXETINE SOLUTION,,,0116847002,N,29-APR-2025
PROD_103545,103545,02546779,CARBOPROST TROMETHAMINE INJECTION,,,0133100001,N,22-MAR-2025
PROD_103547,103547,02546795,JAMP BILASTINE,,,0158051001,N,22-MAR-2025
PROD_103548,103548,02546809,COLLAGEN PEPTIDE SPF MOISTURIZER,,CAT IV - SUNBURN PROTECTANTS,0451521074,N,27-JAN-2026
PROD_103554,103554,02546876,VITAMIN D3,,,0108524005,N,22-MAR-2025
PROD_103555,103555,02546884,NRA-APIXABAN TABLETS,,,0153051001,N,31-DEC-2025
PROD_103556,103556,02546892,NRA-APIXABAN TABLETS,,,0153051002,N,31-DEC-2025
PROD_103561,103561,02546949,MINT-VARENICLINE,,,0152190001,N,22-MAR-2025
PROD_103562,103562,02546957,MINT-VARENICLINE,,,0152190002,N,22-MAR-2025
PROD_103563,103563,02546965,MINT-VARENICLINE,STARTER PACK,,0252269001,N,10-AUG-2026
PROD_103564,103564,02546973,NIOPEG,PREFILLED SYRINGE,,0149962001,N,28-JUL-2025
PROD_103565,103565,02546981,QUEEN SCREEN LUMINISING SKINSCREEN,,CAT IV - SUNBURN PROTECTANTS,0565863001,N,22-MAR-2025
PROD_103566,103566,02547007,FOUNDATION PRIMER SUNSCREEN BROAD SPECTRUM SPF 15,,CAT IV - SUNBURN PROTECTANTS,0451521130,N,22-MAR-2025
PROD_103567,103567,02547015,AURO-AZILSARTAN MEDOXOMIL,,,0153128001,N,09-MAR-2026
PROD_103568,103568,02547023,AURO-AZILSARTAN MEDOXOMIL,,,0153128002,N,09-MAR-2026
PROD_103569,103569,02547031,PRO-LISDEXAMFETAMINE,,,0152536006,N,09-JUN-2026
PROD_103570,103570,02547058,PRO-LISDEXAMFETAMINE,,,0152536003,N,09-JUN-2026
PROD_103571,103571,02547066,PRO-LISDEXAMFETAMINE,,,0152536001,N,09-JUN-2026
PROD_103572,103572,02547074,PRO-LISDEXAMFETAMINE,,,0152536004,N,09-JUN-2026
PROD_103573,103573,02547082,PRO-LISDEXAMFETAMINE,,,0152536002,N,09-JUN-2026
PROD_103574,103574,02547090,PRO-LISDEXAMFETAMINE,,,0152536005,N,09-JUN-2026
PROD_103575,103575,02547104,PRO-LISDEXAMFETAMINE,,,0152536007,N,09-JUN-2026
PROD_103576,103576,02547112,M-MIDODRINE,,,0123066001,N,22-MAR-2025
PROD_103577,103577,02547120,M-MIDODRINE,,,0123066002,N,22-MAR-2025
PROD_103580,103580,02547147,CIPROFLOXACIN,,,0123207001,N,22-MAR-2025
PROD_103582,103582,02547171,ODAN-ETHOSUXIMIDE,,,0107470002,N,22-MAR-2025
PROD_103583,103583,02547198,JAMP CEFUROXIME,,,0122448001,N,29-JUL-2026
PROD_103584,103584,02547201,JAMP CEFUROXIME,,,0122448002,N,29-JUL-2026
PROD_103585,103585,02547228,MICAFUNGIN SODIUM FOR INJECTION,SINGLE-USE,,0163379001,N,04-AUG-2026
PROD_103586,103586,02547236,MICAFUNGIN SODIUM FOR INJECTION,SINGLE-USE,,0163379002,N,04-AUG-2026
PROD_103588,103588,02547252,CANESTEN SOFT CAPSULE 1,,,0110231005,N,22-MAR-2025
PROD_103589,103589,02547260,CANESTEN COMBI 1 DAY SOFT CAPSULE + EXTRA STRENGTH EXTERNAL CREAM,,,0219813006,N,22-MAR-2025
PROD_103590,103590,02547279,MAR-BILASTINE,,,0158051001,N,18-DEC-2025
PROD_103592,103592,02547295,TEVA-RIVAROXABAN,,,0152487004,N,05-MAR-2026
PROD_103593,103593,02547309,MINT-METFORMIN XR,,,0101773001,N,22-MAR-2025
PROD_103594,103594,02547317,MINT-METFORMIN XR,,,0101773003,N,22-MAR-2025
PROD_103596,103596,02547325,FUTURE SOLUTION LX UNIVERSAL DEFENSE,,CAT IV - SUNBURN PROTECTANTS,0352587007,N,18-JUN-2026
PROD_103598,103598,02547368,PANTOPRAZOLE,,,0133229001,N,22-MAR-2025
PROD_103601,103601,02547392,TALVEY,SINGLE-USE,,0165883001,N,04-AUG-2026
PROD_103602,103602,02547406,TALVEY,SINGLE-USE,,0165883002,N,04-AUG-2026
PROD_103639,103639,02547430,JAMP QUINAPRIL / HCTZ,,,0231789001,N,25-MAR-2025
PROD_103640,103640,02547449,JAMP QUINAPRIL / HCTZ,,,0231789003,N,25-MAR-2025
PROD_103642,103642,02547465,APRETUDE,,,0162114001,N,22-SEP-2025
PROD_103643,103643,02547473,APRETUDE,,,0162114002,N,22-SEP-2025
PROD_103645,103645,02547503,PROTEC(TINT),,CAT IV - SUNBURN PROTECTANTS,0363460003,N,22-MAR-2025
PROD_103649,103649,02547554,COOLA DAILY PROTECTION REFRESHING WATER PLUMPING GEL SERUM,,CAT IV - SUNBURN PROTECTANTS,0451521024,N,07-AUG-2025
PROD_103650,103650,02547562,ICATIBANT INJECTION,SINGLE-USE PREFILLED SYRINGE,,0155710001,N,22-MAR-2025
PROD_103657,103657,02547635,TARO-PALBOCICLIB,,,0157970001,N,11-MAR-2026
PROD_103658,103658,02547643,TARO-PALBOCICLIB,,,0157970002,N,11-MAR-2026
PROD_103659,103659,02547651,TARO-PALBOCICLIB,,,0157970003,N,11-MAR-2026
PROD_103661,103661,02547686,CYCLOPHOSPHAMIDE FOR INJECTION USP,,,0107630007,N,22-MAR-2025
PROD_103662,103662,02547694,CYCLOPHOSPHAMIDE FOR INJECTION USP,,,0107630004,N,22-MAR-2025
PROD_103664,103664,02547716,M-RIZATRIPTAN,,,0137841002,N,22-MAR-2025
PROD_103665,103665,02547724,COSENTYX,SINGLE-USE PREFILLED SYRINGE,,0156650001,N,20-AUG-2026
PROD_103666,103666,02547732,PRALUENT,SINGLE-USE PREFILLED PEN,,0158030002,N,14-AUG-2026
PROD_103669,103669,02547767,M-METFORMIN,,,0101773001,N,08-APR-2025
PROD_103670,103670,02547775,M-METFORMIN,,,0101773002,N,22-MAR-2025
PROD_103672,103672,02547791,COPPERTONE SUNSCREEN SPF 30 SPRAY SPORT,,CAT IV - SUNBURN PROTECTANTS,0451521131,N,23-MAR-2026
PROD_103673,103673,02547805,AURO-SITAGLIPTIN HYDROCHLORIDE AND METFORMIN HYDROCHLORIDE,,,0252656001,N,23-JUL-2025
PROD_103674,103674,02547813,AURO-SITAGLIPTIN HYDROCHLORIDE AND METFORMIN HYDROCHLORIDE,,,0252656002,N,23-JUL-2025
PROD_103675,103675,02547821,AURO-SITAGLIPTIN HYDROCHLORIDE AND METFORMIN HYDROCHLORIDE,,,0252656003,N,23-JUL-2025
PROD_103677,103677,02547856,LIDOCAINE HYDROCHLORIDE INJECTION USP,SINGLE-USE,,0101280001,N,05-AUG-2026
PROD_103678,103678,02547864,JAMP FLUCONAZOLE 150 MG,,,0122529004,N,22-MAR-2025
PROD_103681,103681,02547899,RIVAROXABAN,,,0152487004,N,29-JUL-2026
PROD_103682,103682,02547902,RIVAROXABAN,,,0152487001,N,29-JUL-2026
PROD_103683,103683,02547910,RIVAROXABAN,,,0152487002,N,29-JUL-2026
PROD_103684,103684,02547929,RIVAROXABAN,,,0152487003,N,29-JUL-2026
PROD_103690,103690,02547996,PRECISE COOLING PAIN RELIEF CREAM,,LS - TOPICAL - ANAESTHETIC/ANALGESIC/ANTIPRURITIC,0225925003,N,27-MAR-2026
PROD_103697,103697,02548070,PRECISE PAIN RELIEF CREAM,,LS - TOPICAL - ANAESTHETIC/ANALGESIC/ANTIPRURITIC,0103565009,N,12-MAR-2026
PROD_103698,103698,02548089,JAMP TRAVOPROST Z,,,0145801001,N,21-MAY-2025
PROD_103708,103708,02548194,NALOXONE HYDROCHLORIDE INJECTION USP,,,0108981002,N,22-MAR-2025
PROD_103709,103709,02548208,JAMP LEUCOVORIN,,,0108436001,N,22-MAR-2025
PROD_103710,103710,02548216,AG-IRBESARTAN,,,0131700001,N,23-JUN-2026
PROD_103711,103711,02548224,AG-IRBESARTAN,,,0131700002,N,23-JUN-2026
PROD_103712,103712,02548232,AG-IRBESARTAN,,,0131700003,N,23-JUN-2026
PROD_103713,103713,02548240,ISLAND SPORT FACE SWEAT RESISTANT SUNSCREEN SPRITZ SPF 30,,CAT IV - SUNBURN PROTECTANTS,0352510025,N,22-MAR-2025
PROD_103715,103715,02548267,UNSEEN SUNSCREEN STICK,,CAT IV - SUNBURN PROTECTANTS,0451521132,N,03-APR-2025
PROD_103716,103716,02548275,M-METFORMIN,,,0101773003,N,22-MAR-2025
PROD_103717,103717,02548283,SEAFORD NIFEDIPINE AND LIDOCAINE HYDROCHLORIDE CREAM,,,0265923001,N,04-FEB-2026
PROD_103719,103719,02548291,ISLAND SPORT SWEAT RESISTANT SUNSCREEN SPRITZ SPF 30,,CAT IV - SUNBURN PROTECTANTS,0352510025,N,22-MAR-2025
PROD_103720,103720,02548313,BELIF SPF/FPS 45,,CAT IV - SUNBURN PROTECTANTS,0451521063,N,22-MAR-2025
PROD_103723,103723,02548356,EXTRA STRENGTH EASY TABS 500 MG,,LS - ANALG (ACETAMINOPHEN LABELLING STANDARD),0102009002,N,15-APR-2025
PROD_103730,103730,02548410,M-BILASTINE,,,0158051001,N,27-APR-2026
PROD_103734,103734,02548461,MYSTEP,,,0125218004,N,31-JUL-2025
PROD_103735,103735,02548488,HEPARIN SODIUM INJECTION USP,SINGLE-USE VIAL,,0104596002,N,12-AUG-2026
PROD_103741,103741,02548550,SITAGLIPTIN,,,0152414002,N,22-MAR-2025
PROD_103742,103742,02548569,SITAGLIPTIN,,,0152414003,N,22-MAR-2025
PROD_103743,103743,02548577,SITAGLIPTIN,,,0152414001,N,22-MAR-2025
PROD_103744,103744,02548585,LURASIDONE,,,0153185005,N,22-MAR-2025
PROD_103745,103745,02548593,LURASIDONE,,,0153185001,N,22-MAR-2025
PROD_103746,103746,02548607,LURASIDONE,,,0153185004,N,22-MAR-2025
PROD_103747,103747,02548615,LURASIDONE,,,0153185002,N,22-MAR-2025
PROD_103751,103751,02548666,SUGAMMADEX INJECTION,SINGLE-USE VIAL,,0157810001,N,07-AUG-2026
PROD_103755,103755,02548704,PRZ-NEBIVOLOL,,,0153531001,N,27-JUL-2026
PROD_103756,103756,02548712,PRZ-NEBIVOLOL,,,0153531002,N,27-JUL-2026
PROD_103757,103757,02548720,PRZ-NEBIVOLOL,,,0153531003,N,27-JUL-2026
PROD_103758,103758,02548739,PRZ-NEBIVOLOL,,,0153531004,N,27-JUL-2026
PROD_103759,103759,02548747,PRZ-METOCLOPRAMIDE,,,0109394003,N,27-JUL-2026
PROD_103760,103760,02548755,PRZ-METOCLOPRAMIDE,,,0109394001,N,27-JUL-2026
PROD_103764,103764,02548801,M-RIZATRIPTAN ODT,,,0137841001,N,12-JUN-2025
PROD_103765,103765,02548828,M-RIZATRIPTAN ODT,,,0137841002,N,12-JUN-2025
PROD_103769,103769,02548860,SPORT ACTIVE DEFENSE SUNSCREEN SPF 70,,CAT IV - SUNBURN PROTECTANTS,0451521048,N,11-SEP-2025
PROD_103770,103770,02548879,APIXABAN,,,0153051001,N,25-NOV-2025
PROD_103771,103771,02548887,APIXABAN,,,0153051002,N,25-NOV-2025
PROD_103775,103775,02548909,WAINUA,PREFILLED AUTO-INJECTOR,,0165963001,N,14-AUG-2026
PROD_103776,103776,02548933,LAXATIVE,,,0152488002,N,31-DEC-2025
PROD_103777,103777,02548941,KIDS SUNSCREEN SPRAY,,CAT IV - SUNBURN PROTECTANTS,0451521048,N,11-SEP-2025
PROD_103778,103778,02548968,ARGATROBAN,,,0143781002,N,22-MAR-2025
PROD_103787,103787,02548984,IXCHIQ,,,0165964001,N,15-JUL-2026
PROD_103789,103789,02549018,SANDOZ SACUBITRIL-VALSARTAN,,,0257451001,N,24-JUN-2026
PROD_103790,103790,02549026,SANDOZ SACUBITRIL-VALSARTAN,,,0257451002,N,24-JUN-2026
PROD_103791,103791,02549034,SANDOZ SACUBITRIL-VALSARTAN,,,0257451003,N,24-JUN-2026
PROD_103798,103798,02549107,FAMOTIDINE,,,0118722001,N,22-MAR-2025
PROD_103799,103799,02549115,FAMOTIDINE,,,0118722002,N,22-MAR-2025
PROD_103800,103800,02549123,EBGLYSS,PREFILLED PEN,,0165983001,N,31-JUL-2026
PROD_103801,103801,02549131,EBGLYSS,PREFILLED SYRINGE,,0165983001,N,31-JUL-2026
PROD_103802,103802,02549158,ACH-PROGESTERONE,,,0106327002,N,17-APR-2026
PROD_103804,103804,02549174,COOLA HYDRATING SUNSCREEN LOTION TROPICAL COCONUT SCENT,,CAT IV - SUNBURN PROTECTANTS,0451521108,N,13-JAN-2026
PROD_103805,103805,02549182,COOLA HYDRATING SUNSCREEN LOTION FRAGRANCE FREE,,CAT IV - SUNBURN PROTECTANTS,0451521100,N,13-JAN-2026
PROD_103806,103806,02549190,ODAN-VALPROIC ACID,,,0112996002,N,05-AUG-2026
PROD_103809,103809,02549220,ZILBRYSQ,PREFILLED SYRINGE,,0166003001,N,31-JUL-2026
PROD_103810,103810,02549239,ZILBRYSQ,PREFILLED SYRINGE,,0166003001,N,31-JUL-2026
PROD_103811,103811,02549247,ZILBRYSQ,PREFILLED SYRINGE,,0166003001,N,31-JUL-2026
PROD_103814,103814,02549271,JAMP ZOPICLONE,,,0122562003,N,15-APR-2026
PROD_103815,103815,02549360,DAYQUIL KIDS HONEY,,LS - COUGH AND COLD,0100807013,N,21-JUL-2025
PROD_103816,103816,02549298,JAMP ZOPICLONE,,,0122562002,N,15-APR-2026
PROD_103817,103817,02549301,JAMP ZOPICLONE,,,0122562001,N,15-APR-2026
PROD_103818,103818,02549328,BIO-RIVAROXABAN,,,0152487004,N,08-AUG-2025
PROD_103819,103819,02549336,BIO-RIVAROXABAN,,,0152487001,N,08-AUG-2025
PROD_103820,103820,02549344,BIO-RIVAROXABAN,,,0152487002,N,08-AUG-2025
PROD_103821,103821,02549352,BIO-RIVAROXABAN,,,0152487003,N,08-AUG-2025
PROD_103822,103822,02549379,FOSAPREPITANT FOR INJECTION,,,0152547002,N,04-SEP-2025
PROD_103824,103824,02549395,M-TRANEXAMIC ACID,,,0114760001,N,22-MAR-2025
PROD_103826,103826,02549417,EXTRA STRENGTH TYLENOL EASY DISSOLVE,,,0102009002,N,12-SEP-2025
PROD_103827,103827,02549425,M-FEBUXOSTAT,,,0152809001,N,26-MAY-2025
PROD_103828,103828,02549433,MAR-ESZOPICLONE,,,0157971001,N,22-MAR-2025
PROD_103829,103829,02549441,MAR-ESZOPICLONE,,,0157971002,N,22-MAR-2025
PROD_103830,103830,02549468,MAR-ESZOPICLONE,,,0157971003,N,22-MAR-2025
PROD_103832,103832,02549484,C5 SHEER MOISTURIZER,,CAT IV - SUNBURN PROTECTANTS,0439981024,N,13-JUN-2025
PROD_103844,103844,02549611,JAMP CABERGOLINE,,,0141281001,N,22-MAR-2025
PROD_103845,103845,02549638,PMSC-SIMVASTATIN,,,0122415001,N,16-JUN-2025
PROD_103846,103846,02549646,PMSC-SIMVASTATIN,,,0122415004,N,16-JUN-2025
PROD_103847,103847,02549654,PMSC-SIMVASTATIN,,,0122415003,N,16-JUN-2025
PROD_103848,103848,02549662,PMSC-SIMVASTATIN,,,0122415002,N,16-JUN-2025
PROD_103849,103849,02549670,PMSC-SIMVASTATIN,,,0122415005,N,16-JUN-2025
PROD_103853,103853,02549719,PMS-LEVODOPA-CARBIDOPA,,,0210315002,N,30-OCT-2025
PROD_103854,103854,02549727,PMS-LEVODOPA-CARBIDOPA,,,0210315003,N,30-OCT-2025
PROD_103855,103855,02549735,PMS-LEVODOPA-CARBIDOPA,,,0210315001,N,30-OCT-2025
PROD_103861,103861,02549794,PMS-MORPHINE SULFATE,,,0104545003,N,27-AUG-2026
PROD_103862,103862,02549808,PMS-MORPHINE SULFATE,,,0104545001,N,27-AUG-2026
PROD_103865,103865,02549832,JAMP DEFERASIROX (TYPE J),,,0151733004,N,17-JUN-2026
PROD_103866,103866,02549840,JAMP DEFERASIROX (TYPE J),,,0151733005,N,17-JUN-2026
PROD_103867,103867,02549859,JAMP DEFERASIROX (TYPE J),,,0151733006,N,17-JUN-2026
PROD_103870,103870,02549883,APO-BILASTINE TABLETS,,,0158051001,N,02-SEP-2026
PROD_103871,103871,02549891,CAPVAXIVE,SINGLE-DOSE PREFILLED SYRINGE,,2266063001,N,12-NOV-2025
PROD_103872,103872,02549905,SOFTSOAP ANTIBACTERIAL FOR SENSITIVE SKIN,,CAT IV - ANTISEPTIC SKIN CLEANSERS,0104993016,N,22-MAR-2025
PROD_103875,103875,02549948,SUNSCREEN BROAD SPECTRUM SPF 50,,CAT IV - SUNBURN PROTECTANTS,0335121029,N,26-MAR-2025
PROD_103876,103876,02549956,HYDRATING SUNSCREEN MILK,,,0451521133,N,15-JUL-2025
PROD_103878,103878,02549972,M-LETROZOLE,,,0132937001,N,29-APR-2025
PROD_103879,103879,02549980,TIBSOVO,,,0166064001,N,22-MAR-2025
PROD_103880,103880,02549999,AURO-LIOTHYRONINE,,,0102421001,N,25-SEP-2025
PROD_103881,103881,02550008,AURO-LIOTHYRONINE,,,0102421002,N,25-SEP-2025
PROD_103882,103882,02550040,VOYDEYA,EACH DOSE CONTAINS 1 X 50 MG TABLET AND 1 X 100 MG TABLET,,0166066001,N,25-AUG-2026
PROD_103883,103883,02550016,NRA-GABAPENTIN,,,0125929001,N,08-AUG-2025
PROD_103884,103884,02550024,NRA-GABAPENTIN,,,0125929003,N,08-AUG-2025
PROD_103885,103885,02550032,NRA-GABAPENTIN,,,0125929002,N,08-AUG-2025
PROD_103886,103886,02550059,VOYDEYA,EACH DOSE CONTAINS 2 X 100 MG TABLETS,,0166066002,N,25-AUG-2026
PROD_103887,103887,02550067,PMS-SUGAMMADEX,SINGLE-USE VIAL,,0157810001,N,07-AUG-2026
PROD_103888,103888,02550075,BORTEZOMIB INJECTION,SINGLE-USE,,0150433002,N,04-AUG-2026
PROD_103889,103889,02550083,COLD RELIEF,,,0351580003,N,04-JUN-2026
PROD_103899,103899,02550156,COPPERTONE SUNSCREEN SPF 50 SPRAY SPORT,,,0451521134,N,23-MAR-2026
PROD_103900,103900,02550164,COPPERTONE SUNSCREEN SPF 50 SPRAY COMPLETE,,,0451521134,N,19-JUN-2026
PROD_103902,103902,02550180,COPPERTONE SUNSCREEN SPF 50 SPRAY KIDS,,,0451521134,N,23-MAR-2026
PROD_103903,103903,02550199,"OXYTOCIN INJECTION, USP",,,0106478002,N,09-SEP-2025
PROD_103904,103904,02550202,PMSC-RAMIPRIL,,,0122858001,N,16-OCT-2025
PROD_103905,103905,02550210,PMSC-RAMIPRIL,,,0122858004,N,16-OCT-2025
PROD_103906,103906,02550229,PMSC-RAMIPRIL,,,0122858003,N,16-OCT-2025
PROD_103907,103907,02550237,PMSC-RAMIPRIL,,,0122858002,N,16-OCT-2025
PROD_103908,103908,02550245,STEQEYMA,SINGLE-USE PREFILLED SYRINGE,,0152506001,N,20-AUG-2026
PROD_103909,103909,02550253,STEQEYMA,SINGLE-USE PREFILLED SYRINGE,,0152506001,N,20-AUG-2026
PROD_103910,103910,02550261,STEQEYMA IV,SINGLE-USE VIAL,,0152506002,N,20-AUG-2026
PROD_103912,103912,02550296,SPEVIGO,SINGLE-USE PREFILLED SYRINGE,,0164521002,N,12-AUG-2026
PROD_103913,103913,02550318,ANTI-DANDRUFF HYDRATING CONDITIONER,,CAT IV - ANTIDANDRUFF PRODUCTS,0108628013,N,22-MAR-2025
PROD_103914,103914,02550326,BENZALKONIUM CHLORIDE WIPES,,,0104993016,N,06-AUG-2026
PROD_103919,103919,02550377,NRA-PRUCALOPRIDE,,,0153049001,N,22-MAR-2025
PROD_103920,103920,02550385,NRA-PRUCALOPRIDE,,,0153049002,N,22-MAR-2025
PROD_103924,103924,02550423,CABTREO,,,0366104001,N,01-OCT-2025
PROD_103925,103925,02550431,"KETAMINE HYDROCHLORIDE INJECTION, USP",,,0131360002,N,16-DEC-2025
PROD_103926,103926,02550458,"KETAMINE HYDROCHLORIDE INJECTION, USP",,,0131360003,N,16-DEC-2025
PROD_103931,103931,02550504,MAR-METFORMIN XR,,,0101773001,N,22-MAR-2025
PROD_103932,103932,02550512,MAR-METFORMIN XR,,,0101773003,N,22-MAR-2025
PROD_103933,103933,02550520,PYZCHIVA I.V.,SINGLE-USE VIAL,,0152506002,N,12-AUG-2026
PROD_103934,103934,02550539,PYZCHIVA,PREFILLED SYRINGE,,0152506001,N,27-JUL-2026
PROD_103935,103935,02550547,PYZCHIVA,PREFILLED SYRINGE,,0152506001,N,27-JUL-2026
PROD_103936,103936,02550555,AMB-BUSPIRONE,,,0116263001,N,27-AUG-2025
PROD_103939,103939,02550598,ANTI-DANDRUFF 2 IN 1,,CAT IV - ANTIDANDRUFF PRODUCTS,0108628001,N,22-MAR-2025
PROD_103940,103940,02550601,ROC DEEP WRINKLE DAILY MOISTURIZER SPF 30,,,0451521135,N,14-JUL-2025
PROD_103942,103942,02550636,PAVBLU,SINGLE-USE VIAL,,0154950001,N,12-AUG-2026
PROD_103943,103943,02550644,M-PIRFENIDONE,,,0153328001,N,22-MAR-2025
PROD_103944,103944,02550652,M-PIRFENIDONE,,,0153328003,N,22-MAR-2025
PROD_103945,103945,02550660,REGULAR STRENGTH ACETAMINOPHEN,,,0102009001,N,23-JUN-2025
PROD_103946,103946,02550679,ACCRUFER,,,0108536002,N,22-MAR-2025
PROD_103949,103949,02550709,APO-LEVOTHYROXINE,,,0107794012,N,22-MAR-2025
PROD_103950,103950,02550717,APO-LEVOTHYROXINE,,,0107794001,N,22-MAR-2025
PROD_103951,103951,02550725,APO-LEVOTHYROXINE,,,0107794007,N,22-MAR-2025
PROD_103952,103952,02550733,APO-LEVOTHYROXINE,,,0107794006,N,22-MAR-2025
PROD_103953,103953,02550741,APO-LEVOTHYROXINE,,,0107794008,N,22-MAR-2025
PROD_103954,103954,02550768,APO-LEVOTHYROXINE,,,0107794013,N,22-MAR-2025
PROD_103955,103955,02550776,APO-LEVOTHYROXINE,,,0107794013,N,22-MAR-2025
PROD_103956,103956,02550784,APO-LEVOTHYROXINE,,,0107794004,N,22-MAR-2025
PROD_103957,103957,02550792,APO-LEVOTHYROXINE,,,0107794009,N,22-MAR-2025
PROD_103958,103958,02550806,APO-LEVOTHYROXINE,,,0107794003,N,22-MAR-2025
PROD_103959,103959,02550814,PRZ-PROPRANOLOL,,,0101831005,N,27-JUL-2026
PROD_103960,103960,02550822,PRZ-PROPRANOLOL,,,0101831004,N,27-JUL-2026
PROD_103961,103961,02550830,PRZ-PROPRANOLOL,,,0101831002,N,27-JUL-2026
PROD_103962,103962,02550849,JAMP NINTEDANIB,,,0157030001,N,24-AUG-2026
PROD_103964,103964,02550865,APO-TIOTROPIUM,,,0148683001,N,22-MAR-2025
PROD_103965,103965,02550873,BANANA BOAT ULTRA SPORT SMARTMIST SUNSCREEN SPRAY,,CAT IV - SUNBURN PROTECTANTS,0451521088,N,22-MAR-2025
PROD_103966,103966,02550881,APO-NILOTINIB,,,0152484002,N,22-MAR-2025
PROD_103967,103967,02550903,APO-NILOTINIB,,,0152484001,N,22-MAR-2025
PROD_103968,103968,02550911,COOLA DEW GOOD ILLUMINATING BODY MELT SUNSCREEN LOTION,,CAT IV - SUNBURN PROTECTANTS,0335121034,N,07-AUG-2025
PROD_103970,103970,02550946,ANTI-DANDRUFF HYDRATING SHAMPOO,,CAT IV - ANTIDANDRUFF PRODUCTS,0108628001,N,22-MAR-2025
PROD_103972,103972,02550962,"LORAZEPAM INJECTION, USP","CONTAINS PRESERVATIVE, MULTI-USE VIAL",,0110731004,N,14-AUG-2026
PROD_103975,103975,02550997,"BISACODYL TABLETS, 5 MG",,,0101506001,N,06-JUL-2026
PROD_103977,103977,02551012,RYBELSUS,,,0159870011,N,13-AUG-2026
PROD_103978,103978,02551020,RYBELSUS,,,0159870012,N,13-AUG-2026
PROD_103979,103979,02551039,RYBELSUS,,,0159870013,N,13-AUG-2026
PROD_103980,103980,02551047,PRZ-TRAMADOL/ACET,,,0250601001,N,29-JUL-2026
PROD_103981,103981,02551063,CLOROTEKAL,,,0115360003,N,14-JUL-2026
PROD_103989,103989,02551152,JAMP DIVALPROEX,,,0112996001,N,17-AUG-2026
PROD_103990,103990,02551160,JAMP DIVALPROEX,,,0112996003,N,17-AUG-2026
PROD_103992,103992,02551187,M-ESZOPICLONE,,,0157971001,N,22-MAR-2025
PROD_103993,103993,02551195,M-ESZOPICLONE,,,0157971002,N,22-MAR-2025
PROD_103994,103994,02551209,M-ESZOPICLONE,,,0157971003,N,22-MAR-2025
PROD_103995,103995,02551217,REGULAR STRENGTH ASA,,LS - ACETYLSALICYLIC LABELLING STANDARD,0101169001,N,15-MAY-2026
PROD_103996,103996,02551225,VORANIGO,,,0166124001,N,16-JUN-2026
PROD_103997,103997,02551233,VORANIGO,,,0166124002,N,16-JUN-2026
PROD_103999,103999,02551268,M-PROGESTERONE,,,0106327002,N,06-JUL-2026
PROD_104003,104003,02551306,WINREVAIR,SINGLE-USE VIAL,,0166144002,N,12-AUG-2026
PROD_104004,104004,02551314,WINREVAIR,SINGLE-USE VIAL,,0166144001,N,12-AUG-2026
PROD_104009,104009,02551365,AG-LEVOCARB,,,0210315003,N,22-MAR-2025
PROD_104011,104011,02551381,ULTRA PROTECTION,,,0466164001,N,08-APR-2025
PROD_104012,104012,02551403,MIEBO,,,0166165001,N,05-SEP-2025
PROD_104015,104015,02551446,MEN'S HAIR REGROWTH TREATMENT,,,0114429004,N,22-MAY-2026
PROD_104019,104019,02551454,FRUZAQLA,,,0166184001,N,22-MAR-2025
PROD_104020,104020,02551462,FRUZAQLA,,,0166184002,N,22-MAR-2025
PROD_104022,104022,02551489,UV BRIGHTENING DAILY CREAM,,CAT IV - SUNBURN PROTECTANTS,0451521013,N,22-MAR-2025
PROD_104029,104029,02551551,IMDELLTRA,,,0166204001,N,29-JUL-2026
PROD_104030,104030,02551578,IMDELLTRA,,,0166204002,N,29-JUL-2026
PROD_104033,104033,02551608,M-RIVAROXABAN,,,0152487004,N,19-MAY-2026
PROD_104034,104034,02551616,M-RIVAROXABAN,,,0152487001,N,19-MAY-2026
PROD_104035,104035,02551624,M-RIVAROXABAN,,,0152487002,N,19-MAY-2026
PROD_104036,104036,02551632,M-RIVAROXABAN,,,0152487003,N,19-MAY-2026
PROD_104038,104038,02551659,WOMEN'S HAIR REGROWTH TREATMENT,,,0114429004,N,19-FEB-2026
PROD_104039,104039,02551667,NYQUIL COLD & FLU ALCOHOL FREE,,,0318085010,N,21-JUL-2025
PROD_104040,104040,02551675,CLEAR DAILY SOOTHING UV DEFENSE,,CAT IV - SUNBURN PROTECTANTS,0458790009,N,10-APR-2025
PROD_104041,104041,02551683,MAR-DIENOGEST,,,0153021001,N,03-JUL-2025
PROD_104042,104042,02551691,SANDOZ TOFACITINIB,,,0155550001,N,24-JUN-2026
PROD_104043,104043,02551713,EVEN BETTER HYDRATING VITAMIN MAKEUP,,CAT IV - SUNBURN PROTECTANTS,0453052004,N,04-MAR-2026
PROD_104044,104044,02551705,SANDOZ TOFACITINIB,,,0155550003,N,24-JUN-2026
PROD_104047,104047,02551756,MOMETASONE,,,0121732002,N,13-JUN-2025
PROD_104048,104048,02551764,AYVAKYT,,,0166224001,N,26-MAY-2026
PROD_104049,104049,02551772,AYVAKYT,,,0166224002,N,26-MAY-2026
PROD_104050,104050,02551780,AYVAKYT,,,0166224003,N,26-MAY-2026
PROD_104051,104051,02551799,AYVAKYT,,,0166224004,N,26-MAY-2026
PROD_104053,104053,02551810,APO-VILAZODONE,,,0157110001,N,22-MAR-2025
PROD_104054,104054,02551829,APO-VILAZODONE,,,0157110002,N,22-MAR-2025
PROD_104055,104055,02551837,APO-VILAZODONE,,,0157110003,N,22-MAR-2025
PROD_104056,104056,02551845,M-METFORMIN XR,,,0101773001,N,28-SEP-2025
PROD_104057,104057,02551853,M-METFORMIN XR,,,0101773003,N,28-SEP-2025
PROD_104061,104061,02551918,MAR-LEFLUNOMIDE,,,0140182001,N,17-JUL-2026
PROD_104062,104062,02551926,MAR-LEFLUNOMIDE,,,0140182002,N,17-JUL-2026
PROD_104063,104063,02551934,NRA-BILASTINE,,,0158051001,N,08-AUG-2025
PROD_104064,104064,02551942,WATERMELON GLOW DEWY DEFENSE,,CAT IV - SUNBURN PROTECTANTS,0350284018,N,29-APR-2025
PROD_104065,104065,02551950,MOUNJARO KWIKPEN,MULTIDOSE PREFILLED PEN,,0164301007,N,06-AUG-2026
PROD_104066,104066,02551969,MOUNJARO KWIKPEN,MULTIDOSE PREFILLED PEN,,0164301009,N,06-AUG-2026
PROD_104067,104067,02551977,MOUNJARO KWIKPEN,MULTIDOSE PREFILLED PEN,,0164301008,N,06-AUG-2026
PROD_104068,104068,02551985,MOUNJARO KWIKPEN,MULTIDOSE PREFILLED PEN,,0164301010,N,06-AUG-2026
PROD_104069,104069,02551993,MOUNJARO KWIKPEN,MULTIDOSE PREFILLED PEN,,0164301004,N,06-AUG-2026
PROD_104070,104070,02552000,MOUNJARO KWIKPEN,MULTIDOSE PREFILLED PEN,,0164301005,N,06-AUG-2026
PROD_104072,104072,02552027,TARO-METFORMIN XR,,,0101773001,N,16-JAN-2026
PROD_104073,104073,02552035,COMIRNATY,PREFILLED SYRINGE,,0166244001,N,12-AUG-2026
PROD_104080,104080,02552116,SUNTOUCHABLE WHOA GLOW SPF 30 SUNSCREEN,,,0451521136,N,10-JUL-2026
PROD_104081,104081,02552124,PMS-PALBOCICLIB,,,0157970001,N,21-OCT-2025
PROD_104082,104082,02552132,PMS-PALBOCICLIB,,,0157970002,N,21-OCT-2025
PROD_104083,104083,02552140,PMS-PALBOCICLIB,,,0157970003,N,21-OCT-2025
PROD_104084,104084,02552159,ACETAMINOPHEN EXTRA STRENGTH RAPID RELEASE TABLETS,,LS - ANALG (ACETAMINOPHEN LABELLING STANDARD),0102009002,N,06-AUG-2025
PROD_104092,104092,02552248,JAMP FLUDROCORTISONE,,,0106361002,N,15-OCT-2025
PROD_104093,104093,02552256,JAMP RIVASTIGMINE CAPSULES,,,0140521001,N,15-JUL-2025
PROD_104094,104094,02552264,JAMP RIVASTIGMINE CAPSULES,,,0140521002,N,15-JUL-2025
PROD_104095,104095,02552272,JAMP RIVASTIGMINE CAPSULES,,,0140521003,N,15-JUL-2025
PROD_104096,104096,02552280,JAMP RIVASTIGMINE CAPSULES,,,0140521004,N,15-JUL-2025
PROD_104097,104097,02552299,SPORT FACE ACTIVE DEFENSE,,,0451521048,N,11-SEP-2025
PROD_104099,104099,02552310,PRZ-SITAGLIPTIN-METFORMIN,,,0252656002,N,27-JUL-2026
PROD_104100,104100,02552329,PRZ-SITAGLIPTIN-METFORMIN,,,0252656003,N,27-JUL-2026
PROD_104101,104101,02552337,DIARRHEA RELIEF LIQUID GELS,,,0111332001,N,28-AUG-2025
PROD_104102,104102,02552345,PREEN SCREEN REAPPLICATION MIST SKINSCREEN,,CAT IV - SUNBURN PROTECTANTS,0451521049,N,17-JUN-2025
PROD_104106,104106,02552396,YOUR SKIN BUT BETTER CC+ NUDE GLOW,,,0356210005,N,22-MAR-2025
PROD_104107,104107,02552418,SOOTHE ANTIBIOTIC DROPS,,,0231247003,N,08-NOV-2025
PROD_104109,104109,02552434,OPZELURA,,,0153186005,N,06-AUG-2026
PROD_104142,104142,02552450,TYENNE,SINGLE-USE VIAL,,0152713001,N,12-AUG-2026
PROD_104143,104143,02552469,TYENNE,SINGLE-USE VIAL,,0152713001,N,12-AUG-2026
PROD_104144,104144,02552477,TYENNE,SINGLE-USE VIAL,,0152713001,N,12-AUG-2026
PROD_104145,104145,02552485,TYENNE,SINGLE-USE AUTO-INJECTOR,,0152713002,N,21-AUG-2026
PROD_104146,104146,02552493,TYENNE,SINGLE-USE PREFILLED SYRINGE,,0152713002,N,20-AUG-2026
PROD_104147,104147,02552507,SKYRIZI,PRE-FILLED CATRIDGE WITH ON-BODY INJECTOR,,0161390002,N,07-AUG-2026
PROD_104148,104148,02552515,NEOCITRAN EXTRA STRENGTH COLD & COUGH,,,0212074013,N,27-JAN-2026
PROD_104149,104149,02552523,DAYBUE,,,0166284001,N,25-SEP-2025
PROD_104150,104150,02552531,NEOCITRAN EXTRA STRENGTH COLD & COUGH NIGHT,,,0233808004,N,27-JAN-2026
PROD_104152,104152,02552566,ZORYVE,,,0152826002,N,31-AUG-2026
PROD_104153,104153,02552574,ALOG-DOXYLAMINE/PYRIDOXINE,,,0213346001,N,12-JUN-2025
PROD_104154,104154,02552590,ALOCANE PLUS,,,0201287007,N,05-AUG-2026
PROD_104156,104156,02552604,PMS-RUPATADINE,,,0158310002,N,22-MAR-2025
PROD_104157,104157,02552620,PREGVIT,,,1747661009,N,12-JUN-2026
PROD_104158,104158,02552639,PREGVIT FOLIC 5,,,1747661010,N,12-JUN-2026
PROD_104160,104160,02552612,JAMPLYTE + BISACODYL,,,0652579002,N,05-AUG-2025
PROD_104161,104161,02552647,LAIT FAMILLE - VISAGE & CORPS,,CAT IV - SUNBURN PROTECTANTS,0363460004,N,04-JUN-2026
PROD_104162,104162,02552655,LUMAKRAS,,,0163153002,N,22-OCT-2025
PROD_104163,104163,02552663,LAIT VISAGE & CORPS,,CAT IV - SUNBURN PROTECTANTS,0363460004,N,04-JUN-2026
PROD_104164,104164,02552671,ETOPOSIDE INJECTION,,,0114567002,N,02-APR-2026
PROD_104168,104168,02552728,PMS-METHADONE HYDROCHLORIDE ORAL CONCENTRATE,"DYE-FREE, SUGAR-FREE, AND UNFLAVORED",,0144621001,N,25-AUG-2026
PROD_104169,104169,02552736,PMS-METHADONE HYDROCHLORIDE ORAL CONCENTRATE,CHERRY FLAVORED,,0144621001,N,17-AUG-2026
PROD_104171,104171,02552744,APO-VORTIOXETINE,,,0156170001,N,15-APR-2025
PROD_104172,104172,02552752,APO-VORTIOXETINE,,,0156170002,N,15-APR-2025
PROD_104174,104174,02552779,APO-VORTIOXETINE,,,0156170004,N,15-APR-2025
PROD_104175,104175,02552787,MICRO+6 REGULAR,,,0631329008,N,10-JUN-2025
PROD_104176,104176,02552795,COPPERTONE SUNSCREEN LOTION SPORT FACE SPF 50,,CAT IV - SUNBURN PROTECTANTS,0451521048,N,25-JUL-2025
PROD_104178,104178,02552817,PRO-SITAGLIPTIN-METFORMIN,,,0252656001,N,29-APR-2026
PROD_104179,104179,02552825,PRO-SITAGLIPTIN-METFORMIN,,,0252656002,N,14-AUG-2026
PROD_104180,104180,02552833,PRO-SITAGLIPTIN-METFORMIN,,,0252656003,N,14-AUG-2026
PROD_104182,104182,02552906,NAT-SUNITINIB,,,0151642002,N,20-JUL-2026
PROD_104183,104183,02552892,NAT-SUNITINIB,,,0151642001,N,20-JUL-2026
PROD_104184,104184,02552868,AMLODIPINE,,,0131437003,N,28-SEP-2025
PROD_104185,104185,02552876,AMLODIPINE,,,0131437002,N,22-APR-2025
PROD_104186,104186,02552884,AMLODIPINE,,,0131437001,N,28-SEP-2025
PROD_104187,104187,02552914,MRESVIA,SINGLE-USE PREFILLED SYRINGE,,0166304001,N,21-AUG-2026
PROD_104188,104188,02552922,SPRAY VISAGE & CORPS,,CAT IV - SUNBURN PROTECTANTS,0451521048,N,04-JUN-2026
PROD_104191,104191,02553007,SENNOSIDES 8.6 MG AND DOCUSATE SODIUM 50 MG TABLETS,,,0215780001,N,06-JUL-2026
PROD_104192,104192,02552957,AURO-PAZOPANIB,,,0152743001,N,06-JAN-2026
PROD_104193,104193,02552965,OJJAARA,,,0166324001,N,17-APR-2026
PROD_104194,104194,02552973,OJJAARA,,,0166324002,N,17-APR-2026
PROD_104195,104195,02552981,OJJAARA,,,0166324003,N,17-APR-2026
PROD_104199,104199,02553023,JORNAY PM,,,0107548018,N,06-FEB-2026
PROD_104200,104200,02553031,JORNAY PM,,,0107548013,N,06-FEB-2026
PROD_104201,104201,02553058,JORNAY PM,,,0107548012,N,06-FEB-2026
PROD_104202,104202,02553066,JORNAY PM,,,0107548010,N,06-FEB-2026
PROD_104203,104203,02553074,JORNAY PM,,,0107548002,N,06-FEB-2026
PROD_104206,104206,02553104,MIDAZOLAM INJECTION USP,,,0119935002,N,16-DEC-2025
PROD_104207,104207,02553112,TARO-DEFERIPRONE,,,0156430003,N,30-APR-2026
PROD_104208,104208,02553120,JAMTEKI I.V.,SINGLE-USE VIAL,,0152506002,N,12-AUG-2026
PROD_104209,104209,02553139,DIARRHEA RELIEF LIQUID GELS,,,0111332001,N,14-JUL-2026
PROD_104210,104210,02553147,LIGHT DAY SUNSCREEN,,CAT IV - SUNBURN PROTECTANTS,0351586022,N,08-JUN-2026
PROD_104211,104211,02553155,APO-RUPATADINE,,,0158310002,N,22-MAR-2025
PROD_104212,104212,02553163,JAMP ARIPIPRAZOLE,,,0152514001,N,28-NOV-2025
PROD_104213,104213,02553171,JAMP ARIPIPRAZOLE,,,0152514002,N,28-NOV-2025
PROD_104214,104214,02553198,JAMP ARIPIPRAZOLE,,,0152514006,N,28-NOV-2025
PROD_104215,104215,02553201,JAMP ARIPIPRAZOLE,,,0152514003,N,28-NOV-2025
PROD_104216,104216,02553228,JAMP ARIPIPRAZOLE,,,0152514004,N,28-NOV-2025
PROD_104217,104217,02553236,JAMP ARIPIPRAZOLE,,,0152514005,N,28-NOV-2025
PROD_104221,104221,02553279,CRESEMBA,,,0161030003,N,24-JUL-2026
PROD_104223,104223,02553295,APO-CLADRIBINE,,,0124270002,N,30-DEC-2025
PROD_104225,104225,02553309,WEZLANA,PREFILLED PEN,,0152506001,N,31-JUL-2026
PROD_104226,104226,02553317,WEZLANA,PREFILLED PEN,,0152506001,N,31-JUL-2026
PROD_104227,104227,02553325,EVERY SUN DAY ULTRA-SHEER PRIMING SUNSCREEN STICK,,CAT IV - SUNBURN PROTECTANTS,0451521077,N,22-JUL-2025
PROD_104228,104228,02553333,BROAD SPECTRUM SPF 30 HOLY HYDRATION! FACE CREAM,,CAT IV - SUNBURN PROTECTANTS,0451521136,N,10-JUL-2026
PROD_104229,104229,02553341,BACLOFEN INJECTION USP,,,0113246003,N,16-JAN-2026
PROD_104230,104230,02553368,JAMP RIVAROXABAN,,,0152487004,N,06-MAY-2026
PROD_104231,104231,02553376,PRO-SITAGLIPTIN,,,0152414002,N,05-AUG-2026
PROD_104232,104232,02553384,PRO-SITAGLIPTIN,,,0152414003,N,05-AUG-2026
PROD_104233,104233,02553392,PRO-SITAGLIPTIN,,,0152414001,N,05-AUG-2026
PROD_104234,104234,02553406,M-FLUCONAZOLE-150,,,0122529004,N,26-AUG-2025
PROD_104235,104235,02553414,SANDOZ EDOXABAN,,,0158530001,N,20-MAY-2025
PROD_104236,104236,02553422,SANDOZ EDOXABAN,,,0158530002,N,20-MAY-2025
PROD_104237,104237,02553430,SANDOZ EDOXABAN,,,0158530003,N,20-MAY-2025
PROD_104240,104240,02553465,MEN'S GLN-MINOXIDIL,,,0114429004,N,06-MAY-2026
PROD_104242,104242,02553481,ELFY,,,0355090002,N,19-MAY-2026
PROD_104244,104244,02553511,VALACYCLOVIR,,,0128626003,N,29-JAN-2026
PROD_104252,104252,02553600,VEOZAH,,,0166344001,N,22-MAR-2025
PROD_104253,104253,02553619,BIMZELX,PREFILLED SYRINGE,,0163399001,N,15-JAN-2026
PROD_104254,104254,02553627,BIMZELX,AUTO-INJECTOR,,0163399001,N,06-AUG-2026
PROD_104255,104255,02553635,NB-APIXABAN,,,0153051001,N,04-NOV-2025
PROD_104256,104256,02553643,NB-APIXABAN,,,0153051002,N,04-NOV-2025
PROD_104258,104258,02553678,PIXXOSCAN,,,0138761002,N,24-NOV-2025
PROD_104259,104259,02553686,AG-ANASTROZOLE TABLETS,,,0128681001,N,02-OCT-2025
PROD_104260,104260,02553694,GLOWFECTOR SPF 30,,CAT IV - SUNBURN PROTECTANTS,0451521103,N,15-JUN-2026
PROD_104261,104261,02553708,FLUCELVAX,SINGLE-USE PREFILLED SYRINGE,,0324197001,N,20-AUG-2026
PROD_104263,104263,02553732,DRAMATICALLY DIFFERENT MOISTURIZING LOTION+ SPF 50,,CAT IV - SUNBURN PROTECTANTS,0451521138,N,23-JUL-2025
PROD_104264,104264,02553724,JAMP IBUPROFEN SUSPENSION,,,0108883005,N,06-JAN-2026
PROD_104265,104265,02553740,JAMP METHOTREXATE TABLETS,,,0107545004,N,16-JUN-2026
PROD_104269,104269,02553783,CABAZITAXEL FOR INJECTION,MULTIDOSE VIAL,,0152936002,N,30-JUL-2026
PROD_104270,104270,02553791,CABAZITAXEL FOR INJECTION,MULTIDOSE VIAL,,0152936002,N,30-JUL-2026
PROD_104271,104271,02553805,OMLYCLO,PREFILLED SYRINGE,,0150422001,N,31-JUL-2026
PROD_104272,104272,02553813,OMLYCLO,PREFILLED SYRINGE,,0150422001,N,31-JUL-2026
PROD_104274,104274,02553848,LATANOPROST / TIMOLOL,,,0248501001,N,04-JUN-2026
PROD_104278,104278,02553880,TOPIRAMATE,,,0132938006,N,24-JUN-2026
PROD_104281,104281,02553910,MINT-SITAGLIPTIN,,,0152414002,N,16-DEC-2025
PROD_104282,104282,02553929,MINT-SITAGLIPTIN,,,0152414003,N,16-DEC-2025
PROD_104283,104283,02553937,MINT-SITAGLIPTIN,,,0152414001,N,16-DEC-2025
PROD_104284,104284,02553945,PEXEGRA,SINGLE-USE PREFILLED SYRINGE,,0149962001,N,20-AUG-2026
PROD_104285,104285,02553953,IODIXANOL INJECTION 270,,,0126988001,N,13-JUN-2025
PROD_104286,104286,02553961,IODIXANOL INJECTION 320,,,0126988002,N,13-JUN-2025
PROD_104287,104287,02553988,TARO-TOFACITINIB XR,,,0155550002,N,09-JUN-2026
PROD_104288,104288,02553996,VYLOY,SINGLE-USE VIAL,,0166364001,N,12-AUG-2026
PROD_104289,104289,02554003,VABYSMO,PREFILLED SYRINGE,,0163722001,N,20-AUG-2025
PROD_104291,104291,02554011,BUCKLEY'S NIGHTTIME COMPLETE EXTRA STRENGTH PLUS MUCUS RELIEF,,,0551596002,N,18-AUG-2025
PROD_104292,104292,02554038,UNSEEN SUNSCREEN SPF 50,,CAT IV - SUNBURN PROTECTANTS,0451521133,N,30-JAN-2026
PROD_104295,104295,02554070,RINGZA,,,0266384001,N,24-MAR-2026
PROD_104298,104298,02554100,WATER DRENCH SHEER TINT,,CAT IV - SUNBURN PROTECTANTS,0451521095,N,08-JUL-2026
PROD_104299,104299,02554119,JAMP PERINDOPRIL/INDAPAMIDE,,,0248401002,N,23-DEC-2025
PROD_104300,104300,02554127,JAMP PERINDOPRIL/INDAPAMIDE,,,0248401001,N,23-DEC-2025
PROD_104301,104301,02554135,JAMP PERINDOPRIL/INDAPAMIDE,,,0248401003,N,23-DEC-2025
PROD_104302,104302,02554143,BUCKLEY'S NIGHTTIME COMPLETE EXTRA STRENGTH,,,0466404001,N,18-AUG-2025
PROD_104303,104303,02554151,VABOMERE,SINGLE-USE VIAL,,0266424001,N,12-AUG-2026
PROD_104305,104305,02554178,AFLIVU,SINGLE-USE PREFILLED SYRINGE,,0154950001,N,20-AUG-2026
PROD_104306,104306,02554194,AFLIVU,SINGLE-USE VIAL. 2MG/50MCL,,0154950001,N,14-OCT-2025
PROD_104307,104307,02554208,TEVA-EDOXABAN,,,0158530001,N,14-MAY-2025
PROD_104308,104308,02554216,TEVA-EDOXABAN,,,0158530002,N,14-MAY-2025
PROD_104309,104309,02554224,TEVA-EDOXABAN,,,0158530003,N,14-MAY-2025
PROD_104313,104313,02554267,BRUKINSA,,,0162766002,N,27-MAY-2026
PROD_104315,104315,02554283,OTULFI,PREFILLED SYRINGE,,0152506001,N,31-JUL-2026
PROD_104316,104316,02554291,OTULFI,PREFILLED SYRINGE,,0152506001,N,31-JUL-2026
PROD_104317,104317,02554305,OTULFI I.V.,,,0152506002,N,04-MAR-2026
PROD_104318,104318,02554313,FABHALTA,,,0166444001,N,28-AUG-2026
PROD_104322,104322,02554364,ARSENIC TRIOXIDE FOR INJECTION,,,0108756003,N,02-JUN-2025
PROD_104323,104323,02554372,JAMP DOXYCYCLINE TABLETS,,,0105569001,N,27-MAR-2026
PROD_104324,104324,02554380,NYQUIL HOT REMEDY,,,0233808004,N,30-JUL-2026
PROD_104325,104325,02554399,AURO-DIGOXIN,,,0107281004,N,23-JUL-2025
PROD_104326,104326,02554402,AURO-DIGOXIN,,,0107281006,N,23-JUL-2025
PROD_104327,104327,02554410,SUN BUM DAILY BODY LOTION 50,,,0451521139,N,03-JUL-2026
PROD_104328,104328,02554429,BAXDELA,,,0166464001,N,16-FEB-2026
PROD_104329,104329,02554437,BAXDELA,SINGLE-USE VIAL,,0166464002,N,07-AUG-2026
PROD_104330,104330,02554445,AURO-VARENICLINE,,,0152190001,N,30-JAN-2026
PROD_104331,104331,02554453,AURO-VARENICLINE,,,0152190002,N,30-JAN-2026
PROD_104332,104332,02554461,JAMP FINASTERIDE TABLETS,,,0124110002,N,05-MAR-2026
PROD_104333,104333,02554488,LISINOPRIL TABLETS,,,0121550003,N,06-JAN-2026
PROD_104334,104334,02554496,LISINOPRIL TABLETS,,,0121550001,N,06-JAN-2026
PROD_104335,104335,02554518,LISINOPRIL TABLETS,,,0121550002,N,06-JAN-2026
PROD_104336,104336,02554526,DAYQUIL HOT REMEDY,,,0212074014,N,05-AUG-2026
PROD_104339,104339,02554550,SOLUFY,,,0152514009,N,16-JUL-2026
PROD_104340,104340,02554569,ABILIFY ASIMTUFII,PREFILLED SYRINGE,,0152514007,N,19-JUN-2026
PROD_104341,104341,02554577,ABILIFY ASIMTUFII,PREFILLED SYRINGE,,0152514007,N,19-JUN-2026
PROD_104343,104343,02554593,NEOCITRAN ULTRA STRENGTH FLU & COLD NIGHT,,,0318085011,N,26-JAN-2026
PROD_104344,104344,02554607,NEOCITRAN ULTRA STRENGTH FLU & COLD,,,0212074015,N,23-JAN-2026
PROD_104345,104345,02554615,APO-BUTALBITAL-ACETYLSALICYLIC ACID-CAFFEINE-CODEINE-C 1/4,,,0401238002,N,08-MAY-2025
PROD_104346,104346,02554623,APO-BUTALBITAL-ACETYLSALICYLIC ACID-CAFFEINE-CODEINE-C 1/2,,,0401238001,N,08-MAY-2025
PROD_104347,104347,02554631,GEN-CLOZAPINE,,,0122583005,N,19-MAR-2026
PROD_104348,104348,02554658,GEN-CLOZAPINE,,,0122583001,N,19-MAR-2026
PROD_104349,104349,02554666,GEN-CLOZAPINE,,,0122583003,N,19-MAR-2026
PROD_104350,104350,02554674,GEN-CLOZAPINE,,,0122583002,N,19-MAR-2026
PROD_104351,104351,02554682,GEN-CLOZAPINE,,,0122583004,N,19-MAR-2026
PROD_104353,104353,02554690,APO-BUTALBITAL-ACETYLSALICYLIC ACID-CAFFEINE,,,0301241001,N,08-MAY-2025
PROD_104354,104354,02554712,SUPER CRÈME WITH SPF BROAD SPECTRUM SPF 30,,CAT IV - SUNBURN PROTECTANTS,0451521042,N,29-MAY-2025
PROD_104362,104362,02554798,EYLEA HD,SINGLE-USE PREFILLED SYRINGE,,0154950003,N,20-AUG-2026
PROD_104363,104363,02554801,VOLTAREN EMULGEL ACTIVE,,,0152187001,N,06-MAY-2026
PROD_104365,104365,02554836,NB-PREGABALIN,,,0151121001,N,28-JAN-2026
PROD_104366,104366,02554844,NB-PREGABALIN,,,0151121002,N,28-JAN-2026
PROD_104367,104367,02554852,NB-PREGABALIN,,,0151121003,N,28-JAN-2026
PROD_104368,104368,02554860,NB-PREGABALIN,,,0151121005,N,28-JAN-2026
PROD_104370,104370,02554887,NB-PREGABALIN,,,0151121008,N,28-JAN-2026
PROD_104371,104371,02554925,SUN BUM DAILY FACE LOTION 50,,CAT IV - SUNBURN PROTECTANTS,0451521115,N,03-JUL-2026
PROD_104373,104373,02554909,NATCO-ESCITALOPRAM,,,0150435002,N,20-JUL-2026
PROD_104375,104375,02554933,NATCO-ESCITALOPRAM,,,0150435004,N,20-JUL-2026
PROD_104376,104376,02554941,ULTRA SUN PROTECTOR CREAM,,CAT IV - SUNBURN PROTECTANTS,0352587008,N,18-JUN-2026
PROD_104377,104377,02554968,DESVENLAFAXINE,,,0152509001,N,14-MAY-2025
PROD_104378,104378,02554976,DESVENLAFAXINE,,,0152509002,N,14-MAY-2025
PROD_104379,104379,02554984,SUN BUM DAILY FACE GLOW 30,,CAT IV - SUNBURN PROTECTANTS,0335121001,N,03-JUL-2026
PROD_104384,104384,02555042,CALCIUM GLUCONATE INJECTION USP 10%,,,0108566002,N,19-MAY-2026
PROD_104385,104385,02555050,TALZENNA,,,0161811003,N,11-MAR-2026
PROD_104390,104390,02555107,NB-RIVAROXABAN,,,0152487004,N,31-JUL-2026
PROD_104391,104391,02555115,NB-RIVAROXABAN,,,0152487001,N,31-JUL-2026
PROD_104392,104392,02555123,NB-RIVAROXABAN,,,0152487002,N,31-JUL-2026
PROD_104393,104393,02555131,NB-RIVAROXABAN,,,0152487003,N,31-JUL-2026
PROD_104394,104394,02555158,BIORÉ UV AQUA RICH GLOWY MOISTURIZER,,,0451521044,N,17-JUL-2025
PROD_104395,104395,02555166,BARE MINIMAL INGREDIENTS SHAMPOO SENSITIVE SCALP CARE,,CAT IV - ANTIDANDRUFF PRODUCTS,0108628001,N,22-JUN-2026
PROD_104399,104399,02555239,ZYNYZ,,,0166504001,N,06-JUL-2026
PROD_104403,104403,02555247,NOVEX ANTI-BACTERIAL HAND SANITIZER WIPE,,CAT IV - ANTISEPTIC SKIN CLEANSERS,0104993016,N,18-JUN-2026
PROD_104404,104404,02555255,AG-RIVAROXABAN,,,0152487004,N,10-AUG-2026
PROD_104418,104418,02555417,AVON BEYOND GLOW 30,,CAT IV - SUNBURN PROTECTANTS,0451521063,N,23-JUN-2025
PROD_104419,104419,02555425,AVON BEYOND GLOW 50,,CAT IV - SUNBURN PROTECTANTS,0552225021,N,23-JUN-2025
PROD_104423,104423,02555492,NB-ROSUVASTATIN,,,0148963004,N,15-SEP-2025
PROD_104424,104424,02555506,NB-ROSUVASTATIN,,,0148963001,N,15-SEP-2025
PROD_104425,104425,02555514,NB-ROSUVASTATIN,,,0148963002,N,15-SEP-2025
PROD_104426,104426,02555522,NB-ROSUVASTATIN,,,0148963003,N,15-SEP-2025
PROD_104427,104427,02555476,ITOVEBI,,,0166524001,N,06-AUG-2026
PROD_104428,104428,02555484,ITOVEBI,,,0166524002,N,06-AUG-2026
PROD_104430,104430,02555549,NEOCITRAN ULTRA STRENGTH COMPLETE COLD NIGHT,,,0414717011,N,10-APR-2026
PROD_104431,104431,02555557,HYDRO BOOST HYALURONIC ACID MOISTURIZER SPF 50,,CAT IV - SUNBURN PROTECTANTS,0451521090,N,18-FEB-2026
PROD_104440,104440,02555662,AUSTRALIAN GOLD ULTIMATE HYDRATION 50,,CAT IV - SUNBURN PROTECTANTS,0451521044,N,12-DEC-2025
PROD_104444,104444,02555697,NB-PERINDOPRIL,,,0127178001,N,21-JUL-2025
PROD_104445,104445,02555700,NB-PERINDOPRIL,,,0127178002,N,21-JUL-2025
PROD_104446,104446,02555719,NB-PERINDOPRIL,,,0127178003,N,21-JUL-2025
PROD_104447,104447,02555735,QALSODY,,,0166545001,N,17-SEP-2025
PROD_104459,104459,02555867,MYTOLAC,SINGLE-USE PREFILLED SYRINGE,,0151653006,N,10-AUG-2026
PROD_104460,104460,02555875,MYTOLAC,SINGLE-USE PREFILLED SYRINGE,,0151653007,N,10-AUG-2026
PROD_104461,104461,02555883,MYTOLAC,SINGLE-USE PREFILLED SYRINGE,,0151653005,N,10-AUG-2026
PROD_104462,104462,02555891,AG-FLUCONAZOLE,,,0122529004,N,31-JUL-2026
PROD_104463,104463,02555905,NEOCITRAN ULTRA STRENGTH COMPLETE COLD,,,0319503010,N,10-APR-2026
PROD_104466,104466,02555948,REBYOTA,,,0166564002,N,30-JUL-2025
PROD_104468,104468,02555964,LAZCLUZE,,,0166584001,N,20-AUG-2026
PROD_104469,104469,02555972,LAZCLUZE,,,0166584002,N,20-AUG-2026
PROD_104472,104472,02555999,NB-CITALOPRAM,,,0136243003,N,20-JUL-2026
PROD_104473,104473,02556006,NB-CITALOPRAM,,,0136243001,N,20-JUL-2026
PROD_104476,104476,02556049,HEMLIBRA,SINGLE-USE VIAL,,0160531001,N,12-AUG-2026
PROD_104477,104477,02556057,HEMLIBRA,SINGLE-USE VIAL,,0160531002,N,12-AUG-2026
PROD_104480,104480,02556081,RYSTIGGO,SINGLE-USE VIAL,,0166605001,N,07-AUG-2026
PROD_104484,104484,02556146,ZORYVE,,,0152826003,N,31-AUG-2026
PROD_104488,104488,02556189,JAMP SITAGLIPTIN HYDROCHLORIDE / METFORMIN,,,0252656001,N,15-JUL-2025
PROD_104489,104489,02556197,JAMP SITAGLIPTIN HYDROCHLORIDE / METFORMIN,,,0252656002,N,15-JUL-2025
PROD_104490,104490,02556200,JAMP SITAGLIPTIN HYDROCHLORIDE / METFORMIN,,,0252656003,N,15-JUL-2025
PROD_104491,104491,02556219,SKYCLARYS,,,0166624001,N,02-APR-2026
PROD_104492,104492,02558262,PIASKY,SINGLE-USE VIAL,,0166965001,N,07-AUG-2026
PROD_104494,104494,02556235,NB-SERTRALINE,,,0123417003,N,21-JUL-2025
PROD_104495,104495,02556243,NB-SERTRALINE,,,0123417001,N,21-JUL-2025
PROD_104496,104496,02556251,NB-SERTRALINE,,,0123417002,N,21-JUL-2025
PROD_104500,104500,02556308,OLAY TOTAL EFFECTS ADVANCED,,CAT IV - SUNBURN PROTECTANTS,0451521022,N,15-MAY-2025
PROD_104522,104522,02556537,FILRA,SINGLE-USE PREFILLED SYRINGES,,0123525003,N,10-AUG-2026
PROD_104523,104523,02556545,FILRA,SINGLE-USE PREFILLED SYRINGES,,0123525003,N,10-AUG-2026
PROD_104524,104524,02556553,MILEY 21,,,0224591001,N,03-SEP-2025
PROD_104525,104525,02556561,MILEY 28,,,0224591001,N,03-SEP-2025
PROD_106001,106001,02556618,AURO-ATOVAQUONE,,,0124073001,N,13-MAR-2026
PROD_106003,106003,02556634,REDDY-NILOTINIB,,,0152484002,N,24-JUL-2025
PROD_106004,106004,02556642,REDDY-NILOTINIB,,,0152484001,N,24-JUL-2025
PROD_106007,106007,02556677,CLEAR BODY SUNSCREEN SPRAY,,CAT IV - SUNBURN PROTECTANTS,0466706001,N,19-FEB-2026
PROD_106008,106008,02556685,PEPPERMINT,,CAT IV - SUNBURN PROTECTANTS,0266704001,N,15-SEP-2025
PROD_106010,106010,02556707,NB-AMLODIPINE,,,0122297001,N,06-NOV-2025
PROD_106011,106011,02556715,NB-AMLODIPINE,,,0122297003,N,29-AUG-2025
PROD_106012,106012,02556723,NB-AMLODIPINE,,,0122297002,N,29-AUG-2025
PROD_106017,106017,02556782,PMS-DOLUTEGRAVIR,,,0154870001,N,05-MAY-2026
PROD_106020,106020,02556812,OPFOLDA,,,0150021002,N,16-DEC-2025
PROD_106021,106021,02556820,NB-QUETIAPINE XR,,,0131858006,N,02-APR-2026
PROD_106022,106022,02556839,NB-QUETIAPINE XR,,,0131858004,N,02-APR-2026
PROD_106023,106023,02556847,NB-QUETIAPINE XR,,,0131858003,N,02-APR-2026
PROD_106024,106024,02556855,NB-QUETIAPINE XR,,,0131858005,N,02-APR-2026
PROD_106025,106025,02556863,NB-QUETIAPINE XR,,,0131858007,N,02-APR-2026
PROD_106026,106026,02556871,CALCIUM GLUCONATE IN SODIUM CHLORIDE INJECTION,,,0108566008,N,16-OCT-2025
PROD_106027,106027,02556898,POMBILITI,,,0166744001,N,16-DEC-2025
PROD_106029,106029,02556928,AG-DOXYCYCLINE,,,0105569001,N,27-MAR-2026
PROD_106030,106030,02556936,BRIGHTENING DAILY UV FLUID,,CAT IV - SUNBURN PROTECTANTS,0451521060,N,05-MAR-2026
PROD_106031,106031,02556944,BRIGHTENING DAILY UV FLUID GLOW,,CAT IV - SUNBURN PROTECTANTS,0451521060,N,05-MAR-2026
PROD_106033,106033,02556960,PRO-EDOXABAN,,,0158530002,N,05-AUG-2025
PROD_106034,106034,02556979,PRO-EDOXABAN,,,0158530003,N,05-AUG-2025
PROD_106038,106038,02557010,IQIRVO,,,0166784001,N,24-JUN-2025
PROD_106043,106043,02557061,TEPEZZA,,,0166786001,N,13-FEB-2026
PROD_106046,106046,02557118,EUCERIN TINTED/TEINTE AGE DEFENSE,,CAT IV - SUNBURN PROTECTANTS,0451521014,N,19-JUN-2026
PROD_106047,106047,02557126,MINT-CHLORTHALIDONE,,,0101804004,N,21-MAY-2026
PROD_106048,106048,02557134,MINT-CHLORTHALIDONE,,,0101804003,N,21-MAY-2026
PROD_106049,106049,02557142,MINT-CHLORTHALIDONE,,,0101804002,N,21-MAY-2026
PROD_106052,106052,02557177,LUPIN-TOLVAPTAN,,,0256610004,N,29-JAN-2026
PROD_106053,106053,02557185,LUPIN-TOLVAPTAN,,,0256610005,N,29-JAN-2026
PROD_106054,106054,02557193,LUPIN-TOLVAPTAN,,,0256610002,N,29-JAN-2026
PROD_106055,106055,02557207,LUPIN-TOLVAPTAN,,,0256610003,N,29-JAN-2026
PROD_106056,106056,02557215,LUPIN-TOLVAPTAN,,,0256610001,N,29-JAN-2026
PROD_106060,106060,02557266,BARE MINIMAL INGREDIENTS ITCH CONTROL SERUM,,CAT IV - ANTIDANDRUFF PRODUCTS,0108628003,N,22-JUN-2026
PROD_106062,106062,02557282,JAMP EDOXABAN,,,0158530002,N,05-NOV-2025
PROD_106063,106063,02557290,JAMP EDOXABAN,,,0158530003,N,05-NOV-2025
PROD_106065,106065,02557304,NB-PANTOPRAZOLE,,,0133229001,N,09-OCT-2025
PROD_106066,106066,02557320,OPDIVO SC,SINGLE-USE VIAL,,0157410002,N,21-AUG-2026
PROD_106067,106067,02557339,EUCERIN COMPLETE HYDRATION ULTRA-LIGHT FLUID,,CAT IV - SUNBURN PROTECTANTS,0451521014,N,19-JUN-2026
PROD_106068,106068,02557347,TZIELD,SINGLE-USE VIAL,,0166824001,N,14-AUG-2026
PROD_106069,106069,02557355,ULTRA SHEER FACE STICK,,,0451521048,N,02-MAR-2026
PROD_106070,106070,02557363,PMS-IVERMECTIN,,,0124785002,N,31-AUG-2026
PROD_106072,106072,02557398,FACE SPF 50+ SUNSCREEN LOTION,,,0451521043,N,21-JAN-2026
PROD_106074,106074,02557428,SUPRA SCREEN,,CAT IV - SUNBURN PROTECTANTS,0451521060,N,05-NOV-2025
PROD_106078,106078,02557460,EXTRA-FIRMING SPF 15,,CAT IV - SUNBURN PROTECTANTS,0451521133,N,17-AUG-2026
PROD_106079,106079,02557479,FACIAL MOISTURIZING LOTION SPF 50,,CAT IV - SUNBURN PROTECTANTS,0458790009,N,19-JAN-2026
PROD_106082,106082,02557509,ZEPBOUND,MULTIDOSE PREFILLED PEN,,0164301007,N,06-AUG-2026
PROD_106083,106083,02557517,ZEPBOUND,MULTIDOSE PREFILLED PEN,,0164301009,N,06-AUG-2026
PROD_106084,106084,02557525,ZEPBOUND,MULTIDOSE PREFILLED PEN,,0164301008,N,06-AUG-2026
PROD_106085,106085,02557533,ZEPBOUND,MULTIDOSE PREFILLED PEN,,0164301010,N,06-AUG-2026
PROD_106086,106086,02557541,ZEPBOUND,MULTIDOSE PREFILLED PEN,,0164301004,N,06-AUG-2026
PROD_106087,106087,02557568,ZEPBOUND,MULTIDOSE PREFILLED PEN,,0164301005,N,06-AUG-2026
PROD_106088,106088,02557576,SPF 50+ SUNSCREEN LOTION,,,0451521043,N,22-JAN-2026
PROD_106089,106089,02557584,SPF 50+ SUNSCREEN SPRAY,,CAT IV - SUNBURN PROTECTANTS,0451521141,N,10-FEB-2026
PROD_106094,106094,02557630,PHOTO FINISH INVISIBLE SPF 45,,CAT IV - SUNBURN PROTECTANTS,0451521140,N,01-MAY-2026
PROD_106095,106095,02557649,DEXRAZOXANE FOR INJECTION,,,0152586001,N,05-JUN-2026
PROD_106096,106096,02557657,FACE SPF 50+ SUNSCREEN MIST,,CAT IV - SUNBURN PROTECTANTS,0451521142,N,10-FEB-2026
PROD_106098,106098,02557673,RIVA-ESOMEPRAZOLE,,,0145162001,N,23-DEC-2025
PROD_106099,106099,02557681,RIVA-ESOMEPRAZOLE,,,0145162002,N,23-DEC-2025
PROD_106101,106101,02557711,AG-SITAGLIPTIN HYDROCHLORIDE / METFORMIN,,,0252656001,N,05-NOV-2025
PROD_106102,106102,02557738,AG-SITAGLIPTIN HYDROCHLORIDE / METFORMIN,,,0252656002,N,05-NOV-2025
PROD_106103,106103,02557746,AG-SITAGLIPTIN HYDROCHLORIDE / METFORMIN,,,0252656003,N,05-NOV-2025
PROD_106107,106107,02557770,SPIKEVAX,SINGLE-DOSE PREFILLED SYRINGE,,0166225001,N,10-AUG-2026
PROD_106108,106108,02557789,JAMP PHENOBARBITAL,,,0105950003,N,21-APR-2026
PROD_106109,106109,02557797,JAMP PHENOBARBITAL,,,0105950005,N,21-APR-2026
PROD_106110,106110,02557800,JAMP PHENOBARBITAL,,,0105950004,N,21-APR-2026
PROD_106111,106111,02557819,JAMP PHENOBARBITAL,,,0105950002,N,21-APR-2026
PROD_106112,106112,02557827,UV SOLUTIONS HYDRATING,,CAT IV - SUNBURN PROTECTANTS,0451521140,N,02-MAR-2026
PROD_106116,106116,02557878,JAMP CLINDAMYCIN CAPSULES,,,0105830002,N,07-AUG-2026
PROD_106117,106117,02557886,JAMP CLINDAMYCIN CAPSULES,,,0105830003,N,07-AUG-2026
PROD_106128,106128,02557991,UV SOLUTIONS MATTIFYING,,CAT IV - SUNBURN PROTECTANTS,0451521140,N,27-FEB-2026
PROD_106135,106135,02558068,LIP BALM WITH SPF 50+,,CAT IV - SUNBURN PROTECTANTS,0352510004,N,10-FEB-2026
PROD_106136,106136,02558076,ULTRA SHEER DRY-TOUCH SUNSCREEN SPF 100,,CAT IV - SUNBURN PROTECTANTS,0451521048,N,30-JAN-2026
PROD_106137,106137,02558084,JAMP PRAVASTATIN TABLETS,,,0122563001,N,18-JUN-2026
PROD_106138,106138,02558092,JAMP PRAVASTATIN TABLETS,,,0122563002,N,18-JUN-2026
PROD_106139,106139,02558106,JAMP PRAVASTATIN TABLETS,,,0122563003,N,18-JUN-2026
PROD_106141,106141,02558122,ULTRA SHEER INVISIBLE GEL FACE SUNSCREEN,,CAT IV - SUNBURN PROTECTANTS,0451521048,N,03-MAR-2026
PROD_106142,106142,02558130,NB-VALACYCLOVIR,,,0128626001,N,05-NOV-2025
PROD_106144,106144,02558157,NAT-SITAGLIPTIN,,,0152414002,N,20-JUL-2026
PROD_106145,106145,02558165,NAT-SITAGLIPTIN,,,0152414003,N,20-JUL-2026
PROD_106149,106149,02558203,CLINIQUE FOR MEN DAILY HYDRATOR SPF 50,,CAT IV - SUNBURN PROTECTANTS,0451521138,N,01-MAY-2026
PROD_106150,106150,02558211,ULTRA SUN PROTECTOR CLEAR STICK,,CAT IV - SUNBURN PROTECTANTS,0451521143,N,23-FEB-2026
PROD_106151,106151,02558238,YESAFILI,SINGLE-USE PREFILLED SYRINGE,,0154950001,N,10-AUG-2026
PROD_106161,106161,02558351,VANFLYTA,,,0167729001,N,22-APR-2026
PROD_106162,106162,02558378,VANFLYTA,,,0167729002,N,22-APR-2026
PROD_106164,106164,02558394,FACE SUNSCREEN STICK,,CAT IV - SUNBURN PROTECTANTS,0451521063,N,03-FEB-2026
PROD_106166,106166,02558416,MINT-LEVETIRACETAM SOLUTION,,,0148843005,N,16-SEP-2025
PROD_106167,106167,02558424,REDDY-ENZALUTAMIDE,,,0154350001,N,22-APR-2026
PROD_106168,106168,02558432,THE MILKY SUNSCREEN,,CAT IV - SUNBURN PROTECTANTS,0350284019,N,06-MAR-2026
PROD_106175,106175,02558505,NRA-DOXYCYCLINE,,,0105569001,N,05-JAN-2026
PROD_106179,106179,02558556,NB-BISOPROLOL TABLETS,,,0122418001,N,25-MAY-2026
PROD_106180,106180,02558564,NB-BISOPROLOL TABLETS,,,0122418002,N,25-MAY-2026
PROD_106181,106181,02558572,TYLENOL DUAL ACTION ACETAMINOPHEN + IBUPROFEN,,,0261410002,N,02-APR-2026
PROD_106186,106186,02558629,YOUTHSCREEN,,,0350284016,N,05-NOV-2025
PROD_106200,106200,02558785,METFORMIN ER,,,0101773001,N,27-APR-2026
PROD_106201,106201,02558793,METFORMIN ER,,,0101773003,N,27-APR-2026
PROD_106206,106206,02558858,JAMP VALACYCLOVIR,,,0128626003,N,06-AUG-2026
PROD_106211,106211,02558904,ILUMYA,SINGLE-DOSE PREFILLED PEN,,0162907001,N,12-AUG-2026
PROD_106212,106212,02558912,ISTURISA,,,0167509003,N,19-JAN-2026
PROD_106213,106213,02558920,ISTURISA,,,0167509001,N,19-JAN-2026
PROD_106214,106214,02558939,ISTURISA,,,0167509002,N,17-APR-2026
PROD_106218,106218,02558971,FULVESTRANT INJECTION,SINGLE-USE PREFILLED SYRINGE,,0149744001,N,11-AUG-2026
PROD_106220,106220,02559005,PRUCALOPRIDE,,,0153049001,N,15-JUN-2026
PROD_106221,106221,02559013,PRUCALOPRIDE,,,0153049002,N,15-JUN-2026
PROD_106227,106227,02559080,MAR-DOXEPIN,,,0107703006,N,05-NOV-2025
PROD_106228,106228,02559099,MAR-DOXEPIN,,,0107703001,N,05-NOV-2025
PROD_106229,106229,02559102,MAR-DOXEPIN,,,0107703002,N,05-NOV-2025
PROD_106230,106230,02559110,MAR-DOXEPIN,,,0107703003,N,05-NOV-2025
PROD_106231,106231,02559129,MAR-DOXEPIN,,,0107703005,N,05-NOV-2025
PROD_106233,106233,02559145,TREMFYA,SINGLE-USE PREFILLED PEN,,0159710001,N,17-AUG-2026
PROD_106234,106234,02559153,TREMFYA I.V.,SINGLE-USE VIAL,,0159710002,N,17-AUG-2026
PROD_106238,106238,02559218,OMVOH,SINGLE-USE PREFILLED PEN,,0164841001,N,14-AUG-2026
PROD_106239,106239,02559226,OMVOH,SINGLE-USE PREFILLED SYRINGE,,0164841003,N,04-AUG-2026
PROD_106240,106240,02559234,OMVOH,SINGLE-USE PREFILLED SYRINGES,,0267731001,N,05-AUG-2026
PROD_106241,106241,02559242,OMVOH,SINGLE-USE PREFILLED PENS,,0267731001,N,14-AUG-2026
PROD_106242,106242,02559250,JAMP DOXEPIN,,,0107703006,N,25-MAY-2026
PROD_106243,106243,02559269,JAMP DOXEPIN,,,0107703001,N,25-MAY-2026
PROD_106244,106244,02559277,JAMP DOXEPIN,,,0107703002,N,25-MAY-2026
PROD_106245,106245,02559285,JAMP DOXEPIN,,,0107703003,N,25-MAY-2026
PROD_106246,106246,02559293,JAMP DOXEPIN,,,0107703005,N,25-MAY-2026
PROD_106248,106248,02559315,MULTI-INTENSIVE DAY SPF 15,,CAT IV - SUNBURN PROTECTANTS,0451521056,N,04-MAR-2026
PROD_106249,106249,02559323,LUPIN-LETERMOVIR,,,0159630002,N,25-JUN-2026
PROD_106250,106250,02559331,LUPIN-LETERMOVIR,,,0159630003,N,25-JUN-2026
PROD_106252,106252,02559366,NIGHTTIME COLD AND FLU RELIEF,,,0351552006,N,30-MAR-2026
PROD_106271,106271,02559579,BUCCOLAM,SINGLE-USE PREFILLED SYRINGE,,0119935001,N,06-AUG-2026
PROD_106272,106272,02559587,BUCCOLAM,SINGLE-USE PREFILLED SYRINGE,,0119935001,N,06-AUG-2026
PROD_106273,106273,02559595,BUCCOLAM,SINGLE-USE PREFILLED SYRINGE,,0119935001,N,06-AUG-2026
PROD_106274,106274,02559609,BUCCOLAM,SINGLE-USE PREFILLED SYRINGE,,0119935001,N,06-AUG-2026
PROD_106275,106275,02559617,BLENREP,SINGLE-USE VIAL ,,0167737002,N,13-AUG-2026
PROD_106276,106276,02559625,BLENREP,SINGLE-USE VIAL ,,0167737001,N,13-AUG-2026
PROD_106280,106280,02559676,ALYFTREK,,,0367204001,N,31-OCT-2025
PROD_106281,106281,02559684,ALYFTREK,,,0367204002,N,31-OCT-2025
PROD_106283,106283,02559706,ZZZQUIL NIGHTTIME SLEEP AID,,,0102639008,N,26-JUN-2026
PROD_106284,106284,02559714,LYNKUET,,,0167205001,N,02-SEP-2026
PROD_106285,106285,02559722,KADIAN,,,0104545013,N,21-AUG-2026
PROD_106288,106288,02559757,BANANA BOAT KIDS SMARTMIST SUNSCREEN SPRAY,,CAT IV - SUNBURN PROTECTANTS,0451521088,N,05-DEC-2025
PROD_106290,106290,02559773,ANDEMBRY,SINGLE-USE PREFILLED PEN,,0167510001,N,06-AUG-2026
PROD_106292,106292,02559803,DYANAVEL XR,,,0167511003,N,22-MAY-2026
PROD_106293,106293,02559811,DYANAVEL XR,,,0167511004,N,22-MAY-2026
PROD_106294,106294,02559838,DYANAVEL XR,,,0167511002,N,22-MAY-2026
PROD_106295,106295,02559846,DYANAVEL XR,,,0167511005,N,22-MAY-2026
PROD_106296,106296,02559854,RIVA-TELMISARTAN/AMLODIPINE,,,0252947001,N,21-NOV-2025
PROD_106297,106297,02559862,RIVA-TELMISARTAN/AMLODIPINE,,,0252947002,N,31-OCT-2025
PROD_106298,106298,02559870,RIVA-TELMISARTAN/AMLODIPINE,,,0252947003,N,31-OCT-2025
PROD_106299,106299,02559889,RIVA-TELMISARTAN/AMLODIPINE,,,0252947004,N,31-OCT-2025
PROD_106300,106300,02559897,ZDS-VARENICLINE,,,0152190001,N,16-JUL-2026
PROD_106301,106301,02559900,ZDS-VARENICLINE,,,0152190002,N,16-JUL-2026
PROD_106310,106310,02560003,MULTI-DEFENSE REPLENISHING LOTION SPF 45,,CAT IV - SUNBURN PROTECTANTS,0442021010,N,12-DEC-2025
PROD_106312,106312,02560038,REDDY-BOSUTINIB,,,0155230001,N,16-SEP-2025
PROD_106313,106313,02560046,REDDY-BOSUTINIB,,,0155230002,N,16-SEP-2025
PROD_106314,106314,02560054,MULTI-DEFENSE REPLENISHING CREAM SPF 45,,CAT IV - SUNBURN PROTECTANTS,0442021010,N,12-DEC-2025
PROD_106316,106316,02560070,NB-IRBESARTAN,,,0131700001,N,11-MAY-2026
PROD_106317,106317,02560089,NB-IRBESARTAN,,,0131700002,N,11-MAY-2026
PROD_106318,106318,02560097,NB-IRBESARTAN,,,0131700003,N,11-MAY-2026
PROD_106319,106319,02560100,"SODIUM CHLORIDE INJECTION USP, 0.9% W/V ",,,0100053002,N,05-JUN-2026
PROD_106320,106320,02560119,RIVA-RUPATADINE,,,0158310002,N,06-NOV-2025
PROD_106324,106324,02560151,SULWHASOO PERFECTING CUSHION BROAD SPECTRUM SPF 46,,CAT IV - SUNBURN PROTECTANTS,0354190002,N,08-APR-2026
PROD_106325,106325,02560178,HEPCLUDEX,SINGLE-DOSE VIAL,,0167264001,N,10-AUG-2026
PROD_106329,106329,02560216,CYCLOPHOSPHAMIDE FOR INJECTION USP,"PRESERVATIVE-FREE, SINGLE-USE VIAL",,0107630007,N,20-AUG-2026
PROD_106330,106330,02560224,CYCLOPHOSPHAMIDE FOR INJECTION USP,"PRESERVATIVE-FREE, SINGLE-USE VIAL",,0107630004,N,20-AUG-2026
PROD_106332,106332,02560240,OCTREOTIDE INJECTION,"PRESERVATIVE-FREE, SINGLE-DOSE VIAL",,0121548001,N,10-AUG-2026
PROD_106336,106336,02560283,OCTREOTIDE INJECTION,"CONTAINS PRESERVATIVE, MULTIDOSE VIAL",,0121548003,N,14-AUG-2026
PROD_106337,106337,02560291,OCTREOTIDE INJECTION,"PRESERVATIVE-FREE, SINGLE-DOSE VIAL",,0121548002,N,10-AUG-2026
PROD_106342,106342,02560356,AURO-RIVAROXABAN,,,0152487001,N,24-AUG-2026
PROD_106343,106343,02560364,AURO-RIVAROXABAN,,,0152487002,N,24-AUG-2026
PROD_106345,106345,02560380,ADVIL MIGRAINE & HEADACHE,,,0108883002,N,02-APR-2026
PROD_106351,106351,02560445,SITAGLIPTIN/METFORMIN,,,0252656001,N,23-MAR-2026
PROD_106352,106352,02560453,SITAGLIPTIN/METFORMIN,,,0252656002,N,23-MAR-2026
PROD_106353,106353,02560461,SITAGLIPTIN/METFORMIN,,,0252656003,N,23-MAR-2026
PROD_106361,106361,02560569,FEMYSO,,,0257170002,N,12-FEB-2026
PROD_106363,106363,02560585,TREOSULFAN FOR INJECTION,,,0163010003,N,26-NOV-2025
PROD_106364,106364,02560593,JAMP OXCARBAZEPINE,,,0140461001,N,27-JUL-2026
PROD_106365,106365,02560607,JAMP OXCARBAZEPINE,,,0140461002,N,27-JUL-2026
PROD_106366,106366,02560615,JAMP OXCARBAZEPINE,,,0140461003,N,27-JUL-2026
PROD_106368,106368,02560631,RIVA-DICLOFENAC,,,0122516001,N,09-JUN-2026
PROD_106374,106374,02560704,ANZUPGO,,,0167733001,N,06-NOV-2025
PROD_106376,106376,02560720,EPSOLAY,,,0107205001,N,13-APR-2026
PROD_106377,106377,02560739,FIT,,,0120274001,N,07-JUL-2026
PROD_106378,106378,02560747,EVRYSDI,,,0162847002,N,21-MAY-2026
PROD_106381,106381,02560771,ELAHERE,SINGLE-USE VIAL,,0167344001,N,07-AUG-2026
PROD_106382,106382,02560798,SLENYTO,,,0119631004,N,27-JUL-2026
PROD_106383,106383,02560801,SLENYTO,,,0119631003,N,27-JUL-2026
PROD_106391,106391,02560895,OSENVELT,SINGLE-USE VIAL,,0152691002,N,07-AUG-2026
PROD_106393,106393,02560917,STOBOCLO,SINGLE-USE PREFILLED SYRINGE,,0152691001,N,06-AUG-2026
PROD_106397,106397,02560968,SEQUIN SUPREME GLOW-BOOSTING FACIAL SCREEN,,CAT IV - SUNBURN PROTECTANTS,0451521125,N,22-JUN-2026
PROD_106400,106400,02560992,ICY HOT WITH LIDOCAINE NO MESS ROLL ON PAIN RELIEF,,LS - TOPICAL - ANAESTHETIC/ANALGESIC/ANTIPRURITIC,0101280002,N,17-JUN-2026
PROD_106401,106401,02561018,OMLYCLO,SINGLE-USE PREFILLED PEN,,0150422001,N,06-AUG-2026
PROD_106402,106402,02561026,OMLYCLO,SINGLE-USE PREFILLED PEN,,0150422001,N,06-AUG-2026
PROD_106406,106406,02561069,OPSUMIT,,,0154931002,N,06-MAR-2026
PROD_106417,106417,02561182,ATHLETE'S FOOT CREAM,,CAT IV - ATHLETES FOOT TREATMENTS,0102537001,N,04-JUL-2026
PROD_106419,106419,02561204,AGE CONTROL SUPREME SUBLIME ADVANCED CRÈME DE JOUR FPS 30 DAY CREAM SPF 30,,CAT IV - SUNBURN PROTECTANTS,0451521105,N,22-JAN-2026
PROD_106422,106422,02561239,NB-LANSOPRAZOLE,,,0127666002,N,12-AUG-2026
PROD_106423,106423,02561247,NB-LANSOPRAZOLE,,,0127666001,N,12-AUG-2026
PROD_106427,106427,02561298,ZDS-LIOTHYRONINE,,,0102421001,N,16-JUL-2026
PROD_106428,106428,02561301,ZDS-LIOTHYRONINE,,,0102421002,N,16-JUL-2026
PROD_106429,106429,02561328,DAPAGLIFLOZIN,,,0156370001,N,14-MAY-2026
PROD_106430,106430,02561336,DAPAGLIFLOZIN,,,0156370002,N,14-MAY-2026
PROD_106431,106431,02561344,THERABREATH DEEP CLEAN ANTISEPTIC ORAL RINSE,,,0106834010,N,26-AUG-2026
PROD_106438,106438,02561417,NRA-AMOXICILLIN,,,0131314006,N,16-JUL-2026
PROD_106441,106441,02561441,DOXYCYCLINE FOR INJECTION USP,SINGLE-USE VIAL,,0105569001,N,12-AUG-2026
PROD_106443,106443,02561476,RECOMBIVAX HB,SINGLE-USE PREFILLED SYRINGE,,0119570001,N,14-MAY-2026
PROD_106444,106444,02561484,RECOMBIVAX HB,SINGLE-USE PREFILLED SYRINGE,,0119570001,N,14-MAY-2026
PROD_106445,106445,02561492,LYVDELZI,,,0167734001,N,18-DEC-2025
PROD_106446,106446,02561506,AGAMREE,,,0167735001,N,29-APR-2026
PROD_106451,106451,02561557,ARGATROBAN FOR INJECTION,SINGLE-USE VIAL,,0143781001,N,07-AUG-2026
PROD_106452,106452,02561565,PMS-BILASTINE,,,0158051001,N,05-MAY-2026
PROD_106453,106453,02561573,DORZOLAMIDE,,,0128558001,N,08-JUL-2026
PROD_106455,106455,02561603,HYDROMORPHONE HYDROCHLORIDE INJECTION USP,0.2 MG/ML SINGLE-USE,,0108698021,N,19-AUG-2026
PROD_106468,106468,02561743,EXTRA STRENGTH TYLENOL COUGH & SORE THROAT DAYTIME,,,0212074002,N,27-JUL-2026
PROD_106469,106469,02561751,EXTRA STRENGTH TYLENOL COUGH & SORE THROAT NIGHTTIME,,,0318085003,N,27-JUL-2026
PROD_106475,106475,02561824,SEPHIENCE,,,0167513002,N,24-JUN-2026
PROD_106476,106476,02561832,SEPHIENCE,,,0167513001,N,24-JUN-2026
PROD_106478,106478,02561859,NB-RISEDRONATE,,,0135301003,N,25-MAY-2026
PROD_106479,106479,02561867,EXTRA STRENGTH TYLENOL COUGH & SORE THROAT,,,0567529001,N,27-JUL-2026
PROD_106483,106483,02561905,NRA-DOMPERIDONE,,,0116957001,N,27-APR-2026
PROD_106485,106485,02561921,WAYMADE-MARAVIROC,,,0152296001,N,14-MAY-2026
PROD_106486,106486,02561948,WAYMADE-MARAVIROC,,,0152296002,N,14-MAY-2026
PROD_106487,106487,02561956,PMS-METHOTREXATE TABLETS,,,0107545004,N,05-DEC-2025
PROD_106490,106490,02561980,ARTICAINE HYDROCHLORIDE AND EPINEPHRINE INJECTION - N,,,0226661002,N,16-JUL-2026
PROD_106491,106491,02561999,ARTICAINE HYDROCHLORIDE AND EPINEPHRINE INJECTION - SP,,,0226661001,N,16-JUL-2026
PROD_106492,106492,02562006,JAYPIRCA,,,0167569002,N,23-DEC-2025
PROD_106493,106493,02562014,JAYPIRCA,,,0167569001,N,23-DEC-2025
PROD_106494,106494,02562022,AVTOZMA,SINGLE-USE VIAL,,0152713001,N,07-AUG-2026
PROD_106495,106495,02562030,AVTOZMA,SINGLE-USE VIAL,,0152713001,N,07-AUG-2026
PROD_106496,106496,02562049,AVTOZMA,SINGLE-USE VIAL,,0152713001,N,07-AUG-2026
PROD_106497,106497,02562057,AVTOZMA,SINGLE-USE PREFILLED SYRINGE,,0152713002,N,06-AUG-2026
PROD_106498,106498,02562065,AVTOZMA,SINGLE-USE PREFILLED AUTO-INJECTOR,,0152713002,N,14-AUG-2026
PROD_106500,106500,02562081,YESINTEK,PREFILLED SYRINGE,,0152506001,N,05-AUG-2026
PROD_106501,106501,02562103,YESINTEK,PREFILLED SYRINGE,,0152506001,N,05-AUG-2026
PROD_106502,106502,02562111,YESINTEK I.V.,VIAL,,0152506002,N,05-AUG-2026
PROD_106503,106503,02562138,DORZOLAMIDE-TIMOLOL,,,0237301001,N,30-JUN-2026
PROD_106504,106504,02562146,"MUCINEX ALL IN ONE COLD, FLU & FEVER",,LS - COUGH AND COLD,0212074012,N,18-AUG-2026
PROD_106505,106505,02562154,GALANTAMINE ER,,,0144660002,N,20-JUL-2026
PROD_106506,106506,02562162,GALANTAMINE ER,,,0144660004,N,20-JUL-2026
PROD_106507,106507,02562170,GALANTAMINE ER,,,0144660005,N,20-JUL-2026
PROD_106508,106508,02562189,MUCINEX CONGESTION & FEVER,,LS - COUGH AND COLD,0267589001,N,19-AUG-2026
PROD_106511,106511,02562219,LOQTORZI,SINGLE-USE VIAL,,0167738001,N,07-AUG-2026
PROD_106513,106513,02562235,MAGNESIUM SULFATE INJECTION USP,,,0105356002,N,22-APR-2026
PROD_106517,106517,02562286,AG-PRAVASTATIN TABLETS,,,0122563001,N,25-JUN-2026
PROD_106518,106518,02562294,AG-PRAVASTATIN TABLETS,,,0122563002,N,25-JUN-2026
PROD_106519,106519,02562308,AG-PRAVASTATIN TABLETS,,,0122563003,N,25-JUN-2026
PROD_106520,106520,02562316,BRIMONIDINE,,,0131859001,N,03-JUL-2026
PROD_106522,106522,02562332,RIVA-FAMOTIDINE,,,0118722001,N,08-JUL-2026
PROD_106523,106523,02562340,RIVA-FAMOTIDINE,,,0118722002,N,08-JUL-2026
PROD_106524,106524,02562359,HYDRO SUN,,CAT IV - SUNBURN PROTECTANTS,0451521063,N,16-JUN-2026
PROD_106525,106525,02562367,ZDS-MESALAMINE SUPPOSITORIES,,,0116808009,N,18-MAR-2026
PROD_106527,106527,02562383,LEQEMBI,SINGLE-USE VIAL,,0167649001,N,07-AUG-2026
PROD_106531,106531,02562421,ULTRA HYDRATING SUNSCREEN,,CAT IV - SUNBURN PROTECTANTS,0667689001,N,15-JAN-2026
PROD_106532,106532,02562448,MAR-RANOLAZINE XR,,,0162681001,N,06-MAY-2026
PROD_106534,106534,02562464,APO-DASATINIB TABLETS,,,0152198001,N,19-AUG-2026
PROD_106535,106535,02562472,APO-DASATINIB TABLETS,,,0152198002,N,19-AUG-2026
PROD_106536,106536,02562480,APO-DASATINIB TABLETS,,,0152198003,N,19-AUG-2026
PROD_106537,106537,02562499,APO-DASATINIB TABLETS,,,0152198005,N,19-AUG-2026
PROD_106538,106538,02562502,APO-DASATINIB TABLETS,,,0152198004,N,19-AUG-2026
PROD_106539,106539,02562510,ENZEEVU,SINGLE-USE PREFILLED SYRINGE,,0154950001,N,06-AUG-2026
PROD_106544,106544,02562561,PRZ-ISMN,,,0120456002,N,26-AUG-2026
PROD_106546,106546,02562596,PRO-CEPHALEXIN,,,0105911002,N,24-FEB-2026
PROD_106549,106549,02562634,VYVGART SC,SINGLE-USE PREFILLED SYRINGE,,0165001002,N,12-AUG-2026
PROD_106553,106553,02562677,APO-ENZALUTAMIDE,,,0154350001,N,17-APR-2026
PROD_106563,106563,02562782,NILEMDO,,,0167740001,N,10-FEB-2026
PROD_106565,106565,02562804,TNKASE,SINGLE-USE VIAL,,0145681002,N,19-AUG-2026
PROD_106570,106570,02562855,LUPRON DEPOT,SINGLE-DOSE PREFILLED SYRINGE,,0116959012,N,10-AUG-2026
PROD_106571,106571,02562863,ROSUVASTATIN,,,0148963004,N,24-JUL-2026
PROD_106572,106572,02562871,ROSUVASTATIN,,,0148963001,N,24-JUL-2026
PROD_106573,106573,02562898,ROSUVASTATIN,,,0148963002,N,24-JUL-2026
PROD_106574,106574,02562901,ROSUVASTATIN,,,0148963003,N,24-JUL-2026
PROD_106579,106579,02562960,ROUND LAB BIRCH MOISTURIZING SUNSCREEN,,CAT IV - SUNBURN PROTECTANTS,0350284020,N,18-AUG-2026
PROD_106584,106584,02563010,WYNZORA,,,0252270003,N,07-AUG-2026
PROD_106585,106585,02563029,MENVEO,SINGLE-USE VIAL,,0467793001,N,07-AUG-2026
PROD_106586,106586,02563037,EYDENZELT,SINGLE-USE VIAL,,0154950001,N,07-AUG-2026
PROD_106587,106587,02563045,EYDENZELT,SINGLE-USE PREFILLED SYRINGE,,0154950001,N,19-AUG-2026
PROD_106599,106599,02563185,SANDOZ GUANFACINE XR,,,0154470001,N,04-MAY-2026
PROD_106600,106600,02563193,SANDOZ GUANFACINE XR,,,0154470002,N,04-MAY-2026
PROD_106601,106601,02563207,SANDOZ GUANFACINE XR,,,0154470003,N,04-MAY-2026
PROD_106602,106602,02563215,SANDOZ GUANFACINE XR,,,0154470004,N,04-MAY-2026
PROD_106606,106606,02563266,CISATRACURIUM BESYLATE INJECTION USP MULTI-DOSE,MULTIDOSE VIAL,,0133260001,N,30-JUL-2026
PROD_106609,106609,02563290,JAMP DICLOFENAC FOR SOLUTION,,,0122516001,N,01-JUN-2026
PROD_106622,106622,02563444,HYRNUO,,,0167853001,N,21-MAY-2026
PROD_106627,106627,02563495,SEPTRA PEDIATRIC ORAL SUSPENSION,,,0208901002,N,13-AUG-2026
PROD_106628,106628,02563509,IMAAVY,SINGLE-USE VIAL,,0167913001,N,07-AUG-2026
PROD_106629,106629,02563517,IMAAVY,SINGLE-USE VIAL,,0167913001,N,07-AUG-2026
PROD_106630,106630,02563525,ZURZUVAE,,,0167933001,N,24-JUL-2026
PROD_106631,106631,02563533,ZURZUVAE,,,0167933002,N,24-JUL-2026
PROD_106633,106633,02563568,ELFABRIO,SINGLE-USE VIAL,,0167934001,N,07-AUG-2026
PROD_106634,106634,02563576,ELFABRIO,SINGLE-USE VIAL,,0167934001,N,07-AUG-2026
PROD_106636,106636,02563592,SULWHASOO UV WISE ON-THE-GO SUN CUSHION,,CAT IV - SUNBURN PROTECTANTS,0435800007,N,27-JUL-2026
PROD_106637,106637,02563606,SINEX CONGESTION MOISTURIZING,,LS - TOPICAL NASAL DECONGESTANTS,0101481001,N,31-AUG-2026
PROD_106638,106638,02563614,SINEX CONGESTION ULTRA FINE MIST,,LS - TOPICAL NASAL DECONGESTANTS,0101481001,N,31-AUG-2026
PROD_106644,106644,02563673,NEMLUVIO,SINGLE-USE PREFILLED DUAL CHAMBER PEN,,0167953001,N,26-AUG-2026
PROD_106652,106652,02563770,JATENZO,,,0120414002,N,11-MAY-2026
PROD_106653,106653,02563789,JATENZO,,,0120414004,N,11-MAY-2026
PROD_106654,106654,02563797,JATENZO,,,0120414005,N,11-MAY-2026
PROD_106658,106658,02563835,SEUL KARE ULTRA SOOTHING SUNSCREEN,,CAT IV - SUNBURN PROTECTANTS,0667689001,N,05-AUG-2026
PROD_106662,106662,02563886,TRYNGOLZA,SINGLE-DOSE AUTO-INJECTOR,,0167973001,N,17-AUG-2026
PROD_106665,106665,02563916,VYLOY,SINGLE-USE VIAL,,0166364002,N,12-AUG-2026
PROD_106674,106674,02564009,TEVIMBRA,SINGLE-USE VIAL,,0167975001,N,07-AUG-2026
PROD_106675,106675,02564017,DAILY UV DEFENSE SUNSCREEN LOTION,,CAT IV - SUNBURN PROTECTANTS,0350284021,N,15-JUL-2026
PROD_106682,106682,02564092,SHEAMOISTURE SINCE 1912 DANDRUFF & ITCH RELIEF,,CAT IV - ANTIDANDRUFF PRODUCTS,0108628001,N,14-JUL-2026
PROD_106696,106696,02564254,BUCKLEY'S COUGH AND MUCUS RELIEF EXTRA STRENGTH,,,0350662004,N,07-AUG-2026
PROD_106703,106703,02564327,REDEMPLO,SINGLE-USE PREFILLED SYRINGE,,0168013001,N,12-AUG-2026
PROD_106710,106710,02564408,EVERYDAY CLEAN 2 IN 1 DANDRUFF SHAMPOO PLUS CONDITIONER,,CAT IV - ANTIDANDRUFF PRODUCTS,0108628001,N,26-AUG-2026
PROD_106711,106711,02564416,EVERYDAY CLEAN DANDRUFF SHAMPOO,,CAT IV - ANTIDANDRUFF PRODUCTS,0108628001,N,26-AUG-2026
PROD_106712,106712,02564424,AMB-CYPROTERONE ACETATE / ETHINYL ESTRADIOL,,,0232337001,N,23-MAR-2026
PROD_106713,106713,02564432,PMS-SACUBITRIL-VALSARTAN,,,0257451001,N,28-JAN-2026
PROD_106714,106714,02564440,PMS-SACUBITRIL-VALSARTAN,,,0257451002,N,28-JAN-2026
PROD_106715,106715,02564459,PMS-SACUBITRIL-VALSARTAN,,,0257451003,N,28-JAN-2026
PROD_106717,106717,02564475,TARO-DICLOFENAC POTASSIUM POWDER FOR ORAL SOLUTION,,,0122516001,N,11-JUN-2026
PROD_106718,106718,02564483,TAKHZYRO,2 ML PREFILLED PEN,,0160670001,N,30-JUL-2026
PROD_106722,106722,02564521,APO-NAPROXEN / ESOMEPRAZOLE,,,0252870001,N,23-JUL-2026
PROD_106723,106723,02564548,APO-NAPROXEN / ESOMEPRAZOLE,,,0252870002,N,23-JUL-2026
PROD_106724,106724,02564556,APO-CANAGLIFLOZIN,,,0155670001,N,29-MAY-2026
PROD_106725,106725,02564564,APO-CANAGLIFLOZIN,,,0155670002,N,29-MAY-2026
PROD_106728,106728,02564599,CREST PRO-HEALTH COMPLETE CLEAN,,,0106834010,N,14-MAY-2026
PROD_106734,106734,02564653,VOXZOGO,,,0168055001,N,30-JUL-2026
PROD_106735,106735,02564661,VOXZOGO,,,0168055003,N,30-JUL-2026
PROD_106736,106736,02564688,VOXZOGO,,,0168055002,N,30-JUL-2026
PROD_106761,106761,02564955,AURO-MIRABEGRON,,,0154130002,N,23-JUN-2026
PROD_106762,106762,02564963,APO-MIRABEGRON,,,0154130001,N,02-APR-2026
PROD_106763,106763,02564971,APO-MIRABEGRON,,,0154130002,N,02-APR-2026
PROD_106768,106768,02565048,NUMBUZIN 9 NAD PEPTIDES GLOW SUNSCREEN,,CAT IV - SUNBURN PROTECTANTS,0451521026,N,19-AUG-2026
PROD_106769,106769,02565056,RIVA-LACOSAMIDE,,,0152810001,N,05-MAY-2026
PROD_106770,106770,02565064,RIVA-LACOSAMIDE,,,0152810002,N,05-MAY-2026
PROD_106771,106771,02565072,RIVA-LACOSAMIDE,,,0152810003,N,05-MAY-2026
PROD_106772,106772,02565080,RIVA-LACOSAMIDE,,,0152810004,N,05-MAY-2026
PROD_106780,106780,02565161,YORVIPATH,"DISPENSES 15 MCG, 18 MCG, OR 21 MCG DOSES. PREFILLED PEN",,0168093001,N,14-AUG-2026
PROD_106781,106781,02565188,YORVIPATH,"DISPENSES 24 MCG, 27MCG, OR 30 MCG DOSES. PREFILLED PEN",,0168093001,N,14-AUG-2026
PROD_106784,106784,02565226,LUNSUMIO,SINGLE-USE VIAL,,0168095001,N,02-SEP-2026
PROD_106785,106785,02565234,LIVMARLI,,,0164842001,N,05-AUG-2026
PROD_106786,106786,02565242,LIVMARLI,,,0164842005,N,05-AUG-2026
PROD_106787,106787,02565250,LIVMARLI,,,0164842002,N,05-AUG-2026
PROD_106788,106788,02565269,LIVMARLI,,,0164842004,N,05-AUG-2026
PROD_106789,106789,02565277,LIVMARLI,,,0164842003,N,05-AUG-2026
PROD_106794,106794,02565323,RECARBRIO,SINGLE-USE VIAL,,0368096001,N,07-AUG-2026
PROD_106799,106799,02565382,KEYTRUDA SC,SINGLE-USE VIAL,,0156910004,N,20-AUG-2026
PROD_106801,106801,02565404,AMB-SOTALOL,,,0113778002,N,25-MAY-2026
PROD_106802,106802,02565412,AMB-SOTALOL,,,0113778001,N,25-MAY-2026
PROD_106812,106812,02565536,TARO-METFORMIN XR,,,0101773003,N,19-MAY-2026
PROD_106817,106817,02565587,TARO-SODIUM FUSIDATE,,,0114229001,N,13-JUL-2026
PROD_106825,106825,02565676,RETEVMO,,,0162988002,N,14-AUG-2026
PROD_106826,106826,02565684,PREGVIT,,,1747661012,N,31-AUG-2026
PROD_106835,106835,02565773,JAMP BIMATOPROST SOLUTION RC,,,0147303002,N,17-MAR-2026
PROD_106839,106839,02565838,ODAN-BUPROPION XL,,,0131140003,N,27-JUL-2026
PROD_106840,106840,02565846,ODAN-BUPROPION XL,,,0131140004,N,27-JUL-2026
PROD_106851,106851,02565951,BILDYOS,SINGLE-USE PREFILLED SYRINGE,,0152691001,N,06-AUG-2026
PROD_106855,106855,02566001,TUZEMTY,SINGLE-USE VIAL,,0152691002,N,07-AUG-2026
PROD_106867,106867,02566133,M-ZOLMITRIPTAN,,,0134381001,N,14-AUG-2026
PROD_106879,106879,02566265,DENOZA,SINGLE-USE PREFILLED SYRINGE,,0152691001,N,31-AUG-2026
PROD_106884,106884,02566338,SAPHNELO,SINGLE-USE AUTO-INJECTOR,,0163278001,N,14-AUG-2026
PROD_106895,106895,02566443,AURO-CLADRIBINE,,,0124270002,N,08-JUL-2026
PROD_106926,106926,02566788,ODAN-ARIPIPRAZOLE SOLUTION,,,0152514009,N,24-JUL-2026
PROD_106934,106934,02566877,TREMFYA,SINGLE-USE PREFILLED PEN,,0159710001,N,17-AUG-2026
PROD_106943,106943,02566974,JAMP SUMATRIPTAN / NAPROXEN SODIUM,,,0262035001,N,17-AUG-2026
PROD_106958,106958,02567121,NEFFY,SPRAY,,0104871015,N,25-AUG-2026
PROD_106975,106975,02567334,VUEWAY,,,0168213001,N,27-JUL-2026
PROD_106978,106978,02567369,LUNSUMIO SC,SINGLE-USE VIAL,,0168095003,N,02-SEP-2026
PROD_106979,106979,02567377,LUNSUMIO SC,SINGLE-USE VIAL,,0168095002,N,02-SEP-2026
PROD_107011,107011,02567725,KISUNLA,SINGLE-USE VIAL,,0168253001,N,07-AUG-2026
PROD_107015,107015,02567776,OCTREOTIDE DEPOT,KIT INCLUDES A DILUENT IN A PRE-FILLED SYRINGE,,0121548005,N,29-MAY-2026
PROD_107016,107016,02567784,OCTREOTIDE DEPOT,KIT INCLUDES A DILUENT IN A PRE-FILLED SYRINGE,,0121548006,N,29-MAY-2026
PROD_107017,107017,02567792,OCTREOTIDE DEPOT,KIT INCLUDES A DILUENT IN A PRE-FILLED SYRINGE,,0121548007,N,29-MAY-2026
PROD_107018,107018,02567806,SEMAGLUTIDE INJECTION,DISPENSES 0.25 MG OR 0.5 MG DOSES. MULTIDOSE PREFILLED PEN,,0159870002,N,13-AUG-2026
PROD_107019,107019,02567814,SEMAGLUTIDE INJECTION,DISPENSES 1 MG DOSES. MULTIDOSE PREFILLED PEN,,0159870002,N,13-AUG-2026
PROD_107037,107037,02568012,APO-SEMAGLUTIDE INJECTION,DISPENSES 1 MG DOSES. MULTIDOSE PREFILLED PEN,,0159870002,N,13-AUG-2026
PROD_107038,107038,02568020,APO-SEMAGLUTIDE INJECTION,DISPENSES 0.25 MG OR 0.5 MG DOSES. MULTIDOSE PREFILLED PEN,,0159870010,N,13-AUG-2026
PROD_107044,107044,02568098,ZDS-IVERMECTIN CREAM,,,0124785002,N,26-AUG-2026
PROD_107046,107046,02568128,BUSPIRONE TABLETS,,,0116263001,N,14-AUG-2026
PROD_107070,107070,02568373,THYCONVI,,,0107794031,N,27-AUG-2026
PROD_107119,107119,02568926,EXDENSUR,SINGLE-USE PREFILLED PEN,,0168313001,N,28-AUG-2026
PROD_107120,107120,02568934,EXDENSUR,SINGLE-USE PREFILLED SYRINGE,,0168313001,N,28-AUG-2026
PROD_107131,107131,02569035,PIMJETMI,,,0168333001,N,28-AUG-2026
PROD_107141,107141,02569140,RYBREVANT SC,SINGLE-USE VIAL,,0163501002,N,14-AUG-2026
PROD_107142,107142,02569159,RYBREVANT SC,SINGLE-USE VIAL,,0163501002,N,14-AUG-2026
PROD_107143,107143,02569167,RYBREVANT SC,SINGLE-USE VIAL,,0163501002,N,14-AUG-2026
PROD_107144,107144,02569175,RYBREVANT SC,SINGLE-USE VIAL,,0163501002,N,14-AUG-2026
PROD_107291,107291,02570793,ZORYVE,,,0152826004,N,31-AUG-2026
