Treatment_ID,Patient_ID,Condition,Therapy_Class,Product_ID,Treatment_Start_Date,Treatment_End_Date,Treatment_Status,Observed_Treatment_Days
TRT_000001,PAT_00005,Stroke,Antithrombotic / secondary prevention,PROD_19474,2020-10-28 00:00:00,2021-07-03 00:00:00,Discontinued,248
TRT_000002,PAT_00008,Stroke,Antithrombotic / secondary prevention,PROD_66470,2023-02-02 00:00:00,2024-06-17 00:00:00,Discontinued,501
TRT_000003,PAT_00022,Asthma,Respiratory,PROD_69769,2017-02-25 00:00:00,2020-10-16 00:00:00,Discontinued,1329
TRT_000004,PAT_00023,Osteoporosis,Bone health,PROD_78367,2015-09-16 00:00:00,2018-07-28 00:00:00,Discontinued,1046
TRT_000005,PAT_00023,Hypertension,Antihypertensive,PROD_75765,2022-11-19 00:00:00,2024-07-01 00:00:00,Active,590
TRT_000006,PAT_00024,"Diabetes mellitus (types combined), excluding gestational diabetes",Antidiabetic,PROD_74296,2018-05-03 00:00:00,2021-04-20 00:00:00,Discontinued,1083
TRT_000007,PAT_00025,"Diabetes mellitus (types combined), excluding gestational diabetes",Antidiabetic,PROD_11727,2021-08-19 00:00:00,2024-07-01 00:00:00,Active,1047
TRT_000008,PAT_00026,Osteoarthritis,Analgesic / anti-inflammatory,PROD_5917,2022-06-24 00:00:00,2022-08-31 00:00:00,Discontinued,68
TRT_000009,PAT_00028,Hypertension,Antihypertensive,PROD_79542,2017-04-30 00:00:00,2024-07-01 00:00:00,Active,2619
TRT_000010,PAT_00029,Osteoporosis,Bone health,PROD_73098,2017-10-25 00:00:00,2019-09-10 00:00:00,Discontinued,685
TRT_000011,PAT_00030,Stroke,Antithrombotic / secondary prevention,PROD_61080,2018-02-14 00:00:00,2024-07-01 00:00:00,Active,2329
TRT_000012,PAT_00033,Chronic obstructive pulmonary disease,Respiratory,PROD_13550,2023-09-05 18:00:00,2023-12-15 18:00:00,Discontinued,101
TRT_000013,PAT_00034,Hypertension,Antihypertensive,PROD_77062,2021-09-10 00:00:00,2024-07-01 00:00:00,Active,1025
TRT_000014,PAT_00035,Osteoarthritis,Analgesic / anti-inflammatory,PROD_4980,2014-10-18 00:00:00,2015-01-23 00:00:00,Discontinued,97
TRT_000015,PAT_00035,Hypertension,Antihypertensive,PROD_79542,2016-11-01 00:00:00,2024-05-25 00:00:00,Discontinued,2762
TRT_000016,PAT_00045,Stroke,Antithrombotic / secondary prevention,PROD_61080,2018-07-05 00:00:00,2024-03-16 00:00:00,Discontinued,2081
TRT_000017,PAT_00045,Hypertension,Antihypertensive,PROD_75765,2019-01-30 00:00:00,2024-07-01 00:00:00,Active,1979
TRT_000018,PAT_00046,Hypertension,Antihypertensive,PROD_79542,2017-02-16 00:00:00,2020-01-08 00:00:00,Discontinued,1056
TRT_000019,PAT_00046,Osteoarthritis,Analgesic / anti-inflammatory,PROD_4980,2019-04-25 00:00:00,2019-09-17 00:00:00,Discontinued,145
TRT_000020,PAT_00046,Osteoporosis,Bone health,PROD_78367,2021-10-08 00:00:00,2024-07-01 00:00:00,Active,997
TRT_000021,PAT_00047,Hypertension,Antihypertensive,PROD_75765,2020-07-01 00:00:00,2023-01-25 00:00:00,Discontinued,938
TRT_000022,PAT_00053,Hypertension,Antihypertensive,PROD_75765,2022-06-22 00:00:00,2024-07-01 00:00:00,Active,740
TRT_000023,PAT_00058,Hypertension,Antihypertensive,PROD_75765,2017-12-03 00:00:00,2024-07-01 00:00:00,Active,2402
TRT_000024,PAT_00058,Asthma,Respiratory,PROD_13550,2020-06-01 00:00:00,2021-05-22 00:00:00,Discontinued,355
TRT_000025,PAT_00061,Schizophrenia,Antipsychotic,PROD_76239,2015-09-07 00:00:00,2016-04-18 00:00:00,Discontinued,224
TRT_000026,PAT_00061,Osteoporosis,Bone health,PROD_78367,2016-02-10 00:00:00,2018-09-25 00:00:00,Discontinued,958
TRT_000027,PAT_00061,"Diabetes mellitus (types combined), excluding gestational diabetes",Antidiabetic,PROD_74296,2017-11-17 00:00:00,2019-01-12 00:00:00,Discontinued,421
TRT_000028,PAT_00062,Osteoporosis,Bone health,PROD_78367,2016-06-15 00:00:00,2018-10-17 00:00:00,Discontinued,854
TRT_000029,PAT_00062,Heart failure,Heart failure therapy,PROD_5646,2023-11-23 00:00:00,2024-07-01 00:00:00,Active,221
TRT_000030,PAT_00063,"Diabetes mellitus (types combined), excluding gestational diabetes",Antidiabetic,PROD_62536,2016-07-29 00:00:00,2018-10-22 00:00:00,Discontinued,815
TRT_000031,PAT_00067,Hypertension,Antihypertensive,PROD_75765,2015-01-07 00:00:00,2023-10-10 00:00:00,Discontinued,3198
TRT_000032,PAT_00068,Hypertension,Antihypertensive,PROD_79542,2023-01-01 00:00:00,2024-07-01 00:00:00,Active,547
TRT_000033,PAT_00072,Hypertension,Antihypertensive,PROD_77062,2019-06-22 00:00:00,2022-07-29 00:00:00,Discontinued,1133
TRT_000034,PAT_00072,"Dementia, including Alzheimer disease",Cognitive disorder therapy,PROD_80653,2023-06-19 06:00:00,2024-07-01 00:00:00,Active,377
TRT_000035,PAT_00074,Ischemic heart disease,Cardiovascular,PROD_73770,2018-07-05 00:00:00,2024-07-01 00:00:00,Active,2188
TRT_000036,PAT_00075,Hypertension,Antihypertensive,PROD_77062,2020-09-08 00:00:00,2024-07-01 00:00:00,Active,1392
TRT_000037,PAT_00076,Hypertension,Antihypertensive,PROD_79542,2023-10-24 00:00:00,2024-07-01 00:00:00,Active,251
TRT_000038,PAT_00077,Asthma,Respiratory,PROD_49895,2020-04-03 00:00:00,2021-12-15 00:00:00,Discontinued,621
TRT_000039,PAT_00087,Hypertension,Antihypertensive,PROD_77062,2021-11-30 00:00:00,2024-07-01 00:00:00,Active,944
TRT_000040,PAT_00088,Asthma,Respiratory,PROD_69769,2018-12-18 00:00:00,2019-06-11 00:00:00,Discontinued,175
TRT_000041,PAT_00088,Heart failure,Heart failure therapy,PROD_2333,2024-03-11 00:00:00,2024-07-01 00:00:00,Active,112
TRT_000042,PAT_00090,Hypertension,Antihypertensive,PROD_79542,2018-11-19 00:00:00,2024-07-01 00:00:00,Active,2051
TRT_000043,PAT_00091,Asthma,Respiratory,PROD_69769,2018-04-15 00:00:00,2020-12-11 00:00:00,Discontinued,971
TRT_000044,PAT_00092,Asthma,Respiratory,PROD_49895,2023-09-28 00:00:00,2024-07-01 00:00:00,Active,277
TRT_000045,PAT_00093,Rheumatoid arthritis,Immunomodulatory / anti-inflammatory,PROD_74173,2016-01-08 00:00:00,2019-12-14 00:00:00,Discontinued,1436
TRT_000046,PAT_00093,Hypertension,Antihypertensive,PROD_75765,2020-03-11 00:00:00,2022-08-03 00:00:00,Discontinued,875
TRT_000047,PAT_00095,Osteoarthritis,Analgesic / anti-inflammatory,PROD_4980,2015-12-30 00:00:00,2016-02-10 00:00:00,Discontinued,42
TRT_000048,PAT_00095,Osteoporosis,Bone health,PROD_73098,2018-11-28 00:00:00,2021-06-27 00:00:00,Discontinued,942
TRT_000049,PAT_00095,"Diabetes mellitus (types combined), excluding gestational diabetes",Antidiabetic,PROD_62536,2022-08-03 00:00:00,2024-07-01 00:00:00,Active,698
TRT_000050,PAT_00096,Hypertension,Antihypertensive,PROD_79542,2017-08-03 00:00:00,2023-03-28 00:00:00,Discontinued,2063
TRT_000051,PAT_00098,Schizophrenia,Antipsychotic,PROD_76239,2014-11-24 00:00:00,2016-01-14 00:00:00,Discontinued,416
TRT_000052,PAT_00103,Osteoporosis,Bone health,PROD_78367,2014-10-21 00:00:00,2022-05-18 00:00:00,Discontinued,2766
TRT_000053,PAT_00107,Osteoporosis,Bone health,PROD_73098,2014-11-14 00:00:00,2017-05-24 00:00:00,Discontinued,922
TRT_000054,PAT_00107,Epilepsy,Antiepileptic,PROD_9242,2021-04-07 00:00:00,2024-07-01 00:00:00,Active,1181
TRT_000055,PAT_00108,Asthma,Respiratory,PROD_13550,2022-03-23 00:00:00,2023-02-15 00:00:00,Discontinued,329
TRT_000056,PAT_00109,"Diabetes mellitus (types combined), excluding gestational diabetes",Antidiabetic,PROD_62536,2016-08-22 00:00:00,2018-12-25 00:00:00,Discontinued,855
TRT_000057,PAT_00110,Hypertension,Antihypertensive,PROD_79542,2021-11-15 00:00:00,2024-07-01 00:00:00,Active,959
TRT_000058,PAT_00111,Ischemic heart disease,Cardiovascular,PROD_82362,2017-04-23 00:00:00,2021-06-15 00:00:00,Discontinued,1514
TRT_000059,PAT_00111,Asthma,Respiratory,PROD_69769,2017-03-22 00:00:00,2017-11-21 00:00:00,Discontinued,244
TRT_000060,PAT_00114,Asthma,Respiratory,PROD_49895,2017-08-31 00:00:00,2024-07-01 00:00:00,Active,2496
TRT_000061,PAT_00116,Osteoporosis,Bone health,PROD_78367,2017-06-18 00:00:00,2021-02-03 00:00:00,Discontinued,1326
TRT_000062,PAT_00117,Ischemic heart disease,Cardiovascular,PROD_78058,2017-01-22 00:00:00,2024-02-20 00:00:00,Discontinued,2585
TRT_000063,PAT_00119,Heart failure,Heart failure therapy,PROD_5646,2016-01-13 00:00:00,2019-07-27 00:00:00,Discontinued,1291
TRT_000064,PAT_00121,Asthma,Respiratory,PROD_69769,2017-10-24 00:00:00,2018-08-28 00:00:00,Discontinued,308
TRT_000065,PAT_00122,Hypertension,Antihypertensive,PROD_77062,2015-04-29 00:00:00,2024-07-01 00:00:00,Active,3351
TRT_000066,PAT_00122,Stroke,Antithrombotic / secondary prevention,PROD_61080,2018-11-18 00:00:00,2019-03-01 00:00:00,Discontinued,103
TRT_000067,PAT_00124,"Diabetes mellitus (types combined), excluding gestational diabetes",Antidiabetic,PROD_62536,2017-10-10 00:00:00,2019-11-23 00:00:00,Discontinued,774
TRT_000068,PAT_00124,Hypertension,Antihypertensive,PROD_75765,2023-08-16 00:00:00,2024-07-01 00:00:00,Active,320
TRT_000069,PAT_00129,Asthma,Respiratory,PROD_13550,2022-12-31 00:00:00,2024-07-01 00:00:00,Active,548
TRT_000070,PAT_00129,Epilepsy,Antiepileptic,PROD_75964,2023-05-12 00:00:00,2024-07-01 00:00:00,Active,416
TRT_000071,PAT_00129,Hypertension,Antihypertensive,PROD_77062,2023-08-05 00:00:00,2024-07-01 00:00:00,Active,331
TRT_000072,PAT_00135,"Diabetes mellitus (types combined), excluding gestational diabetes",Antidiabetic,PROD_62536,2017-01-10 00:00:00,2022-02-16 00:00:00,Discontinued,1863
TRT_000073,PAT_00136,Asthma,Respiratory,PROD_69769,2015-01-05 00:00:00,2020-06-30 00:00:00,Discontinued,2003
TRT_000074,PAT_00137,Asthma,Respiratory,PROD_69769,2015-06-25 00:00:00,2015-10-15 00:00:00,Discontinued,112
TRT_000075,PAT_00137,Chronic obstructive pulmonary disease,Respiratory,PROD_69769,2019-01-30 18:00:00,2022-03-19 18:00:00,Discontinued,1144
TRT_000076,PAT_00139,Osteoporosis,Bone health,PROD_78367,2021-01-09 00:00:00,2023-09-08 00:00:00,Discontinued,972
TRT_000077,PAT_00143,Hypertension,Antihypertensive,PROD_79542,2017-08-20 00:00:00,2024-07-01 00:00:00,Active,2507
TRT_000078,PAT_00144,Hypertension,Antihypertensive,PROD_79542,2020-12-03 00:00:00,2023-08-17 00:00:00,Discontinued,987
TRT_000079,PAT_00146,Hypertension,Antihypertensive,PROD_75765,2016-03-15 00:00:00,2021-04-17 00:00:00,Discontinued,1859
TRT_000080,PAT_00149,Chronic obstructive pulmonary disease,Respiratory,PROD_49895,2014-12-11 00:00:00,2016-04-19 00:00:00,Discontinued,495
TRT_000081,PAT_00149,Hypertension,Antihypertensive,PROD_77062,2021-11-06 00:00:00,2024-03-15 00:00:00,Discontinued,860
TRT_000082,PAT_00155,Osteoporosis,Bone health,PROD_78367,2014-11-22 00:00:00,2016-04-13 00:00:00,Discontinued,508
TRT_000083,PAT_00155,Osteoarthritis,Analgesic / anti-inflammatory,PROD_5432,2016-04-21 00:00:00,2016-06-17 00:00:00,Discontinued,57
TRT_000084,PAT_00155,"Diabetes mellitus (types combined), excluding gestational diabetes",Antidiabetic,PROD_11727,2023-12-28 00:00:00,2024-07-01 00:00:00,Active,186
TRT_000085,PAT_00156,Hypertension,Antihypertensive,PROD_75765,2017-04-11 00:00:00,2020-02-09 00:00:00,Discontinued,1034
TRT_000086,PAT_00156,Osteoarthritis,Analgesic / anti-inflammatory,PROD_4980,2020-06-28 00:00:00,2020-09-05 00:00:00,Discontinued,69
TRT_000087,PAT_00158,"Diabetes mellitus (types combined), excluding gestational diabetes",Antidiabetic,PROD_11727,2016-11-27 00:00:00,2018-02-14 00:00:00,Discontinued,444
TRT_000088,PAT_00158,Osteoporosis,Bone health,PROD_73098,2017-08-28 00:00:00,2020-01-22 00:00:00,Discontinued,877
TRT_000089,PAT_00159,Osteoporosis,Bone health,PROD_78367,2014-09-27 00:00:00,2020-04-12 00:00:00,Discontinued,2024
TRT_000090,PAT_00159,Asthma,Respiratory,PROD_49895,2020-05-13 00:00:00,2023-05-27 00:00:00,Discontinued,1109
TRT_000091,PAT_00161,Hypertension,Antihypertensive,PROD_79542,2019-07-30 00:00:00,2024-04-04 00:00:00,Discontinued,1710
TRT_000092,PAT_00162,"Diabetes mellitus (types combined), excluding gestational diabetes",Antidiabetic,PROD_74296,2017-07-10 06:00:00,2023-07-10 06:00:00,Discontinued,2191
TRT_000093,PAT_00163,Stroke,Antithrombotic / secondary prevention,PROD_61080,2017-10-24 00:00:00,2018-06-20 00:00:00,Discontinued,239
TRT_000094,PAT_00165,Ischemic heart disease,Cardiovascular,PROD_78058,2024-02-21 00:00:00,2024-07-01 00:00:00,Active,131
TRT_000095,PAT_00167,Hypertension,Antihypertensive,PROD_75765,2023-07-23 00:00:00,2024-07-01 00:00:00,Active,344
TRT_000096,PAT_00168,Osteoarthritis,Analgesic / anti-inflammatory,PROD_5917,2020-11-17 00:00:00,2021-02-28 00:00:00,Discontinued,103
TRT_000097,PAT_00171,"Diabetes mellitus (types combined), excluding gestational diabetes",Antidiabetic,PROD_62536,2023-11-09 06:00:00,2024-07-01 00:00:00,Active,234
TRT_000098,PAT_00173,Hypertension,Antihypertensive,PROD_79542,2014-07-28 00:00:00,2017-07-28 00:00:00,Discontinued,1096
TRT_000099,PAT_00175,Hypertension,Antihypertensive,PROD_75765,2023-02-28 00:00:00,2024-07-01 00:00:00,Active,489
TRT_000100,PAT_00175,Asthma,Respiratory,PROD_13550,2023-09-17 00:00:00,2024-06-13 00:00:00,Discontinued,270
TRT_000101,PAT_00176,Multiple sclerosis,Disease-modifying therapy,PROD_103009,2017-04-22 00:00:00,2021-07-18 00:00:00,Discontinued,1548
TRT_000102,PAT_00176,Rheumatoid arthritis,Immunomodulatory / anti-inflammatory,PROD_19681,2021-10-23 00:00:00,2024-07-01 00:00:00,Active,982
TRT_000103,PAT_00176,Hypertension,Antihypertensive,PROD_79542,2021-12-11 00:00:00,2024-07-01 00:00:00,Active,933
TRT_000104,PAT_00178,Hypertension,Antihypertensive,PROD_77062,2021-02-09 00:00:00,2023-09-25 00:00:00,Discontinued,958
TRT_000105,PAT_00178,Osteoarthritis,Analgesic / anti-inflammatory,PROD_4980,2022-11-09 00:00:00,2022-12-23 00:00:00,Discontinued,44
TRT_000106,PAT_00181,Osteoporosis,Bone health,PROD_73098,2018-03-16 00:00:00,2024-02-23 00:00:00,Discontinued,2170
TRT_000107,PAT_00181,Hypertension,Antihypertensive,PROD_77062,2018-08-28 00:00:00,2024-07-01 00:00:00,Active,2134
TRT_000108,PAT_00181,Osteoarthritis,Analgesic / anti-inflammatory,PROD_5917,2019-11-30 00:00:00,2020-01-30 00:00:00,Discontinued,61
TRT_000109,PAT_00181,"Diabetes mellitus (types combined), excluding gestational diabetes",Antidiabetic,PROD_74296,2024-01-23 00:00:00,2024-07-01 00:00:00,Active,160
TRT_000110,PAT_00182,Asthma,Respiratory,PROD_49895,2023-05-01 00:00:00,2023-10-25 00:00:00,Discontinued,177
TRT_000111,PAT_00183,Hypertension,Antihypertensive,PROD_79542,2020-10-17 00:00:00,2024-07-01 00:00:00,Active,1353
TRT_000112,PAT_00188,Osteoporosis,Bone health,PROD_73098,2018-08-16 00:00:00,2023-02-26 00:00:00,Discontinued,1655
TRT_000113,PAT_00190,Hypertension,Antihypertensive,PROD_79542,2024-02-27 00:00:00,2024-07-01 00:00:00,Active,125
TRT_000114,PAT_00191,Asthma,Respiratory,PROD_13550,2019-07-15 00:00:00,2024-07-01 00:00:00,Active,1813
TRT_000115,PAT_00192,Hypertension,Antihypertensive,PROD_77062,2022-07-06 00:00:00,2024-07-01 00:00:00,Active,726
TRT_000116,PAT_00193,Asthma,Respiratory,PROD_69769,2017-06-01 00:00:00,2018-11-12 00:00:00,Discontinued,529
TRT_000117,PAT_00198,Ischemic heart disease,Cardiovascular,PROD_82362,2023-10-14 00:00:00,2024-07-01 00:00:00,Active,261
TRT_000118,PAT_00199,Stroke,Antithrombotic / secondary prevention,PROD_19474,2023-07-27 00:00:00,2024-05-28 00:00:00,Discontinued,306
TRT_000119,PAT_00200,Osteoporosis,Bone health,PROD_78367,2016-08-12 00:00:00,2019-02-21 00:00:00,Discontinued,923
TRT_000120,PAT_00200,Chronic obstructive pulmonary disease,Respiratory,PROD_13550,2022-12-25 00:00:00,2023-04-28 00:00:00,Discontinued,124
TRT_000121,PAT_00204,Schizophrenia,Antipsychotic,PROD_73690,2018-03-07 00:00:00,2018-07-08 00:00:00,Discontinued,123
TRT_000122,PAT_00204,Chronic obstructive pulmonary disease,Respiratory,PROD_49895,2021-09-10 00:00:00,2021-12-17 00:00:00,Discontinued,98
TRT_000123,PAT_00208,Hypertension,Antihypertensive,PROD_77062,2017-12-08 00:00:00,2024-07-01 00:00:00,Active,2397
TRT_000124,PAT_00209,Hypertension,Antihypertensive,PROD_75765,2015-09-28 00:00:00,2017-04-16 00:00:00,Discontinued,566
TRT_000125,PAT_00212,Osteoporosis,Bone health,PROD_78367,2023-07-12 00:00:00,2024-07-01 00:00:00,Active,355
TRT_000126,PAT_00215,Hypertension,Antihypertensive,PROD_77062,2022-07-18 00:00:00,2024-07-01 00:00:00,Active,714
TRT_000127,PAT_00217,Osteoarthritis,Analgesic / anti-inflammatory,PROD_5432,2016-06-27 00:00:00,2017-06-23 00:00:00,Discontinued,361
TRT_000128,PAT_00217,Epilepsy,Antiepileptic,PROD_75964,2022-07-14 00:00:00,2024-07-01 00:00:00,Active,718
TRT_000129,PAT_00220,Chronic obstructive pulmonary disease,Respiratory,PROD_49895,2024-03-12 18:00:00,2024-07-01 00:00:00,Active,110
TRT_000130,PAT_00221,Heart failure,Heart failure therapy,PROD_2333,2024-02-28 00:00:00,2024-07-01 00:00:00,Active,124
TRT_000131,PAT_00222,Asthma,Respiratory,PROD_49895,2022-09-20 00:00:00,2024-07-01 00:00:00,Active,650
TRT_000132,PAT_00224,Hypertension,Antihypertensive,PROD_79542,2018-05-15 00:00:00,2020-11-25 00:00:00,Discontinued,925
TRT_000133,PAT_00226,Ischemic heart disease,Cardiovascular,PROD_78058,2015-03-19 00:00:00,2019-02-09 00:00:00,Discontinued,1423
TRT_000134,PAT_00226,Hypertension,Antihypertensive,PROD_77062,2018-08-26 00:00:00,2021-03-08 00:00:00,Discontinued,925
TRT_000135,PAT_00227,Chronic obstructive pulmonary disease,Respiratory,PROD_69769,2023-10-17 18:00:00,2024-07-01 00:00:00,Active,257
TRT_000136,PAT_00231,Asthma,Respiratory,PROD_49895,2020-02-24 06:00:00,2021-10-26 06:00:00,Discontinued,610
TRT_000137,PAT_00233,Rheumatoid arthritis,Immunomodulatory / anti-inflammatory,PROD_19681,2015-09-26 00:00:00,2017-02-21 00:00:00,Discontinued,514
TRT_000138,PAT_00233,Schizophrenia,Antipsychotic,PROD_73690,2016-02-02 00:00:00,2016-05-01 00:00:00,Discontinued,89
TRT_000139,PAT_00233,Hypertension,Antihypertensive,PROD_79542,2018-01-11 00:00:00,2021-04-05 00:00:00,Discontinued,1180
TRT_000140,PAT_00234,Chronic obstructive pulmonary disease,Respiratory,PROD_49895,2017-03-14 00:00:00,2020-03-25 00:00:00,Discontinued,1107
TRT_000141,PAT_00235,Osteoarthritis,Analgesic / anti-inflammatory,PROD_5432,2018-03-27 00:00:00,2018-06-11 00:00:00,Discontinued,76
TRT_000142,PAT_00236,Hypertension,Antihypertensive,PROD_75765,2019-06-23 00:00:00,2023-05-21 00:00:00,Discontinued,1428
TRT_000143,PAT_00237,"Diabetes mellitus (types combined), excluding gestational diabetes",Antidiabetic,PROD_11727,2017-09-15 00:00:00,2020-03-11 00:00:00,Discontinued,908
TRT_000144,PAT_00237,Asthma,Respiratory,PROD_49895,2020-10-09 00:00:00,2021-08-03 00:00:00,Discontinued,298
TRT_000145,PAT_00238,Rheumatoid arthritis,Immunomodulatory / anti-inflammatory,PROD_74173,2020-04-01 00:00:00,2024-07-01 00:00:00,Active,1552
TRT_000146,PAT_00240,Hypertension,Antihypertensive,PROD_75765,2020-01-07 00:00:00,2022-02-21 00:00:00,Discontinued,776
TRT_000147,PAT_00241,Hypertension,Antihypertensive,PROD_77062,2022-05-24 00:00:00,2024-07-01 00:00:00,Active,769
TRT_000148,PAT_00243,"Diabetes mellitus (types combined), excluding gestational diabetes",Antidiabetic,PROD_74296,2017-05-03 00:00:00,2022-07-07 00:00:00,Discontinued,1891
TRT_000149,PAT_00243,Osteoarthritis,Analgesic / anti-inflammatory,PROD_4980,2022-04-12 00:00:00,2022-07-30 00:00:00,Discontinued,109
TRT_000150,PAT_00245,Hypertension,Antihypertensive,PROD_75765,2023-04-27 00:00:00,2024-07-01 00:00:00,Active,431
TRT_000151,PAT_00245,Asthma,Respiratory,PROD_13550,2024-02-19 00:00:00,2024-07-01 00:00:00,Active,133
TRT_000152,PAT_00246,Hypertension,Antihypertensive,PROD_79542,2021-05-11 00:00:00,2024-07-01 00:00:00,Active,1147
TRT_000153,PAT_00248,Hypertension,Antihypertensive,PROD_77062,2018-03-07 00:00:00,2021-07-24 00:00:00,Discontinued,1235
TRT_000154,PAT_00253,Hypertension,Antihypertensive,PROD_79542,2017-01-05 00:00:00,2023-06-03 00:00:00,Discontinued,2340
TRT_000155,PAT_00259,Hypertension,Antihypertensive,PROD_79542,2018-09-03 00:00:00,2024-07-01 00:00:00,Active,2128
TRT_000156,PAT_00259,Asthma,Respiratory,PROD_49895,2020-02-18 00:00:00,2024-07-01 00:00:00,Active,1595
TRT_000157,PAT_00259,Chronic obstructive pulmonary disease,Respiratory,PROD_13550,2024-07-01 00:00:00,2024-07-01 00:00:00,Active,0
TRT_000158,PAT_00260,Chronic obstructive pulmonary disease,Respiratory,PROD_13550,2017-05-16 00:00:00,2017-08-05 00:00:00,Discontinued,81
TRT_000159,PAT_00261,Acute myocardial infarction,Cardiovascular,PROD_78058,2015-03-27 00:00:00,2024-07-01 00:00:00,Active,3384
TRT_000160,PAT_00261,Osteoarthritis,Analgesic / anti-inflammatory,PROD_5432,2015-08-05 00:00:00,2015-10-20 00:00:00,Discontinued,76
TRT_000161,PAT_00261,Stroke,Antithrombotic / secondary prevention,PROD_19474,2020-08-30 00:00:00,2024-07-01 00:00:00,Active,1401
TRT_000162,PAT_00265,Ischemic heart disease,Cardiovascular,PROD_82362,2015-03-17 00:00:00,2024-07-01 00:00:00,Active,3394
TRT_000163,PAT_00265,Hypertension,Antihypertensive,PROD_75765,2022-05-30 00:00:00,2024-07-01 00:00:00,Active,763
TRT_000164,PAT_00268,Heart failure,Heart failure therapy,PROD_5646,2022-11-27 00:00:00,2024-07-01 00:00:00,Active,582
TRT_000165,PAT_00276,"Diabetes mellitus (types combined), excluding gestational diabetes",Antidiabetic,PROD_74296,2019-08-01 00:00:00,2022-10-13 00:00:00,Discontinued,1169
TRT_000166,PAT_00277,Hypertension,Antihypertensive,PROD_77062,2024-03-08 00:00:00,2024-07-01 00:00:00,Active,115
TRT_000167,PAT_00278,"Dementia, including Alzheimer disease",Cognitive disorder therapy,PROD_82234,2017-04-06 00:00:00,2024-07-01 00:00:00,Active,2643
TRT_000168,PAT_00278,Asthma,Respiratory,PROD_13550,2018-03-08 00:00:00,2022-10-01 00:00:00,Discontinued,1668
TRT_000169,PAT_00283,Osteoporosis,Bone health,PROD_78367,2015-06-13 00:00:00,2020-07-30 00:00:00,Discontinued,1874
TRT_000170,PAT_00285,Acute myocardial infarction,Cardiovascular,PROD_82362,2016-10-13 00:00:00,2022-01-26 00:00:00,Discontinued,1931
TRT_000171,PAT_00286,"Diabetes mellitus (types combined), excluding gestational diabetes",Antidiabetic,PROD_74296,2016-08-22 00:00:00,2024-07-01 00:00:00,Active,2870
TRT_000172,PAT_00290,Osteoarthritis,Analgesic / anti-inflammatory,PROD_4980,2021-02-04 00:00:00,2021-04-12 00:00:00,Discontinued,67
TRT_000173,PAT_00291,Hypertension,Antihypertensive,PROD_75765,2023-04-26 00:00:00,2024-07-01 00:00:00,Active,432
TRT_000174,PAT_00293,Osteoporosis,Bone health,PROD_73098,2022-09-29 00:00:00,2024-01-11 00:00:00,Discontinued,469
TRT_000175,PAT_00294,Stroke,Antithrombotic / secondary prevention,PROD_66470,2018-08-23 00:00:00,2024-07-01 00:00:00,Active,2139
TRT_000176,PAT_00294,Ischemic heart disease,Cardiovascular,PROD_73770,2023-09-16 00:00:00,2024-07-01 00:00:00,Active,289
TRT_000177,PAT_00298,Acute myocardial infarction,Cardiovascular,PROD_78058,2016-07-08 00:00:00,2022-02-23 00:00:00,Discontinued,2056
TRT_000178,PAT_00300,Ischemic heart disease,Cardiovascular,PROD_78058,2015-03-22 00:00:00,2018-07-19 00:00:00,Discontinued,1215
TRT_000179,PAT_00300,Hypertension,Antihypertensive,PROD_79542,2022-07-24 00:00:00,2024-07-01 00:00:00,Active,708
TRT_000180,PAT_00301,Hypertension,Antihypertensive,PROD_79542,2023-08-02 00:00:00,2024-07-01 00:00:00,Active,334
TRT_000181,PAT_00305,Hypertension,Antihypertensive,PROD_75765,2021-07-16 00:00:00,2024-07-01 00:00:00,Active,1081
TRT_000182,PAT_00308,Hypertension,Antihypertensive,PROD_79542,2024-05-09 00:00:00,2024-07-01 00:00:00,Active,53
TRT_000183,PAT_00309,Asthma,Respiratory,PROD_13550,2016-10-15 00:00:00,2019-02-09 00:00:00,Discontinued,847
TRT_000184,PAT_00310,"Diabetes mellitus (types combined), excluding gestational diabetes",Antidiabetic,PROD_11727,2017-01-25 00:00:00,2023-07-07 00:00:00,Discontinued,2354
TRT_000185,PAT_00310,Ischemic heart disease,Cardiovascular,PROD_73770,2023-08-11 00:00:00,2024-07-01 00:00:00,Active,325
TRT_000186,PAT_00312,Hypertension,Antihypertensive,PROD_77062,2015-06-04 00:00:00,2017-02-04 00:00:00,Discontinued,611
TRT_000187,PAT_00313,"Diabetes mellitus (types combined), excluding gestational diabetes",Antidiabetic,PROD_62536,2018-11-23 00:00:00,2020-06-17 00:00:00,Discontinued,572
TRT_000188,PAT_00317,Ischemic heart disease,Cardiovascular,PROD_82362,2015-10-19 00:00:00,2024-07-01 00:00:00,Active,3178
TRT_000189,PAT_00317,Hypertension,Antihypertensive,PROD_79542,2021-10-26 00:00:00,2024-07-01 00:00:00,Active,979
TRT_000190,PAT_00321,Ischemic heart disease,Cardiovascular,PROD_78058,2015-10-08 00:00:00,2024-07-01 00:00:00,Active,3189
TRT_000191,PAT_00323,Hypertension,Antihypertensive,PROD_77062,2014-11-16 00:00:00,2017-11-20 00:00:00,Discontinued,1100
TRT_000192,PAT_00323,Osteoarthritis,Analgesic / anti-inflammatory,PROD_4980,2016-02-08 00:00:00,2016-05-09 00:00:00,Discontinued,91
TRT_000193,PAT_00323,Asthma,Respiratory,PROD_69769,2020-04-04 00:00:00,2020-12-02 00:00:00,Discontinued,242
TRT_000194,PAT_00325,Schizophrenia,Antipsychotic,PROD_73690,2017-10-23 00:00:00,2018-03-20 00:00:00,Discontinued,148
TRT_000195,PAT_00325,Osteoarthritis,Analgesic / anti-inflammatory,PROD_5917,2018-01-02 00:00:00,2018-02-27 00:00:00,Discontinued,56
TRT_000196,PAT_00327,Hypertension,Antihypertensive,PROD_77062,2020-10-31 00:00:00,2024-07-01 00:00:00,Active,1339
TRT_000197,PAT_00329,Hypertension,Antihypertensive,PROD_79542,2017-08-06 00:00:00,2024-07-01 00:00:00,Active,2521
TRT_000198,PAT_00331,Chronic obstructive pulmonary disease,Respiratory,PROD_69769,2023-08-19 00:00:00,2024-03-06 00:00:00,Discontinued,200
TRT_000199,PAT_00332,Hypertension,Antihypertensive,PROD_79542,2018-09-17 00:00:00,2022-08-28 00:00:00,Discontinued,1441
TRT_000200,PAT_00333,Asthma,Respiratory,PROD_49895,2018-12-19 00:00:00,2022-02-20 00:00:00,Discontinued,1159
TRT_000201,PAT_00352,Hypertension,Antihypertensive,PROD_75765,2018-11-13 00:00:00,2022-02-14 00:00:00,Discontinued,1189
TRT_000202,PAT_00358,Ischemic heart disease,Cardiovascular,PROD_73770,2019-08-24 00:00:00,2024-07-01 00:00:00,Active,1773
TRT_000203,PAT_00360,Chronic obstructive pulmonary disease,Respiratory,PROD_49895,2022-08-14 18:00:00,2024-07-01 00:00:00,Active,686
TRT_000204,PAT_00364,Hypertension,Antihypertensive,PROD_79542,2018-03-25 00:00:00,2024-07-01 00:00:00,Active,2290
TRT_000205,PAT_00368,Stroke,Antithrombotic / secondary prevention,PROD_66470,2021-12-06 00:00:00,2023-11-13 00:00:00,Discontinued,707
TRT_000206,PAT_00376,Hypertension,Antihypertensive,PROD_75765,2015-09-19 00:00:00,2018-10-11 00:00:00,Discontinued,1118
TRT_000207,PAT_00376,Epilepsy,Antiepileptic,PROD_9242,2017-07-20 00:00:00,2020-11-08 00:00:00,Discontinued,1207
TRT_000208,PAT_00376,Chronic obstructive pulmonary disease,Respiratory,PROD_69769,2023-01-14 00:00:00,2023-07-09 00:00:00,Discontinued,176
TRT_000209,PAT_00378,Hypertension,Antihypertensive,PROD_75765,2018-10-02 00:00:00,2020-04-20 00:00:00,Discontinued,566
TRT_000210,PAT_00381,Osteoarthritis,Analgesic / anti-inflammatory,PROD_5432,2022-04-19 00:00:00,2022-07-10 00:00:00,Discontinued,82
TRT_000211,PAT_00391,Asthma,Respiratory,PROD_69769,2015-10-25 00:00:00,2019-03-18 00:00:00,Discontinued,1240
TRT_000212,PAT_00392,Hypertension,Antihypertensive,PROD_75765,2018-08-06 00:00:00,2020-05-15 00:00:00,Discontinued,648
TRT_000213,PAT_00393,Asthma,Respiratory,PROD_13550,2019-01-01 00:00:00,2020-12-21 00:00:00,Discontinued,720
TRT_000214,PAT_00396,Hypertension,Antihypertensive,PROD_77062,2023-06-01 00:00:00,2024-07-01 00:00:00,Active,396
TRT_000215,PAT_00401,"Diabetes mellitus (types combined), excluding gestational diabetes",Antidiabetic,PROD_74296,2018-07-05 00:00:00,2019-10-08 00:00:00,Discontinued,460
TRT_000216,PAT_00402,Hypertension,Antihypertensive,PROD_75765,2023-08-07 00:00:00,2024-07-01 00:00:00,Active,329
TRT_000217,PAT_00407,Asthma,Respiratory,PROD_69769,2017-10-27 00:00:00,2024-07-01 00:00:00,Active,2439
TRT_000218,PAT_00407,Ischemic heart disease,Cardiovascular,PROD_73770,2021-09-07 00:00:00,2024-07-01 00:00:00,Active,1028
TRT_000219,PAT_00407,"Diabetes mellitus (types combined), excluding gestational diabetes",Antidiabetic,PROD_62536,2022-10-17 00:00:00,2024-01-09 00:00:00,Discontinued,449
TRT_000220,PAT_00412,"Diabetes mellitus (types combined), excluding gestational diabetes",Antidiabetic,PROD_62536,2018-02-12 06:00:00,2024-07-01 00:00:00,Active,2330
TRT_000221,PAT_00413,Hypertension,Antihypertensive,PROD_75765,2024-04-21 00:00:00,2024-07-01 00:00:00,Active,71
TRT_000222,PAT_00415,Hypertension,Antihypertensive,PROD_79542,2018-09-24 00:00:00,2024-07-01 00:00:00,Active,2107
TRT_000223,PAT_00415,Chronic obstructive pulmonary disease,Respiratory,PROD_69769,2022-12-05 00:00:00,2023-09-06 00:00:00,Discontinued,275
TRT_000224,PAT_00416,Hypertension,Antihypertensive,PROD_79542,2019-10-01 00:00:00,2024-07-01 00:00:00,Active,1735
TRT_000225,PAT_00417,"Dementia, including Alzheimer disease",Cognitive disorder therapy,PROD_80779,2022-12-09 00:00:00,2024-07-01 00:00:00,Active,570
TRT_000226,PAT_00425,Hypertension,Antihypertensive,PROD_77062,2024-02-21 00:00:00,2024-07-01 00:00:00,Active,131
TRT_000227,PAT_00438,Hypertension,Antihypertensive,PROD_79542,2015-11-07 00:00:00,2019-02-12 00:00:00,Discontinued,1193
TRT_000228,PAT_00438,"Diabetes mellitus (types combined), excluding gestational diabetes",Antidiabetic,PROD_11727,2016-04-15 00:00:00,2020-07-06 00:00:00,Discontinued,1543
TRT_000229,PAT_00439,Hypertension,Antihypertensive,PROD_77062,2021-12-08 00:00:00,2024-01-03 00:00:00,Discontinued,756
TRT_000230,PAT_00439,"Dementia, including Alzheimer disease",Cognitive disorder therapy,PROD_80653,2023-11-12 06:00:00,2024-07-01 00:00:00,Active,231
TRT_000231,PAT_00440,Heart failure,Heart failure therapy,PROD_5646,2015-11-09 00:00:00,2021-07-21 00:00:00,Discontinued,2081
TRT_000232,PAT_00440,Hypertension,Antihypertensive,PROD_77062,2023-07-29 00:00:00,2024-07-01 00:00:00,Active,338
TRT_000233,PAT_00441,Chronic obstructive pulmonary disease,Respiratory,PROD_69769,2019-12-13 18:00:00,2023-12-31 18:00:00,Discontinued,1479
TRT_000234,PAT_00441,Hypertension,Antihypertensive,PROD_75765,2023-03-20 00:00:00,2024-07-01 00:00:00,Active,469
TRT_000235,PAT_00442,Hypertension,Antihypertensive,PROD_79542,2021-10-12 00:00:00,2024-07-01 00:00:00,Active,993
TRT_000236,PAT_00444,Stroke,Antithrombotic / secondary prevention,PROD_66470,2022-11-24 00:00:00,2024-07-01 00:00:00,Active,585
TRT_000237,PAT_00446,"Diabetes mellitus (types combined), excluding gestational diabetes",Antidiabetic,PROD_11727,2019-10-20 06:00:00,2024-07-01 00:00:00,Active,1715
TRT_000238,PAT_00451,Osteoarthritis,Analgesic / anti-inflammatory,PROD_5917,2015-09-09 00:00:00,2016-04-25 00:00:00,Discontinued,229
TRT_000239,PAT_00451,Stroke,Antithrombotic / secondary prevention,PROD_19474,2022-04-18 00:00:00,2023-06-01 00:00:00,Discontinued,409
TRT_000240,PAT_00452,Asthma,Respiratory,PROD_13550,2019-01-10 00:00:00,2023-04-01 00:00:00,Discontinued,1542
TRT_000241,PAT_00454,Stroke,Antithrombotic / secondary prevention,PROD_61080,2016-07-30 00:00:00,2018-04-11 00:00:00,Discontinued,620
TRT_000242,PAT_00454,"Diabetes mellitus (types combined), excluding gestational diabetes",Antidiabetic,PROD_74296,2022-09-20 00:00:00,2024-07-01 00:00:00,Active,650
TRT_000243,PAT_00456,"Diabetes mellitus (types combined), excluding gestational diabetes",Antidiabetic,PROD_74296,2018-04-24 00:00:00,2024-07-01 00:00:00,Active,2260
TRT_000244,PAT_00461,Hypertension,Antihypertensive,PROD_77062,2021-07-01 00:00:00,2024-07-01 00:00:00,Active,1096
TRT_000245,PAT_00462,Osteoarthritis,Analgesic / anti-inflammatory,PROD_5917,2021-01-06 00:00:00,2021-06-15 00:00:00,Discontinued,160
TRT_000246,PAT_00464,Hypertension,Antihypertensive,PROD_75765,2020-12-02 00:00:00,2024-07-01 00:00:00,Active,1307
TRT_000247,PAT_00465,Hypertension,Antihypertensive,PROD_79542,2023-02-22 00:00:00,2024-07-01 00:00:00,Active,495
TRT_000248,PAT_00466,Hypertension,Antihypertensive,PROD_77062,2023-06-09 00:00:00,2024-07-01 00:00:00,Active,388
TRT_000249,PAT_00469,Osteoporosis,Bone health,PROD_73098,2018-04-25 00:00:00,2020-03-19 00:00:00,Discontinued,694
TRT_000250,PAT_00469,Osteoarthritis,Analgesic / anti-inflammatory,PROD_4980,2021-04-08 00:00:00,2021-05-17 00:00:00,Discontinued,39
TRT_000251,PAT_00470,Chronic obstructive pulmonary disease,Respiratory,PROD_13550,2016-02-07 18:00:00,2016-04-12 18:00:00,Discontinued,65
TRT_000252,PAT_00470,Heart failure,Heart failure therapy,PROD_2333,2021-07-04 00:00:00,2023-01-26 00:00:00,Discontinued,571
TRT_000253,PAT_00475,Asthma,Respiratory,PROD_13550,2015-02-11 00:00:00,2024-07-01 00:00:00,Active,3428
TRT_000254,PAT_00477,Asthma,Respiratory,PROD_69769,2014-10-01 00:00:00,2015-07-12 00:00:00,Discontinued,284
TRT_000255,PAT_00481,Osteoarthritis,Analgesic / anti-inflammatory,PROD_4980,2023-10-10 00:00:00,2024-07-01 00:00:00,Active,265
TRT_000256,PAT_00484,Hypertension,Antihypertensive,PROD_77062,2022-07-20 00:00:00,2024-07-01 00:00:00,Active,712
TRT_000257,PAT_00484,Ischemic heart disease,Cardiovascular,PROD_82362,2022-11-17 00:00:00,2024-07-01 00:00:00,Active,592
TRT_000258,PAT_00485,"Diabetes mellitus (types combined), excluding gestational diabetes",Antidiabetic,PROD_11727,2016-05-20 00:00:00,2018-01-02 00:00:00,Discontinued,592
TRT_000259,PAT_00486,"Diabetes mellitus (types combined), excluding gestational diabetes",Antidiabetic,PROD_74296,2015-11-07 00:00:00,2020-11-11 00:00:00,Discontinued,1831
TRT_000260,PAT_00487,"Diabetes mellitus (types combined), excluding gestational diabetes",Antidiabetic,PROD_62536,2021-07-25 00:00:00,2024-07-01 00:00:00,Active,1072
TRT_000261,PAT_00488,Asthma,Respiratory,PROD_13550,2022-08-03 00:00:00,2024-07-01 00:00:00,Active,698
TRT_000262,PAT_00489,Osteoporosis,Bone health,PROD_78367,2014-12-25 00:00:00,2018-07-08 00:00:00,Discontinued,1291
TRT_000263,PAT_00490,Ischemic heart disease,Cardiovascular,PROD_78058,2017-11-26 00:00:00,2020-01-06 00:00:00,Discontinued,771
TRT_000264,PAT_00490,Asthma,Respiratory,PROD_49895,2020-10-28 00:00:00,2021-05-26 00:00:00,Discontinued,210
TRT_000265,PAT_00492,Hypertension,Antihypertensive,PROD_79542,2016-08-26 00:00:00,2019-04-16 00:00:00,Discontinued,963
TRT_000266,PAT_00493,Chronic obstructive pulmonary disease,Respiratory,PROD_69769,2020-06-17 00:00:00,2024-07-01 00:00:00,Active,1475
TRT_000267,PAT_00494,"Dementia, including Alzheimer disease",Cognitive disorder therapy,PROD_82234,2024-06-21 06:00:00,2024-07-01 00:00:00,Active,9
TRT_000268,PAT_00495,Hypertension,Antihypertensive,PROD_79542,2022-04-23 00:00:00,2024-07-01 00:00:00,Active,800
TRT_000269,PAT_00503,Hypertension,Antihypertensive,PROD_75765,2018-03-18 00:00:00,2022-03-11 00:00:00,Discontinued,1454
TRT_000270,PAT_00505,Chronic obstructive pulmonary disease,Respiratory,PROD_49895,2020-03-21 00:00:00,2024-07-01 00:00:00,Active,1563
TRT_000271,PAT_00505,Asthma,Respiratory,PROD_13550,2022-09-20 00:00:00,2023-04-14 00:00:00,Discontinued,206
TRT_000272,PAT_00505,"Diabetes mellitus (types combined), excluding gestational diabetes",Antidiabetic,PROD_74296,2023-11-25 00:00:00,2024-07-01 00:00:00,Active,219
TRT_000273,PAT_00510,Chronic obstructive pulmonary disease,Respiratory,PROD_69769,2020-01-26 00:00:00,2022-06-15 00:00:00,Discontinued,871
TRT_000274,PAT_00514,Hypertension,Antihypertensive,PROD_77062,2022-03-11 00:00:00,2024-07-01 00:00:00,Active,843
TRT_000275,PAT_00516,Asthma,Respiratory,PROD_49895,2015-03-31 00:00:00,2016-01-15 00:00:00,Discontinued,290
TRT_000276,PAT_00520,Hypertension,Antihypertensive,PROD_79542,2015-08-08 00:00:00,2018-07-12 00:00:00,Discontinued,1069
TRT_000277,PAT_00520,Osteoporosis,Bone health,PROD_73098,2016-11-11 00:00:00,2023-11-17 00:00:00,Discontinued,2562
TRT_000278,PAT_00520,Chronic obstructive pulmonary disease,Respiratory,PROD_49895,2020-01-15 00:00:00,2024-07-01 00:00:00,Active,1629
TRT_000279,PAT_00522,"Diabetes mellitus (types combined), excluding gestational diabetes",Antidiabetic,PROD_74296,2021-08-03 00:00:00,2024-07-01 00:00:00,Active,1063
TRT_000280,PAT_00524,Chronic obstructive pulmonary disease,Respiratory,PROD_13550,2019-03-18 00:00:00,2020-05-10 00:00:00,Discontinued,419
TRT_000281,PAT_00528,Hypertension,Antihypertensive,PROD_79542,2021-04-11 00:00:00,2024-06-18 00:00:00,Discontinued,1164
TRT_000282,PAT_00531,Chronic obstructive pulmonary disease,Respiratory,PROD_13550,2022-10-05 18:00:00,2024-02-23 18:00:00,Discontinued,506
TRT_000283,PAT_00534,Hypertension,Antihypertensive,PROD_79542,2016-03-15 00:00:00,2019-07-06 00:00:00,Discontinued,1208
TRT_000284,PAT_00538,Ischemic heart disease,Cardiovascular,PROD_78058,2015-11-09 00:00:00,2020-07-02 00:00:00,Discontinued,1697
TRT_000285,PAT_00538,Hypertension,Antihypertensive,PROD_79542,2018-05-27 00:00:00,2024-07-01 00:00:00,Active,2227
TRT_000286,PAT_00538,Acute myocardial infarction,Cardiovascular,PROD_82362,2022-08-28 00:00:00,2024-07-01 00:00:00,Active,673
TRT_000287,PAT_00542,Osteoporosis,Bone health,PROD_78367,2015-06-21 00:00:00,2018-02-22 00:00:00,Discontinued,977
TRT_000288,PAT_00542,Epilepsy,Antiepileptic,PROD_9242,2020-12-15 00:00:00,2024-07-01 00:00:00,Active,1294
TRT_000289,PAT_00547,"Diabetes mellitus (types combined), excluding gestational diabetes",Antidiabetic,PROD_62536,2016-09-01 00:00:00,2020-08-09 00:00:00,Discontinued,1438
TRT_000290,PAT_00549,"Diabetes mellitus (types combined), excluding gestational diabetes",Antidiabetic,PROD_62536,2020-07-13 06:00:00,2024-02-14 06:00:00,Discontinued,1311
TRT_000291,PAT_00551,Ischemic heart disease,Cardiovascular,PROD_82362,2023-10-31 00:00:00,2024-07-01 00:00:00,Active,244
TRT_000292,PAT_00552,Hypertension,Antihypertensive,PROD_75765,2022-02-03 00:00:00,2023-06-02 00:00:00,Discontinued,484
TRT_000293,PAT_00553,Osteoarthritis,Analgesic / anti-inflammatory,PROD_5432,2023-11-21 00:00:00,2024-07-01 00:00:00,Active,223
TRT_000294,PAT_00562,"Diabetes mellitus (types combined), excluding gestational diabetes",Antidiabetic,PROD_11727,2022-02-09 06:00:00,2024-07-01 00:00:00,Active,872
TRT_000295,PAT_00566,Hypertension,Antihypertensive,PROD_77062,2019-03-22 00:00:00,2024-07-01 00:00:00,Active,1928
TRT_000296,PAT_00568,Hypertension,Antihypertensive,PROD_79542,2021-05-08 00:00:00,2024-07-01 00:00:00,Active,1150
TRT_000297,PAT_00577,Osteoporosis,Bone health,PROD_73098,2022-12-19 00:00:00,2024-07-01 00:00:00,Active,560
TRT_000298,PAT_00578,Hypertension,Antihypertensive,PROD_77062,2021-08-03 00:00:00,2024-02-08 00:00:00,Discontinued,919
TRT_000299,PAT_00584,"Diabetes mellitus (types combined), excluding gestational diabetes",Antidiabetic,PROD_62536,2018-10-09 00:00:00,2021-01-27 00:00:00,Discontinued,841
TRT_000300,PAT_00584,Asthma,Respiratory,PROD_69769,2023-11-14 00:00:00,2024-07-01 00:00:00,Active,230
TRT_000301,PAT_00585,Stroke,Antithrombotic / secondary prevention,PROD_19474,2017-02-19 00:00:00,2020-02-27 00:00:00,Discontinued,1103
TRT_000302,PAT_00587,Asthma,Respiratory,PROD_13550,2019-12-30 00:00:00,2020-10-31 00:00:00,Discontinued,306
TRT_000303,PAT_00587,Hypertension,Antihypertensive,PROD_75765,2023-07-17 00:00:00,2024-07-01 00:00:00,Active,350
TRT_000304,PAT_00593,Asthma,Respiratory,PROD_49895,2016-03-09 00:00:00,2016-04-29 00:00:00,Discontinued,51
TRT_000305,PAT_00593,Hypertension,Antihypertensive,PROD_77062,2023-07-15 00:00:00,2024-07-01 00:00:00,Active,352
TRT_000306,PAT_00594,Rheumatoid arthritis,Immunomodulatory / anti-inflammatory,PROD_74173,2023-02-13 00:00:00,2024-07-01 00:00:00,Active,504
TRT_000307,PAT_00595,Chronic obstructive pulmonary disease,Respiratory,PROD_49895,2016-04-09 00:00:00,2017-07-15 00:00:00,Discontinued,462
TRT_000308,PAT_00595,Ischemic heart disease,Cardiovascular,PROD_73770,2017-08-21 00:00:00,2020-04-27 00:00:00,Discontinued,980
TRT_000309,PAT_00596,Chronic obstructive pulmonary disease,Respiratory,PROD_69769,2019-03-04 00:00:00,2019-12-13 00:00:00,Discontinued,284
TRT_000310,PAT_00597,Ischemic heart disease,Cardiovascular,PROD_73770,2020-10-21 00:00:00,2021-04-27 00:00:00,Discontinued,188
TRT_000311,PAT_00598,Asthma,Respiratory,PROD_49895,2019-02-18 00:00:00,2019-09-05 00:00:00,Discontinued,199
TRT_000312,PAT_00598,Hypertension,Antihypertensive,PROD_77062,2019-06-09 00:00:00,2024-07-01 00:00:00,Active,1849
TRT_000313,PAT_00600,Hypertension,Antihypertensive,PROD_75765,2023-09-15 00:00:00,2024-07-01 00:00:00,Active,290
TRT_000314,PAT_00602,Hypertension,Antihypertensive,PROD_77062,2018-02-17 00:00:00,2021-08-28 00:00:00,Discontinued,1288
TRT_000315,PAT_00603,Stroke,Antithrombotic / secondary prevention,PROD_61080,2017-11-07 00:00:00,2017-12-30 00:00:00,Discontinued,53
TRT_000316,PAT_00603,Hypertension,Antihypertensive,PROD_79542,2022-01-15 00:00:00,2023-07-06 00:00:00,Discontinued,537
TRT_000317,PAT_00604,Chronic obstructive pulmonary disease,Respiratory,PROD_13550,2023-03-11 00:00:00,2024-07-01 00:00:00,Active,478
TRT_000318,PAT_00607,Hypertension,Antihypertensive,PROD_79542,2019-04-09 00:00:00,2024-07-01 00:00:00,Active,1910
TRT_000319,PAT_00607,"Diabetes mellitus (types combined), excluding gestational diabetes",Antidiabetic,PROD_62536,2021-01-19 00:00:00,2022-12-10 00:00:00,Discontinued,690
TRT_000320,PAT_00608,"Dementia, including Alzheimer disease",Cognitive disorder therapy,PROD_82234,2017-01-03 06:00:00,2020-02-14 06:00:00,Discontinued,1137
TRT_000321,PAT_00608,"Diabetes mellitus (types combined), excluding gestational diabetes",Antidiabetic,PROD_11727,2020-09-23 00:00:00,2024-07-01 00:00:00,Active,1377
TRT_000322,PAT_00608,Hypertension,Antihypertensive,PROD_75765,2022-11-29 00:00:00,2024-07-01 00:00:00,Active,580
TRT_000323,PAT_00610,Chronic obstructive pulmonary disease,Respiratory,PROD_69769,2017-08-15 00:00:00,2017-10-28 00:00:00,Discontinued,74
TRT_000324,PAT_00610,Osteoporosis,Bone health,PROD_73098,2021-07-03 00:00:00,2024-03-24 00:00:00,Discontinued,995
TRT_000325,PAT_00611,Asthma,Respiratory,PROD_13550,2017-07-27 00:00:00,2020-03-25 00:00:00,Discontinued,972
TRT_000326,PAT_00617,Hypertension,Antihypertensive,PROD_79542,2017-01-26 00:00:00,2024-07-01 00:00:00,Active,2713
TRT_000327,PAT_00618,Ischemic heart disease,Cardiovascular,PROD_73770,2019-07-03 00:00:00,2024-07-01 00:00:00,Active,1825
TRT_000328,PAT_00619,"Diabetes mellitus (types combined), excluding gestational diabetes",Antidiabetic,PROD_62536,2016-10-01 00:00:00,2018-04-23 00:00:00,Discontinued,569
TRT_000329,PAT_00619,Hypertension,Antihypertensive,PROD_79542,2019-12-05 00:00:00,2024-07-01 00:00:00,Active,1670
TRT_000330,PAT_00623,Hypertension,Antihypertensive,PROD_79542,2021-01-22 00:00:00,2024-07-01 00:00:00,Active,1256
TRT_000331,PAT_00629,Hypertension,Antihypertensive,PROD_79542,2018-06-11 00:00:00,2023-02-14 00:00:00,Discontinued,1709
TRT_000332,PAT_00633,Osteoarthritis,Analgesic / anti-inflammatory,PROD_5432,2021-10-10 00:00:00,2021-12-25 00:00:00,Discontinued,76
TRT_000333,PAT_00636,"Diabetes mellitus (types combined), excluding gestational diabetes",Antidiabetic,PROD_11727,2023-07-13 00:00:00,2024-07-01 00:00:00,Active,354
TRT_000334,PAT_00638,Stroke,Antithrombotic / secondary prevention,PROD_19474,2015-02-21 00:00:00,2015-03-20 00:00:00,Discontinued,27
TRT_000335,PAT_00641,"Diabetes mellitus (types combined), excluding gestational diabetes",Antidiabetic,PROD_74296,2016-01-04 00:00:00,2024-07-01 00:00:00,Active,3101
TRT_000336,PAT_00644,Heart failure,Heart failure therapy,PROD_5646,2022-03-04 00:00:00,2024-07-01 00:00:00,Active,850
TRT_000337,PAT_00645,Hypertension,Antihypertensive,PROD_75765,2018-09-17 00:00:00,2020-05-09 00:00:00,Discontinued,600
TRT_000338,PAT_00647,Asthma,Respiratory,PROD_69769,2022-02-27 00:00:00,2024-07-01 00:00:00,Active,855
TRT_000339,PAT_00649,Osteoarthritis,Analgesic / anti-inflammatory,PROD_5917,2017-04-29 00:00:00,2017-07-01 00:00:00,Discontinued,63
TRT_000340,PAT_00650,Schizophrenia,Antipsychotic,PROD_73690,2021-06-25 00:00:00,2022-06-20 00:00:00,Discontinued,360
TRT_000341,PAT_00652,Heart failure,Heart failure therapy,PROD_70034,2015-08-05 00:00:00,2018-05-27 00:00:00,Discontinued,1026
TRT_000342,PAT_00652,"Dementia, including Alzheimer disease",Cognitive disorder therapy,PROD_80653,2023-12-16 06:00:00,2024-07-01 00:00:00,Active,197
TRT_000343,PAT_00652,Rheumatoid arthritis,Immunomodulatory / anti-inflammatory,PROD_44161,2024-03-24 00:00:00,2024-07-01 00:00:00,Active,99
TRT_000344,PAT_00653,"Diabetes mellitus (types combined), excluding gestational diabetes",Antidiabetic,PROD_74296,2019-03-09 00:00:00,2021-05-19 00:00:00,Discontinued,802
TRT_000345,PAT_00653,"Parkinsonism, including Parkinson disease",Parkinson's therapy,PROD_68471,2021-09-01 00:00:00,2024-07-01 00:00:00,Active,1034
TRT_000346,PAT_00658,Osteoarthritis,Analgesic / anti-inflammatory,PROD_4980,2022-10-23 00:00:00,2023-01-09 00:00:00,Discontinued,78
TRT_000347,PAT_00658,Osteoporosis,Bone health,PROD_78367,2023-09-30 00:00:00,2024-07-01 00:00:00,Active,275
TRT_000348,PAT_00659,Hypertension,Antihypertensive,PROD_77062,2023-11-22 00:00:00,2024-07-01 00:00:00,Active,222
TRT_000349,PAT_00660,"Dementia, including Alzheimer disease",Cognitive disorder therapy,PROD_80779,2019-06-21 00:00:00,2022-07-01 00:00:00,Discontinued,1106
TRT_000350,PAT_00661,"Diabetes mellitus (types combined), excluding gestational diabetes",Antidiabetic,PROD_74296,2018-06-20 00:00:00,2021-12-26 00:00:00,Discontinued,1285
TRT_000351,PAT_00665,"Diabetes mellitus (types combined), excluding gestational diabetes",Antidiabetic,PROD_11727,2019-08-16 00:00:00,2024-07-01 00:00:00,Active,1781
TRT_000352,PAT_00667,Hypertension,Antihypertensive,PROD_79542,2024-06-03 00:00:00,2024-07-01 00:00:00,Active,28
TRT_000353,PAT_00668,"Diabetes mellitus (types combined), excluding gestational diabetes",Antidiabetic,PROD_11727,2018-04-20 06:00:00,2024-03-13 06:00:00,Discontinued,2154
TRT_000354,PAT_00671,Hypertension,Antihypertensive,PROD_77062,2015-05-25 00:00:00,2018-03-25 00:00:00,Discontinued,1035
TRT_000355,PAT_00674,Acute myocardial infarction,Cardiovascular,PROD_78058,2017-04-25 00:00:00,2024-07-01 00:00:00,Active,2624
TRT_000356,PAT_00675,Osteoporosis,Bone health,PROD_78367,2020-07-12 00:00:00,2024-07-01 00:00:00,Active,1450
TRT_000357,PAT_00676,Asthma,Respiratory,PROD_49895,2014-11-22 00:00:00,2017-03-01 00:00:00,Discontinued,830
TRT_000358,PAT_00676,"Diabetes mellitus (types combined), excluding gestational diabetes",Antidiabetic,PROD_74296,2019-12-26 00:00:00,2021-06-25 00:00:00,Discontinued,547
TRT_000359,PAT_00677,"Dementia, including Alzheimer disease",Cognitive disorder therapy,PROD_80779,2018-01-21 00:00:00,2022-09-06 00:00:00,Discontinued,1689
TRT_000360,PAT_00679,"Diabetes mellitus (types combined), excluding gestational diabetes",Antidiabetic,PROD_62536,2019-12-07 00:00:00,2021-12-31 00:00:00,Discontinued,755
TRT_000361,PAT_00683,Osteoporosis,Bone health,PROD_78367,2014-12-09 00:00:00,2017-11-14 00:00:00,Discontinued,1071
TRT_000362,PAT_00687,Osteoarthritis,Analgesic / anti-inflammatory,PROD_4980,2021-06-10 00:00:00,2021-06-24 00:00:00,Discontinued,14
TRT_000363,PAT_00688,Hypertension,Antihypertensive,PROD_79542,2020-05-04 00:00:00,2021-11-30 00:00:00,Discontinued,575
TRT_000364,PAT_00689,Heart failure,Heart failure therapy,PROD_70034,2016-12-15 00:00:00,2024-07-01 00:00:00,Active,2755
TRT_000365,PAT_00689,Asthma,Respiratory,PROD_69769,2019-10-24 00:00:00,2021-12-25 00:00:00,Discontinued,793
TRT_000366,PAT_00690,Hypertension,Antihypertensive,PROD_75765,2018-01-27 00:00:00,2021-11-27 00:00:00,Discontinued,1400
TRT_000367,PAT_00694,Hypertension,Antihypertensive,PROD_79542,2016-08-08 00:00:00,2019-02-17 00:00:00,Discontinued,923
TRT_000368,PAT_00695,Osteoporosis,Bone health,PROD_78367,2024-03-19 00:00:00,2024-07-01 00:00:00,Active,104
TRT_000369,PAT_00699,Osteoporosis,Bone health,PROD_73098,2018-09-11 00:00:00,2022-01-28 00:00:00,Discontinued,1235
TRT_000370,PAT_00699,Asthma,Respiratory,PROD_49895,2020-02-15 00:00:00,2021-03-10 00:00:00,Discontinued,389
TRT_000371,PAT_00700,Hypertension,Antihypertensive,PROD_75765,2024-05-19 00:00:00,2024-07-01 00:00:00,Active,43
TRT_000372,PAT_00701,Chronic obstructive pulmonary disease,Respiratory,PROD_49895,2015-07-04 18:00:00,2016-10-02 18:00:00,Discontinued,456
TRT_000373,PAT_00702,Hypertension,Antihypertensive,PROD_75765,2016-11-25 00:00:00,2022-02-14 00:00:00,Discontinued,1907
TRT_000374,PAT_00704,Osteoarthritis,Analgesic / anti-inflammatory,PROD_5432,2024-05-25 00:00:00,2024-06-24 00:00:00,Discontinued,30
TRT_000375,PAT_00705,Osteoarthritis,Analgesic / anti-inflammatory,PROD_5432,2022-01-02 00:00:00,2022-03-10 00:00:00,Discontinued,67
TRT_000376,PAT_00712,Hypertension,Antihypertensive,PROD_77062,2015-04-23 00:00:00,2021-01-05 00:00:00,Discontinued,2084
TRT_000377,PAT_00712,Asthma,Respiratory,PROD_69769,2022-03-07 00:00:00,2023-03-19 00:00:00,Discontinued,377
TRT_000378,PAT_00713,"Dementia, including Alzheimer disease",Cognitive disorder therapy,PROD_82234,2020-07-04 00:00:00,2023-12-24 00:00:00,Discontinued,1268
TRT_000379,PAT_00713,Hypertension,Antihypertensive,PROD_75765,2022-08-08 00:00:00,2024-07-01 00:00:00,Active,693
TRT_000380,PAT_00713,Stroke,Antithrombotic / secondary prevention,PROD_19474,2022-10-08 00:00:00,2024-07-01 00:00:00,Active,632
TRT_000381,PAT_00718,Chronic obstructive pulmonary disease,Respiratory,PROD_13550,2022-06-04 18:00:00,2024-02-27 18:00:00,Discontinued,633
TRT_000382,PAT_00722,Chronic obstructive pulmonary disease,Respiratory,PROD_69769,2020-03-28 00:00:00,2024-07-01 00:00:00,Active,1556
TRT_000383,PAT_00724,Ischemic heart disease,Cardiovascular,PROD_73770,2017-01-19 00:00:00,2024-07-01 00:00:00,Active,2720
TRT_000384,PAT_00724,Hypertension,Antihypertensive,PROD_75765,2023-04-28 00:00:00,2024-07-01 00:00:00,Active,430
TRT_000385,PAT_00725,Osteoporosis,Bone health,PROD_73098,2015-09-10 00:00:00,2017-10-09 00:00:00,Discontinued,760
TRT_000386,PAT_00728,Hypertension,Antihypertensive,PROD_79542,2020-12-30 00:00:00,2024-07-01 00:00:00,Active,1279
TRT_000387,PAT_00731,"Diabetes mellitus (types combined), excluding gestational diabetes",Antidiabetic,PROD_62536,2023-07-10 06:00:00,2024-07-01 00:00:00,Active,356
TRT_000388,PAT_00734,Osteoporosis,Bone health,PROD_78367,2019-02-09 00:00:00,2023-04-09 00:00:00,Discontinued,1520
TRT_000389,PAT_00737,Epilepsy,Antiepileptic,PROD_75964,2022-07-07 00:00:00,2024-07-01 00:00:00,Active,725
TRT_000390,PAT_00739,"Diabetes mellitus (types combined), excluding gestational diabetes",Antidiabetic,PROD_62536,2020-02-18 00:00:00,2024-07-01 00:00:00,Active,1595
TRT_000391,PAT_00739,Asthma,Respiratory,PROD_49895,2020-12-21 00:00:00,2024-07-01 00:00:00,Active,1288
TRT_000392,PAT_00741,Chronic obstructive pulmonary disease,Respiratory,PROD_13550,2016-05-25 00:00:00,2017-04-02 00:00:00,Discontinued,312
TRT_000393,PAT_00742,Multiple sclerosis,Disease-modifying therapy,PROD_103009,2020-06-01 00:00:00,2024-07-01 00:00:00,Active,1491
TRT_000394,PAT_00742,Epilepsy,Antiepileptic,PROD_9242,2023-11-22 00:00:00,2024-07-01 00:00:00,Active,222
TRT_000395,PAT_00745,Heart failure,Heart failure therapy,PROD_70034,2020-02-12 00:00:00,2024-07-01 00:00:00,Active,1601
TRT_000396,PAT_00745,Acute myocardial infarction,Cardiovascular,PROD_73770,2022-12-09 00:00:00,2024-07-01 00:00:00,Active,570
TRT_000397,PAT_00750,Asthma,Respiratory,PROD_69769,2019-02-21 00:00:00,2022-03-15 00:00:00,Discontinued,1118
TRT_000398,PAT_00751,Hypertension,Antihypertensive,PROD_77062,2024-06-10 00:00:00,2024-07-01 00:00:00,Active,21
TRT_000399,PAT_00753,Asthma,Respiratory,PROD_49895,2022-06-21 00:00:00,2024-04-19 00:00:00,Discontinued,668
TRT_000400,PAT_00754,Hypertension,Antihypertensive,PROD_79542,2018-04-14 00:00:00,2024-07-01 00:00:00,Active,2270
TRT_000401,PAT_00754,"Diabetes mellitus (types combined), excluding gestational diabetes",Antidiabetic,PROD_62536,2023-04-19 00:00:00,2024-07-01 00:00:00,Active,439
TRT_000402,PAT_00756,Stroke,Antithrombotic / secondary prevention,PROD_19474,2016-11-23 00:00:00,2019-04-23 00:00:00,Discontinued,881
TRT_000403,PAT_00764,Asthma,Respiratory,PROD_69769,2016-02-03 00:00:00,2016-07-09 00:00:00,Discontinued,157
TRT_000404,PAT_00764,Hypertension,Antihypertensive,PROD_79542,2018-11-03 00:00:00,2022-06-19 00:00:00,Discontinued,1324
TRT_000405,PAT_00766,Asthma,Respiratory,PROD_13550,2019-06-22 00:00:00,2021-01-12 00:00:00,Discontinued,570
TRT_000406,PAT_00766,"Parkinsonism, including Parkinson disease",Parkinson's therapy,PROD_77772,2022-07-30 00:00:00,2024-07-01 00:00:00,Active,702
TRT_000407,PAT_00766,Osteoarthritis,Analgesic / anti-inflammatory,PROD_5432,2022-11-28 00:00:00,2023-03-04 00:00:00,Discontinued,96
TRT_000408,PAT_00769,Rheumatoid arthritis,Immunomodulatory / anti-inflammatory,PROD_19681,2020-07-24 00:00:00,2022-09-12 00:00:00,Discontinued,780
TRT_000409,PAT_00773,Multiple sclerosis,Disease-modifying therapy,PROD_103009,2015-04-12 00:00:00,2017-12-24 00:00:00,Discontinued,987
TRT_000410,PAT_00775,Osteoarthritis,Analgesic / anti-inflammatory,PROD_5432,2018-09-18 00:00:00,2019-02-07 00:00:00,Discontinued,142
TRT_000411,PAT_00776,Osteoporosis,Bone health,PROD_78367,2021-12-30 00:00:00,2023-11-22 00:00:00,Discontinued,692
TRT_000412,PAT_00779,Hypertension,Antihypertensive,PROD_75765,2015-11-19 00:00:00,2024-07-01 00:00:00,Active,3147
TRT_000413,PAT_00780,Chronic obstructive pulmonary disease,Respiratory,PROD_69769,2019-12-01 00:00:00,2021-04-05 00:00:00,Discontinued,491
TRT_000414,PAT_00781,Hypertension,Antihypertensive,PROD_79542,2021-08-02 00:00:00,2023-08-30 00:00:00,Discontinued,758
TRT_000415,PAT_00782,"Diabetes mellitus (types combined), excluding gestational diabetes",Antidiabetic,PROD_74296,2021-12-05 00:00:00,2024-04-25 00:00:00,Discontinued,872
TRT_000416,PAT_00788,Hypertension,Antihypertensive,PROD_75765,2021-12-12 00:00:00,2024-07-01 00:00:00,Active,932
TRT_000417,PAT_00792,Osteoporosis,Bone health,PROD_73098,2023-10-08 00:00:00,2024-07-01 00:00:00,Active,267
TRT_000418,PAT_00793,Asthma,Respiratory,PROD_69769,2023-12-06 06:00:00,2024-04-24 06:00:00,Discontinued,140
TRT_000419,PAT_00797,Hypertension,Antihypertensive,PROD_77062,2024-04-10 00:00:00,2024-07-01 00:00:00,Active,82
TRT_000420,PAT_00799,Ischemic heart disease,Cardiovascular,PROD_78058,2019-02-13 00:00:00,2022-10-11 00:00:00,Discontinued,1336
TRT_000421,PAT_00799,Asthma,Respiratory,PROD_49895,2019-11-27 00:00:00,2022-10-15 00:00:00,Discontinued,1053
TRT_000422,PAT_00800,"Diabetes mellitus (types combined), excluding gestational diabetes",Antidiabetic,PROD_62536,2021-05-01 00:00:00,2024-07-01 00:00:00,Active,1157
TRT_000423,PAT_00800,Hypertension,Antihypertensive,PROD_77062,2023-10-04 00:00:00,2024-07-01 00:00:00,Active,271
TRT_000424,PAT_00802,Hypertension,Antihypertensive,PROD_77062,2024-05-20 00:00:00,2024-07-01 00:00:00,Active,42
TRT_000425,PAT_00807,Hypertension,Antihypertensive,PROD_77062,2023-04-27 00:00:00,2024-07-01 00:00:00,Active,431
TRT_000426,PAT_00809,Osteoarthritis,Analgesic / anti-inflammatory,PROD_5432,2021-08-21 00:00:00,2021-10-07 00:00:00,Discontinued,47
TRT_000427,PAT_00810,Hypertension,Antihypertensive,PROD_77062,2018-07-11 00:00:00,2022-08-25 00:00:00,Discontinued,1506
TRT_000428,PAT_00811,Hypertension,Antihypertensive,PROD_79542,2019-04-14 00:00:00,2024-07-01 00:00:00,Active,1905
TRT_000429,PAT_00814,Acute myocardial infarction,Cardiovascular,PROD_78058,2019-10-09 00:00:00,2024-07-01 00:00:00,Active,1727
TRT_000430,PAT_00817,Hypertension,Antihypertensive,PROD_79542,2017-11-05 00:00:00,2024-07-01 00:00:00,Active,2430
TRT_000431,PAT_00823,Hypertension,Antihypertensive,PROD_77062,2019-12-06 00:00:00,2022-09-07 00:00:00,Discontinued,1006
TRT_000432,PAT_00826,Stroke,Antithrombotic / secondary prevention,PROD_66470,2020-12-07 00:00:00,2021-09-11 00:00:00,Discontinued,278
TRT_000433,PAT_00827,Hypertension,Antihypertensive,PROD_77062,2016-12-21 00:00:00,2019-08-28 00:00:00,Discontinued,980
TRT_000434,PAT_00833,"Diabetes mellitus (types combined), excluding gestational diabetes",Antidiabetic,PROD_62536,2021-06-21 00:00:00,2024-03-31 00:00:00,Discontinued,1014
TRT_000435,PAT_00833,Hypertension,Antihypertensive,PROD_75765,2024-03-13 00:00:00,2024-07-01 00:00:00,Active,110
TRT_000436,PAT_00835,Osteoarthritis,Analgesic / anti-inflammatory,PROD_4980,2018-12-27 00:00:00,2019-03-11 00:00:00,Discontinued,74
TRT_000437,PAT_00837,Chronic obstructive pulmonary disease,Respiratory,PROD_69769,2020-01-22 00:00:00,2021-05-26 00:00:00,Discontinued,490
TRT_000438,PAT_00838,Hypertension,Antihypertensive,PROD_75765,2018-09-17 00:00:00,2024-07-01 00:00:00,Active,2114
TRT_000439,PAT_00841,Schizophrenia,Antipsychotic,PROD_73690,2017-12-31 00:00:00,2018-04-14 00:00:00,Discontinued,104
TRT_000440,PAT_00842,Asthma,Respiratory,PROD_69769,2023-07-01 00:00:00,2024-07-01 00:00:00,Active,366
TRT_000441,PAT_00845,Asthma,Respiratory,PROD_69769,2021-10-30 00:00:00,2022-05-01 00:00:00,Discontinued,183
TRT_000442,PAT_00849,Ischemic heart disease,Cardiovascular,PROD_78058,2017-05-18 00:00:00,2021-05-20 00:00:00,Discontinued,1463
TRT_000443,PAT_00849,Stroke,Antithrombotic / secondary prevention,PROD_61080,2018-02-03 00:00:00,2018-12-05 00:00:00,Discontinued,305
TRT_000444,PAT_00852,Osteoarthritis,Analgesic / anti-inflammatory,PROD_5432,2016-11-20 00:00:00,2017-01-13 00:00:00,Discontinued,54
TRT_000445,PAT_00852,Chronic obstructive pulmonary disease,Respiratory,PROD_69769,2023-08-08 00:00:00,2024-07-01 00:00:00,Active,328
TRT_000446,PAT_00854,Hypertension,Antihypertensive,PROD_77062,2018-01-22 00:00:00,2023-12-16 00:00:00,Discontinued,2154
TRT_000447,PAT_00855,"Diabetes mellitus (types combined), excluding gestational diabetes",Antidiabetic,PROD_11727,2016-10-16 00:00:00,2021-01-11 00:00:00,Discontinued,1548
TRT_000448,PAT_00855,Chronic obstructive pulmonary disease,Respiratory,PROD_49895,2021-06-16 00:00:00,2023-08-19 00:00:00,Discontinued,794
TRT_000449,PAT_00855,Hypertension,Antihypertensive,PROD_75765,2024-02-03 00:00:00,2024-07-01 00:00:00,Active,149
TRT_000450,PAT_00861,Hypertension,Antihypertensive,PROD_79542,2018-01-27 00:00:00,2024-07-01 00:00:00,Active,2347
TRT_000451,PAT_00862,Hypertension,Antihypertensive,PROD_75765,2018-12-09 00:00:00,2023-03-22 00:00:00,Discontinued,1564
TRT_000452,PAT_00863,Hypertension,Antihypertensive,PROD_77062,2020-11-15 00:00:00,2024-05-08 00:00:00,Discontinued,1270
TRT_000453,PAT_00864,"Diabetes mellitus (types combined), excluding gestational diabetes",Antidiabetic,PROD_11727,2017-05-29 00:00:00,2020-02-29 00:00:00,Discontinued,1006
TRT_000454,PAT_00866,Asthma,Respiratory,PROD_69769,2020-12-17 00:00:00,2022-02-20 00:00:00,Discontinued,430
TRT_000455,PAT_00866,"Diabetes mellitus (types combined), excluding gestational diabetes",Antidiabetic,PROD_62536,2023-09-17 00:00:00,2024-07-01 00:00:00,Active,288
TRT_000456,PAT_00870,Hypertension,Antihypertensive,PROD_75765,2018-10-16 00:00:00,2023-07-22 00:00:00,Discontinued,1740
TRT_000457,PAT_00871,Osteoarthritis,Analgesic / anti-inflammatory,PROD_5917,2018-12-26 00:00:00,2019-01-31 00:00:00,Discontinued,36
TRT_000458,PAT_00875,Hypertension,Antihypertensive,PROD_77062,2016-10-31 00:00:00,2024-07-01 00:00:00,Active,2800
TRT_000459,PAT_00875,Chronic obstructive pulmonary disease,Respiratory,PROD_49895,2017-01-30 00:00:00,2018-01-07 00:00:00,Discontinued,342
TRT_000460,PAT_00878,Hypertension,Antihypertensive,PROD_75765,2020-10-25 00:00:00,2024-07-01 00:00:00,Active,1345
TRT_000461,PAT_00880,Hypertension,Antihypertensive,PROD_75765,2016-06-09 00:00:00,2019-08-12 00:00:00,Discontinued,1159
TRT_000462,PAT_00880,Schizophrenia,Antipsychotic,PROD_76239,2021-08-02 00:00:00,2024-07-01 00:00:00,Active,1064
TRT_000463,PAT_00885,Hypertension,Antihypertensive,PROD_77062,2021-02-10 00:00:00,2024-04-27 00:00:00,Discontinued,1172
TRT_000464,PAT_00886,Hypertension,Antihypertensive,PROD_77062,2021-01-27 00:00:00,2024-07-01 00:00:00,Active,1251
TRT_000465,PAT_00888,"Diabetes mellitus (types combined), excluding gestational diabetes",Antidiabetic,PROD_74296,2022-11-03 00:00:00,2024-07-01 00:00:00,Active,606
TRT_000466,PAT_00893,Hypertension,Antihypertensive,PROD_77062,2018-08-31 00:00:00,2022-09-04 00:00:00,Discontinued,1465
TRT_000467,PAT_00893,Stroke,Antithrombotic / secondary prevention,PROD_61080,2020-08-13 00:00:00,2024-07-01 00:00:00,Active,1418
TRT_000468,PAT_00894,Osteoarthritis,Analgesic / anti-inflammatory,PROD_5917,2020-01-11 00:00:00,2020-04-23 00:00:00,Discontinued,103
TRT_000469,PAT_00898,Hypertension,Antihypertensive,PROD_75765,2022-08-18 00:00:00,2024-07-01 00:00:00,Active,683
TRT_000470,PAT_00901,Hypertension,Antihypertensive,PROD_77062,2021-12-04 00:00:00,2024-07-01 00:00:00,Active,940
TRT_000471,PAT_00902,Asthma,Respiratory,PROD_69769,2022-07-04 00:00:00,2024-02-29 00:00:00,Discontinued,605
TRT_000472,PAT_00903,Heart failure,Heart failure therapy,PROD_2333,2021-02-21 00:00:00,2024-07-01 00:00:00,Active,1226
TRT_000473,PAT_00903,Osteoarthritis,Analgesic / anti-inflammatory,PROD_4980,2022-01-09 00:00:00,2022-02-05 00:00:00,Discontinued,27
TRT_000474,PAT_00904,Chronic obstructive pulmonary disease,Respiratory,PROD_49895,2018-05-09 00:00:00,2018-08-24 00:00:00,Discontinued,107
TRT_000475,PAT_00905,Osteoporosis,Bone health,PROD_73098,2023-01-09 00:00:00,2024-07-01 00:00:00,Active,539
TRT_000476,PAT_00907,Hypertension,Antihypertensive,PROD_75765,2021-08-13 00:00:00,2024-07-01 00:00:00,Active,1053
TRT_000477,PAT_00907,Asthma,Respiratory,PROD_13550,2021-11-13 00:00:00,2022-03-03 00:00:00,Discontinued,110
TRT_000478,PAT_00908,Asthma,Respiratory,PROD_69769,2021-02-21 06:00:00,2023-11-14 06:00:00,Discontinued,996
TRT_000479,PAT_00909,Asthma,Respiratory,PROD_13550,2019-04-02 00:00:00,2021-10-16 00:00:00,Discontinued,928
TRT_000480,PAT_00909,Osteoporosis,Bone health,PROD_78367,2019-06-18 00:00:00,2024-07-01 00:00:00,Active,1840
TRT_000481,PAT_00909,Schizophrenia,Antipsychotic,PROD_73690,2020-12-07 00:00:00,2024-07-01 00:00:00,Active,1302
TRT_000482,PAT_00911,"Diabetes mellitus (types combined), excluding gestational diabetes",Antidiabetic,PROD_74296,2023-11-15 00:00:00,2024-07-01 00:00:00,Active,229
TRT_000483,PAT_00913,Hypertension,Antihypertensive,PROD_75765,2024-04-08 00:00:00,2024-07-01 00:00:00,Active,84
TRT_000484,PAT_00915,Hypertension,Antihypertensive,PROD_79542,2023-05-25 00:00:00,2024-07-01 00:00:00,Active,403
TRT_000485,PAT_00917,"Diabetes mellitus (types combined), excluding gestational diabetes",Antidiabetic,PROD_62536,2014-12-07 00:00:00,2018-06-21 00:00:00,Discontinued,1292
TRT_000486,PAT_00921,"Diabetes mellitus (types combined), excluding gestational diabetes",Antidiabetic,PROD_74296,2021-10-09 06:00:00,2023-11-21 06:00:00,Discontinued,773
TRT_000487,PAT_00922,Asthma,Respiratory,PROD_69769,2016-12-20 00:00:00,2017-10-26 00:00:00,Discontinued,310
TRT_000488,PAT_00922,"Diabetes mellitus (types combined), excluding gestational diabetes",Antidiabetic,PROD_62536,2023-07-17 00:00:00,2024-07-01 00:00:00,Active,350
TRT_000489,PAT_00924,Hypertension,Antihypertensive,PROD_79542,2018-11-28 00:00:00,2024-07-01 00:00:00,Active,2042
TRT_000490,PAT_00925,Asthma,Respiratory,PROD_13550,2015-04-13 00:00:00,2015-06-17 00:00:00,Discontinued,65
TRT_000491,PAT_00925,Chronic obstructive pulmonary disease,Respiratory,PROD_49895,2017-04-10 00:00:00,2018-06-24 00:00:00,Discontinued,440
TRT_000492,PAT_00929,Asthma,Respiratory,PROD_49895,2023-07-27 00:00:00,2024-07-01 00:00:00,Active,340
TRT_000493,PAT_00932,Osteoporosis,Bone health,PROD_78367,2022-02-27 00:00:00,2024-07-01 00:00:00,Active,855
TRT_000494,PAT_00932,Chronic obstructive pulmonary disease,Respiratory,PROD_69769,2022-07-24 00:00:00,2024-07-01 00:00:00,Active,708
TRT_000495,PAT_00933,Stroke,Antithrombotic / secondary prevention,PROD_66470,2019-02-08 00:00:00,2020-11-29 00:00:00,Discontinued,660
TRT_000496,PAT_00933,Acute myocardial infarction,Cardiovascular,PROD_82362,2022-10-01 00:00:00,2024-07-01 00:00:00,Active,639
TRT_000497,PAT_00935,Stroke,Antithrombotic / secondary prevention,PROD_66470,2020-11-19 00:00:00,2021-02-16 00:00:00,Discontinued,89
TRT_000498,PAT_00937,Acute myocardial infarction,Cardiovascular,PROD_82362,2016-11-14 00:00:00,2024-07-01 00:00:00,Active,2786
TRT_000499,PAT_00939,"Diabetes mellitus (types combined), excluding gestational diabetes",Antidiabetic,PROD_62536,2016-04-03 00:00:00,2018-11-10 00:00:00,Discontinued,951
TRT_000500,PAT_00944,Osteoporosis,Bone health,PROD_73098,2022-06-11 00:00:00,2024-07-01 00:00:00,Active,751
TRT_000501,PAT_00946,Hypertension,Antihypertensive,PROD_79542,2022-01-31 00:00:00,2024-07-01 00:00:00,Active,882
TRT_000502,PAT_00947,Asthma,Respiratory,PROD_13550,2017-08-28 00:00:00,2017-12-23 00:00:00,Discontinued,117
TRT_000503,PAT_00947,Osteoporosis,Bone health,PROD_73098,2022-06-06 00:00:00,2024-07-01 00:00:00,Active,756
TRT_000504,PAT_00950,"Diabetes mellitus (types combined), excluding gestational diabetes",Antidiabetic,PROD_74296,2022-11-11 00:00:00,2024-07-01 00:00:00,Active,598
TRT_000505,PAT_00951,Hypertension,Antihypertensive,PROD_75765,2021-02-10 00:00:00,2024-07-01 00:00:00,Active,1237
TRT_000506,PAT_00951,Asthma,Respiratory,PROD_13550,2022-06-04 00:00:00,2022-08-10 00:00:00,Discontinued,67
TRT_000507,PAT_00952,Asthma,Respiratory,PROD_49895,2015-03-05 00:00:00,2015-10-24 00:00:00,Discontinued,233
TRT_000508,PAT_00956,Hypertension,Antihypertensive,PROD_77062,2019-12-03 00:00:00,2021-11-01 00:00:00,Discontinued,699
TRT_000509,PAT_00956,Chronic obstructive pulmonary disease,Respiratory,PROD_13550,2020-12-01 00:00:00,2023-06-14 00:00:00,Discontinued,925
TRT_000510,PAT_00956,Ischemic heart disease,Cardiovascular,PROD_78058,2021-11-29 00:00:00,2024-07-01 00:00:00,Active,945
TRT_000511,PAT_00959,Ischemic heart disease,Cardiovascular,PROD_73770,2015-06-07 00:00:00,2016-02-03 00:00:00,Discontinued,241
TRT_000512,PAT_00960,Acute myocardial infarction,Cardiovascular,PROD_73770,2021-12-13 00:00:00,2024-07-01 00:00:00,Active,931
TRT_000513,PAT_00962,"Diabetes mellitus (types combined), excluding gestational diabetes",Antidiabetic,PROD_11727,2018-10-16 00:00:00,2024-07-01 00:00:00,Active,2085
TRT_000514,PAT_00963,Osteoarthritis,Analgesic / anti-inflammatory,PROD_5917,2014-09-24 00:00:00,2015-01-03 00:00:00,Discontinued,101
TRT_000515,PAT_00968,"Diabetes mellitus (types combined), excluding gestational diabetes",Antidiabetic,PROD_62536,2020-07-28 00:00:00,2024-07-01 00:00:00,Active,1434
TRT_000516,PAT_00969,Asthma,Respiratory,PROD_69769,2019-03-05 00:00:00,2020-03-19 00:00:00,Discontinued,380
TRT_000517,PAT_00971,Asthma,Respiratory,PROD_13550,2016-07-26 00:00:00,2017-02-01 00:00:00,Discontinued,190
TRT_000518,PAT_00974,Osteoporosis,Bone health,PROD_78367,2017-07-06 00:00:00,2020-06-24 00:00:00,Discontinued,1084
TRT_000519,PAT_00976,Heart failure,Heart failure therapy,PROD_70034,2018-11-25 00:00:00,2024-02-05 00:00:00,Discontinued,1898
TRT_000520,PAT_00976,Asthma,Respiratory,PROD_49895,2018-10-18 00:00:00,2021-07-28 00:00:00,Discontinued,1014
TRT_000521,PAT_00978,Ischemic heart disease,Cardiovascular,PROD_82362,2016-04-19 00:00:00,2024-07-01 00:00:00,Active,2995
TRT_000522,PAT_00982,"Diabetes mellitus (types combined), excluding gestational diabetes",Antidiabetic,PROD_62536,2022-08-16 00:00:00,2024-07-01 00:00:00,Active,685
TRT_000523,PAT_00983,"Diabetes mellitus (types combined), excluding gestational diabetes",Antidiabetic,PROD_62536,2016-08-24 00:00:00,2024-07-01 00:00:00,Active,2868
TRT_000524,PAT_00983,Hypertension,Antihypertensive,PROD_79542,2018-07-04 00:00:00,2022-04-12 00:00:00,Discontinued,1378
TRT_000525,PAT_00983,Stroke,Antithrombotic / secondary prevention,PROD_61080,2020-03-22 00:00:00,2020-07-29 00:00:00,Discontinued,129
TRT_000526,PAT_00988,Hypertension,Antihypertensive,PROD_77062,2019-07-24 00:00:00,2024-07-01 00:00:00,Active,1804
TRT_000527,PAT_00990,Osteoporosis,Bone health,PROD_78367,2016-08-18 00:00:00,2019-11-12 00:00:00,Discontinued,1181
TRT_000528,PAT_00992,Hypertension,Antihypertensive,PROD_77062,2016-09-16 00:00:00,2023-12-18 00:00:00,Discontinued,2649
TRT_000529,PAT_00994,Hypertension,Antihypertensive,PROD_75765,2023-05-20 00:00:00,2024-07-01 00:00:00,Active,408
TRT_000530,PAT_00995,Osteoarthritis,Analgesic / anti-inflammatory,PROD_5917,2016-02-09 00:00:00,2017-02-20 00:00:00,Discontinued,377
TRT_000531,PAT_00996,"Diabetes mellitus (types combined), excluding gestational diabetes",Antidiabetic,PROD_74296,2018-03-15 00:00:00,2024-07-01 00:00:00,Active,2300
TRT_000532,PAT_00997,Osteoarthritis,Analgesic / anti-inflammatory,PROD_4980,2015-05-09 00:00:00,2015-07-19 00:00:00,Discontinued,71
TRT_000533,PAT_00997,Heart failure,Heart failure therapy,PROD_70034,2022-09-13 00:00:00,2024-07-01 00:00:00,Active,657
TRT_000534,PAT_00998,Acute myocardial infarction,Cardiovascular,PROD_73770,2023-12-08 00:00:00,2024-07-01 00:00:00,Active,206
TRT_000535,PAT_01001,Hypertension,Antihypertensive,PROD_75765,2021-12-09 00:00:00,2024-02-16 00:00:00,Discontinued,799
TRT_000536,PAT_01004,Hypertension,Antihypertensive,PROD_79542,2016-06-06 00:00:00,2024-07-01 00:00:00,Active,2947
TRT_000537,PAT_01005,Ischemic heart disease,Cardiovascular,PROD_78058,2018-02-19 00:00:00,2021-04-16 00:00:00,Discontinued,1152
TRT_000538,PAT_01006,Ischemic heart disease,Cardiovascular,PROD_78058,2024-01-20 00:00:00,2024-07-01 00:00:00,Active,163
TRT_000539,PAT_01008,"Diabetes mellitus (types combined), excluding gestational diabetes",Antidiabetic,PROD_62536,2017-08-19 00:00:00,2021-12-25 00:00:00,Discontinued,1589
TRT_000540,PAT_01010,Chronic obstructive pulmonary disease,Respiratory,PROD_13550,2023-02-04 00:00:00,2024-07-01 00:00:00,Active,513
TRT_000541,PAT_01014,Hypertension,Antihypertensive,PROD_79542,2022-06-09 00:00:00,2024-07-01 00:00:00,Active,753
TRT_000542,PAT_01015,Acute myocardial infarction,Cardiovascular,PROD_73770,2016-12-03 00:00:00,2021-12-28 00:00:00,Discontinued,1851
TRT_000543,PAT_01015,Hypertension,Antihypertensive,PROD_79542,2023-12-23 00:00:00,2024-07-01 00:00:00,Active,191
TRT_000544,PAT_01017,Asthma,Respiratory,PROD_69769,2022-05-25 06:00:00,2024-07-01 00:00:00,Active,767
TRT_000545,PAT_01018,Chronic obstructive pulmonary disease,Respiratory,PROD_13550,2019-07-11 00:00:00,2024-01-14 00:00:00,Discontinued,1648
TRT_000546,PAT_01021,Osteoarthritis,Analgesic / anti-inflammatory,PROD_5432,2019-10-17 00:00:00,2019-12-17 00:00:00,Discontinued,61
TRT_000547,PAT_01021,"Diabetes mellitus (types combined), excluding gestational diabetes",Antidiabetic,PROD_11727,2023-07-08 00:00:00,2024-07-01 00:00:00,Active,359
TRT_000548,PAT_01022,Chronic obstructive pulmonary disease,Respiratory,PROD_49895,2020-03-01 00:00:00,2024-07-01 00:00:00,Active,1583
TRT_000549,PAT_01023,Chronic obstructive pulmonary disease,Respiratory,PROD_49895,2015-12-07 00:00:00,2016-09-03 00:00:00,Discontinued,271
TRT_000550,PAT_01023,"Diabetes mellitus (types combined), excluding gestational diabetes",Antidiabetic,PROD_11727,2018-09-13 00:00:00,2024-07-01 00:00:00,Active,2118
TRT_000551,PAT_01024,Chronic obstructive pulmonary disease,Respiratory,PROD_69769,2017-06-08 00:00:00,2018-08-22 00:00:00,Discontinued,440
TRT_000552,PAT_01029,"Dementia, including Alzheimer disease",Cognitive disorder therapy,PROD_82234,2017-11-15 00:00:00,2023-09-15 00:00:00,Discontinued,2130
TRT_000553,PAT_01029,Heart failure,Heart failure therapy,PROD_2333,2019-03-27 00:00:00,2024-07-01 00:00:00,Active,1923
TRT_000554,PAT_01030,Heart failure,Heart failure therapy,PROD_70034,2021-06-01 00:00:00,2024-03-07 00:00:00,Discontinued,1010
TRT_000555,PAT_01032,Osteoporosis,Bone health,PROD_78367,2022-03-06 00:00:00,2024-07-01 00:00:00,Active,848
TRT_000556,PAT_01033,Acute myocardial infarction,Cardiovascular,PROD_78058,2019-11-07 00:00:00,2024-07-01 00:00:00,Active,1698
TRT_000557,PAT_01033,Osteoporosis,Bone health,PROD_78367,2023-06-02 00:00:00,2024-07-01 00:00:00,Active,395
TRT_000558,PAT_01036,Stroke,Antithrombotic / secondary prevention,PROD_19474,2015-11-27 00:00:00,2023-02-19 00:00:00,Discontinued,2641
TRT_000559,PAT_01038,Hypertension,Antihypertensive,PROD_79542,2015-09-24 00:00:00,2024-07-01 00:00:00,Active,3203
TRT_000560,PAT_01039,Asthma,Respiratory,PROD_69769,2016-08-24 00:00:00,2018-08-26 00:00:00,Discontinued,732
TRT_000561,PAT_01043,Chronic obstructive pulmonary disease,Respiratory,PROD_49895,2021-09-13 18:00:00,2022-05-26 18:00:00,Discontinued,255
TRT_000562,PAT_01044,Hypertension,Antihypertensive,PROD_79542,2021-09-09 00:00:00,2024-05-20 00:00:00,Discontinued,984
TRT_000563,PAT_01045,Hypertension,Antihypertensive,PROD_79542,2023-12-11 00:00:00,2024-07-01 00:00:00,Active,203
TRT_000564,PAT_01046,Hypertension,Antihypertensive,PROD_79542,2020-09-24 00:00:00,2023-01-28 00:00:00,Discontinued,856
TRT_000565,PAT_01048,Ischemic heart disease,Cardiovascular,PROD_78058,2018-12-03 00:00:00,2024-05-13 00:00:00,Discontinued,1988
TRT_000566,PAT_01049,Rheumatoid arthritis,Immunomodulatory / anti-inflammatory,PROD_74173,2021-07-27 00:00:00,2024-06-08 00:00:00,Discontinued,1047
TRT_000567,PAT_01049,Chronic obstructive pulmonary disease,Respiratory,PROD_49895,2024-03-30 00:00:00,2024-07-01 00:00:00,Active,93
TRT_000568,PAT_01054,Chronic obstructive pulmonary disease,Respiratory,PROD_49895,2021-08-21 00:00:00,2022-03-10 00:00:00,Discontinued,201
TRT_000569,PAT_01055,Hypertension,Antihypertensive,PROD_75765,2019-08-21 00:00:00,2022-05-30 00:00:00,Discontinued,1013
TRT_000570,PAT_01057,"Diabetes mellitus (types combined), excluding gestational diabetes",Antidiabetic,PROD_11727,2019-09-24 00:00:00,2023-01-17 00:00:00,Discontinued,1211
TRT_000571,PAT_01061,Chronic obstructive pulmonary disease,Respiratory,PROD_69769,2022-02-20 00:00:00,2022-11-17 00:00:00,Discontinued,270
TRT_000572,PAT_01061,Hypertension,Antihypertensive,PROD_77062,2022-08-25 00:00:00,2024-07-01 00:00:00,Active,676
TRT_000573,PAT_01065,Ischemic heart disease,Cardiovascular,PROD_78058,2020-01-27 00:00:00,2024-07-01 00:00:00,Active,1617
TRT_000574,PAT_01066,Ischemic heart disease,Cardiovascular,PROD_82362,2015-03-15 00:00:00,2018-07-29 00:00:00,Discontinued,1232
TRT_000575,PAT_01066,Hypertension,Antihypertensive,PROD_75765,2022-07-25 00:00:00,2024-07-01 00:00:00,Active,707
TRT_000576,PAT_01067,Osteoporosis,Bone health,PROD_73098,2014-11-07 00:00:00,2019-04-30 00:00:00,Discontinued,1635
TRT_000577,PAT_01069,Ischemic heart disease,Cardiovascular,PROD_73770,2020-06-25 00:00:00,2024-05-04 00:00:00,Discontinued,1409
TRT_000578,PAT_01072,"Diabetes mellitus (types combined), excluding gestational diabetes",Antidiabetic,PROD_11727,2017-07-28 00:00:00,2024-07-01 00:00:00,Active,2530
TRT_000579,PAT_01073,Osteoporosis,Bone health,PROD_78367,2015-07-04 00:00:00,2016-11-26 00:00:00,Discontinued,511
TRT_000580,PAT_01074,"Parkinsonism, including Parkinson disease",Parkinson's therapy,PROD_77772,2023-09-08 00:00:00,2024-07-01 00:00:00,Active,297
TRT_000581,PAT_01077,Asthma,Respiratory,PROD_13550,2020-04-23 00:00:00,2021-10-18 00:00:00,Discontinued,543
TRT_000582,PAT_01080,Asthma,Respiratory,PROD_49895,2021-03-15 00:00:00,2022-08-19 00:00:00,Discontinued,522
TRT_000583,PAT_01083,Hypertension,Antihypertensive,PROD_75765,2022-09-11 00:00:00,2024-07-01 00:00:00,Active,659
TRT_000584,PAT_01084,Asthma,Respiratory,PROD_69769,2016-02-26 00:00:00,2016-08-05 00:00:00,Discontinued,161
TRT_000585,PAT_01084,Hypertension,Antihypertensive,PROD_77062,2021-12-01 00:00:00,2023-05-08 00:00:00,Discontinued,523
TRT_000586,PAT_01085,Chronic obstructive pulmonary disease,Respiratory,PROD_13550,2015-02-10 00:00:00,2015-10-24 00:00:00,Discontinued,256
TRT_000587,PAT_01086,Osteoarthritis,Analgesic / anti-inflammatory,PROD_5432,2021-01-02 00:00:00,2021-05-26 00:00:00,Discontinued,144
TRT_000588,PAT_01087,Ischemic heart disease,Cardiovascular,PROD_78058,2019-12-31 00:00:00,2022-06-05 00:00:00,Discontinued,887
TRT_000589,PAT_01087,Hypertension,Antihypertensive,PROD_79542,2020-07-09 00:00:00,2022-01-31 00:00:00,Discontinued,571
TRT_000590,PAT_01089,"Diabetes mellitus (types combined), excluding gestational diabetes",Antidiabetic,PROD_11727,2023-06-09 00:00:00,2024-07-01 00:00:00,Active,388
TRT_000591,PAT_01093,Asthma,Respiratory,PROD_69769,2020-09-05 00:00:00,2021-09-13 00:00:00,Discontinued,373
TRT_000592,PAT_01098,Asthma,Respiratory,PROD_69769,2019-05-14 00:00:00,2020-06-05 00:00:00,Discontinued,388
TRT_000593,PAT_01101,Heart failure,Heart failure therapy,PROD_2333,2022-06-28 00:00:00,2024-07-01 00:00:00,Active,734
TRT_000594,PAT_01102,Epilepsy,Antiepileptic,PROD_9242,2022-01-02 00:00:00,2024-07-01 00:00:00,Active,911
TRT_000595,PAT_01103,"Diabetes mellitus (types combined), excluding gestational diabetes",Antidiabetic,PROD_74296,2024-02-20 00:00:00,2024-07-01 00:00:00,Active,132
TRT_000596,PAT_01105,"Diabetes mellitus (types combined), excluding gestational diabetes",Antidiabetic,PROD_62536,2019-08-08 00:00:00,2024-07-01 00:00:00,Active,1789
TRT_000597,PAT_01107,Hypertension,Antihypertensive,PROD_75765,2018-08-24 00:00:00,2020-02-15 00:00:00,Discontinued,540
TRT_000598,PAT_01108,Osteoarthritis,Analgesic / anti-inflammatory,PROD_5432,2024-05-29 00:00:00,2024-07-01 00:00:00,Active,33
TRT_000599,PAT_01114,"Dementia, including Alzheimer disease",Cognitive disorder therapy,PROD_80653,2022-07-15 06:00:00,2024-07-01 00:00:00,Active,716
TRT_000600,PAT_01119,Schizophrenia,Antipsychotic,PROD_73690,2015-10-14 00:00:00,2016-09-26 00:00:00,Discontinued,348
TRT_000601,PAT_01119,Stroke,Antithrombotic / secondary prevention,PROD_61080,2015-10-16 00:00:00,2019-05-04 00:00:00,Discontinued,1296
TRT_000602,PAT_01121,Hypertension,Antihypertensive,PROD_79542,2015-01-21 00:00:00,2020-11-22 00:00:00,Discontinued,2132
TRT_000603,PAT_01127,Osteoarthritis,Analgesic / anti-inflammatory,PROD_5432,2017-09-12 00:00:00,2018-07-27 00:00:00,Discontinued,318
TRT_000604,PAT_01134,Hypertension,Antihypertensive,PROD_79542,2019-02-23 00:00:00,2024-07-01 00:00:00,Active,1955
TRT_000605,PAT_01134,"Diabetes mellitus (types combined), excluding gestational diabetes",Antidiabetic,PROD_11727,2019-09-30 00:00:00,2024-07-01 00:00:00,Active,1736
TRT_000606,PAT_01134,Chronic obstructive pulmonary disease,Respiratory,PROD_69769,2022-01-24 00:00:00,2023-01-22 00:00:00,Discontinued,363
TRT_000607,PAT_01135,Asthma,Respiratory,PROD_49895,2020-12-10 00:00:00,2022-04-21 00:00:00,Discontinued,497
TRT_000608,PAT_01137,Osteoarthritis,Analgesic / anti-inflammatory,PROD_4980,2020-05-25 00:00:00,2020-08-03 00:00:00,Discontinued,70
TRT_000609,PAT_01139,Asthma,Respiratory,PROD_69769,2017-07-03 00:00:00,2017-11-02 00:00:00,Discontinued,122
TRT_000610,PAT_01141,Hypertension,Antihypertensive,PROD_77062,2022-09-28 00:00:00,2024-07-01 00:00:00,Active,642
TRT_000611,PAT_01142,Osteoarthritis,Analgesic / anti-inflammatory,PROD_5432,2015-02-23 00:00:00,2015-08-05 00:00:00,Discontinued,163
TRT_000612,PAT_01143,"Diabetes mellitus (types combined), excluding gestational diabetes",Antidiabetic,PROD_11727,2018-09-09 00:00:00,2022-07-19 00:00:00,Discontinued,1409
TRT_000613,PAT_01143,Hypertension,Antihypertensive,PROD_79542,2021-10-16 00:00:00,2024-07-01 00:00:00,Active,989
TRT_000614,PAT_01147,Asthma,Respiratory,PROD_13550,2021-05-22 00:00:00,2022-03-10 00:00:00,Discontinued,292
TRT_000615,PAT_01147,Hypertension,Antihypertensive,PROD_75765,2023-11-13 00:00:00,2024-07-01 00:00:00,Active,231
TRT_000616,PAT_01148,Asthma,Respiratory,PROD_13550,2018-12-06 06:00:00,2023-01-15 06:00:00,Discontinued,1501
TRT_000617,PAT_01153,Osteoarthritis,Analgesic / anti-inflammatory,PROD_5432,2024-06-22 00:00:00,2024-07-01 00:00:00,Active,9
TRT_000618,PAT_01158,Stroke,Antithrombotic / secondary prevention,PROD_19474,2015-04-07 00:00:00,2016-07-01 00:00:00,Discontinued,451
TRT_000619,PAT_01159,Osteoarthritis,Analgesic / anti-inflammatory,PROD_5917,2016-12-02 00:00:00,2017-03-18 00:00:00,Discontinued,106
TRT_000620,PAT_01164,Ischemic heart disease,Cardiovascular,PROD_73770,2019-05-20 00:00:00,2024-07-01 00:00:00,Active,1869
TRT_000621,PAT_01165,Asthma,Respiratory,PROD_69769,2020-08-17 00:00:00,2024-02-18 00:00:00,Discontinued,1280
TRT_000622,PAT_01168,Rheumatoid arthritis,Immunomodulatory / anti-inflammatory,PROD_74173,2018-03-01 00:00:00,2021-09-26 00:00:00,Discontinued,1305
TRT_000623,PAT_01170,"Diabetes mellitus (types combined), excluding gestational diabetes",Antidiabetic,PROD_74296,2016-04-18 00:00:00,2023-11-05 00:00:00,Discontinued,2757
TRT_000624,PAT_01173,Ischemic heart disease,Cardiovascular,PROD_73770,2022-03-11 00:00:00,2024-07-01 00:00:00,Active,843
TRT_000625,PAT_01180,"Diabetes mellitus (types combined), excluding gestational diabetes",Antidiabetic,PROD_11727,2020-03-08 00:00:00,2024-07-01 00:00:00,Active,1576
TRT_000626,PAT_01181,Hypertension,Antihypertensive,PROD_79542,2019-05-28 00:00:00,2021-01-07 00:00:00,Discontinued,590
TRT_000627,PAT_01181,Asthma,Respiratory,PROD_49895,2021-11-01 00:00:00,2024-07-01 00:00:00,Active,973
TRT_000628,PAT_01183,Hypertension,Antihypertensive,PROD_79542,2023-11-25 00:00:00,2024-07-01 00:00:00,Active,219
TRT_000629,PAT_01187,Chronic obstructive pulmonary disease,Respiratory,PROD_13550,2021-09-19 00:00:00,2022-10-12 00:00:00,Discontinued,388
TRT_000630,PAT_01187,Hypertension,Antihypertensive,PROD_77062,2022-08-15 00:00:00,2024-06-24 00:00:00,Discontinued,679
TRT_000631,PAT_01187,Osteoporosis,Bone health,PROD_73098,2023-08-18 00:00:00,2024-07-01 00:00:00,Active,318
TRT_000632,PAT_01190,Stroke,Antithrombotic / secondary prevention,PROD_61080,2021-08-13 00:00:00,2023-02-19 00:00:00,Discontinued,555
TRT_000633,PAT_01190,Chronic obstructive pulmonary disease,Respiratory,PROD_13550,2024-06-22 00:00:00,2024-07-01 00:00:00,Active,9
TRT_000634,PAT_01192,Asthma,Respiratory,PROD_69769,2016-01-10 00:00:00,2020-09-26 00:00:00,Discontinued,1721
TRT_000635,PAT_01194,Asthma,Respiratory,PROD_49895,2018-05-04 00:00:00,2020-03-22 00:00:00,Discontinued,688
TRT_000636,PAT_01198,Hypertension,Antihypertensive,PROD_75765,2020-08-27 00:00:00,2024-03-09 00:00:00,Discontinued,1290
TRT_000637,PAT_01200,Ischemic heart disease,Cardiovascular,PROD_78058,2023-12-16 00:00:00,2024-07-01 00:00:00,Active,198
TRT_000638,PAT_01201,Chronic obstructive pulmonary disease,Respiratory,PROD_49895,2022-07-07 18:00:00,2024-07-01 00:00:00,Active,724
TRT_000639,PAT_01201,Hypertension,Antihypertensive,PROD_79542,2023-03-10 00:00:00,2024-07-01 00:00:00,Active,479
TRT_000640,PAT_01202,Ischemic heart disease,Cardiovascular,PROD_78058,2023-02-23 00:00:00,2024-07-01 00:00:00,Active,494
TRT_000641,PAT_01203,Hypertension,Antihypertensive,PROD_77062,2024-04-29 00:00:00,2024-07-01 00:00:00,Active,63
TRT_000642,PAT_01206,Asthma,Respiratory,PROD_69769,2020-08-24 00:00:00,2023-01-22 00:00:00,Discontinued,881
TRT_000643,PAT_01212,Hypertension,Antihypertensive,PROD_77062,2020-11-30 00:00:00,2024-07-01 00:00:00,Active,1309
TRT_000644,PAT_01218,Hypertension,Antihypertensive,PROD_79542,2024-03-13 00:00:00,2024-07-01 00:00:00,Active,110
TRT_000645,PAT_01221,Hypertension,Antihypertensive,PROD_79542,2015-05-04 00:00:00,2024-02-07 00:00:00,Discontinued,3201
TRT_000646,PAT_01222,Stroke,Antithrombotic / secondary prevention,PROD_66470,2020-07-30 00:00:00,2021-03-12 00:00:00,Discontinued,225
TRT_000647,PAT_01226,"Diabetes mellitus (types combined), excluding gestational diabetes",Antidiabetic,PROD_74296,2018-10-05 00:00:00,2024-07-01 00:00:00,Active,2096
TRT_000648,PAT_01228,Asthma,Respiratory,PROD_69769,2017-06-05 00:00:00,2019-12-23 00:00:00,Discontinued,931
TRT_000649,PAT_01229,Rheumatoid arthritis,Immunomodulatory / anti-inflammatory,PROD_44161,2023-04-26 00:00:00,2023-12-17 00:00:00,Discontinued,235
TRT_000650,PAT_01230,Chronic obstructive pulmonary disease,Respiratory,PROD_49895,2024-01-15 18:00:00,2024-07-01 00:00:00,Active,167
TRT_000651,PAT_01233,Asthma,Respiratory,PROD_13550,2020-06-11 00:00:00,2021-04-24 00:00:00,Discontinued,317
TRT_000652,PAT_01235,Stroke,Antithrombotic / secondary prevention,PROD_66470,2021-06-25 00:00:00,2023-03-30 00:00:00,Discontinued,643
TRT_000653,PAT_01237,Ischemic heart disease,Cardiovascular,PROD_82362,2021-10-12 00:00:00,2024-07-01 00:00:00,Active,993
TRT_000654,PAT_01238,Chronic obstructive pulmonary disease,Respiratory,PROD_69769,2020-11-11 18:00:00,2021-05-04 18:00:00,Discontinued,174
TRT_000655,PAT_01239,"Diabetes mellitus (types combined), excluding gestational diabetes",Antidiabetic,PROD_74296,2017-07-21 00:00:00,2019-04-23 00:00:00,Discontinued,641
TRT_000656,PAT_01240,Asthma,Respiratory,PROD_49895,2020-06-27 00:00:00,2023-02-01 00:00:00,Discontinued,949
TRT_000657,PAT_01240,Osteoarthritis,Analgesic / anti-inflammatory,PROD_4980,2024-03-16 00:00:00,2024-07-01 00:00:00,Active,107
TRT_000658,PAT_01241,Chronic obstructive pulmonary disease,Respiratory,PROD_69769,2021-06-29 18:00:00,2023-02-28 18:00:00,Discontinued,609
TRT_000659,PAT_01245,Hypertension,Antihypertensive,PROD_79542,2016-11-06 00:00:00,2022-12-21 00:00:00,Discontinued,2236
TRT_000660,PAT_01245,Stroke,Antithrombotic / secondary prevention,PROD_66470,2023-09-13 00:00:00,2024-07-01 00:00:00,Active,292
TRT_000661,PAT_01246,Stroke,Antithrombotic / secondary prevention,PROD_61080,2018-05-15 00:00:00,2020-03-04 00:00:00,Discontinued,659
TRT_000662,PAT_01247,Acute myocardial infarction,Cardiovascular,PROD_78058,2016-05-22 00:00:00,2024-07-01 00:00:00,Active,2962
TRT_000663,PAT_01248,Schizophrenia,Antipsychotic,PROD_73690,2017-11-23 00:00:00,2022-10-02 00:00:00,Discontinued,1774
TRT_000664,PAT_01248,Osteoarthritis,Analgesic / anti-inflammatory,PROD_4980,2020-08-09 00:00:00,2020-10-19 00:00:00,Discontinued,71
TRT_000665,PAT_01249,Hypertension,Antihypertensive,PROD_79542,2018-01-12 00:00:00,2021-05-29 00:00:00,Discontinued,1233
TRT_000666,PAT_01251,Stroke,Antithrombotic / secondary prevention,PROD_19474,2018-10-19 00:00:00,2018-11-19 00:00:00,Discontinued,31
TRT_000667,PAT_01253,Hypertension,Antihypertensive,PROD_75765,2015-09-21 00:00:00,2024-07-01 00:00:00,Active,3206
TRT_000668,PAT_01255,Ischemic heart disease,Cardiovascular,PROD_82362,2016-01-14 00:00:00,2024-07-01 00:00:00,Active,3091
TRT_000669,PAT_01258,Stroke,Antithrombotic / secondary prevention,PROD_61080,2021-02-08 00:00:00,2021-12-23 00:00:00,Discontinued,318
TRT_000670,PAT_01258,"Diabetes mellitus (types combined), excluding gestational diabetes",Antidiabetic,PROD_11727,2021-08-15 00:00:00,2023-05-01 00:00:00,Discontinued,624
TRT_000671,PAT_01260,Hypertension,Antihypertensive,PROD_77062,2021-11-04 00:00:00,2023-12-11 00:00:00,Discontinued,767
TRT_000672,PAT_01260,Chronic obstructive pulmonary disease,Respiratory,PROD_49895,2022-08-24 18:00:00,2024-07-01 00:00:00,Active,676
TRT_000673,PAT_01270,Asthma,Respiratory,PROD_13550,2022-08-13 00:00:00,2023-12-27 00:00:00,Discontinued,501
TRT_000674,PAT_01272,Ischemic heart disease,Cardiovascular,PROD_78058,2017-10-31 00:00:00,2024-07-01 00:00:00,Active,2435
TRT_000675,PAT_01273,Chronic obstructive pulmonary disease,Respiratory,PROD_49895,2021-04-29 00:00:00,2022-12-17 00:00:00,Discontinued,597
TRT_000676,PAT_01276,Chronic obstructive pulmonary disease,Respiratory,PROD_69769,2021-07-20 00:00:00,2024-07-01 00:00:00,Active,1077
TRT_000677,PAT_01277,Ischemic heart disease,Cardiovascular,PROD_73770,2024-04-05 00:00:00,2024-07-01 00:00:00,Active,87
TRT_000678,PAT_01279,Hypertension,Antihypertensive,PROD_79542,2018-01-01 00:00:00,2024-07-01 00:00:00,Active,2373
TRT_000679,PAT_01281,"Diabetes mellitus (types combined), excluding gestational diabetes",Antidiabetic,PROD_11727,2017-05-01 00:00:00,2018-05-17 00:00:00,Discontinued,381
TRT_000680,PAT_01285,Hypertension,Antihypertensive,PROD_79542,2016-05-25 00:00:00,2018-05-18 00:00:00,Discontinued,723
TRT_000681,PAT_01286,"Diabetes mellitus (types combined), excluding gestational diabetes",Antidiabetic,PROD_74296,2022-07-21 00:00:00,2024-07-01 00:00:00,Active,711
TRT_000682,PAT_01287,Stroke,Antithrombotic / secondary prevention,PROD_61080,2018-08-02 00:00:00,2023-01-01 00:00:00,Discontinued,1613
TRT_000683,PAT_01287,Schizophrenia,Antipsychotic,PROD_73690,2023-05-07 00:00:00,2024-07-01 00:00:00,Active,421
TRT_000684,PAT_01289,Ischemic heart disease,Cardiovascular,PROD_73770,2024-06-26 00:00:00,2024-07-01 00:00:00,Active,5
TRT_000685,PAT_01293,Osteoarthritis,Analgesic / anti-inflammatory,PROD_5432,2017-09-14 00:00:00,2017-11-08 00:00:00,Discontinued,55
TRT_000686,PAT_01297,Hypertension,Antihypertensive,PROD_79542,2016-10-03 00:00:00,2017-11-28 00:00:00,Discontinued,421
TRT_000687,PAT_01297,Osteoarthritis,Analgesic / anti-inflammatory,PROD_5917,2019-07-16 00:00:00,2020-01-12 00:00:00,Discontinued,180
TRT_000688,PAT_01297,Chronic obstructive pulmonary disease,Respiratory,PROD_13550,2022-03-20 18:00:00,2023-01-30 18:00:00,Discontinued,316
TRT_000689,PAT_01298,Osteoarthritis,Analgesic / anti-inflammatory,PROD_4980,2016-11-01 00:00:00,2019-06-19 00:00:00,Discontinued,960
TRT_000690,PAT_01299,Osteoarthritis,Analgesic / anti-inflammatory,PROD_5432,2016-10-05 00:00:00,2016-11-24 00:00:00,Discontinued,50
TRT_000691,PAT_01299,"Diabetes mellitus (types combined), excluding gestational diabetes",Antidiabetic,PROD_62536,2020-05-19 00:00:00,2024-07-01 00:00:00,Active,1504
TRT_000692,PAT_01300,Asthma,Respiratory,PROD_69769,2021-04-14 00:00:00,2024-06-15 00:00:00,Discontinued,1158
TRT_000693,PAT_01303,Osteoporosis,Bone health,PROD_78367,2019-07-17 00:00:00,2021-02-27 00:00:00,Discontinued,591
TRT_000694,PAT_01304,"Diabetes mellitus (types combined), excluding gestational diabetes",Antidiabetic,PROD_62536,2018-07-09 00:00:00,2024-06-19 00:00:00,Discontinued,2172
TRT_000695,PAT_01304,Ischemic heart disease,Cardiovascular,PROD_78058,2021-12-12 00:00:00,2024-07-01 00:00:00,Active,932
TRT_000696,PAT_01305,"Diabetes mellitus (types combined), excluding gestational diabetes",Antidiabetic,PROD_62536,2017-04-02 00:00:00,2021-06-21 00:00:00,Discontinued,1541
TRT_000697,PAT_01307,Chronic obstructive pulmonary disease,Respiratory,PROD_49895,2021-04-15 18:00:00,2024-07-01 00:00:00,Active,1172
TRT_000698,PAT_01307,Asthma,Respiratory,PROD_69769,2022-12-25 00:00:00,2024-07-01 00:00:00,Active,554
TRT_000699,PAT_01308,Heart failure,Heart failure therapy,PROD_2333,2020-02-17 00:00:00,2024-07-01 00:00:00,Active,1596
TRT_000700,PAT_01311,Ischemic heart disease,Cardiovascular,PROD_82362,2020-11-24 00:00:00,2024-07-01 00:00:00,Active,1315
TRT_000701,PAT_01319,Asthma,Respiratory,PROD_69769,2019-05-05 00:00:00,2019-10-21 00:00:00,Discontinued,169
TRT_000702,PAT_01320,Hypertension,Antihypertensive,PROD_77062,2014-10-22 00:00:00,2019-07-11 00:00:00,Discontinued,1723
TRT_000703,PAT_01323,Asthma,Respiratory,PROD_49895,2022-12-20 06:00:00,2024-07-01 00:00:00,Active,558
TRT_000704,PAT_01326,Osteoarthritis,Analgesic / anti-inflammatory,PROD_5432,2015-10-27 00:00:00,2015-11-16 00:00:00,Discontinued,20
TRT_000705,PAT_01327,Hypertension,Antihypertensive,PROD_79542,2024-02-25 00:00:00,2024-07-01 00:00:00,Active,127
TRT_000706,PAT_01329,Heart failure,Heart failure therapy,PROD_2333,2016-11-01 00:00:00,2021-06-25 00:00:00,Discontinued,1697
TRT_000707,PAT_01332,"Diabetes mellitus (types combined), excluding gestational diabetes",Antidiabetic,PROD_62536,2019-01-05 00:00:00,2020-11-25 00:00:00,Discontinued,690
TRT_000708,PAT_01332,Asthma,Respiratory,PROD_49895,2020-03-11 00:00:00,2021-04-08 00:00:00,Discontinued,393
TRT_000709,PAT_01334,Hypertension,Antihypertensive,PROD_79542,2021-08-18 00:00:00,2024-07-01 00:00:00,Active,1048
TRT_000710,PAT_01334,"Dementia, including Alzheimer disease",Cognitive disorder therapy,PROD_80779,2021-11-06 06:00:00,2024-07-01 00:00:00,Active,967
TRT_000711,PAT_01334,"Diabetes mellitus (types combined), excluding gestational diabetes",Antidiabetic,PROD_11727,2024-05-13 00:00:00,2024-07-01 00:00:00,Active,49
TRT_000712,PAT_01335,Hypertension,Antihypertensive,PROD_77062,2023-06-18 00:00:00,2024-07-01 00:00:00,Active,379
TRT_000713,PAT_01341,Ischemic heart disease,Cardiovascular,PROD_78058,2023-04-27 00:00:00,2024-07-01 00:00:00,Active,431
TRT_000714,PAT_01358,"Dementia, including Alzheimer disease",Cognitive disorder therapy,PROD_82234,2018-08-05 06:00:00,2019-10-27 06:00:00,Discontinued,448
TRT_000715,PAT_01359,Asthma,Respiratory,PROD_13550,2016-02-24 00:00:00,2019-02-01 00:00:00,Discontinued,1073
TRT_000716,PAT_01361,Stroke,Antithrombotic / secondary prevention,PROD_19474,2015-11-10 00:00:00,2016-08-20 00:00:00,Discontinued,284
TRT_000717,PAT_01361,"Diabetes mellitus (types combined), excluding gestational diabetes",Antidiabetic,PROD_62536,2020-09-04 00:00:00,2024-07-01 00:00:00,Active,1396
TRT_000718,PAT_01361,Rheumatoid arthritis,Immunomodulatory / anti-inflammatory,PROD_44161,2021-05-30 00:00:00,2022-02-09 00:00:00,Discontinued,255
TRT_000719,PAT_01362,Hypertension,Antihypertensive,PROD_75765,2018-03-06 00:00:00,2023-06-15 00:00:00,Discontinued,1927
TRT_000720,PAT_01362,"Parkinsonism, including Parkinson disease",Parkinson's therapy,PROD_68471,2018-10-25 00:00:00,2024-07-01 00:00:00,Active,2076
TRT_000721,PAT_01364,Epilepsy,Antiepileptic,PROD_75964,2022-03-13 00:00:00,2024-07-01 00:00:00,Active,841
TRT_000722,PAT_01367,Hypertension,Antihypertensive,PROD_75765,2021-08-22 00:00:00,2024-07-01 00:00:00,Active,1044
TRT_000723,PAT_01368,Osteoarthritis,Analgesic / anti-inflammatory,PROD_5917,2018-05-18 00:00:00,2019-05-12 00:00:00,Discontinued,359
TRT_000724,PAT_01369,Osteoarthritis,Analgesic / anti-inflammatory,PROD_4980,2023-09-04 00:00:00,2023-09-22 00:00:00,Discontinued,18
TRT_000725,PAT_01370,Hypertension,Antihypertensive,PROD_79542,2017-12-12 00:00:00,2019-12-28 00:00:00,Discontinued,746
TRT_000726,PAT_01374,Asthma,Respiratory,PROD_13550,2021-05-29 00:00:00,2021-08-27 00:00:00,Discontinued,90
TRT_000727,PAT_01377,Hypertension,Antihypertensive,PROD_77062,2015-11-22 00:00:00,2023-12-02 00:00:00,Discontinued,2932
TRT_000728,PAT_01379,Acute myocardial infarction,Cardiovascular,PROD_82362,2024-02-05 00:00:00,2024-07-01 00:00:00,Active,147
TRT_000729,PAT_01383,Hypertension,Antihypertensive,PROD_77062,2016-02-06 00:00:00,2019-07-25 00:00:00,Discontinued,1265
TRT_000730,PAT_01383,Asthma,Respiratory,PROD_69769,2020-05-29 00:00:00,2021-08-13 00:00:00,Discontinued,441
TRT_000731,PAT_01385,Hypertension,Antihypertensive,PROD_75765,2014-10-16 00:00:00,2021-06-12 00:00:00,Discontinued,2431
TRT_000732,PAT_01386,Chronic obstructive pulmonary disease,Respiratory,PROD_69769,2024-04-09 18:00:00,2024-07-01 00:00:00,Active,82
TRT_000733,PAT_01393,Asthma,Respiratory,PROD_13550,2018-06-30 00:00:00,2018-12-03 00:00:00,Discontinued,156
TRT_000734,PAT_01393,Stroke,Antithrombotic / secondary prevention,PROD_61080,2023-11-27 00:00:00,2024-07-01 00:00:00,Active,217
TRT_000735,PAT_01397,Asthma,Respiratory,PROD_13550,2015-04-15 00:00:00,2020-04-05 00:00:00,Discontinued,1817
TRT_000736,PAT_01399,Stroke,Antithrombotic / secondary prevention,PROD_66470,2017-07-05 00:00:00,2018-12-21 00:00:00,Discontinued,534
TRT_000737,PAT_01399,Hypertension,Antihypertensive,PROD_75765,2019-03-10 00:00:00,2021-12-12 00:00:00,Discontinued,1008
TRT_000738,PAT_01404,Osteoarthritis,Analgesic / anti-inflammatory,PROD_5917,2019-09-19 00:00:00,2019-10-19 00:00:00,Discontinued,30
TRT_000739,PAT_01405,Osteoarthritis,Analgesic / anti-inflammatory,PROD_5432,2024-02-08 00:00:00,2024-07-01 00:00:00,Active,144
TRT_000740,PAT_01408,Ischemic heart disease,Cardiovascular,PROD_78058,2018-01-08 00:00:00,2020-11-24 00:00:00,Discontinued,1051
TRT_000741,PAT_01412,"Diabetes mellitus (types combined), excluding gestational diabetes",Antidiabetic,PROD_62536,2015-03-06 00:00:00,2017-04-16 00:00:00,Discontinued,772
TRT_000742,PAT_01417,Ischemic heart disease,Cardiovascular,PROD_73770,2020-12-21 00:00:00,2022-05-09 00:00:00,Discontinued,504
TRT_000743,PAT_01417,Chronic obstructive pulmonary disease,Respiratory,PROD_13550,2023-01-18 00:00:00,2023-05-28 00:00:00,Discontinued,130
TRT_000744,PAT_01418,"Diabetes mellitus (types combined), excluding gestational diabetes",Antidiabetic,PROD_74296,2024-06-03 06:00:00,2024-07-01 00:00:00,Active,27
TRT_000745,PAT_01419,Osteoporosis,Bone health,PROD_78367,2022-07-04 00:00:00,2024-07-01 00:00:00,Active,728
TRT_000746,PAT_01419,Asthma,Respiratory,PROD_69769,2023-12-02 00:00:00,2024-05-14 00:00:00,Discontinued,164
TRT_000747,PAT_01424,Ischemic heart disease,Cardiovascular,PROD_78058,2024-03-26 00:00:00,2024-07-01 00:00:00,Active,97
TRT_000748,PAT_01434,Hypertension,Antihypertensive,PROD_75765,2017-06-16 00:00:00,2021-08-11 00:00:00,Discontinued,1517
TRT_000749,PAT_01441,Heart failure,Heart failure therapy,PROD_5646,2022-03-14 00:00:00,2024-07-01 00:00:00,Active,840
TRT_000750,PAT_01445,Osteoporosis,Bone health,PROD_73098,2023-10-25 00:00:00,2024-07-01 00:00:00,Active,250
TRT_000751,PAT_01447,Heart failure,Heart failure therapy,PROD_5646,2020-10-28 00:00:00,2024-07-01 00:00:00,Active,1342
TRT_000752,PAT_01448,Heart failure,Heart failure therapy,PROD_5646,2023-07-21 00:00:00,2024-07-01 00:00:00,Active,346
TRT_000753,PAT_01451,Hypertension,Antihypertensive,PROD_79542,2014-10-18 00:00:00,2017-02-07 00:00:00,Discontinued,843
TRT_000754,PAT_01451,Acute myocardial infarction,Cardiovascular,PROD_78058,2016-07-18 00:00:00,2021-11-29 00:00:00,Discontinued,1960
TRT_000755,PAT_01452,"Dementia, including Alzheimer disease",Cognitive disorder therapy,PROD_80779,2020-03-08 00:00:00,2024-07-01 00:00:00,Active,1576
TRT_000756,PAT_01455,Chronic obstructive pulmonary disease,Respiratory,PROD_69769,2022-01-27 18:00:00,2023-09-23 18:00:00,Discontinued,604
TRT_000757,PAT_01456,Asthma,Respiratory,PROD_49895,2024-04-13 06:00:00,2024-07-01 00:00:00,Active,78
TRT_000758,PAT_01457,"Diabetes mellitus (types combined), excluding gestational diabetes",Antidiabetic,PROD_62536,2018-12-24 00:00:00,2019-12-15 00:00:00,Discontinued,356
TRT_000759,PAT_01459,Osteoarthritis,Analgesic / anti-inflammatory,PROD_5432,2020-01-29 00:00:00,2020-03-15 00:00:00,Discontinued,46
TRT_000760,PAT_01461,Stroke,Antithrombotic / secondary prevention,PROD_66470,2023-10-27 00:00:00,2024-07-01 00:00:00,Active,248
TRT_000761,PAT_01465,Osteoarthritis,Analgesic / anti-inflammatory,PROD_5917,2017-10-17 00:00:00,2018-04-22 00:00:00,Discontinued,187
TRT_000762,PAT_01466,Hypertension,Antihypertensive,PROD_79542,2018-07-26 00:00:00,2024-07-01 00:00:00,Active,2167
TRT_000763,PAT_01470,Asthma,Respiratory,PROD_49895,2018-01-24 00:00:00,2023-03-20 00:00:00,Discontinued,1881
TRT_000764,PAT_01471,Ischemic heart disease,Cardiovascular,PROD_73770,2016-10-07 00:00:00,2017-12-15 00:00:00,Discontinued,434
TRT_000765,PAT_01475,Asthma,Respiratory,PROD_49895,2020-06-20 00:00:00,2023-10-17 00:00:00,Discontinued,1214
TRT_000766,PAT_01478,Chronic obstructive pulmonary disease,Respiratory,PROD_69769,2023-10-18 00:00:00,2024-07-01 00:00:00,Active,257
TRT_000767,PAT_01480,"Diabetes mellitus (types combined), excluding gestational diabetes",Antidiabetic,PROD_74296,2023-05-02 00:00:00,2024-07-01 00:00:00,Active,426
TRT_000768,PAT_01484,Ischemic heart disease,Cardiovascular,PROD_82362,2018-11-21 00:00:00,2024-07-01 00:00:00,Active,2049
TRT_000769,PAT_01485,Hypertension,Antihypertensive,PROD_79542,2020-09-13 00:00:00,2024-07-01 00:00:00,Active,1387
TRT_000770,PAT_01485,Chronic obstructive pulmonary disease,Respiratory,PROD_49895,2022-05-15 18:00:00,2022-07-15 18:00:00,Discontinued,61
TRT_000771,PAT_01487,"Diabetes mellitus (types combined), excluding gestational diabetes",Antidiabetic,PROD_11727,2020-05-04 00:00:00,2024-07-01 00:00:00,Active,1519
TRT_000772,PAT_01487,Heart failure,Heart failure therapy,PROD_5646,2022-02-17 00:00:00,2024-07-01 00:00:00,Active,865
TRT_000773,PAT_01487,Osteoarthritis,Analgesic / anti-inflammatory,PROD_4980,2022-07-26 00:00:00,2023-03-12 00:00:00,Discontinued,229
TRT_000774,PAT_01488,Osteoarthritis,Analgesic / anti-inflammatory,PROD_5917,2016-03-27 00:00:00,2016-08-14 00:00:00,Discontinued,140
TRT_000775,PAT_01488,Heart failure,Heart failure therapy,PROD_70034,2017-04-30 00:00:00,2020-07-08 00:00:00,Discontinued,1165
TRT_000776,PAT_01489,"Diabetes mellitus (types combined), excluding gestational diabetes",Antidiabetic,PROD_62536,2022-10-31 00:00:00,2024-07-01 00:00:00,Active,609
TRT_000777,PAT_01494,Osteoarthritis,Analgesic / anti-inflammatory,PROD_5432,2021-04-19 00:00:00,2021-10-27 00:00:00,Discontinued,191
TRT_000778,PAT_01495,Hypertension,Antihypertensive,PROD_75765,2022-04-14 00:00:00,2024-07-01 00:00:00,Active,809
TRT_000779,PAT_01497,"Diabetes mellitus (types combined), excluding gestational diabetes",Antidiabetic,PROD_11727,2023-10-19 06:00:00,2024-07-01 00:00:00,Active,255
TRT_000780,PAT_01500,Heart failure,Heart failure therapy,PROD_2333,2017-09-12 00:00:00,2024-07-01 00:00:00,Active,2484
TRT_000781,PAT_01505,"Diabetes mellitus (types combined), excluding gestational diabetes",Antidiabetic,PROD_11727,2017-06-05 00:00:00,2021-03-25 00:00:00,Discontinued,1389
TRT_000782,PAT_01510,Ischemic heart disease,Cardiovascular,PROD_73770,2018-05-10 00:00:00,2022-03-30 00:00:00,Discontinued,1420
TRT_000783,PAT_01511,"Diabetes mellitus (types combined), excluding gestational diabetes",Antidiabetic,PROD_74296,2016-12-12 00:00:00,2022-01-31 00:00:00,Discontinued,1876
TRT_000784,PAT_01511,Hypertension,Antihypertensive,PROD_79542,2019-02-11 00:00:00,2021-05-12 00:00:00,Discontinued,821
TRT_000785,PAT_01514,Osteoarthritis,Analgesic / anti-inflammatory,PROD_5432,2023-05-16 00:00:00,2023-05-31 00:00:00,Discontinued,15
TRT_000786,PAT_01516,Osteoporosis,Bone health,PROD_73098,2023-05-18 00:00:00,2024-07-01 00:00:00,Active,410
TRT_000787,PAT_01519,"Diabetes mellitus (types combined), excluding gestational diabetes",Antidiabetic,PROD_74296,2018-06-15 00:00:00,2019-07-31 00:00:00,Discontinued,411
TRT_000788,PAT_01521,Osteoporosis,Bone health,PROD_78367,2020-08-19 00:00:00,2022-04-14 00:00:00,Discontinued,603
TRT_000789,PAT_01523,Hypertension,Antihypertensive,PROD_77062,2024-01-12 00:00:00,2024-07-01 00:00:00,Active,171
TRT_000790,PAT_01526,Chronic obstructive pulmonary disease,Respiratory,PROD_49895,2023-12-27 00:00:00,2024-04-10 00:00:00,Discontinued,105
TRT_000791,PAT_01528,Hypertension,Antihypertensive,PROD_77062,2023-10-22 00:00:00,2024-07-01 00:00:00,Active,253
TRT_000792,PAT_01529,Hypertension,Antihypertensive,PROD_79542,2016-01-07 00:00:00,2020-03-31 00:00:00,Discontinued,1545
TRT_000793,PAT_01529,Asthma,Respiratory,PROD_69769,2017-08-25 00:00:00,2018-10-22 00:00:00,Discontinued,423
TRT_000794,PAT_01529,Osteoporosis,Bone health,PROD_73098,2023-10-04 00:00:00,2024-07-01 00:00:00,Active,271
TRT_000795,PAT_01530,"Diabetes mellitus (types combined), excluding gestational diabetes",Antidiabetic,PROD_74296,2020-12-15 00:00:00,2024-01-05 00:00:00,Discontinued,1116
TRT_000796,PAT_01530,Stroke,Antithrombotic / secondary prevention,PROD_66470,2023-10-11 00:00:00,2024-07-01 00:00:00,Active,264
TRT_000797,PAT_01531,Asthma,Respiratory,PROD_13550,2016-09-28 00:00:00,2018-03-02 00:00:00,Discontinued,520
TRT_000798,PAT_01532,"Diabetes mellitus (types combined), excluding gestational diabetes",Antidiabetic,PROD_74296,2021-07-24 00:00:00,2024-07-01 00:00:00,Active,1073
TRT_000799,PAT_01535,Hypertension,Antihypertensive,PROD_77062,2023-01-17 00:00:00,2024-07-01 00:00:00,Active,531
TRT_000800,PAT_01538,Ischemic heart disease,Cardiovascular,PROD_73770,2021-03-28 00:00:00,2024-07-01 00:00:00,Active,1191
TRT_000801,PAT_01539,Acute myocardial infarction,Cardiovascular,PROD_82362,2014-09-12 00:00:00,2015-12-11 00:00:00,Discontinued,455
TRT_000802,PAT_01539,Ischemic heart disease,Cardiovascular,PROD_82362,2016-10-28 00:00:00,2019-08-29 00:00:00,Discontinued,1035
TRT_000803,PAT_01540,Osteoporosis,Bone health,PROD_73098,2016-01-01 00:00:00,2018-10-30 00:00:00,Discontinued,1033
TRT_000804,PAT_01541,Osteoporosis,Bone health,PROD_73098,2018-06-24 00:00:00,2020-05-11 00:00:00,Discontinued,687
TRT_000805,PAT_01541,Heart failure,Heart failure therapy,PROD_70034,2024-06-20 00:00:00,2024-07-01 00:00:00,Active,11
TRT_000806,PAT_01542,"Diabetes mellitus (types combined), excluding gestational diabetes",Antidiabetic,PROD_74296,2016-03-24 06:00:00,2021-06-29 06:00:00,Discontinued,1923
TRT_000807,PAT_01543,Hypertension,Antihypertensive,PROD_75765,2016-11-01 00:00:00,2024-07-01 00:00:00,Active,2799
TRT_000808,PAT_01544,"Diabetes mellitus (types combined), excluding gestational diabetes",Antidiabetic,PROD_62536,2016-04-05 00:00:00,2019-09-22 00:00:00,Discontinued,1265
TRT_000809,PAT_01544,Osteoarthritis,Analgesic / anti-inflammatory,PROD_4980,2021-03-20 00:00:00,2021-06-18 00:00:00,Discontinued,90
TRT_000810,PAT_01546,Asthma,Respiratory,PROD_13550,2017-02-27 00:00:00,2017-07-25 00:00:00,Discontinued,148
TRT_000811,PAT_01551,Hypertension,Antihypertensive,PROD_77062,2024-06-08 00:00:00,2024-07-01 00:00:00,Active,23
TRT_000812,PAT_01552,Osteoporosis,Bone health,PROD_73098,2022-11-10 00:00:00,2024-07-01 00:00:00,Active,599
TRT_000813,PAT_01555,Asthma,Respiratory,PROD_49895,2021-03-08 00:00:00,2024-07-01 00:00:00,Active,1211
TRT_000814,PAT_01556,Stroke,Antithrombotic / secondary prevention,PROD_61080,2021-11-16 00:00:00,2024-07-01 00:00:00,Active,958
TRT_000815,PAT_01557,Osteoarthritis,Analgesic / anti-inflammatory,PROD_5432,2017-12-26 00:00:00,2018-02-28 00:00:00,Discontinued,64
TRT_000816,PAT_01557,Hypertension,Antihypertensive,PROD_79542,2021-12-13 00:00:00,2024-07-01 00:00:00,Active,931
TRT_000817,PAT_01559,Osteoarthritis,Analgesic / anti-inflammatory,PROD_4980,2019-08-22 00:00:00,2020-08-09 00:00:00,Discontinued,353
TRT_000818,PAT_01559,Hypertension,Antihypertensive,PROD_79542,2024-06-06 00:00:00,2024-07-01 00:00:00,Active,25
TRT_000819,PAT_01561,Hypertension,Antihypertensive,PROD_75765,2015-04-05 00:00:00,2016-03-15 00:00:00,Discontinued,345
TRT_000820,PAT_01567,Hypertension,Antihypertensive,PROD_75765,2018-12-19 00:00:00,2024-07-01 00:00:00,Active,2021
TRT_000821,PAT_01569,Hypertension,Antihypertensive,PROD_77062,2021-04-18 00:00:00,2024-07-01 00:00:00,Active,1170
TRT_000822,PAT_01570,Asthma,Respiratory,PROD_13550,2020-11-19 00:00:00,2024-07-01 00:00:00,Active,1320
TRT_000823,PAT_01573,Ischemic heart disease,Cardiovascular,PROD_73770,2018-09-27 00:00:00,2024-07-01 00:00:00,Active,2104
TRT_000824,PAT_01574,Ischemic heart disease,Cardiovascular,PROD_78058,2019-12-29 00:00:00,2021-05-07 00:00:00,Discontinued,495
TRT_000825,PAT_01577,Osteoporosis,Bone health,PROD_78367,2016-12-23 00:00:00,2020-07-02 00:00:00,Discontinued,1287
TRT_000826,PAT_01582,Hypertension,Antihypertensive,PROD_77062,2020-05-29 00:00:00,2024-07-01 00:00:00,Active,1494
TRT_000827,PAT_01584,Hypertension,Antihypertensive,PROD_79542,2016-02-27 00:00:00,2022-09-20 00:00:00,Discontinued,2397
TRT_000828,PAT_01587,Hypertension,Antihypertensive,PROD_75765,2024-01-31 00:00:00,2024-07-01 00:00:00,Active,152
TRT_000829,PAT_01591,"Dementia, including Alzheimer disease",Cognitive disorder therapy,PROD_80779,2021-03-27 06:00:00,2024-07-01 00:00:00,Active,1191
TRT_000830,PAT_01593,Hypertension,Antihypertensive,PROD_77062,2017-10-21 00:00:00,2024-07-01 00:00:00,Active,2445
TRT_000831,PAT_01599,"Diabetes mellitus (types combined), excluding gestational diabetes",Antidiabetic,PROD_74296,2023-05-21 00:00:00,2024-07-01 00:00:00,Active,407
TRT_000832,PAT_01615,"Diabetes mellitus (types combined), excluding gestational diabetes",Antidiabetic,PROD_74296,2015-10-27 00:00:00,2024-07-01 00:00:00,Active,3170
TRT_000833,PAT_01617,Ischemic heart disease,Cardiovascular,PROD_73770,2018-05-04 00:00:00,2024-07-01 00:00:00,Active,2250
TRT_000834,PAT_01618,"Diabetes mellitus (types combined), excluding gestational diabetes",Antidiabetic,PROD_62536,2017-09-29 00:00:00,2024-07-01 00:00:00,Active,2467
TRT_000835,PAT_01618,Hypertension,Antihypertensive,PROD_77062,2019-11-01 00:00:00,2024-07-01 00:00:00,Active,1704
TRT_000836,PAT_01621,Stroke,Antithrombotic / secondary prevention,PROD_66470,2017-08-19 00:00:00,2019-12-12 00:00:00,Discontinued,845
TRT_000837,PAT_01622,Hypertension,Antihypertensive,PROD_75765,2018-07-04 00:00:00,2024-07-01 00:00:00,Active,2189
TRT_000838,PAT_01622,Stroke,Antithrombotic / secondary prevention,PROD_61080,2018-10-03 00:00:00,2020-04-13 00:00:00,Discontinued,558
TRT_000839,PAT_01624,Rheumatoid arthritis,Immunomodulatory / anti-inflammatory,PROD_74173,2017-10-29 00:00:00,2024-07-01 00:00:00,Active,2437
TRT_000840,PAT_01628,Osteoarthritis,Analgesic / anti-inflammatory,PROD_5432,2022-01-17 00:00:00,2022-03-07 00:00:00,Discontinued,49
TRT_000841,PAT_01630,Schizophrenia,Antipsychotic,PROD_76239,2018-05-11 00:00:00,2023-02-13 00:00:00,Discontinued,1739
TRT_000842,PAT_01630,Osteoarthritis,Analgesic / anti-inflammatory,PROD_5432,2024-03-26 00:00:00,2024-06-15 00:00:00,Discontinued,81
TRT_000843,PAT_01633,"Diabetes mellitus (types combined), excluding gestational diabetes",Antidiabetic,PROD_62536,2022-05-08 00:00:00,2023-12-30 00:00:00,Discontinued,601
TRT_000844,PAT_01638,Osteoarthritis,Analgesic / anti-inflammatory,PROD_4980,2021-10-30 00:00:00,2022-01-15 00:00:00,Discontinued,77
TRT_000845,PAT_01639,Ischemic heart disease,Cardiovascular,PROD_82362,2020-08-23 00:00:00,2023-12-17 00:00:00,Discontinued,1211
TRT_000846,PAT_01643,"Dementia, including Alzheimer disease",Cognitive disorder therapy,PROD_80779,2024-04-07 06:00:00,2024-07-01 00:00:00,Active,84
TRT_000847,PAT_01648,"Diabetes mellitus (types combined), excluding gestational diabetes",Antidiabetic,PROD_74296,2014-07-30 00:00:00,2019-12-05 00:00:00,Discontinued,1954
TRT_000848,PAT_01651,Ischemic heart disease,Cardiovascular,PROD_82362,2016-07-09 00:00:00,2018-11-04 00:00:00,Discontinued,848
TRT_000849,PAT_01651,Acute myocardial infarction,Cardiovascular,PROD_78058,2019-05-25 00:00:00,2024-07-01 00:00:00,Active,1864
TRT_000850,PAT_01655,Ischemic heart disease,Cardiovascular,PROD_82362,2020-12-01 00:00:00,2024-07-01 00:00:00,Active,1308
TRT_000851,PAT_01655,Hypertension,Antihypertensive,PROD_79542,2023-01-23 00:00:00,2024-07-01 00:00:00,Active,525
TRT_000852,PAT_01656,"Diabetes mellitus (types combined), excluding gestational diabetes",Antidiabetic,PROD_74296,2023-05-02 00:00:00,2024-07-01 00:00:00,Active,426
TRT_000853,PAT_01657,Osteoarthritis,Analgesic / anti-inflammatory,PROD_4980,2014-09-20 00:00:00,2014-12-16 00:00:00,Discontinued,87
TRT_000854,PAT_01657,Hypertension,Antihypertensive,PROD_75765,2020-10-02 00:00:00,2024-07-01 00:00:00,Active,1368
TRT_000855,PAT_01659,"Diabetes mellitus (types combined), excluding gestational diabetes",Antidiabetic,PROD_11727,2015-09-27 00:00:00,2018-12-23 00:00:00,Discontinued,1183
TRT_000856,PAT_01661,Hypertension,Antihypertensive,PROD_75765,2020-01-20 00:00:00,2024-07-01 00:00:00,Active,1624
TRT_000857,PAT_01662,Asthma,Respiratory,PROD_69769,2020-02-06 00:00:00,2021-05-11 00:00:00,Discontinued,460
TRT_000858,PAT_01664,Asthma,Respiratory,PROD_13550,2017-10-23 00:00:00,2018-02-27 00:00:00,Discontinued,127
TRT_000859,PAT_01667,Asthma,Respiratory,PROD_13550,2016-11-25 00:00:00,2018-08-09 00:00:00,Discontinued,622
TRT_000860,PAT_01667,"Diabetes mellitus (types combined), excluding gestational diabetes",Antidiabetic,PROD_74296,2021-11-13 00:00:00,2024-07-01 00:00:00,Active,961
TRT_000861,PAT_01667,Epilepsy,Antiepileptic,PROD_75964,2023-12-09 00:00:00,2024-07-01 00:00:00,Active,205
TRT_000862,PAT_01669,Osteoarthritis,Analgesic / anti-inflammatory,PROD_5917,2016-07-28 00:00:00,2016-11-25 00:00:00,Discontinued,120
TRT_000863,PAT_01672,Asthma,Respiratory,PROD_69769,2018-08-21 00:00:00,2023-12-29 00:00:00,Discontinued,1956
TRT_000864,PAT_01673,Heart failure,Heart failure therapy,PROD_5646,2018-08-09 00:00:00,2021-04-01 00:00:00,Discontinued,966
TRT_000865,PAT_01673,Hypertension,Antihypertensive,PROD_79542,2020-09-19 00:00:00,2024-07-01 00:00:00,Active,1381
TRT_000866,PAT_01674,Stroke,Antithrombotic / secondary prevention,PROD_66470,2015-07-01 00:00:00,2016-03-12 00:00:00,Discontinued,255
TRT_000867,PAT_01674,Ischemic heart disease,Cardiovascular,PROD_73770,2023-03-13 00:00:00,2024-07-01 00:00:00,Active,476
TRT_000868,PAT_01676,Hypertension,Antihypertensive,PROD_75765,2019-10-14 00:00:00,2022-12-25 00:00:00,Discontinued,1168
TRT_000869,PAT_01677,Osteoporosis,Bone health,PROD_73098,2015-11-26 00:00:00,2018-07-26 00:00:00,Discontinued,973
TRT_000870,PAT_01680,Hypertension,Antihypertensive,PROD_77062,2015-07-12 00:00:00,2023-04-13 00:00:00,Discontinued,2832
TRT_000871,PAT_01681,Hypertension,Antihypertensive,PROD_79542,2019-04-25 00:00:00,2024-07-01 00:00:00,Active,1894
TRT_000872,PAT_01682,Hypertension,Antihypertensive,PROD_75765,2015-05-23 00:00:00,2017-08-26 00:00:00,Discontinued,826
TRT_000873,PAT_01683,Hypertension,Antihypertensive,PROD_75765,2016-01-09 00:00:00,2024-07-01 00:00:00,Active,3096
TRT_000874,PAT_01683,"Diabetes mellitus (types combined), excluding gestational diabetes",Antidiabetic,PROD_11727,2023-04-16 00:00:00,2024-07-01 00:00:00,Active,442
TRT_000875,PAT_01684,"Diabetes mellitus (types combined), excluding gestational diabetes",Antidiabetic,PROD_11727,2018-05-28 00:00:00,2020-12-11 00:00:00,Discontinued,928
TRT_000876,PAT_01691,Osteoarthritis,Analgesic / anti-inflammatory,PROD_5917,2015-05-13 00:00:00,2016-01-08 00:00:00,Discontinued,240
TRT_000877,PAT_01694,Ischemic heart disease,Cardiovascular,PROD_78058,2018-06-05 00:00:00,2024-07-01 00:00:00,Active,2218
TRT_000878,PAT_01694,"Diabetes mellitus (types combined), excluding gestational diabetes",Antidiabetic,PROD_74296,2022-05-03 00:00:00,2024-07-01 00:00:00,Active,790
TRT_000879,PAT_01697,Osteoarthritis,Analgesic / anti-inflammatory,PROD_4980,2018-09-20 00:00:00,2019-01-18 00:00:00,Discontinued,120
TRT_000880,PAT_01699,"Diabetes mellitus (types combined), excluding gestational diabetes",Antidiabetic,PROD_11727,2018-12-22 00:00:00,2023-11-16 00:00:00,Discontinued,1790
TRT_000881,PAT_01699,Chronic obstructive pulmonary disease,Respiratory,PROD_69769,2022-01-12 00:00:00,2024-07-01 00:00:00,Active,901
TRT_000882,PAT_01700,Asthma,Respiratory,PROD_13550,2019-03-30 00:00:00,2021-01-19 00:00:00,Discontinued,661
TRT_000883,PAT_01700,Hypertension,Antihypertensive,PROD_75765,2024-01-25 00:00:00,2024-07-01 00:00:00,Active,158
TRT_000884,PAT_01706,Asthma,Respiratory,PROD_49895,2019-06-05 00:00:00,2019-08-16 00:00:00,Discontinued,72
TRT_000885,PAT_01706,Epilepsy,Antiepileptic,PROD_75964,2022-09-30 00:00:00,2024-07-01 00:00:00,Active,640
TRT_000886,PAT_01708,Asthma,Respiratory,PROD_13550,2015-04-22 00:00:00,2016-05-03 00:00:00,Discontinued,377
TRT_000887,PAT_01709,"Dementia, including Alzheimer disease",Cognitive disorder therapy,PROD_80653,2019-10-14 06:00:00,2024-07-01 00:00:00,Active,1721
TRT_000888,PAT_01709,Hypertension,Antihypertensive,PROD_77062,2020-07-22 00:00:00,2024-07-01 00:00:00,Active,1440
TRT_000889,PAT_01713,Stroke,Antithrombotic / secondary prevention,PROD_61080,2022-04-23 00:00:00,2023-05-15 00:00:00,Discontinued,387
TRT_000890,PAT_01715,Osteoarthritis,Analgesic / anti-inflammatory,PROD_5432,2019-09-24 00:00:00,2020-04-15 00:00:00,Discontinued,204
TRT_000891,PAT_01716,Hypertension,Antihypertensive,PROD_75765,2022-06-23 00:00:00,2024-07-01 00:00:00,Active,739
TRT_000892,PAT_01718,Epilepsy,Antiepileptic,PROD_75964,2016-03-08 00:00:00,2021-10-31 00:00:00,Discontinued,2063
TRT_000893,PAT_01720,Asthma,Respiratory,PROD_49895,2014-09-28 00:00:00,2016-01-18 00:00:00,Discontinued,477
TRT_000894,PAT_01720,Hypertension,Antihypertensive,PROD_75765,2021-08-14 00:00:00,2024-07-01 00:00:00,Active,1052
TRT_000895,PAT_01724,Asthma,Respiratory,PROD_49895,2022-12-07 00:00:00,2023-09-02 00:00:00,Discontinued,269
TRT_000896,PAT_01728,"Diabetes mellitus (types combined), excluding gestational diabetes",Antidiabetic,PROD_11727,2022-11-12 00:00:00,2024-07-01 00:00:00,Active,597
TRT_000897,PAT_01733,Hypertension,Antihypertensive,PROD_77062,2024-01-09 00:00:00,2024-07-01 00:00:00,Active,174
TRT_000898,PAT_01734,Hypertension,Antihypertensive,PROD_79542,2024-01-20 00:00:00,2024-07-01 00:00:00,Active,163
TRT_000899,PAT_01735,Asthma,Respiratory,PROD_49895,2019-09-14 00:00:00,2020-07-16 00:00:00,Discontinued,306
TRT_000900,PAT_01737,Osteoarthritis,Analgesic / anti-inflammatory,PROD_5432,2023-01-06 00:00:00,2023-03-09 00:00:00,Discontinued,62
TRT_000901,PAT_01739,Osteoporosis,Bone health,PROD_73098,2021-04-29 00:00:00,2023-07-11 00:00:00,Discontinued,803
TRT_000902,PAT_01741,Schizophrenia,Antipsychotic,PROD_76239,2019-12-23 12:00:00,2021-07-28 12:00:00,Discontinued,583
TRT_000903,PAT_01742,Asthma,Respiratory,PROD_69769,2018-05-06 00:00:00,2018-10-10 00:00:00,Discontinued,157
TRT_000904,PAT_01743,Osteoporosis,Bone health,PROD_73098,2022-05-07 00:00:00,2023-02-16 00:00:00,Discontinued,285
TRT_000905,PAT_01745,Hypertension,Antihypertensive,PROD_75765,2018-04-10 00:00:00,2024-07-01 00:00:00,Active,2274
TRT_000906,PAT_01750,Ischemic heart disease,Cardiovascular,PROD_82362,2015-01-28 00:00:00,2016-02-06 00:00:00,Discontinued,374
TRT_000907,PAT_01750,Hypertension,Antihypertensive,PROD_77062,2020-04-28 00:00:00,2024-07-01 00:00:00,Active,1525
TRT_000908,PAT_01751,Asthma,Respiratory,PROD_13550,2022-03-15 00:00:00,2024-07-01 00:00:00,Active,839
TRT_000909,PAT_01757,Chronic obstructive pulmonary disease,Respiratory,PROD_49895,2017-05-02 00:00:00,2018-08-10 00:00:00,Discontinued,465
TRT_000910,PAT_01758,"Diabetes mellitus (types combined), excluding gestational diabetes",Antidiabetic,PROD_11727,2017-05-27 00:00:00,2024-07-01 00:00:00,Active,2592
TRT_000911,PAT_01761,Hypertension,Antihypertensive,PROD_77062,2015-11-13 00:00:00,2020-10-09 00:00:00,Discontinued,1792
TRT_000912,PAT_01762,Hypertension,Antihypertensive,PROD_79542,2016-08-21 00:00:00,2024-07-01 00:00:00,Active,2871
TRT_000913,PAT_01765,Osteoarthritis,Analgesic / anti-inflammatory,PROD_4980,2016-09-08 00:00:00,2016-11-09 00:00:00,Discontinued,62
TRT_000914,PAT_01765,"Diabetes mellitus (types combined), excluding gestational diabetes",Antidiabetic,PROD_74296,2021-09-20 00:00:00,2022-07-27 00:00:00,Discontinued,310
TRT_000915,PAT_01773,Stroke,Antithrombotic / secondary prevention,PROD_19474,2021-11-15 00:00:00,2023-04-05 00:00:00,Discontinued,506
TRT_000916,PAT_01774,Osteoarthritis,Analgesic / anti-inflammatory,PROD_4980,2021-01-10 00:00:00,2021-12-29 00:00:00,Discontinued,353
TRT_000917,PAT_01778,Chronic obstructive pulmonary disease,Respiratory,PROD_69769,2015-03-27 00:00:00,2017-10-18 00:00:00,Discontinued,936
TRT_000918,PAT_01780,Asthma,Respiratory,PROD_49895,2019-07-13 00:00:00,2020-06-04 00:00:00,Discontinued,327
TRT_000919,PAT_01784,Hypertension,Antihypertensive,PROD_79542,2019-12-19 00:00:00,2024-07-01 00:00:00,Active,1656
TRT_000920,PAT_01785,Hypertension,Antihypertensive,PROD_79542,2018-06-09 00:00:00,2024-07-01 00:00:00,Active,2214
TRT_000921,PAT_01786,Asthma,Respiratory,PROD_69769,2022-06-27 06:00:00,2023-11-12 06:00:00,Discontinued,503
TRT_000922,PAT_01788,Hypertension,Antihypertensive,PROD_75765,2022-07-01 00:00:00,2024-07-01 00:00:00,Active,731
TRT_000923,PAT_01791,Rheumatoid arthritis,Immunomodulatory / anti-inflammatory,PROD_19681,2017-06-08 00:00:00,2018-08-17 00:00:00,Discontinued,435
TRT_000924,PAT_01793,Hypertension,Antihypertensive,PROD_75765,2022-06-28 00:00:00,2024-07-01 00:00:00,Active,734
TRT_000925,PAT_01795,Osteoarthritis,Analgesic / anti-inflammatory,PROD_5432,2024-04-18 00:00:00,2024-07-01 00:00:00,Active,74
TRT_000926,PAT_01798,Hypertension,Antihypertensive,PROD_77062,2015-12-20 00:00:00,2018-12-04 00:00:00,Discontinued,1080
TRT_000927,PAT_01805,Asthma,Respiratory,PROD_69769,2015-01-27 00:00:00,2016-01-20 00:00:00,Discontinued,358
TRT_000928,PAT_01809,Hypertension,Antihypertensive,PROD_75765,2019-05-10 00:00:00,2024-07-01 00:00:00,Active,1879
TRT_000929,PAT_01811,Hypertension,Antihypertensive,PROD_75765,2016-05-25 00:00:00,2021-12-19 00:00:00,Discontinued,2034
TRT_000930,PAT_01815,Hypertension,Antihypertensive,PROD_77062,2018-08-11 00:00:00,2024-07-01 00:00:00,Active,2151
TRT_000931,PAT_01815,"Diabetes mellitus (types combined), excluding gestational diabetes",Antidiabetic,PROD_62536,2019-06-20 00:00:00,2020-12-06 00:00:00,Discontinued,535
TRT_000932,PAT_01815,Ischemic heart disease,Cardiovascular,PROD_82362,2022-09-07 00:00:00,2024-07-01 00:00:00,Active,663
TRT_000933,PAT_01816,Asthma,Respiratory,PROD_13550,2022-04-15 00:00:00,2024-04-14 00:00:00,Discontinued,730
TRT_000934,PAT_01817,Hypertension,Antihypertensive,PROD_77062,2022-03-28 00:00:00,2024-07-01 00:00:00,Active,826
TRT_000935,PAT_01818,Hypertension,Antihypertensive,PROD_79542,2021-11-12 00:00:00,2024-07-01 00:00:00,Active,962
TRT_000936,PAT_01819,Asthma,Respiratory,PROD_49895,2022-10-29 06:00:00,2023-10-28 06:00:00,Discontinued,364
TRT_000937,PAT_01820,Asthma,Respiratory,PROD_69769,2017-01-16 00:00:00,2017-11-15 00:00:00,Discontinued,303
TRT_000938,PAT_01822,Chronic obstructive pulmonary disease,Respiratory,PROD_49895,2016-01-20 00:00:00,2017-03-25 00:00:00,Discontinued,430
TRT_000939,PAT_01822,Osteoporosis,Bone health,PROD_73098,2018-06-12 00:00:00,2020-09-18 00:00:00,Discontinued,829
TRT_000940,PAT_01825,Asthma,Respiratory,PROD_69769,2019-06-10 00:00:00,2024-07-01 00:00:00,Active,1848
TRT_000941,PAT_01825,Osteoarthritis,Analgesic / anti-inflammatory,PROD_5432,2019-12-07 00:00:00,2020-06-11 00:00:00,Discontinued,187
TRT_000942,PAT_01827,Osteoporosis,Bone health,PROD_73098,2017-12-27 00:00:00,2019-08-31 00:00:00,Discontinued,612
TRT_000943,PAT_01828,Hypertension,Antihypertensive,PROD_75765,2020-07-17 00:00:00,2024-07-01 00:00:00,Active,1445
TRT_000944,PAT_01832,Hypertension,Antihypertensive,PROD_75765,2023-05-08 00:00:00,2024-07-01 00:00:00,Active,420
TRT_000945,PAT_01834,Heart failure,Heart failure therapy,PROD_2333,2022-06-16 00:00:00,2024-07-01 00:00:00,Active,746
TRT_000946,PAT_01835,"Diabetes mellitus (types combined), excluding gestational diabetes",Antidiabetic,PROD_74296,2020-11-30 00:00:00,2024-07-01 00:00:00,Active,1309
TRT_000947,PAT_01837,Asthma,Respiratory,PROD_49895,2021-01-29 06:00:00,2021-04-15 06:00:00,Discontinued,76
TRT_000948,PAT_01837,"Diabetes mellitus (types combined), excluding gestational diabetes",Antidiabetic,PROD_11727,2021-06-26 06:00:00,2024-07-01 00:00:00,Active,1100
TRT_000949,PAT_01841,"Dementia, including Alzheimer disease",Cognitive disorder therapy,PROD_80779,2024-04-03 06:00:00,2024-07-01 00:00:00,Active,88
TRT_000950,PAT_01842,Ischemic heart disease,Cardiovascular,PROD_73770,2015-07-22 00:00:00,2021-05-19 00:00:00,Discontinued,2128
TRT_000951,PAT_01843,"Diabetes mellitus (types combined), excluding gestational diabetes",Antidiabetic,PROD_74296,2022-09-15 00:00:00,2024-07-01 00:00:00,Active,655
TRT_000952,PAT_01845,Heart failure,Heart failure therapy,PROD_5646,2023-04-26 00:00:00,2024-07-01 00:00:00,Active,432
TRT_000953,PAT_01849,Hypertension,Antihypertensive,PROD_75765,2020-03-30 00:00:00,2024-07-01 00:00:00,Active,1554
TRT_000954,PAT_01850,"Diabetes mellitus (types combined), excluding gestational diabetes",Antidiabetic,PROD_74296,2019-07-25 06:00:00,2024-07-01 00:00:00,Active,1802
TRT_000955,PAT_01854,Osteoporosis,Bone health,PROD_78367,2015-09-22 00:00:00,2019-04-26 00:00:00,Discontinued,1312
TRT_000956,PAT_01854,Hypertension,Antihypertensive,PROD_75765,2019-06-13 00:00:00,2024-07-01 00:00:00,Active,1845
TRT_000957,PAT_01856,Asthma,Respiratory,PROD_69769,2014-09-23 00:00:00,2016-06-19 00:00:00,Discontinued,635
TRT_000958,PAT_01857,Ischemic heart disease,Cardiovascular,PROD_82362,2022-05-03 00:00:00,2024-07-01 00:00:00,Active,790
TRT_000959,PAT_01859,Osteoarthritis,Analgesic / anti-inflammatory,PROD_4980,2022-05-24 00:00:00,2022-09-04 00:00:00,Discontinued,103
TRT_000960,PAT_01859,"Diabetes mellitus (types combined), excluding gestational diabetes",Antidiabetic,PROD_74296,2023-11-01 00:00:00,2024-07-01 00:00:00,Active,243
TRT_000961,PAT_01861,Rheumatoid arthritis,Immunomodulatory / anti-inflammatory,PROD_44161,2019-04-18 00:00:00,2019-08-04 00:00:00,Discontinued,108
TRT_000962,PAT_01861,Chronic obstructive pulmonary disease,Respiratory,PROD_49895,2020-09-21 00:00:00,2021-01-30 00:00:00,Discontinued,131
TRT_000963,PAT_01863,Hypertension,Antihypertensive,PROD_75765,2018-11-12 00:00:00,2022-05-21 00:00:00,Discontinued,1286
TRT_000964,PAT_01865,Ischemic heart disease,Cardiovascular,PROD_73770,2022-04-08 00:00:00,2024-07-01 00:00:00,Active,815
TRT_000965,PAT_01869,"Diabetes mellitus (types combined), excluding gestational diabetes",Antidiabetic,PROD_74296,2018-07-23 00:00:00,2021-11-07 00:00:00,Discontinued,1203
TRT_000966,PAT_01871,"Diabetes mellitus (types combined), excluding gestational diabetes",Antidiabetic,PROD_74296,2020-04-01 06:00:00,2024-07-01 00:00:00,Active,1551
TRT_000967,PAT_01873,Hypertension,Antihypertensive,PROD_75765,2021-06-30 00:00:00,2024-07-01 00:00:00,Active,1097
TRT_000968,PAT_01880,Rheumatoid arthritis,Immunomodulatory / anti-inflammatory,PROD_19681,2021-05-09 00:00:00,2022-02-26 00:00:00,Discontinued,293
TRT_000969,PAT_01880,Hypertension,Antihypertensive,PROD_77062,2023-11-25 00:00:00,2024-07-01 00:00:00,Active,219
TRT_000970,PAT_01880,Ischemic heart disease,Cardiovascular,PROD_82362,2024-01-11 00:00:00,2024-07-01 00:00:00,Active,172
TRT_000971,PAT_01888,"Diabetes mellitus (types combined), excluding gestational diabetes",Antidiabetic,PROD_74296,2015-06-27 00:00:00,2017-08-30 00:00:00,Discontinued,795
TRT_000972,PAT_01891,Hypertension,Antihypertensive,PROD_79542,2016-01-01 00:00:00,2021-12-31 00:00:00,Discontinued,2191
TRT_000973,PAT_01894,Osteoarthritis,Analgesic / anti-inflammatory,PROD_5432,2016-12-12 00:00:00,2017-01-11 00:00:00,Discontinued,30
TRT_000974,PAT_01895,"Diabetes mellitus (types combined), excluding gestational diabetes",Antidiabetic,PROD_11727,2021-07-05 06:00:00,2023-03-01 06:00:00,Discontinued,604
TRT_000975,PAT_01896,"Diabetes mellitus (types combined), excluding gestational diabetes",Antidiabetic,PROD_74296,2015-11-01 00:00:00,2019-01-18 00:00:00,Discontinued,1174
TRT_000976,PAT_01896,Hypertension,Antihypertensive,PROD_79542,2023-05-14 00:00:00,2024-07-01 00:00:00,Active,414
TRT_000977,PAT_01898,"Diabetes mellitus (types combined), excluding gestational diabetes",Antidiabetic,PROD_62536,2014-11-15 00:00:00,2017-08-29 00:00:00,Discontinued,1018
TRT_000978,PAT_01900,Osteoarthritis,Analgesic / anti-inflammatory,PROD_5432,2016-07-03 00:00:00,2016-08-19 00:00:00,Discontinued,47
TRT_000979,PAT_01902,"Diabetes mellitus (types combined), excluding gestational diabetes",Antidiabetic,PROD_11727,2019-01-26 00:00:00,2024-03-15 00:00:00,Discontinued,1875
TRT_000980,PAT_01904,Osteoporosis,Bone health,PROD_73098,2020-06-12 00:00:00,2023-07-07 00:00:00,Discontinued,1120
TRT_000981,PAT_01905,Asthma,Respiratory,PROD_13550,2014-11-30 00:00:00,2015-08-07 00:00:00,Discontinued,250
TRT_000982,PAT_01911,Asthma,Respiratory,PROD_49895,2018-04-15 00:00:00,2024-07-01 00:00:00,Active,2269
TRT_000983,PAT_01912,Heart failure,Heart failure therapy,PROD_2333,2019-04-24 00:00:00,2023-05-29 00:00:00,Discontinued,1496
TRT_000984,PAT_01913,Epilepsy,Antiepileptic,PROD_9242,2018-03-14 00:00:00,2023-08-22 00:00:00,Discontinued,1987
TRT_000985,PAT_01915,Osteoarthritis,Analgesic / anti-inflammatory,PROD_4980,2014-11-26 00:00:00,2015-01-30 00:00:00,Discontinued,65
TRT_000986,PAT_01915,Hypertension,Antihypertensive,PROD_79542,2017-01-03 00:00:00,2023-12-16 00:00:00,Discontinued,2538
TRT_000987,PAT_01916,Hypertension,Antihypertensive,PROD_77062,2019-03-20 00:00:00,2024-07-01 00:00:00,Active,1930
TRT_000988,PAT_01917,Osteoarthritis,Analgesic / anti-inflammatory,PROD_5917,2024-03-05 00:00:00,2024-07-01 00:00:00,Active,118
TRT_000989,PAT_01919,Chronic obstructive pulmonary disease,Respiratory,PROD_13550,2020-02-17 00:00:00,2020-10-30 00:00:00,Discontinued,256
TRT_000990,PAT_01919,Stroke,Antithrombotic / secondary prevention,PROD_19474,2023-04-01 00:00:00,2024-07-01 00:00:00,Active,457
TRT_000991,PAT_01920,Hypertension,Antihypertensive,PROD_75765,2020-11-03 00:00:00,2024-07-01 00:00:00,Active,1336
TRT_000992,PAT_01923,"Diabetes mellitus (types combined), excluding gestational diabetes",Antidiabetic,PROD_62536,2024-03-28 00:00:00,2024-07-01 00:00:00,Active,95
TRT_000993,PAT_01926,Hypertension,Antihypertensive,PROD_75765,2017-02-25 00:00:00,2021-10-25 00:00:00,Discontinued,1703
TRT_000994,PAT_01927,Hypertension,Antihypertensive,PROD_79542,2016-05-09 00:00:00,2020-09-11 00:00:00,Discontinued,1586
TRT_000995,PAT_01929,Hypertension,Antihypertensive,PROD_79542,2016-07-12 00:00:00,2024-07-01 00:00:00,Active,2911
TRT_000996,PAT_01929,Asthma,Respiratory,PROD_69769,2021-08-02 00:00:00,2024-07-01 00:00:00,Active,1064
TRT_000997,PAT_01930,Asthma,Respiratory,PROD_13550,2022-05-19 00:00:00,2024-07-01 00:00:00,Active,774
TRT_000998,PAT_01932,Asthma,Respiratory,PROD_49895,2017-01-06 00:00:00,2018-11-05 00:00:00,Discontinued,668
TRT_000999,PAT_01932,Multiple sclerosis,Disease-modifying therapy,PROD_103009,2022-06-20 00:00:00,2024-07-01 00:00:00,Active,742
TRT_001000,PAT_01938,Osteoporosis,Bone health,PROD_78367,2016-06-11 00:00:00,2017-02-16 00:00:00,Discontinued,250
TRT_001001,PAT_01941,"Diabetes mellitus (types combined), excluding gestational diabetes",Antidiabetic,PROD_62536,2023-02-24 06:00:00,2024-07-01 00:00:00,Active,492
TRT_001002,PAT_01946,Asthma,Respiratory,PROD_49895,2015-07-11 00:00:00,2016-07-14 00:00:00,Discontinued,369
TRT_001003,PAT_01946,Hypertension,Antihypertensive,PROD_79542,2024-04-19 00:00:00,2024-07-01 00:00:00,Active,73
TRT_001004,PAT_01947,Hypertension,Antihypertensive,PROD_79542,2024-06-12 00:00:00,2024-07-01 00:00:00,Active,19
TRT_001005,PAT_01948,Hypertension,Antihypertensive,PROD_75765,2017-04-19 00:00:00,2019-03-03 00:00:00,Discontinued,683
TRT_001006,PAT_01950,Ischemic heart disease,Cardiovascular,PROD_73770,2014-12-09 00:00:00,2018-05-15 00:00:00,Discontinued,1253
TRT_001007,PAT_01950,"Parkinsonism, including Parkinson disease",Parkinson's therapy,PROD_68471,2015-07-10 00:00:00,2019-01-21 00:00:00,Discontinued,1291
TRT_001008,PAT_01951,Hypertension,Antihypertensive,PROD_77062,2016-10-25 00:00:00,2024-07-01 00:00:00,Active,2806
TRT_001009,PAT_01952,Asthma,Respiratory,PROD_49895,2014-10-09 00:00:00,2015-08-03 00:00:00,Discontinued,298
TRT_001010,PAT_01957,Hypertension,Antihypertensive,PROD_79542,2015-12-29 00:00:00,2023-01-03 00:00:00,Discontinued,2562
TRT_001011,PAT_01964,Acute myocardial infarction,Cardiovascular,PROD_73770,2023-11-07 00:00:00,2024-07-01 00:00:00,Active,237
TRT_001012,PAT_01968,Osteoarthritis,Analgesic / anti-inflammatory,PROD_4980,2017-03-05 00:00:00,2017-09-06 00:00:00,Discontinued,185
TRT_001013,PAT_01968,Hypertension,Antihypertensive,PROD_75765,2020-05-22 00:00:00,2024-07-01 00:00:00,Active,1501
TRT_001014,PAT_01970,"Diabetes mellitus (types combined), excluding gestational diabetes",Antidiabetic,PROD_11727,2022-03-15 00:00:00,2024-07-01 00:00:00,Active,839
TRT_001015,PAT_01971,Ischemic heart disease,Cardiovascular,PROD_73770,2015-03-17 00:00:00,2016-08-09 00:00:00,Discontinued,511
TRT_001016,PAT_01972,Osteoarthritis,Analgesic / anti-inflammatory,PROD_4980,2016-10-31 00:00:00,2017-01-14 00:00:00,Discontinued,75
TRT_001017,PAT_01972,Heart failure,Heart failure therapy,PROD_70034,2023-05-01 00:00:00,2024-07-01 00:00:00,Active,427
TRT_001018,PAT_01975,Epilepsy,Antiepileptic,PROD_9242,2018-11-08 00:00:00,2024-07-01 00:00:00,Active,2062
TRT_001019,PAT_01975,Asthma,Respiratory,PROD_69769,2019-04-05 00:00:00,2019-12-23 00:00:00,Discontinued,262
TRT_001020,PAT_01976,Hypertension,Antihypertensive,PROD_77062,2019-04-02 00:00:00,2024-07-01 00:00:00,Active,1917
TRT_001021,PAT_01976,Asthma,Respiratory,PROD_49895,2021-03-11 00:00:00,2022-09-18 00:00:00,Discontinued,556
TRT_001022,PAT_01979,Chronic obstructive pulmonary disease,Respiratory,PROD_69769,2023-10-31 18:00:00,2024-06-05 18:00:00,Discontinued,218
TRT_001023,PAT_01983,"Diabetes mellitus (types combined), excluding gestational diabetes",Antidiabetic,PROD_11727,2023-01-13 00:00:00,2024-07-01 00:00:00,Active,535
TRT_001024,PAT_01990,Asthma,Respiratory,PROD_49895,2018-12-22 00:00:00,2024-07-01 00:00:00,Active,2018
TRT_001025,PAT_02000,Hypertension,Antihypertensive,PROD_79542,2023-05-12 00:00:00,2024-07-01 00:00:00,Active,416
TRT_001026,PAT_02002,Osteoporosis,Bone health,PROD_78367,2017-03-16 00:00:00,2022-10-30 00:00:00,Discontinued,2054
TRT_001027,PAT_02004,Hypertension,Antihypertensive,PROD_75765,2020-07-27 00:00:00,2022-11-10 00:00:00,Discontinued,836
TRT_001028,PAT_02008,Heart failure,Heart failure therapy,PROD_5646,2015-07-08 00:00:00,2018-07-01 00:00:00,Discontinued,1089
TRT_001029,PAT_02008,Ischemic heart disease,Cardiovascular,PROD_82362,2023-04-08 00:00:00,2024-07-01 00:00:00,Active,450
TRT_001030,PAT_02008,Stroke,Antithrombotic / secondary prevention,PROD_19474,2024-06-13 00:00:00,2024-07-01 00:00:00,Active,18
TRT_001031,PAT_02010,Ischemic heart disease,Cardiovascular,PROD_78058,2022-06-08 00:00:00,2024-07-01 00:00:00,Active,754
TRT_001032,PAT_02017,Osteoarthritis,Analgesic / anti-inflammatory,PROD_4980,2017-08-06 00:00:00,2017-10-06 00:00:00,Discontinued,61
TRT_001033,PAT_02019,Schizophrenia,Antipsychotic,PROD_73690,2024-03-10 12:00:00,2024-07-01 00:00:00,Active,112
TRT_001034,PAT_02022,Hypertension,Antihypertensive,PROD_79542,2024-05-30 00:00:00,2024-07-01 00:00:00,Active,32
TRT_001035,PAT_02023,"Diabetes mellitus (types combined), excluding gestational diabetes",Antidiabetic,PROD_62536,2015-09-21 00:00:00,2020-02-02 00:00:00,Discontinued,1595
TRT_001036,PAT_02025,Acute myocardial infarction,Cardiovascular,PROD_73770,2021-02-27 00:00:00,2024-07-01 00:00:00,Active,1220
TRT_001037,PAT_02026,"Diabetes mellitus (types combined), excluding gestational diabetes",Antidiabetic,PROD_62536,2018-11-15 00:00:00,2020-06-24 00:00:00,Discontinued,587
TRT_001038,PAT_02027,"Diabetes mellitus (types combined), excluding gestational diabetes",Antidiabetic,PROD_11727,2019-04-23 00:00:00,2024-07-01 00:00:00,Active,1896
TRT_001039,PAT_02027,Osteoarthritis,Analgesic / anti-inflammatory,PROD_5917,2021-02-02 00:00:00,2021-10-31 00:00:00,Discontinued,271
TRT_001040,PAT_02027,Ischemic heart disease,Cardiovascular,PROD_82362,2023-02-18 00:00:00,2024-07-01 00:00:00,Active,499
TRT_001041,PAT_02027,Schizophrenia,Antipsychotic,PROD_73690,2024-02-01 00:00:00,2024-07-01 00:00:00,Active,151
TRT_001042,PAT_02028,Hypertension,Antihypertensive,PROD_75765,2014-08-29 00:00:00,2024-07-01 00:00:00,Active,3594
TRT_001043,PAT_02036,"Diabetes mellitus (types combined), excluding gestational diabetes",Antidiabetic,PROD_74296,2020-06-23 00:00:00,2022-11-12 00:00:00,Discontinued,872
TRT_001044,PAT_02038,"Diabetes mellitus (types combined), excluding gestational diabetes",Antidiabetic,PROD_74296,2022-03-11 06:00:00,2024-07-01 00:00:00,Active,842
TRT_001045,PAT_02043,Asthma,Respiratory,PROD_69769,2014-10-20 00:00:00,2015-05-02 00:00:00,Discontinued,194
TRT_001046,PAT_02043,Osteoarthritis,Analgesic / anti-inflammatory,PROD_5917,2020-07-15 00:00:00,2020-08-04 00:00:00,Discontinued,20
TRT_001047,PAT_02052,Hypertension,Antihypertensive,PROD_79542,2024-03-15 00:00:00,2024-07-01 00:00:00,Active,108
TRT_001048,PAT_02053,"Diabetes mellitus (types combined), excluding gestational diabetes",Antidiabetic,PROD_62536,2018-02-09 00:00:00,2020-01-18 00:00:00,Discontinued,708
TRT_001049,PAT_02055,Osteoporosis,Bone health,PROD_78367,2023-09-18 00:00:00,2024-07-01 00:00:00,Active,287
TRT_001050,PAT_02057,Hypertension,Antihypertensive,PROD_79542,2021-11-18 00:00:00,2024-07-01 00:00:00,Active,956
TRT_001051,PAT_02059,Chronic obstructive pulmonary disease,Respiratory,PROD_13550,2018-07-31 00:00:00,2024-07-01 00:00:00,Active,2162
TRT_001052,PAT_02059,Osteoarthritis,Analgesic / anti-inflammatory,PROD_4980,2020-01-03 00:00:00,2020-04-09 00:00:00,Discontinued,97
TRT_001053,PAT_02059,"Diabetes mellitus (types combined), excluding gestational diabetes",Antidiabetic,PROD_62536,2021-02-14 00:00:00,2024-07-01 00:00:00,Active,1233
TRT_001054,PAT_02061,Asthma,Respiratory,PROD_69769,2021-09-04 00:00:00,2023-11-30 00:00:00,Discontinued,817
TRT_001055,PAT_02063,Stroke,Antithrombotic / secondary prevention,PROD_66470,2023-08-28 00:00:00,2024-07-01 00:00:00,Active,308
TRT_001056,PAT_02064,Ischemic heart disease,Cardiovascular,PROD_73770,2023-07-12 00:00:00,2024-07-01 00:00:00,Active,355
TRT_001057,PAT_02066,Heart failure,Heart failure therapy,PROD_5646,2017-05-16 00:00:00,2024-07-01 00:00:00,Active,2603
TRT_001058,PAT_02066,"Diabetes mellitus (types combined), excluding gestational diabetes",Antidiabetic,PROD_74296,2024-02-16 00:00:00,2024-07-01 00:00:00,Active,136
TRT_001059,PAT_02067,Ischemic heart disease,Cardiovascular,PROD_73770,2023-03-26 00:00:00,2024-07-01 00:00:00,Active,463
TRT_001060,PAT_02068,Hypertension,Antihypertensive,PROD_79542,2020-05-15 00:00:00,2024-07-01 00:00:00,Active,1508
TRT_001061,PAT_02068,Chronic obstructive pulmonary disease,Respiratory,PROD_13550,2022-02-16 00:00:00,2022-09-10 00:00:00,Discontinued,206
TRT_001062,PAT_02070,Ischemic heart disease,Cardiovascular,PROD_73770,2017-05-26 00:00:00,2023-09-18 00:00:00,Discontinued,2306
TRT_001063,PAT_02072,Asthma,Respiratory,PROD_13550,2017-01-06 00:00:00,2024-07-01 00:00:00,Active,2733
TRT_001064,PAT_02073,Osteoarthritis,Analgesic / anti-inflammatory,PROD_5917,2016-11-22 00:00:00,2017-09-25 00:00:00,Discontinued,307
TRT_001065,PAT_02076,"Dementia, including Alzheimer disease",Cognitive disorder therapy,PROD_82234,2016-09-02 00:00:00,2020-01-27 00:00:00,Discontinued,1242
TRT_001066,PAT_02076,Osteoporosis,Bone health,PROD_73098,2017-03-26 00:00:00,2019-03-10 00:00:00,Discontinued,714
TRT_001067,PAT_02077,Asthma,Respiratory,PROD_49895,2020-12-08 00:00:00,2022-08-06 00:00:00,Discontinued,606
TRT_001068,PAT_02078,Hypertension,Antihypertensive,PROD_75765,2020-03-08 00:00:00,2024-07-01 00:00:00,Active,1576
TRT_001069,PAT_02080,Stroke,Antithrombotic / secondary prevention,PROD_66470,2020-05-04 00:00:00,2024-07-01 00:00:00,Active,1519
TRT_001070,PAT_02081,Hypertension,Antihypertensive,PROD_79542,2017-07-02 00:00:00,2024-07-01 00:00:00,Active,2556
TRT_001071,PAT_02082,Hypertension,Antihypertensive,PROD_79542,2023-05-27 00:00:00,2024-07-01 00:00:00,Active,401
TRT_001072,PAT_02085,Schizophrenia,Antipsychotic,PROD_73690,2019-09-03 00:00:00,2022-01-17 00:00:00,Discontinued,867
TRT_001073,PAT_02091,"Diabetes mellitus (types combined), excluding gestational diabetes",Antidiabetic,PROD_11727,2022-12-03 06:00:00,2024-07-01 00:00:00,Active,575
TRT_001074,PAT_02091,Asthma,Respiratory,PROD_13550,2023-03-24 06:00:00,2024-07-01 00:00:00,Active,464
TRT_001075,PAT_02092,Osteoarthritis,Analgesic / anti-inflammatory,PROD_5917,2021-06-22 00:00:00,2021-10-10 00:00:00,Discontinued,110
TRT_001076,PAT_02093,Chronic obstructive pulmonary disease,Respiratory,PROD_49895,2014-09-08 00:00:00,2019-08-30 00:00:00,Discontinued,1817
TRT_001077,PAT_02093,Stroke,Antithrombotic / secondary prevention,PROD_19474,2015-06-24 00:00:00,2019-06-20 00:00:00,Discontinued,1457
TRT_001078,PAT_02093,Hypertension,Antihypertensive,PROD_79542,2018-11-07 00:00:00,2021-09-12 00:00:00,Discontinued,1040
TRT_001079,PAT_02100,Hypertension,Antihypertensive,PROD_75765,2024-04-25 00:00:00,2024-07-01 00:00:00,Active,67
TRT_001080,PAT_02101,Asthma,Respiratory,PROD_69769,2021-10-13 00:00:00,2022-09-28 00:00:00,Discontinued,350
TRT_001081,PAT_02104,Hypertension,Antihypertensive,PROD_75765,2023-07-31 00:00:00,2024-07-01 00:00:00,Active,336
TRT_001082,PAT_02106,"Diabetes mellitus (types combined), excluding gestational diabetes",Antidiabetic,PROD_62536,2021-12-14 00:00:00,2024-07-01 00:00:00,Active,930
TRT_001083,PAT_02107,Ischemic heart disease,Cardiovascular,PROD_73770,2018-03-02 00:00:00,2024-07-01 00:00:00,Active,2313
TRT_001084,PAT_02108,Osteoarthritis,Analgesic / anti-inflammatory,PROD_5917,2024-05-18 00:00:00,2024-06-10 00:00:00,Discontinued,23
TRT_001085,PAT_02112,Asthma,Respiratory,PROD_49895,2016-12-05 00:00:00,2018-05-24 00:00:00,Discontinued,535
TRT_001086,PAT_02116,Hypertension,Antihypertensive,PROD_77062,2014-09-11 00:00:00,2019-06-27 00:00:00,Discontinued,1750
TRT_001087,PAT_02116,Osteoarthritis,Analgesic / anti-inflammatory,PROD_5432,2015-10-09 00:00:00,2016-01-30 00:00:00,Discontinued,113
TRT_001088,PAT_02116,Ischemic heart disease,Cardiovascular,PROD_82362,2021-10-11 00:00:00,2024-03-16 00:00:00,Discontinued,887
TRT_001089,PAT_02118,Stroke,Antithrombotic / secondary prevention,PROD_19474,2021-01-26 00:00:00,2021-06-07 00:00:00,Discontinued,132
TRT_001090,PAT_02121,Osteoarthritis,Analgesic / anti-inflammatory,PROD_4980,2016-05-21 00:00:00,2016-06-20 00:00:00,Discontinued,30
TRT_001091,PAT_02122,Hypertension,Antihypertensive,PROD_75765,2023-02-13 00:00:00,2024-07-01 00:00:00,Active,504
TRT_001092,PAT_02126,Osteoarthritis,Analgesic / anti-inflammatory,PROD_5917,2017-10-15 00:00:00,2017-11-25 00:00:00,Discontinued,41
TRT_001093,PAT_02126,"Diabetes mellitus (types combined), excluding gestational diabetes",Antidiabetic,PROD_74296,2021-11-12 00:00:00,2024-07-01 00:00:00,Active,962
TRT_001094,PAT_02128,Asthma,Respiratory,PROD_49895,2021-03-31 00:00:00,2024-07-01 00:00:00,Active,1188
TRT_001095,PAT_02134,Chronic obstructive pulmonary disease,Respiratory,PROD_13550,2021-02-01 00:00:00,2021-10-22 00:00:00,Discontinued,263
TRT_001096,PAT_02137,Hypertension,Antihypertensive,PROD_79542,2020-06-30 00:00:00,2024-07-01 00:00:00,Active,1462
TRT_001097,PAT_02139,Hypertension,Antihypertensive,PROD_79542,2018-12-24 00:00:00,2024-07-01 00:00:00,Active,2016
TRT_001098,PAT_02140,"Diabetes mellitus (types combined), excluding gestational diabetes",Antidiabetic,PROD_74296,2023-06-05 00:00:00,2024-07-01 00:00:00,Active,392
TRT_001099,PAT_02141,Chronic obstructive pulmonary disease,Respiratory,PROD_69769,2015-01-26 00:00:00,2015-06-20 00:00:00,Discontinued,145
TRT_001100,PAT_02143,Osteoarthritis,Analgesic / anti-inflammatory,PROD_4980,2022-07-05 00:00:00,2022-08-25 00:00:00,Discontinued,51
TRT_001101,PAT_02144,Hypertension,Antihypertensive,PROD_79542,2024-04-07 00:00:00,2024-07-01 00:00:00,Active,85
TRT_001102,PAT_02146,Epilepsy,Antiepileptic,PROD_75964,2017-08-21 06:00:00,2024-07-01 00:00:00,Active,2505
TRT_001103,PAT_02147,Asthma,Respiratory,PROD_49895,2023-08-30 00:00:00,2024-05-12 00:00:00,Discontinued,256
TRT_001104,PAT_02148,Hypertension,Antihypertensive,PROD_75765,2019-07-13 00:00:00,2022-12-24 00:00:00,Discontinued,1260
TRT_001105,PAT_02152,Asthma,Respiratory,PROD_49895,2020-06-17 00:00:00,2022-09-29 00:00:00,Discontinued,834
TRT_001106,PAT_02152,Hypertension,Antihypertensive,PROD_79542,2023-02-23 00:00:00,2024-07-01 00:00:00,Active,494
TRT_001107,PAT_02153,"Diabetes mellitus (types combined), excluding gestational diabetes",Antidiabetic,PROD_62536,2019-01-27 00:00:00,2024-07-01 00:00:00,Active,1982
TRT_001108,PAT_02157,Hypertension,Antihypertensive,PROD_79542,2023-09-16 00:00:00,2024-07-01 00:00:00,Active,289
TRT_001109,PAT_02169,Hypertension,Antihypertensive,PROD_79542,2017-07-27 00:00:00,2020-12-03 00:00:00,Discontinued,1225
TRT_001110,PAT_02172,Chronic obstructive pulmonary disease,Respiratory,PROD_13550,2023-01-05 00:00:00,2024-07-01 00:00:00,Active,543
TRT_001111,PAT_02173,Ischemic heart disease,Cardiovascular,PROD_82362,2014-10-06 00:00:00,2024-07-01 00:00:00,Active,3556
TRT_001112,PAT_02176,Hypertension,Antihypertensive,PROD_79542,2018-03-08 00:00:00,2022-05-12 00:00:00,Discontinued,1526
TRT_001113,PAT_02177,"Dementia, including Alzheimer disease",Cognitive disorder therapy,PROD_80653,2020-11-13 06:00:00,2024-07-01 00:00:00,Active,1325
TRT_001114,PAT_02178,Heart failure,Heart failure therapy,PROD_5646,2019-04-19 00:00:00,2021-08-11 00:00:00,Discontinued,845
TRT_001115,PAT_02178,Osteoarthritis,Analgesic / anti-inflammatory,PROD_5432,2024-04-30 00:00:00,2024-07-01 00:00:00,Active,62
TRT_001116,PAT_02186,Osteoporosis,Bone health,PROD_78367,2020-07-28 00:00:00,2023-11-11 00:00:00,Discontinued,1201
TRT_001117,PAT_02194,"Diabetes mellitus (types combined), excluding gestational diabetes",Antidiabetic,PROD_74296,2016-09-21 00:00:00,2024-07-01 00:00:00,Active,2840
TRT_001118,PAT_02196,Asthma,Respiratory,PROD_13550,2016-12-01 00:00:00,2018-06-19 00:00:00,Discontinued,565
TRT_001119,PAT_02197,Hypertension,Antihypertensive,PROD_75765,2021-03-04 00:00:00,2024-07-01 00:00:00,Active,1215
TRT_001120,PAT_02199,Asthma,Respiratory,PROD_13550,2021-03-24 06:00:00,2021-07-24 06:00:00,Discontinued,122
TRT_001121,PAT_02201,Chronic obstructive pulmonary disease,Respiratory,PROD_49895,2015-08-07 00:00:00,2015-10-10 00:00:00,Discontinued,64
TRT_001122,PAT_02202,Osteoporosis,Bone health,PROD_78367,2021-06-07 00:00:00,2024-07-01 00:00:00,Active,1120
TRT_001123,PAT_02206,"Diabetes mellitus (types combined), excluding gestational diabetes",Antidiabetic,PROD_62536,2019-07-03 00:00:00,2024-07-01 00:00:00,Active,1825
TRT_001124,PAT_02207,Osteoarthritis,Analgesic / anti-inflammatory,PROD_4980,2021-02-20 00:00:00,2021-06-06 00:00:00,Discontinued,106
TRT_001125,PAT_02207,Rheumatoid arthritis,Immunomodulatory / anti-inflammatory,PROD_74173,2023-09-05 00:00:00,2024-04-01 00:00:00,Discontinued,209
TRT_001126,PAT_02208,Ischemic heart disease,Cardiovascular,PROD_78058,2017-05-09 00:00:00,2019-11-22 00:00:00,Discontinued,927
TRT_001127,PAT_02209,Ischemic heart disease,Cardiovascular,PROD_78058,2015-07-21 00:00:00,2024-07-01 00:00:00,Active,3268
TRT_001128,PAT_02213,Asthma,Respiratory,PROD_69769,2017-06-08 00:00:00,2024-07-01 00:00:00,Active,2580
TRT_001129,PAT_02214,Hypertension,Antihypertensive,PROD_75765,2022-02-13 00:00:00,2024-07-01 00:00:00,Active,869
TRT_001130,PAT_02217,Hypertension,Antihypertensive,PROD_77062,2018-11-10 00:00:00,2024-07-01 00:00:00,Active,2060
TRT_001131,PAT_02217,"Diabetes mellitus (types combined), excluding gestational diabetes",Antidiabetic,PROD_11727,2020-05-28 00:00:00,2024-07-01 00:00:00,Active,1495
TRT_001132,PAT_02218,Heart failure,Heart failure therapy,PROD_5646,2017-10-07 00:00:00,2022-05-01 00:00:00,Discontinued,1667
TRT_001133,PAT_02219,"Diabetes mellitus (types combined), excluding gestational diabetes",Antidiabetic,PROD_62536,2015-09-11 00:00:00,2024-07-01 00:00:00,Active,3216
TRT_001134,PAT_02219,Hypertension,Antihypertensive,PROD_77062,2020-01-19 00:00:00,2023-08-10 00:00:00,Discontinued,1299
TRT_001135,PAT_02220,Asthma,Respiratory,PROD_69769,2016-12-16 00:00:00,2022-02-23 00:00:00,Discontinued,1895
TRT_001136,PAT_02230,Hypertension,Antihypertensive,PROD_75765,2023-11-03 00:00:00,2024-07-01 00:00:00,Active,241
TRT_001137,PAT_02233,Hypertension,Antihypertensive,PROD_79542,2022-09-27 00:00:00,2024-07-01 00:00:00,Active,643
TRT_001138,PAT_02234,Asthma,Respiratory,PROD_69769,2014-11-19 00:00:00,2020-10-19 00:00:00,Discontinued,2161
TRT_001139,PAT_02236,Hypertension,Antihypertensive,PROD_77062,2023-03-28 00:00:00,2024-07-01 00:00:00,Active,461
TRT_001140,PAT_02237,Osteoarthritis,Analgesic / anti-inflammatory,PROD_4980,2020-07-29 00:00:00,2020-10-20 00:00:00,Discontinued,83
TRT_001141,PAT_02239,Heart failure,Heart failure therapy,PROD_2333,2016-04-15 00:00:00,2024-07-01 00:00:00,Active,2999
TRT_001142,PAT_02241,Hypertension,Antihypertensive,PROD_77062,2017-09-04 00:00:00,2024-07-01 00:00:00,Active,2492
TRT_001143,PAT_02248,"Diabetes mellitus (types combined), excluding gestational diabetes",Antidiabetic,PROD_74296,2020-10-16 00:00:00,2024-07-01 00:00:00,Active,1354
TRT_001144,PAT_02248,Chronic obstructive pulmonary disease,Respiratory,PROD_49895,2024-05-05 18:00:00,2024-05-16 18:00:00,Discontinued,11
TRT_001145,PAT_02252,Asthma,Respiratory,PROD_69769,2019-05-06 00:00:00,2021-09-03 00:00:00,Discontinued,851
TRT_001146,PAT_02259,Epilepsy,Antiepileptic,PROD_75964,2021-05-19 00:00:00,2024-07-01 00:00:00,Active,1139
TRT_001147,PAT_02259,Osteoporosis,Bone health,PROD_78367,2021-05-26 00:00:00,2024-03-24 00:00:00,Discontinued,1033
TRT_001148,PAT_02259,Osteoarthritis,Analgesic / anti-inflammatory,PROD_5917,2022-05-02 00:00:00,2022-09-26 00:00:00,Discontinued,147
TRT_001149,PAT_02260,Ischemic heart disease,Cardiovascular,PROD_78058,2014-11-03 00:00:00,2020-11-30 00:00:00,Discontinued,2219
TRT_001150,PAT_02262,Hypertension,Antihypertensive,PROD_79542,2019-08-24 00:00:00,2024-07-01 00:00:00,Active,1773
TRT_001151,PAT_02263,Stroke,Antithrombotic / secondary prevention,PROD_19474,2016-03-17 00:00:00,2017-05-10 00:00:00,Discontinued,419
TRT_001152,PAT_02265,Osteoarthritis,Analgesic / anti-inflammatory,PROD_5917,2022-07-05 00:00:00,2023-04-29 00:00:00,Discontinued,298
TRT_001153,PAT_02268,Osteoarthritis,Analgesic / anti-inflammatory,PROD_5917,2016-01-16 00:00:00,2016-07-02 00:00:00,Discontinued,168
TRT_001154,PAT_02271,Ischemic heart disease,Cardiovascular,PROD_78058,2017-04-21 00:00:00,2024-07-01 00:00:00,Active,2628
TRT_001155,PAT_02272,"Diabetes mellitus (types combined), excluding gestational diabetes",Antidiabetic,PROD_62536,2017-09-08 00:00:00,2024-07-01 00:00:00,Active,2488
TRT_001156,PAT_02273,"Diabetes mellitus (types combined), excluding gestational diabetes",Antidiabetic,PROD_74296,2015-10-19 00:00:00,2024-07-01 00:00:00,Active,3178
TRT_001157,PAT_02273,Asthma,Respiratory,PROD_49895,2022-12-06 00:00:00,2024-07-01 00:00:00,Active,573
TRT_001158,PAT_02274,Asthma,Respiratory,PROD_13550,2022-08-30 00:00:00,2024-01-02 00:00:00,Discontinued,490
TRT_001159,PAT_02275,Hypertension,Antihypertensive,PROD_79542,2020-11-30 00:00:00,2024-07-01 00:00:00,Active,1309
TRT_001160,PAT_02277,Hypertension,Antihypertensive,PROD_75765,2022-05-27 00:00:00,2024-07-01 00:00:00,Active,766
TRT_001161,PAT_02278,Osteoarthritis,Analgesic / anti-inflammatory,PROD_5432,2021-03-22 00:00:00,2022-05-13 00:00:00,Discontinued,417
TRT_001162,PAT_02280,Multiple sclerosis,Disease-modifying therapy,PROD_103009,2016-02-22 00:00:00,2024-07-01 00:00:00,Active,3052
TRT_001163,PAT_02280,Osteoarthritis,Analgesic / anti-inflammatory,PROD_4980,2018-03-20 00:00:00,2018-05-14 00:00:00,Discontinued,55
TRT_001164,PAT_02283,Osteoarthritis,Analgesic / anti-inflammatory,PROD_5917,2022-08-24 00:00:00,2024-03-27 00:00:00,Discontinued,581
TRT_001165,PAT_02285,"Diabetes mellitus (types combined), excluding gestational diabetes",Antidiabetic,PROD_74296,2016-09-19 00:00:00,2017-10-01 00:00:00,Discontinued,377
TRT_001166,PAT_02288,"Diabetes mellitus (types combined), excluding gestational diabetes",Antidiabetic,PROD_62536,2015-04-21 00:00:00,2023-05-12 00:00:00,Discontinued,2943
TRT_001167,PAT_02288,Asthma,Respiratory,PROD_49895,2022-06-01 00:00:00,2023-03-01 00:00:00,Discontinued,273
TRT_001168,PAT_02289,Osteoarthritis,Analgesic / anti-inflammatory,PROD_5432,2024-04-09 00:00:00,2024-07-01 00:00:00,Active,83
TRT_001169,PAT_02291,Hypertension,Antihypertensive,PROD_77062,2018-02-02 00:00:00,2024-02-17 00:00:00,Discontinued,2206
TRT_001170,PAT_02292,Osteoarthritis,Analgesic / anti-inflammatory,PROD_5917,2021-12-26 00:00:00,2022-02-12 00:00:00,Discontinued,48
TRT_001171,PAT_02294,Stroke,Antithrombotic / secondary prevention,PROD_19474,2023-01-04 00:00:00,2024-02-28 00:00:00,Discontinued,420
TRT_001172,PAT_02299,Hypertension,Antihypertensive,PROD_79542,2023-08-14 00:00:00,2024-07-01 00:00:00,Active,322
TRT_001173,PAT_02307,Asthma,Respiratory,PROD_49895,2024-06-16 00:00:00,2024-07-01 00:00:00,Active,15
TRT_001174,PAT_02308,Osteoarthritis,Analgesic / anti-inflammatory,PROD_5917,2016-11-26 00:00:00,2017-02-03 00:00:00,Discontinued,69
TRT_001175,PAT_02309,Stroke,Antithrombotic / secondary prevention,PROD_61080,2018-11-10 00:00:00,2019-07-27 00:00:00,Discontinued,259
TRT_001176,PAT_02310,Asthma,Respiratory,PROD_69769,2016-07-10 00:00:00,2018-06-28 00:00:00,Discontinued,718
TRT_001177,PAT_02311,Rheumatoid arthritis,Immunomodulatory / anti-inflammatory,PROD_44161,2021-08-13 00:00:00,2024-07-01 00:00:00,Active,1053
TRT_001178,PAT_02311,"Diabetes mellitus (types combined), excluding gestational diabetes",Antidiabetic,PROD_62536,2023-10-09 00:00:00,2024-07-01 00:00:00,Active,266
TRT_001179,PAT_02312,Osteoarthritis,Analgesic / anti-inflammatory,PROD_4980,2019-07-04 00:00:00,2019-07-28 00:00:00,Discontinued,24
TRT_001180,PAT_02314,"Diabetes mellitus (types combined), excluding gestational diabetes",Antidiabetic,PROD_11727,2017-12-03 00:00:00,2024-03-25 00:00:00,Discontinued,2304
TRT_001181,PAT_02316,Hypertension,Antihypertensive,PROD_75765,2018-06-25 00:00:00,2024-07-01 00:00:00,Active,2198
TRT_001182,PAT_02317,Hypertension,Antihypertensive,PROD_77062,2014-12-09 00:00:00,2023-07-31 00:00:00,Discontinued,3156
TRT_001183,PAT_02317,"Diabetes mellitus (types combined), excluding gestational diabetes",Antidiabetic,PROD_74296,2018-05-20 00:00:00,2024-07-01 00:00:00,Active,2234
TRT_001184,PAT_02320,"Diabetes mellitus (types combined), excluding gestational diabetes",Antidiabetic,PROD_74296,2019-05-09 00:00:00,2024-07-01 00:00:00,Active,1880
TRT_001185,PAT_02321,Hypertension,Antihypertensive,PROD_79542,2019-09-16 00:00:00,2024-07-01 00:00:00,Active,1750
TRT_001186,PAT_02322,Hypertension,Antihypertensive,PROD_77062,2019-07-04 00:00:00,2024-07-01 00:00:00,Active,1824
TRT_001187,PAT_02324,"Diabetes mellitus (types combined), excluding gestational diabetes",Antidiabetic,PROD_62536,2020-09-24 00:00:00,2024-07-01 00:00:00,Active,1376
TRT_001188,PAT_02325,Ischemic heart disease,Cardiovascular,PROD_82362,2016-11-03 00:00:00,2018-03-06 00:00:00,Discontinued,488
TRT_001189,PAT_02329,Ischemic heart disease,Cardiovascular,PROD_73770,2014-07-17 00:00:00,2015-07-03 00:00:00,Discontinued,351
TRT_001190,PAT_02333,Hypertension,Antihypertensive,PROD_79542,2014-09-12 00:00:00,2019-09-01 00:00:00,Discontinued,1815
TRT_001191,PAT_02336,"Diabetes mellitus (types combined), excluding gestational diabetes",Antidiabetic,PROD_74296,2017-05-31 00:00:00,2024-07-01 00:00:00,Active,2588
TRT_001192,PAT_02336,Rheumatoid arthritis,Immunomodulatory / anti-inflammatory,PROD_74173,2018-04-22 00:00:00,2020-02-28 00:00:00,Discontinued,677
TRT_001193,PAT_02339,Asthma,Respiratory,PROD_13550,2015-10-27 00:00:00,2018-11-07 00:00:00,Discontinued,1107
TRT_001194,PAT_02339,Ischemic heart disease,Cardiovascular,PROD_82362,2020-06-03 00:00:00,2024-07-01 00:00:00,Active,1489
TRT_001195,PAT_02339,Chronic obstructive pulmonary disease,Respiratory,PROD_49895,2023-07-25 18:00:00,2024-04-24 18:00:00,Discontinued,274
TRT_001196,PAT_02341,Osteoarthritis,Analgesic / anti-inflammatory,PROD_5432,2016-05-12 00:00:00,2016-07-09 00:00:00,Discontinued,58
TRT_001197,PAT_02342,Hypertension,Antihypertensive,PROD_75765,2016-02-28 00:00:00,2020-06-17 00:00:00,Discontinued,1571
TRT_001198,PAT_02342,"Diabetes mellitus (types combined), excluding gestational diabetes",Antidiabetic,PROD_62536,2022-09-23 00:00:00,2024-07-01 00:00:00,Active,647
TRT_001199,PAT_02344,Hypertension,Antihypertensive,PROD_77062,2017-04-18 00:00:00,2020-10-06 00:00:00,Discontinued,1267
TRT_001200,PAT_02345,Osteoarthritis,Analgesic / anti-inflammatory,PROD_5917,2018-02-09 00:00:00,2018-04-21 00:00:00,Discontinued,71
TRT_001201,PAT_02345,Osteoporosis,Bone health,PROD_73098,2019-12-19 00:00:00,2024-03-09 00:00:00,Discontinued,1542
TRT_001202,PAT_02346,Hypertension,Antihypertensive,PROD_75765,2018-10-05 00:00:00,2023-01-24 00:00:00,Discontinued,1572
TRT_001203,PAT_02349,Heart failure,Heart failure therapy,PROD_70034,2017-04-14 00:00:00,2024-07-01 00:00:00,Active,2635
TRT_001204,PAT_02351,Stroke,Antithrombotic / secondary prevention,PROD_19474,2019-10-10 00:00:00,2020-05-15 00:00:00,Discontinued,218
TRT_001205,PAT_02355,"Diabetes mellitus (types combined), excluding gestational diabetes",Antidiabetic,PROD_74296,2020-08-23 00:00:00,2022-10-10 00:00:00,Discontinued,778
TRT_001206,PAT_02357,Hypertension,Antihypertensive,PROD_79542,2019-05-02 00:00:00,2024-07-01 00:00:00,Active,1887
TRT_001207,PAT_02359,Asthma,Respiratory,PROD_13550,2016-09-07 00:00:00,2018-12-07 00:00:00,Discontinued,821
TRT_001208,PAT_02359,Hypertension,Antihypertensive,PROD_79542,2020-08-14 00:00:00,2023-03-26 00:00:00,Discontinued,954
TRT_001209,PAT_02360,"Diabetes mellitus (types combined), excluding gestational diabetes",Antidiabetic,PROD_74296,2020-08-24 00:00:00,2024-07-01 00:00:00,Active,1407
TRT_001210,PAT_02365,Asthma,Respiratory,PROD_49895,2015-06-27 00:00:00,2024-07-01 00:00:00,Active,3292
TRT_001211,PAT_02365,Hypertension,Antihypertensive,PROD_79542,2018-03-20 00:00:00,2021-05-03 00:00:00,Discontinued,1140
TRT_001212,PAT_02370,"Diabetes mellitus (types combined), excluding gestational diabetes",Antidiabetic,PROD_11727,2022-12-15 00:00:00,2024-07-01 00:00:00,Active,564
TRT_001213,PAT_02373,Asthma,Respiratory,PROD_49895,2015-07-24 00:00:00,2015-09-13 00:00:00,Discontinued,51
TRT_001214,PAT_02376,Osteoarthritis,Analgesic / anti-inflammatory,PROD_5432,2019-11-19 00:00:00,2020-06-19 00:00:00,Discontinued,213
TRT_001215,PAT_02378,Chronic obstructive pulmonary disease,Respiratory,PROD_49895,2020-11-25 00:00:00,2021-07-15 00:00:00,Discontinued,232
TRT_001216,PAT_02382,Chronic obstructive pulmonary disease,Respiratory,PROD_69769,2023-07-10 00:00:00,2024-07-01 00:00:00,Active,357
TRT_001217,PAT_02383,Hypertension,Antihypertensive,PROD_79542,2020-08-22 00:00:00,2023-01-26 00:00:00,Discontinued,887
TRT_001218,PAT_02389,Hypertension,Antihypertensive,PROD_77062,2021-04-14 00:00:00,2024-07-01 00:00:00,Active,1174
TRT_001219,PAT_02396,Acute myocardial infarction,Cardiovascular,PROD_78058,2023-04-01 00:00:00,2024-07-01 00:00:00,Active,457
TRT_001220,PAT_02396,Asthma,Respiratory,PROD_49895,2024-05-16 00:00:00,2024-07-01 00:00:00,Active,46
TRT_001221,PAT_02397,Hypertension,Antihypertensive,PROD_75765,2015-05-14 00:00:00,2024-07-01 00:00:00,Active,3336
TRT_001222,PAT_02401,Ischemic heart disease,Cardiovascular,PROD_78058,2019-01-17 00:00:00,2023-08-27 00:00:00,Discontinued,1683
TRT_001223,PAT_02402,Hypertension,Antihypertensive,PROD_75765,2017-03-19 00:00:00,2024-07-01 00:00:00,Active,2661
TRT_001224,PAT_02404,Asthma,Respiratory,PROD_69769,2022-08-31 00:00:00,2023-09-08 00:00:00,Discontinued,373
TRT_001225,PAT_02406,Hypertension,Antihypertensive,PROD_79542,2016-11-28 00:00:00,2024-07-01 00:00:00,Active,2772
TRT_001226,PAT_02411,"Diabetes mellitus (types combined), excluding gestational diabetes",Antidiabetic,PROD_74296,2018-07-21 00:00:00,2020-01-11 00:00:00,Discontinued,539
TRT_001227,PAT_02414,Asthma,Respiratory,PROD_69769,2021-03-13 00:00:00,2022-04-28 00:00:00,Discontinued,411
TRT_001228,PAT_02419,Acute myocardial infarction,Cardiovascular,PROD_78058,2018-11-26 00:00:00,2022-03-31 00:00:00,Discontinued,1221
TRT_001229,PAT_02419,Asthma,Respiratory,PROD_49895,2020-02-27 00:00:00,2024-07-01 00:00:00,Active,1586
TRT_001230,PAT_02419,Hypertension,Antihypertensive,PROD_77062,2022-11-09 00:00:00,2024-07-01 00:00:00,Active,600
TRT_001231,PAT_02421,Chronic obstructive pulmonary disease,Respiratory,PROD_49895,2021-08-20 00:00:00,2021-10-27 00:00:00,Discontinued,68
TRT_001232,PAT_02422,Multiple sclerosis,Disease-modifying therapy,PROD_103009,2023-10-03 00:00:00,2024-07-01 00:00:00,Active,272
TRT_001233,PAT_02426,Asthma,Respiratory,PROD_13550,2017-12-30 06:00:00,2018-07-17 06:00:00,Discontinued,199
TRT_001234,PAT_02427,Asthma,Respiratory,PROD_69769,2015-12-27 00:00:00,2019-10-22 00:00:00,Discontinued,1395
TRT_001235,PAT_02427,Epilepsy,Antiepileptic,PROD_75964,2024-03-15 00:00:00,2024-07-01 00:00:00,Active,108
TRT_001236,PAT_02428,Chronic obstructive pulmonary disease,Respiratory,PROD_69769,2015-07-08 00:00:00,2016-08-17 00:00:00,Discontinued,406
TRT_001237,PAT_02428,Hypertension,Antihypertensive,PROD_75765,2024-05-20 00:00:00,2024-07-01 00:00:00,Active,42
TRT_001238,PAT_02430,"Dementia, including Alzheimer disease",Cognitive disorder therapy,PROD_80653,2022-04-30 06:00:00,2024-07-01 00:00:00,Active,792
TRT_001239,PAT_02430,Heart failure,Heart failure therapy,PROD_5646,2023-01-20 00:00:00,2024-07-01 00:00:00,Active,528
TRT_001240,PAT_02430,Hypertension,Antihypertensive,PROD_79542,2023-10-19 00:00:00,2024-07-01 00:00:00,Active,256
TRT_001241,PAT_02431,"Diabetes mellitus (types combined), excluding gestational diabetes",Antidiabetic,PROD_62536,2020-08-16 00:00:00,2024-07-01 00:00:00,Active,1415
TRT_001242,PAT_02434,Stroke,Antithrombotic / secondary prevention,PROD_19474,2015-09-21 00:00:00,2016-11-10 00:00:00,Discontinued,416
TRT_001243,PAT_02434,Hypertension,Antihypertensive,PROD_77062,2019-10-18 00:00:00,2024-07-01 00:00:00,Active,1718
TRT_001244,PAT_02439,Asthma,Respiratory,PROD_69769,2023-11-23 06:00:00,2024-07-01 00:00:00,Active,220
TRT_001245,PAT_02440,Hypertension,Antihypertensive,PROD_75765,2022-10-28 00:00:00,2024-07-01 00:00:00,Active,612
TRT_001246,PAT_02441,Chronic obstructive pulmonary disease,Respiratory,PROD_49895,2016-06-29 00:00:00,2016-11-20 00:00:00,Discontinued,144
TRT_001247,PAT_02444,Hypertension,Antihypertensive,PROD_75765,2020-01-29 00:00:00,2024-07-01 00:00:00,Active,1615
TRT_001248,PAT_02445,Chronic obstructive pulmonary disease,Respiratory,PROD_69769,2017-03-14 00:00:00,2021-05-22 00:00:00,Discontinued,1530
TRT_001249,PAT_02445,Asthma,Respiratory,PROD_13550,2017-03-29 00:00:00,2019-04-23 00:00:00,Discontinued,755
TRT_001250,PAT_02445,Acute myocardial infarction,Cardiovascular,PROD_78058,2023-05-27 00:00:00,2024-07-01 00:00:00,Active,401
TRT_001251,PAT_02447,Hypertension,Antihypertensive,PROD_79542,2023-04-18 00:00:00,2024-07-01 00:00:00,Active,440
TRT_001252,PAT_02447,Multiple sclerosis,Disease-modifying therapy,PROD_103009,2024-01-24 00:00:00,2024-07-01 00:00:00,Active,159
TRT_001253,PAT_02448,Acute myocardial infarction,Cardiovascular,PROD_82362,2023-06-13 00:00:00,2024-07-01 00:00:00,Active,384
TRT_001254,PAT_02450,Asthma,Respiratory,PROD_13550,2017-10-14 00:00:00,2018-04-06 00:00:00,Discontinued,174
TRT_001255,PAT_02450,Stroke,Antithrombotic / secondary prevention,PROD_19474,2021-10-17 00:00:00,2024-07-01 00:00:00,Active,988
TRT_001256,PAT_02453,Ischemic heart disease,Cardiovascular,PROD_73770,2015-01-13 00:00:00,2016-07-02 00:00:00,Discontinued,536
TRT_001257,PAT_02461,Hypertension,Antihypertensive,PROD_77062,2019-10-17 00:00:00,2024-07-01 00:00:00,Active,1719
TRT_001258,PAT_02462,Hypertension,Antihypertensive,PROD_79542,2019-05-13 00:00:00,2023-02-09 00:00:00,Discontinued,1368
TRT_001259,PAT_02463,Ischemic heart disease,Cardiovascular,PROD_73770,2022-06-09 00:00:00,2024-07-01 00:00:00,Active,753
TRT_001260,PAT_02463,Hypertension,Antihypertensive,PROD_75765,2023-04-07 00:00:00,2024-07-01 00:00:00,Active,451
TRT_001261,PAT_02465,Hypertension,Antihypertensive,PROD_77062,2019-10-21 00:00:00,2022-09-27 00:00:00,Discontinued,1072
TRT_001262,PAT_02465,Osteoporosis,Bone health,PROD_78367,2020-03-28 00:00:00,2024-04-25 00:00:00,Discontinued,1489
TRT_001263,PAT_02465,Ischemic heart disease,Cardiovascular,PROD_78058,2020-11-12 00:00:00,2024-07-01 00:00:00,Active,1327
TRT_001264,PAT_02465,Osteoarthritis,Analgesic / anti-inflammatory,PROD_5432,2022-07-19 00:00:00,2022-09-12 00:00:00,Discontinued,55
TRT_001265,PAT_02471,Osteoporosis,Bone health,PROD_78367,2022-08-03 00:00:00,2024-07-01 00:00:00,Active,698
TRT_001266,PAT_02473,Osteoarthritis,Analgesic / anti-inflammatory,PROD_5917,2018-01-21 00:00:00,2018-05-07 00:00:00,Discontinued,106
TRT_001267,PAT_02484,Osteoarthritis,Analgesic / anti-inflammatory,PROD_5432,2017-01-21 00:00:00,2017-06-19 00:00:00,Discontinued,149
TRT_001268,PAT_02490,Chronic obstructive pulmonary disease,Respiratory,PROD_49895,2022-02-21 18:00:00,2024-07-01 00:00:00,Active,860
TRT_001269,PAT_02492,Osteoarthritis,Analgesic / anti-inflammatory,PROD_5432,2017-05-08 00:00:00,2018-02-08 00:00:00,Discontinued,276
TRT_001270,PAT_02493,Asthma,Respiratory,PROD_13550,2016-08-24 00:00:00,2019-04-30 00:00:00,Discontinued,979
TRT_001271,PAT_02493,"Diabetes mellitus (types combined), excluding gestational diabetes",Antidiabetic,PROD_62536,2020-02-22 00:00:00,2024-02-15 00:00:00,Discontinued,1454
TRT_001272,PAT_02497,Osteoporosis,Bone health,PROD_78367,2016-10-27 00:00:00,2018-02-03 00:00:00,Discontinued,464
TRT_001273,PAT_02498,Heart failure,Heart failure therapy,PROD_2333,2018-06-04 00:00:00,2024-04-04 00:00:00,Discontinued,2131
TRT_001274,PAT_02499,Ischemic heart disease,Cardiovascular,PROD_82362,2015-11-25 00:00:00,2024-07-01 00:00:00,Active,3141
TRT_001275,PAT_02501,Hypertension,Antihypertensive,PROD_77062,2016-10-19 00:00:00,2023-04-27 00:00:00,Discontinued,2381
TRT_001276,PAT_02501,Ischemic heart disease,Cardiovascular,PROD_78058,2021-11-26 00:00:00,2022-04-13 00:00:00,Discontinued,138
TRT_001277,PAT_02501,Chronic obstructive pulmonary disease,Respiratory,PROD_13550,2023-03-19 18:00:00,2024-07-01 00:00:00,Active,469
TRT_001278,PAT_02504,Chronic obstructive pulmonary disease,Respiratory,PROD_69769,2023-01-26 00:00:00,2024-07-01 00:00:00,Active,522
TRT_001279,PAT_02504,Osteoporosis,Bone health,PROD_73098,2023-05-27 00:00:00,2024-07-01 00:00:00,Active,401
TRT_001280,PAT_02505,Asthma,Respiratory,PROD_49895,2021-05-18 00:00:00,2024-07-01 00:00:00,Active,1140
TRT_001281,PAT_02509,Chronic obstructive pulmonary disease,Respiratory,PROD_13550,2017-07-31 00:00:00,2020-05-23 00:00:00,Discontinued,1027
TRT_001282,PAT_02516,Hypertension,Antihypertensive,PROD_79542,2021-12-18 00:00:00,2024-07-01 00:00:00,Active,926
TRT_001283,PAT_02523,Hypertension,Antihypertensive,PROD_75765,2017-02-28 00:00:00,2024-07-01 00:00:00,Active,2680
TRT_001284,PAT_02524,Epilepsy,Antiepileptic,PROD_9242,2023-09-20 00:00:00,2024-07-01 00:00:00,Active,285
TRT_001285,PAT_02526,Ischemic heart disease,Cardiovascular,PROD_78058,2023-04-07 00:00:00,2024-07-01 00:00:00,Active,451
TRT_001286,PAT_02527,Schizophrenia,Antipsychotic,PROD_73690,2017-04-17 00:00:00,2018-07-29 00:00:00,Discontinued,468
TRT_001287,PAT_02529,Hypertension,Antihypertensive,PROD_79542,2019-12-16 00:00:00,2022-08-25 00:00:00,Discontinued,983
TRT_001288,PAT_02531,Epilepsy,Antiepileptic,PROD_9242,2018-04-05 00:00:00,2024-07-01 00:00:00,Active,2279
TRT_001289,PAT_02535,Ischemic heart disease,Cardiovascular,PROD_73770,2020-05-31 00:00:00,2024-07-01 00:00:00,Active,1492
TRT_001290,PAT_02535,Osteoarthritis,Analgesic / anti-inflammatory,PROD_5917,2020-06-25 00:00:00,2021-02-24 00:00:00,Discontinued,244
TRT_001291,PAT_02536,Heart failure,Heart failure therapy,PROD_70034,2019-05-03 00:00:00,2024-07-01 00:00:00,Active,1886
TRT_001292,PAT_02539,Hypertension,Antihypertensive,PROD_79542,2016-06-17 00:00:00,2017-11-11 00:00:00,Discontinued,512
TRT_001293,PAT_02539,Acute myocardial infarction,Cardiovascular,PROD_78058,2017-06-11 00:00:00,2019-04-12 00:00:00,Discontinued,670
TRT_001294,PAT_02539,Ischemic heart disease,Cardiovascular,PROD_73770,2023-09-13 00:00:00,2024-07-01 00:00:00,Active,292
TRT_001295,PAT_02541,"Diabetes mellitus (types combined), excluding gestational diabetes",Antidiabetic,PROD_62536,2016-08-25 00:00:00,2021-07-09 00:00:00,Discontinued,1779
TRT_001296,PAT_02546,"Diabetes mellitus (types combined), excluding gestational diabetes",Antidiabetic,PROD_74296,2024-02-17 00:00:00,2024-07-01 00:00:00,Active,135
TRT_001297,PAT_02552,Acute myocardial infarction,Cardiovascular,PROD_78058,2022-08-05 00:00:00,2024-07-01 00:00:00,Active,696
TRT_001298,PAT_02560,Hypertension,Antihypertensive,PROD_77062,2019-05-12 00:00:00,2024-07-01 00:00:00,Active,1877
TRT_001299,PAT_02561,Schizophrenia,Antipsychotic,PROD_76239,2015-04-25 00:00:00,2017-11-23 00:00:00,Discontinued,943
TRT_001300,PAT_02561,Ischemic heart disease,Cardiovascular,PROD_78058,2017-03-12 00:00:00,2024-07-01 00:00:00,Active,2668
TRT_001301,PAT_02561,Hypertension,Antihypertensive,PROD_75765,2018-08-31 00:00:00,2023-11-15 00:00:00,Discontinued,1902
TRT_001302,PAT_02563,Hypertension,Antihypertensive,PROD_79542,2024-04-29 00:00:00,2024-07-01 00:00:00,Active,63
TRT_001303,PAT_02565,Hypertension,Antihypertensive,PROD_77062,2021-04-10 00:00:00,2023-09-28 00:00:00,Discontinued,901
TRT_001304,PAT_02570,Osteoarthritis,Analgesic / anti-inflammatory,PROD_5432,2019-12-20 00:00:00,2020-02-13 00:00:00,Discontinued,55
TRT_001305,PAT_02570,Hypertension,Antihypertensive,PROD_77062,2020-07-21 00:00:00,2023-01-07 00:00:00,Discontinued,900
TRT_001306,PAT_02570,Chronic obstructive pulmonary disease,Respiratory,PROD_69769,2022-12-05 00:00:00,2024-07-01 00:00:00,Active,574
TRT_001307,PAT_02573,Asthma,Respiratory,PROD_69769,2017-02-25 00:00:00,2020-07-01 00:00:00,Discontinued,1222
TRT_001308,PAT_02574,Hypertension,Antihypertensive,PROD_79542,2020-07-02 00:00:00,2023-10-28 00:00:00,Discontinued,1213
TRT_001309,PAT_02575,Acute myocardial infarction,Cardiovascular,PROD_82362,2024-02-01 00:00:00,2024-07-01 00:00:00,Active,151
TRT_001310,PAT_02577,"Diabetes mellitus (types combined), excluding gestational diabetes",Antidiabetic,PROD_11727,2016-10-16 00:00:00,2024-07-01 00:00:00,Active,2815
TRT_001311,PAT_02578,"Dementia, including Alzheimer disease",Cognitive disorder therapy,PROD_82234,2019-01-07 00:00:00,2024-07-01 00:00:00,Active,2002
TRT_001312,PAT_02579,Osteoarthritis,Analgesic / anti-inflammatory,PROD_5917,2018-12-28 00:00:00,2019-10-02 00:00:00,Discontinued,278
TRT_001313,PAT_02584,Asthma,Respiratory,PROD_13550,2017-10-26 00:00:00,2019-03-26 00:00:00,Discontinued,516
TRT_001314,PAT_02584,Chronic obstructive pulmonary disease,Respiratory,PROD_49895,2018-08-16 18:00:00,2021-02-15 18:00:00,Discontinued,914
TRT_001315,PAT_02588,Hypertension,Antihypertensive,PROD_79542,2017-06-01 00:00:00,2023-09-04 00:00:00,Discontinued,2286
TRT_001316,PAT_02588,Heart failure,Heart failure therapy,PROD_5646,2017-11-07 00:00:00,2020-12-24 00:00:00,Discontinued,1143
TRT_001317,PAT_02588,Stroke,Antithrombotic / secondary prevention,PROD_66470,2019-01-19 00:00:00,2020-05-07 00:00:00,Discontinued,474
TRT_001318,PAT_02590,Epilepsy,Antiepileptic,PROD_75964,2019-02-13 00:00:00,2021-03-05 00:00:00,Discontinued,751
TRT_001319,PAT_02590,Ischemic heart disease,Cardiovascular,PROD_73770,2020-03-22 00:00:00,2024-07-01 00:00:00,Active,1562
TRT_001320,PAT_02591,Osteoarthritis,Analgesic / anti-inflammatory,PROD_4980,2024-05-19 00:00:00,2024-07-01 00:00:00,Active,43
TRT_001321,PAT_02592,"Diabetes mellitus (types combined), excluding gestational diabetes",Antidiabetic,PROD_74296,2015-04-29 00:00:00,2024-07-01 00:00:00,Active,3351
TRT_001322,PAT_02598,Hypertension,Antihypertensive,PROD_79542,2015-09-30 00:00:00,2023-12-26 00:00:00,Discontinued,3009
TRT_001323,PAT_02600,Hypertension,Antihypertensive,PROD_77062,2021-12-06 00:00:00,2024-07-01 00:00:00,Active,938
TRT_001324,PAT_02602,Osteoarthritis,Analgesic / anti-inflammatory,PROD_5432,2017-08-31 00:00:00,2018-07-08 00:00:00,Discontinued,311
TRT_001325,PAT_02613,Asthma,Respiratory,PROD_49895,2020-01-29 00:00:00,2023-09-28 00:00:00,Discontinued,1338
TRT_001326,PAT_02614,"Diabetes mellitus (types combined), excluding gestational diabetes",Antidiabetic,PROD_74296,2017-07-09 00:00:00,2024-07-01 00:00:00,Active,2549
TRT_001327,PAT_02616,Hypertension,Antihypertensive,PROD_79542,2016-10-19 00:00:00,2024-07-01 00:00:00,Active,2812
TRT_001328,PAT_02616,Stroke,Antithrombotic / secondary prevention,PROD_66470,2019-04-29 00:00:00,2020-08-24 00:00:00,Discontinued,483
TRT_001329,PAT_02616,"Diabetes mellitus (types combined), excluding gestational diabetes",Antidiabetic,PROD_74296,2021-02-17 00:00:00,2024-07-01 00:00:00,Active,1230
TRT_001330,PAT_02619,Hypertension,Antihypertensive,PROD_79542,2020-04-10 00:00:00,2024-07-01 00:00:00,Active,1543
TRT_001331,PAT_02619,Osteoporosis,Bone health,PROD_78367,2022-05-23 00:00:00,2023-11-24 00:00:00,Discontinued,550
TRT_001332,PAT_02621,Ischemic heart disease,Cardiovascular,PROD_73770,2016-10-04 00:00:00,2018-11-27 00:00:00,Discontinued,784
TRT_001333,PAT_02621,Stroke,Antithrombotic / secondary prevention,PROD_61080,2023-12-19 00:00:00,2024-05-16 00:00:00,Discontinued,149
TRT_001334,PAT_02623,Chronic obstructive pulmonary disease,Respiratory,PROD_69769,2023-05-25 18:00:00,2024-07-01 00:00:00,Active,402
TRT_001335,PAT_02629,Osteoarthritis,Analgesic / anti-inflammatory,PROD_5432,2023-01-07 00:00:00,2023-03-17 00:00:00,Discontinued,69
TRT_001336,PAT_02630,Osteoarthritis,Analgesic / anti-inflammatory,PROD_4980,2020-03-23 00:00:00,2020-04-21 00:00:00,Discontinued,29
TRT_001337,PAT_02633,Epilepsy,Antiepileptic,PROD_9242,2019-06-29 00:00:00,2024-07-01 00:00:00,Active,1829
TRT_001338,PAT_02633,Hypertension,Antihypertensive,PROD_79542,2019-09-30 00:00:00,2024-02-29 00:00:00,Discontinued,1613
TRT_001339,PAT_02638,Chronic obstructive pulmonary disease,Respiratory,PROD_49895,2015-05-14 00:00:00,2020-04-04 00:00:00,Discontinued,1787
TRT_001340,PAT_02639,"Diabetes mellitus (types combined), excluding gestational diabetes",Antidiabetic,PROD_62536,2024-02-12 06:00:00,2024-07-01 00:00:00,Active,139
TRT_001341,PAT_02640,Chronic obstructive pulmonary disease,Respiratory,PROD_13550,2020-01-23 00:00:00,2022-06-06 00:00:00,Discontinued,865
TRT_001342,PAT_02645,Ischemic heart disease,Cardiovascular,PROD_82362,2019-05-27 00:00:00,2022-05-13 00:00:00,Discontinued,1082
TRT_001343,PAT_02646,Stroke,Antithrombotic / secondary prevention,PROD_19474,2016-01-30 00:00:00,2018-12-11 00:00:00,Discontinued,1046
TRT_001344,PAT_02646,Hypertension,Antihypertensive,PROD_77062,2017-01-12 00:00:00,2022-01-24 00:00:00,Discontinued,1838
TRT_001345,PAT_02649,Acute myocardial infarction,Cardiovascular,PROD_78058,2017-08-06 00:00:00,2021-10-08 00:00:00,Discontinued,1524
TRT_001346,PAT_02649,Hypertension,Antihypertensive,PROD_75765,2021-12-14 00:00:00,2024-07-01 00:00:00,Active,930
TRT_001347,PAT_02652,Osteoarthritis,Analgesic / anti-inflammatory,PROD_5432,2020-03-27 00:00:00,2020-05-28 00:00:00,Discontinued,62
TRT_001348,PAT_02652,Osteoporosis,Bone health,PROD_78367,2023-03-25 00:00:00,2024-07-01 00:00:00,Active,464
TRT_001349,PAT_02654,Ischemic heart disease,Cardiovascular,PROD_82362,2017-03-24 00:00:00,2024-07-01 00:00:00,Active,2656
TRT_001350,PAT_02654,Hypertension,Antihypertensive,PROD_77062,2019-09-27 00:00:00,2024-07-01 00:00:00,Active,1739
TRT_001351,PAT_02656,Osteoporosis,Bone health,PROD_73098,2016-03-12 00:00:00,2024-07-01 00:00:00,Active,3033
TRT_001352,PAT_02656,Hypertension,Antihypertensive,PROD_79542,2019-08-18 00:00:00,2024-07-01 00:00:00,Active,1779
TRT_001353,PAT_02658,Osteoarthritis,Analgesic / anti-inflammatory,PROD_4980,2021-06-28 00:00:00,2021-11-01 00:00:00,Discontinued,126
TRT_001354,PAT_02659,"Diabetes mellitus (types combined), excluding gestational diabetes",Antidiabetic,PROD_74296,2015-11-02 00:00:00,2019-10-22 00:00:00,Discontinued,1450
TRT_001355,PAT_02659,Chronic obstructive pulmonary disease,Respiratory,PROD_49895,2019-08-11 00:00:00,2020-02-21 00:00:00,Discontinued,194
TRT_001356,PAT_02661,Osteoarthritis,Analgesic / anti-inflammatory,PROD_5432,2021-05-28 00:00:00,2021-07-24 00:00:00,Discontinued,57
TRT_001357,PAT_02662,Hypertension,Antihypertensive,PROD_77062,2020-12-10 00:00:00,2023-11-25 00:00:00,Discontinued,1080
TRT_001358,PAT_02669,Hypertension,Antihypertensive,PROD_77062,2019-11-13 00:00:00,2020-08-06 00:00:00,Discontinued,267
TRT_001359,PAT_02670,Hypertension,Antihypertensive,PROD_75765,2017-03-25 00:00:00,2019-07-30 00:00:00,Discontinued,857
TRT_001360,PAT_02672,Chronic obstructive pulmonary disease,Respiratory,PROD_49895,2016-01-22 00:00:00,2023-07-04 00:00:00,Discontinued,2720
TRT_001361,PAT_02673,Ischemic heart disease,Cardiovascular,PROD_78058,2022-11-24 00:00:00,2024-07-01 00:00:00,Active,585
TRT_001362,PAT_02676,Osteoarthritis,Analgesic / anti-inflammatory,PROD_5917,2015-10-06 00:00:00,2015-12-12 00:00:00,Discontinued,67
TRT_001363,PAT_02676,"Diabetes mellitus (types combined), excluding gestational diabetes",Antidiabetic,PROD_62536,2020-01-04 00:00:00,2024-07-01 00:00:00,Active,1640
TRT_001364,PAT_02679,Hypertension,Antihypertensive,PROD_79542,2017-08-29 00:00:00,2018-10-25 00:00:00,Discontinued,422
TRT_001365,PAT_02681,Hypertension,Antihypertensive,PROD_75765,2014-10-14 00:00:00,2020-12-16 00:00:00,Discontinued,2255
TRT_001366,PAT_02681,Osteoarthritis,Analgesic / anti-inflammatory,PROD_4980,2018-10-10 00:00:00,2019-06-17 00:00:00,Discontinued,250
TRT_001367,PAT_02682,Rheumatoid arthritis,Immunomodulatory / anti-inflammatory,PROD_19681,2022-09-25 00:00:00,2024-07-01 00:00:00,Active,645
TRT_001368,PAT_02690,Hypertension,Antihypertensive,PROD_79542,2020-12-23 00:00:00,2022-04-20 00:00:00,Discontinued,483
TRT_001369,PAT_02697,Hypertension,Antihypertensive,PROD_75765,2014-08-15 00:00:00,2018-04-14 00:00:00,Discontinued,1338
TRT_001370,PAT_02697,Osteoarthritis,Analgesic / anti-inflammatory,PROD_4980,2024-06-17 00:00:00,2024-07-01 00:00:00,Active,14
TRT_001371,PAT_02698,Asthma,Respiratory,PROD_69769,2014-11-29 00:00:00,2016-11-08 00:00:00,Discontinued,710
TRT_001372,PAT_02700,"Diabetes mellitus (types combined), excluding gestational diabetes",Antidiabetic,PROD_62536,2022-02-13 06:00:00,2023-11-05 06:00:00,Discontinued,630
TRT_001373,PAT_02702,Osteoarthritis,Analgesic / anti-inflammatory,PROD_5432,2017-03-11 00:00:00,2018-10-30 00:00:00,Discontinued,598
TRT_001374,PAT_02702,Epilepsy,Antiepileptic,PROD_9242,2023-09-04 00:00:00,2024-07-01 00:00:00,Active,301
TRT_001375,PAT_02704,Osteoarthritis,Analgesic / anti-inflammatory,PROD_5917,2022-12-11 00:00:00,2023-02-23 00:00:00,Discontinued,74
TRT_001376,PAT_02708,Hypertension,Antihypertensive,PROD_79542,2020-10-11 00:00:00,2023-01-27 00:00:00,Discontinued,838
TRT_001377,PAT_02709,Osteoarthritis,Analgesic / anti-inflammatory,PROD_5432,2017-01-01 00:00:00,2017-02-09 00:00:00,Discontinued,39
TRT_001378,PAT_02709,Heart failure,Heart failure therapy,PROD_5646,2018-03-21 00:00:00,2021-10-11 00:00:00,Discontinued,1300
TRT_001379,PAT_02709,Asthma,Respiratory,PROD_13550,2019-02-22 00:00:00,2021-12-23 00:00:00,Discontinued,1035
TRT_001380,PAT_02709,Hypertension,Antihypertensive,PROD_77062,2024-02-27 00:00:00,2024-07-01 00:00:00,Active,125
TRT_001381,PAT_02710,Stroke,Antithrombotic / secondary prevention,PROD_66470,2024-03-08 00:00:00,2024-07-01 00:00:00,Active,115
TRT_001382,PAT_02712,Asthma,Respiratory,PROD_13550,2015-11-01 00:00:00,2016-05-19 00:00:00,Discontinued,200
TRT_001383,PAT_02713,Osteoarthritis,Analgesic / anti-inflammatory,PROD_5917,2015-05-11 00:00:00,2015-09-20 00:00:00,Discontinued,132
TRT_001384,PAT_02714,Asthma,Respiratory,PROD_13550,2024-04-01 06:00:00,2024-07-01 00:00:00,Active,90
TRT_001385,PAT_02715,"Diabetes mellitus (types combined), excluding gestational diabetes",Antidiabetic,PROD_11727,2019-09-09 00:00:00,2024-07-01 00:00:00,Active,1757
TRT_001386,PAT_02715,Hypertension,Antihypertensive,PROD_77062,2022-06-12 00:00:00,2024-07-01 00:00:00,Active,750
TRT_001387,PAT_02716,Hypertension,Antihypertensive,PROD_75765,2016-10-15 00:00:00,2021-05-19 00:00:00,Discontinued,1677
TRT_001388,PAT_02716,Stroke,Antithrombotic / secondary prevention,PROD_66470,2019-06-24 00:00:00,2021-02-18 00:00:00,Discontinued,605
TRT_001389,PAT_02716,Osteoarthritis,Analgesic / anti-inflammatory,PROD_5432,2023-12-20 00:00:00,2024-03-07 00:00:00,Discontinued,78
TRT_001390,PAT_02718,Osteoarthritis,Analgesic / anti-inflammatory,PROD_5432,2021-09-05 00:00:00,2022-04-05 00:00:00,Discontinued,212
TRT_001391,PAT_02725,Asthma,Respiratory,PROD_49895,2023-05-11 00:00:00,2024-07-01 00:00:00,Active,417
TRT_001392,PAT_02727,Chronic obstructive pulmonary disease,Respiratory,PROD_13550,2017-08-04 00:00:00,2019-05-22 00:00:00,Discontinued,656
TRT_001393,PAT_02727,Osteoarthritis,Analgesic / anti-inflammatory,PROD_5917,2023-01-06 00:00:00,2023-04-06 00:00:00,Discontinued,90
TRT_001394,PAT_02731,Osteoarthritis,Analgesic / anti-inflammatory,PROD_5917,2018-09-30 00:00:00,2019-01-18 00:00:00,Discontinued,110
TRT_001395,PAT_02733,Asthma,Respiratory,PROD_13550,2023-03-17 00:00:00,2023-12-26 00:00:00,Discontinued,284
TRT_001396,PAT_02734,Hypertension,Antihypertensive,PROD_75765,2020-04-23 00:00:00,2024-07-01 00:00:00,Active,1530
TRT_001397,PAT_02739,Stroke,Antithrombotic / secondary prevention,PROD_19474,2017-02-09 00:00:00,2019-06-11 00:00:00,Discontinued,852
TRT_001398,PAT_02741,Hypertension,Antihypertensive,PROD_75765,2018-04-07 00:00:00,2021-11-28 00:00:00,Discontinued,1331
TRT_001399,PAT_02743,Hypertension,Antihypertensive,PROD_77062,2018-08-04 00:00:00,2024-07-01 00:00:00,Active,2158
TRT_001400,PAT_02746,Schizophrenia,Antipsychotic,PROD_76239,2024-06-24 12:00:00,2024-07-01 00:00:00,Active,6
TRT_001401,PAT_02747,Ischemic heart disease,Cardiovascular,PROD_78058,2023-09-26 00:00:00,2024-07-01 00:00:00,Active,279
TRT_001402,PAT_02750,Asthma,Respiratory,PROD_13550,2014-11-21 00:00:00,2017-01-08 00:00:00,Discontinued,779
TRT_001403,PAT_02751,Osteoporosis,Bone health,PROD_73098,2017-07-14 00:00:00,2020-12-27 00:00:00,Discontinued,1262
TRT_001404,PAT_02752,Asthma,Respiratory,PROD_49895,2018-12-05 00:00:00,2022-11-06 00:00:00,Discontinued,1432
TRT_001405,PAT_02754,Multiple sclerosis,Disease-modifying therapy,PROD_103009,2016-01-10 00:00:00,2024-07-01 00:00:00,Active,3095
TRT_001406,PAT_02754,Stroke,Antithrombotic / secondary prevention,PROD_19474,2021-05-31 00:00:00,2022-10-04 00:00:00,Discontinued,491
TRT_001407,PAT_02755,Hypertension,Antihypertensive,PROD_77062,2017-08-10 00:00:00,2021-02-11 00:00:00,Discontinued,1281
TRT_001408,PAT_02755,Stroke,Antithrombotic / secondary prevention,PROD_19474,2018-10-22 00:00:00,2020-04-23 00:00:00,Discontinued,549
TRT_001409,PAT_02756,Ischemic heart disease,Cardiovascular,PROD_73770,2021-04-12 00:00:00,2024-07-01 00:00:00,Active,1176
TRT_001410,PAT_02760,Chronic obstructive pulmonary disease,Respiratory,PROD_49895,2022-01-02 00:00:00,2024-06-09 00:00:00,Discontinued,889
TRT_001411,PAT_02763,Hypertension,Antihypertensive,PROD_75765,2019-08-09 00:00:00,2024-07-01 00:00:00,Active,1788
TRT_001412,PAT_02767,Osteoarthritis,Analgesic / anti-inflammatory,PROD_5432,2023-06-10 00:00:00,2023-09-02 00:00:00,Discontinued,84
TRT_001413,PAT_02768,Chronic obstructive pulmonary disease,Respiratory,PROD_13550,2020-11-11 00:00:00,2024-07-01 00:00:00,Active,1328
TRT_001414,PAT_02770,Rheumatoid arthritis,Immunomodulatory / anti-inflammatory,PROD_19681,2014-08-02 00:00:00,2015-08-09 00:00:00,Discontinued,372
TRT_001415,PAT_02770,Osteoarthritis,Analgesic / anti-inflammatory,PROD_5432,2020-02-13 00:00:00,2021-11-28 00:00:00,Discontinued,654
TRT_001416,PAT_02770,"Diabetes mellitus (types combined), excluding gestational diabetes",Antidiabetic,PROD_11727,2023-04-28 00:00:00,2024-07-01 00:00:00,Active,430
TRT_001417,PAT_02771,Asthma,Respiratory,PROD_69769,2019-10-09 00:00:00,2020-04-03 00:00:00,Discontinued,177
TRT_001418,PAT_02772,Hypertension,Antihypertensive,PROD_79542,2016-07-04 00:00:00,2022-04-01 00:00:00,Discontinued,2097
TRT_001419,PAT_02776,Asthma,Respiratory,PROD_49895,2023-07-13 00:00:00,2024-07-01 00:00:00,Active,354
TRT_001420,PAT_02782,"Diabetes mellitus (types combined), excluding gestational diabetes",Antidiabetic,PROD_11727,2024-04-17 00:00:00,2024-07-01 00:00:00,Active,75
TRT_001421,PAT_02783,"Diabetes mellitus (types combined), excluding gestational diabetes",Antidiabetic,PROD_62536,2021-02-02 00:00:00,2022-09-20 00:00:00,Discontinued,595
TRT_001422,PAT_02785,Osteoarthritis,Analgesic / anti-inflammatory,PROD_5432,2020-11-10 00:00:00,2020-12-19 00:00:00,Discontinued,39
TRT_001423,PAT_02787,Hypertension,Antihypertensive,PROD_77062,2018-04-17 00:00:00,2024-07-01 00:00:00,Active,2267
TRT_001424,PAT_02788,Heart failure,Heart failure therapy,PROD_70034,2022-08-25 00:00:00,2023-12-27 00:00:00,Discontinued,489
TRT_001425,PAT_02791,Osteoarthritis,Analgesic / anti-inflammatory,PROD_5917,2021-06-29 00:00:00,2021-07-27 00:00:00,Discontinued,28
TRT_001426,PAT_02795,Asthma,Respiratory,PROD_49895,2019-09-30 00:00:00,2022-04-24 00:00:00,Discontinued,937
TRT_001427,PAT_02796,Hypertension,Antihypertensive,PROD_75765,2020-04-04 00:00:00,2024-06-26 00:00:00,Discontinued,1544
TRT_001428,PAT_02796,Osteoarthritis,Analgesic / anti-inflammatory,PROD_4980,2024-04-15 00:00:00,2024-06-06 00:00:00,Discontinued,52
TRT_001429,PAT_02800,Osteoarthritis,Analgesic / anti-inflammatory,PROD_5917,2023-11-11 00:00:00,2024-01-11 00:00:00,Discontinued,61
TRT_001430,PAT_02801,Chronic obstructive pulmonary disease,Respiratory,PROD_49895,2016-09-08 00:00:00,2017-01-12 00:00:00,Discontinued,126
TRT_001431,PAT_02801,Asthma,Respiratory,PROD_13550,2020-11-12 00:00:00,2023-04-21 00:00:00,Discontinued,890
TRT_001432,PAT_02805,Hypertension,Antihypertensive,PROD_77062,2018-10-15 00:00:00,2021-07-08 00:00:00,Discontinued,997
TRT_001433,PAT_02807,Osteoarthritis,Analgesic / anti-inflammatory,PROD_5917,2016-08-24 00:00:00,2016-10-22 00:00:00,Discontinued,59
TRT_001434,PAT_02808,"Diabetes mellitus (types combined), excluding gestational diabetes",Antidiabetic,PROD_62536,2018-05-26 00:00:00,2024-07-01 00:00:00,Active,2228
TRT_001435,PAT_02808,Chronic obstructive pulmonary disease,Respiratory,PROD_13550,2021-03-13 00:00:00,2022-05-11 00:00:00,Discontinued,424
TRT_001436,PAT_02809,Heart failure,Heart failure therapy,PROD_70034,2021-12-29 00:00:00,2024-07-01 00:00:00,Active,915
TRT_001437,PAT_02810,"Diabetes mellitus (types combined), excluding gestational diabetes",Antidiabetic,PROD_11727,2016-08-19 00:00:00,2017-10-03 00:00:00,Discontinued,410
TRT_001438,PAT_02810,Osteoarthritis,Analgesic / anti-inflammatory,PROD_5917,2020-03-23 00:00:00,2020-07-22 00:00:00,Discontinued,121
TRT_001439,PAT_02813,"Diabetes mellitus (types combined), excluding gestational diabetes",Antidiabetic,PROD_62536,2022-03-27 06:00:00,2024-07-01 00:00:00,Active,826
TRT_001440,PAT_02814,Hypertension,Antihypertensive,PROD_75765,2016-02-04 00:00:00,2019-06-26 00:00:00,Discontinued,1238
TRT_001441,PAT_02815,Osteoarthritis,Analgesic / anti-inflammatory,PROD_4980,2021-03-28 00:00:00,2021-05-06 00:00:00,Discontinued,39
TRT_001442,PAT_02816,Osteoporosis,Bone health,PROD_78367,2016-01-22 00:00:00,2019-01-29 00:00:00,Discontinued,1103
TRT_001443,PAT_02818,Ischemic heart disease,Cardiovascular,PROD_82362,2022-03-24 00:00:00,2024-07-01 00:00:00,Active,830
TRT_001444,PAT_02818,Asthma,Respiratory,PROD_13550,2022-05-04 00:00:00,2023-12-29 00:00:00,Discontinued,604
TRT_001445,PAT_02820,"Diabetes mellitus (types combined), excluding gestational diabetes",Antidiabetic,PROD_62536,2023-06-27 06:00:00,2024-07-01 00:00:00,Active,369
TRT_001446,PAT_02822,Osteoarthritis,Analgesic / anti-inflammatory,PROD_5917,2017-05-17 00:00:00,2017-10-22 00:00:00,Discontinued,158
TRT_001447,PAT_02822,Hypertension,Antihypertensive,PROD_79542,2018-12-23 00:00:00,2023-08-03 00:00:00,Discontinued,1684
TRT_001448,PAT_02825,Hypertension,Antihypertensive,PROD_79542,2020-01-23 00:00:00,2024-07-01 00:00:00,Active,1621
TRT_001449,PAT_02826,"Diabetes mellitus (types combined), excluding gestational diabetes",Antidiabetic,PROD_11727,2016-04-05 00:00:00,2021-06-11 00:00:00,Discontinued,1893
TRT_001450,PAT_02828,Hypertension,Antihypertensive,PROD_77062,2019-09-24 00:00:00,2024-07-01 00:00:00,Active,1742
TRT_001451,PAT_02829,Hypertension,Antihypertensive,PROD_79542,2018-06-27 00:00:00,2024-07-01 00:00:00,Active,2196
TRT_001452,PAT_02831,Hypertension,Antihypertensive,PROD_75765,2016-11-16 00:00:00,2019-06-05 00:00:00,Discontinued,931
TRT_001453,PAT_02831,Ischemic heart disease,Cardiovascular,PROD_73770,2017-05-31 00:00:00,2022-07-01 00:00:00,Discontinued,1857
TRT_001454,PAT_02834,Hypertension,Antihypertensive,PROD_79542,2023-10-18 00:00:00,2024-07-01 00:00:00,Active,257
TRT_001455,PAT_02838,Asthma,Respiratory,PROD_69769,2020-12-04 00:00:00,2022-12-20 00:00:00,Discontinued,746
TRT_001456,PAT_02842,Hypertension,Antihypertensive,PROD_75765,2020-05-07 00:00:00,2024-02-20 00:00:00,Discontinued,1384
TRT_001457,PAT_02843,Hypertension,Antihypertensive,PROD_79542,2021-09-12 00:00:00,2023-02-02 00:00:00,Discontinued,508
TRT_001458,PAT_02845,Hypertension,Antihypertensive,PROD_77062,2023-11-26 00:00:00,2024-07-01 00:00:00,Active,218
TRT_001459,PAT_02847,Hypertension,Antihypertensive,PROD_77062,2016-04-27 00:00:00,2024-07-01 00:00:00,Active,2987
TRT_001460,PAT_02848,Hypertension,Antihypertensive,PROD_77062,2015-12-29 00:00:00,2022-04-16 00:00:00,Discontinued,2300
TRT_001461,PAT_02848,Asthma,Respiratory,PROD_69769,2019-04-13 00:00:00,2020-02-13 00:00:00,Discontinued,306
TRT_001462,PAT_02850,"Diabetes mellitus (types combined), excluding gestational diabetes",Antidiabetic,PROD_62536,2019-06-07 00:00:00,2024-07-01 00:00:00,Active,1851
TRT_001463,PAT_02851,Stroke,Antithrombotic / secondary prevention,PROD_61080,2017-08-20 00:00:00,2018-03-20 00:00:00,Discontinued,212
TRT_001464,PAT_02851,Osteoarthritis,Analgesic / anti-inflammatory,PROD_5917,2023-02-05 00:00:00,2023-04-15 00:00:00,Discontinued,69
TRT_001465,PAT_02852,Hypertension,Antihypertensive,PROD_77062,2016-07-08 00:00:00,2018-12-26 00:00:00,Discontinued,901
TRT_001466,PAT_02854,Ischemic heart disease,Cardiovascular,PROD_82362,2024-04-20 00:00:00,2024-07-01 00:00:00,Active,72
TRT_001467,PAT_02855,Osteoarthritis,Analgesic / anti-inflammatory,PROD_4980,2021-03-08 00:00:00,2021-03-25 00:00:00,Discontinued,17
TRT_001468,PAT_02856,Hypertension,Antihypertensive,PROD_79542,2021-08-13 00:00:00,2023-02-15 00:00:00,Discontinued,551
TRT_001469,PAT_02859,Osteoporosis,Bone health,PROD_78367,2023-02-12 00:00:00,2024-07-01 00:00:00,Active,505
TRT_001470,PAT_02864,"Diabetes mellitus (types combined), excluding gestational diabetes",Antidiabetic,PROD_74296,2018-06-24 00:00:00,2020-11-11 00:00:00,Discontinued,871
TRT_001471,PAT_02865,Hypertension,Antihypertensive,PROD_77062,2023-05-07 00:00:00,2024-07-01 00:00:00,Active,421
TRT_001472,PAT_02869,Asthma,Respiratory,PROD_49895,2016-04-13 00:00:00,2020-03-09 00:00:00,Discontinued,1426
TRT_001473,PAT_02871,Ischemic heart disease,Cardiovascular,PROD_73770,2015-05-09 00:00:00,2020-05-30 00:00:00,Discontinued,1848
TRT_001474,PAT_02876,Hypertension,Antihypertensive,PROD_79542,2014-12-18 00:00:00,2018-12-16 00:00:00,Discontinued,1459
TRT_001475,PAT_02879,Acute myocardial infarction,Cardiovascular,PROD_82362,2022-03-15 00:00:00,2024-07-01 00:00:00,Active,839
TRT_001476,PAT_02880,Hypertension,Antihypertensive,PROD_75765,2024-05-11 00:00:00,2024-07-01 00:00:00,Active,51
TRT_001477,PAT_02882,Hypertension,Antihypertensive,PROD_75765,2018-01-25 00:00:00,2024-07-01 00:00:00,Active,2349
TRT_001478,PAT_02884,Hypertension,Antihypertensive,PROD_79542,2019-07-19 00:00:00,2024-07-01 00:00:00,Active,1809
TRT_001479,PAT_02886,Hypertension,Antihypertensive,PROD_79542,2021-02-12 00:00:00,2024-07-01 00:00:00,Active,1235
TRT_001480,PAT_02887,Asthma,Respiratory,PROD_49895,2014-08-18 00:00:00,2014-10-21 00:00:00,Discontinued,64
TRT_001481,PAT_02890,Chronic obstructive pulmonary disease,Respiratory,PROD_13550,2020-05-21 00:00:00,2021-05-10 00:00:00,Discontinued,354
TRT_001482,PAT_02892,Osteoporosis,Bone health,PROD_78367,2015-09-24 00:00:00,2018-09-26 00:00:00,Discontinued,1098
TRT_001483,PAT_02893,Heart failure,Heart failure therapy,PROD_5646,2022-07-29 00:00:00,2024-07-01 00:00:00,Active,703
TRT_001484,PAT_02895,Rheumatoid arthritis,Immunomodulatory / anti-inflammatory,PROD_74173,2016-12-26 00:00:00,2017-05-05 00:00:00,Discontinued,130
TRT_001485,PAT_02895,Hypertension,Antihypertensive,PROD_79542,2017-08-19 00:00:00,2018-12-26 00:00:00,Discontinued,494
TRT_001486,PAT_02895,Osteoarthritis,Analgesic / anti-inflammatory,PROD_5432,2022-06-12 00:00:00,2023-02-23 00:00:00,Discontinued,256
TRT_001487,PAT_02897,Osteoarthritis,Analgesic / anti-inflammatory,PROD_4980,2022-02-12 00:00:00,2022-04-11 00:00:00,Discontinued,58
TRT_001488,PAT_02901,Chronic obstructive pulmonary disease,Respiratory,PROD_69769,2020-06-21 18:00:00,2020-10-23 18:00:00,Discontinued,124
TRT_001489,PAT_02901,"Diabetes mellitus (types combined), excluding gestational diabetes",Antidiabetic,PROD_74296,2023-07-02 00:00:00,2024-07-01 00:00:00,Active,365
TRT_001490,PAT_02907,Hypertension,Antihypertensive,PROD_79542,2018-10-30 00:00:00,2024-07-01 00:00:00,Active,2071
TRT_001491,PAT_02908,Asthma,Respiratory,PROD_49895,2023-07-26 00:00:00,2024-03-23 00:00:00,Discontinued,241
TRT_001492,PAT_02913,Stroke,Antithrombotic / secondary prevention,PROD_66470,2020-05-01 00:00:00,2022-03-30 00:00:00,Discontinued,698
TRT_001493,PAT_02913,Hypertension,Antihypertensive,PROD_79542,2024-02-15 00:00:00,2024-07-01 00:00:00,Active,137
TRT_001494,PAT_02915,Multiple sclerosis,Disease-modifying therapy,PROD_103009,2018-02-03 00:00:00,2019-06-11 00:00:00,Discontinued,493
TRT_001495,PAT_02918,Hypertension,Antihypertensive,PROD_75765,2020-06-25 00:00:00,2024-07-01 00:00:00,Active,1467
TRT_001496,PAT_02920,Osteoarthritis,Analgesic / anti-inflammatory,PROD_4980,2019-03-01 00:00:00,2019-07-03 00:00:00,Discontinued,124
TRT_001497,PAT_02922,Osteoarthritis,Analgesic / anti-inflammatory,PROD_4980,2021-04-03 00:00:00,2021-06-11 00:00:00,Discontinued,69
TRT_001498,PAT_02923,Asthma,Respiratory,PROD_69769,2020-03-16 00:00:00,2021-02-04 00:00:00,Discontinued,325
TRT_001499,PAT_02927,Hypertension,Antihypertensive,PROD_75765,2021-08-17 00:00:00,2024-07-01 00:00:00,Active,1049
TRT_001500,PAT_02929,"Diabetes mellitus (types combined), excluding gestational diabetes",Antidiabetic,PROD_62536,2022-05-12 00:00:00,2024-07-01 00:00:00,Active,781
TRT_001501,PAT_02930,Hypertension,Antihypertensive,PROD_79542,2023-09-01 00:00:00,2024-07-01 00:00:00,Active,304
TRT_001502,PAT_02932,Asthma,Respiratory,PROD_49895,2021-05-23 00:00:00,2022-03-25 00:00:00,Discontinued,306
TRT_001503,PAT_02933,Chronic obstructive pulmonary disease,Respiratory,PROD_13550,2023-03-28 00:00:00,2024-07-01 00:00:00,Active,461
TRT_001504,PAT_02934,Hypertension,Antihypertensive,PROD_77062,2018-07-13 00:00:00,2024-07-01 00:00:00,Active,2180
TRT_001505,PAT_02940,Hypertension,Antihypertensive,PROD_75765,2021-07-23 00:00:00,2024-07-01 00:00:00,Active,1074
TRT_001506,PAT_02941,Chronic obstructive pulmonary disease,Respiratory,PROD_49895,2022-10-31 18:00:00,2024-03-12 18:00:00,Discontinued,498
TRT_001507,PAT_02941,Ischemic heart disease,Cardiovascular,PROD_82362,2022-11-27 00:00:00,2024-07-01 00:00:00,Active,582
TRT_001508,PAT_02942,Chronic obstructive pulmonary disease,Respiratory,PROD_49895,2018-08-23 00:00:00,2020-11-17 00:00:00,Discontinued,817
TRT_001509,PAT_02944,Chronic obstructive pulmonary disease,Respiratory,PROD_69769,2016-08-11 00:00:00,2017-01-04 00:00:00,Discontinued,146
TRT_001510,PAT_02947,"Diabetes mellitus (types combined), excluding gestational diabetes",Antidiabetic,PROD_11727,2014-10-19 00:00:00,2022-06-22 00:00:00,Discontinued,2803
TRT_001511,PAT_02950,"Diabetes mellitus (types combined), excluding gestational diabetes",Antidiabetic,PROD_74296,2021-12-16 00:00:00,2024-07-01 00:00:00,Active,928
TRT_001512,PAT_02953,Osteoarthritis,Analgesic / anti-inflammatory,PROD_5432,2022-01-11 00:00:00,2022-03-28 00:00:00,Discontinued,76
TRT_001513,PAT_02955,Hypertension,Antihypertensive,PROD_75765,2016-06-23 00:00:00,2023-06-24 00:00:00,Discontinued,2557
TRT_001514,PAT_02955,"Diabetes mellitus (types combined), excluding gestational diabetes",Antidiabetic,PROD_62536,2017-09-01 00:00:00,2021-06-20 00:00:00,Discontinued,1388
TRT_001515,PAT_02956,Heart failure,Heart failure therapy,PROD_2333,2019-01-02 00:00:00,2022-01-10 00:00:00,Discontinued,1104
TRT_001516,PAT_02957,Hypertension,Antihypertensive,PROD_77062,2023-09-03 00:00:00,2024-07-01 00:00:00,Active,302
TRT_001517,PAT_02959,Osteoporosis,Bone health,PROD_73098,2023-05-07 00:00:00,2024-07-01 00:00:00,Active,421
TRT_001518,PAT_02960,Ischemic heart disease,Cardiovascular,PROD_73770,2024-04-06 00:00:00,2024-07-01 00:00:00,Active,86
TRT_001519,PAT_02964,Ischemic heart disease,Cardiovascular,PROD_82362,2018-11-15 00:00:00,2022-01-28 00:00:00,Discontinued,1170
TRT_001520,PAT_02965,"Diabetes mellitus (types combined), excluding gestational diabetes",Antidiabetic,PROD_62536,2015-02-26 00:00:00,2019-07-06 00:00:00,Discontinued,1591
TRT_001521,PAT_02968,Ischemic heart disease,Cardiovascular,PROD_73770,2020-09-25 00:00:00,2024-01-14 00:00:00,Discontinued,1206
TRT_001522,PAT_02968,"Diabetes mellitus (types combined), excluding gestational diabetes",Antidiabetic,PROD_62536,2021-02-03 00:00:00,2024-07-01 00:00:00,Active,1244
TRT_001523,PAT_02973,Osteoporosis,Bone health,PROD_78367,2020-08-15 00:00:00,2024-03-31 00:00:00,Discontinued,1324
TRT_001524,PAT_02973,"Diabetes mellitus (types combined), excluding gestational diabetes",Antidiabetic,PROD_74296,2023-01-15 00:00:00,2024-07-01 00:00:00,Active,533
TRT_001525,PAT_02980,Osteoarthritis,Analgesic / anti-inflammatory,PROD_5432,2018-11-14 00:00:00,2018-12-27 00:00:00,Discontinued,43
TRT_001526,PAT_02981,Schizophrenia,Antipsychotic,PROD_76239,2015-12-03 00:00:00,2019-01-23 00:00:00,Discontinued,1147
TRT_001527,PAT_02981,Chronic obstructive pulmonary disease,Respiratory,PROD_13550,2024-06-03 18:00:00,2024-07-01 00:00:00,Active,27
TRT_001528,PAT_02983,Ischemic heart disease,Cardiovascular,PROD_78058,2020-02-14 00:00:00,2023-03-09 00:00:00,Discontinued,1119
TRT_001529,PAT_02985,"Diabetes mellitus (types combined), excluding gestational diabetes",Antidiabetic,PROD_11727,2014-11-02 00:00:00,2023-10-04 00:00:00,Discontinued,3258
TRT_001530,PAT_02985,Hypertension,Antihypertensive,PROD_79542,2023-05-24 00:00:00,2024-07-01 00:00:00,Active,404
TRT_001531,PAT_02988,Asthma,Respiratory,PROD_69769,2021-05-08 06:00:00,2021-06-22 06:00:00,Discontinued,45
TRT_001532,PAT_02995,Asthma,Respiratory,PROD_13550,2022-10-06 00:00:00,2024-01-17 00:00:00,Discontinued,468
TRT_001533,PAT_02996,Osteoporosis,Bone health,PROD_73098,2020-08-30 00:00:00,2023-11-24 00:00:00,Discontinued,1181
TRT_001534,PAT_02998,Osteoporosis,Bone health,PROD_78367,2019-12-10 00:00:00,2022-05-21 00:00:00,Discontinued,893
TRT_001535,PAT_02998,Acute myocardial infarction,Cardiovascular,PROD_78058,2020-05-04 00:00:00,2024-07-01 00:00:00,Active,1519
TRT_001536,PAT_02999,Chronic obstructive pulmonary disease,Respiratory,PROD_13550,2020-04-29 00:00:00,2020-07-28 00:00:00,Discontinued,90
TRT_001537,PAT_03001,Hypertension,Antihypertensive,PROD_75765,2020-08-03 00:00:00,2021-03-09 00:00:00,Discontinued,218
TRT_001538,PAT_03004,Hypertension,Antihypertensive,PROD_77062,2023-09-08 00:00:00,2024-07-01 00:00:00,Active,297
TRT_001539,PAT_03011,Osteoporosis,Bone health,PROD_73098,2019-12-02 00:00:00,2023-06-21 00:00:00,Discontinued,1297
TRT_001540,PAT_03014,Osteoporosis,Bone health,PROD_73098,2024-02-15 00:00:00,2024-07-01 00:00:00,Active,137
TRT_001541,PAT_03018,"Diabetes mellitus (types combined), excluding gestational diabetes",Antidiabetic,PROD_11727,2019-02-01 00:00:00,2021-09-27 00:00:00,Discontinued,969
TRT_001542,PAT_03019,Osteoarthritis,Analgesic / anti-inflammatory,PROD_4980,2015-04-30 00:00:00,2015-05-19 00:00:00,Discontinued,19
TRT_001543,PAT_03019,Hypertension,Antihypertensive,PROD_79542,2017-04-20 00:00:00,2021-06-19 00:00:00,Discontinued,1521
TRT_001544,PAT_03019,Chronic obstructive pulmonary disease,Respiratory,PROD_69769,2020-10-18 00:00:00,2024-07-01 00:00:00,Active,1352
TRT_001545,PAT_03020,Ischemic heart disease,Cardiovascular,PROD_82362,2014-07-25 00:00:00,2018-10-23 00:00:00,Discontinued,1551
TRT_001546,PAT_03020,Hypertension,Antihypertensive,PROD_75765,2024-06-03 00:00:00,2024-07-01 00:00:00,Active,28
TRT_001547,PAT_03021,Osteoarthritis,Analgesic / anti-inflammatory,PROD_4980,2014-12-30 00:00:00,2015-06-24 00:00:00,Discontinued,176
TRT_001548,PAT_03022,Chronic obstructive pulmonary disease,Respiratory,PROD_13550,2017-01-18 00:00:00,2018-08-01 00:00:00,Discontinued,560
TRT_001549,PAT_03022,Hypertension,Antihypertensive,PROD_77062,2018-04-04 00:00:00,2022-07-05 00:00:00,Discontinued,1553
TRT_001550,PAT_03024,"Diabetes mellitus (types combined), excluding gestational diabetes",Antidiabetic,PROD_11727,2019-03-31 00:00:00,2024-07-01 00:00:00,Active,1919
TRT_001551,PAT_03028,Heart failure,Heart failure therapy,PROD_2333,2021-08-04 00:00:00,2024-07-01 00:00:00,Active,1062
TRT_001552,PAT_03029,Ischemic heart disease,Cardiovascular,PROD_82362,2020-04-18 00:00:00,2024-07-01 00:00:00,Active,1535
TRT_001553,PAT_03034,Hypertension,Antihypertensive,PROD_77062,2021-10-20 00:00:00,2024-07-01 00:00:00,Active,985
TRT_001554,PAT_03037,Osteoarthritis,Analgesic / anti-inflammatory,PROD_5917,2018-01-19 00:00:00,2018-03-28 00:00:00,Discontinued,68
TRT_001555,PAT_03037,Asthma,Respiratory,PROD_13550,2018-02-19 00:00:00,2021-11-21 00:00:00,Discontinued,1371
TRT_001556,PAT_03037,Hypertension,Antihypertensive,PROD_79542,2021-02-27 00:00:00,2024-07-01 00:00:00,Active,1220
TRT_001557,PAT_03045,Asthma,Respiratory,PROD_69769,2016-04-26 00:00:00,2021-06-16 00:00:00,Discontinued,1877
TRT_001558,PAT_03046,Hypertension,Antihypertensive,PROD_79542,2020-11-16 00:00:00,2023-02-26 00:00:00,Discontinued,832
TRT_001559,PAT_03049,Osteoarthritis,Analgesic / anti-inflammatory,PROD_5432,2015-05-05 00:00:00,2016-02-12 00:00:00,Discontinued,283
TRT_001560,PAT_03051,Osteoarthritis,Analgesic / anti-inflammatory,PROD_5917,2023-07-11 00:00:00,2023-11-19 00:00:00,Discontinued,131
TRT_001561,PAT_03052,Heart failure,Heart failure therapy,PROD_5646,2019-02-08 00:00:00,2021-07-10 00:00:00,Discontinued,883
TRT_001562,PAT_03053,Asthma,Respiratory,PROD_49895,2023-05-02 00:00:00,2024-07-01 00:00:00,Active,426
TRT_001563,PAT_03059,Ischemic heart disease,Cardiovascular,PROD_73770,2021-06-27 00:00:00,2024-07-01 00:00:00,Active,1100
TRT_001564,PAT_03060,Asthma,Respiratory,PROD_13550,2023-04-08 00:00:00,2024-07-01 00:00:00,Active,450
TRT_001565,PAT_03062,Asthma,Respiratory,PROD_69769,2018-04-16 00:00:00,2019-03-19 00:00:00,Discontinued,337
TRT_001566,PAT_03068,"Diabetes mellitus (types combined), excluding gestational diabetes",Antidiabetic,PROD_11727,2016-10-27 00:00:00,2021-05-06 00:00:00,Discontinued,1652
TRT_001567,PAT_03069,"Diabetes mellitus (types combined), excluding gestational diabetes",Antidiabetic,PROD_11727,2020-04-27 00:00:00,2024-07-01 00:00:00,Active,1526
TRT_001568,PAT_03073,"Diabetes mellitus (types combined), excluding gestational diabetes",Antidiabetic,PROD_11727,2020-01-03 06:00:00,2024-07-01 00:00:00,Active,1640
TRT_001569,PAT_03076,Ischemic heart disease,Cardiovascular,PROD_78058,2021-05-29 00:00:00,2023-07-23 00:00:00,Discontinued,785
TRT_001570,PAT_03078,Osteoporosis,Bone health,PROD_78367,2017-08-04 00:00:00,2019-03-04 00:00:00,Discontinued,577
TRT_001571,PAT_03080,Ischemic heart disease,Cardiovascular,PROD_73770,2017-07-20 00:00:00,2023-09-03 00:00:00,Discontinued,2236
TRT_001572,PAT_03080,Hypertension,Antihypertensive,PROD_75765,2022-07-17 00:00:00,2024-07-01 00:00:00,Active,715
TRT_001573,PAT_03081,Hypertension,Antihypertensive,PROD_79542,2024-01-17 00:00:00,2024-07-01 00:00:00,Active,166
TRT_001574,PAT_03083,Chronic obstructive pulmonary disease,Respiratory,PROD_13550,2019-01-05 18:00:00,2024-07-01 00:00:00,Active,2003
TRT_001575,PAT_03086,Stroke,Antithrombotic / secondary prevention,PROD_61080,2024-04-03 00:00:00,2024-07-01 00:00:00,Active,89
TRT_001576,PAT_03090,Hypertension,Antihypertensive,PROD_79542,2021-03-01 00:00:00,2024-04-16 00:00:00,Discontinued,1142
TRT_001577,PAT_03092,Hypertension,Antihypertensive,PROD_77062,2017-01-23 00:00:00,2019-12-21 00:00:00,Discontinued,1062
TRT_001578,PAT_03093,Asthma,Respiratory,PROD_13550,2021-12-03 00:00:00,2023-02-12 00:00:00,Discontinued,436
TRT_001579,PAT_03095,Hypertension,Antihypertensive,PROD_79542,2015-06-30 00:00:00,2019-05-23 00:00:00,Discontinued,1423
TRT_001580,PAT_03095,Osteoarthritis,Analgesic / anti-inflammatory,PROD_4980,2022-08-09 00:00:00,2023-04-12 00:00:00,Discontinued,246
TRT_001581,PAT_03098,Hypertension,Antihypertensive,PROD_75765,2024-04-25 00:00:00,2024-07-01 00:00:00,Active,67
TRT_001582,PAT_03099,Hypertension,Antihypertensive,PROD_75765,2022-11-25 00:00:00,2024-07-01 00:00:00,Active,584
TRT_001583,PAT_03104,Asthma,Respiratory,PROD_49895,2019-03-28 00:00:00,2022-03-11 00:00:00,Discontinued,1079
TRT_001584,PAT_03109,Asthma,Respiratory,PROD_69769,2019-03-20 00:00:00,2022-08-19 00:00:00,Discontinued,1248
TRT_001585,PAT_03110,Hypertension,Antihypertensive,PROD_77062,2024-02-24 00:00:00,2024-07-01 00:00:00,Active,128
TRT_001586,PAT_03111,Hypertension,Antihypertensive,PROD_75765,2023-04-11 00:00:00,2024-07-01 00:00:00,Active,447
TRT_001587,PAT_03120,Hypertension,Antihypertensive,PROD_77062,2023-12-01 00:00:00,2024-07-01 00:00:00,Active,213
TRT_001588,PAT_03123,Hypertension,Antihypertensive,PROD_75765,2016-09-14 00:00:00,2023-11-28 00:00:00,Discontinued,2631
TRT_001589,PAT_03124,Osteoporosis,Bone health,PROD_73098,2019-03-25 00:00:00,2021-02-08 00:00:00,Discontinued,686
TRT_001590,PAT_03125,"Diabetes mellitus (types combined), excluding gestational diabetes",Antidiabetic,PROD_11727,2022-07-09 00:00:00,2024-07-01 00:00:00,Active,723
TRT_001591,PAT_03128,Hypertension,Antihypertensive,PROD_79542,2024-06-20 00:00:00,2024-07-01 00:00:00,Active,11
TRT_001592,PAT_03129,Asthma,Respiratory,PROD_69769,2019-10-15 00:00:00,2020-07-11 00:00:00,Discontinued,270
TRT_001593,PAT_03130,"Diabetes mellitus (types combined), excluding gestational diabetes",Antidiabetic,PROD_74296,2020-11-21 00:00:00,2022-07-19 00:00:00,Discontinued,605
TRT_001594,PAT_03132,Hypertension,Antihypertensive,PROD_75765,2017-11-15 00:00:00,2024-07-01 00:00:00,Active,2420
TRT_001595,PAT_03135,"Diabetes mellitus (types combined), excluding gestational diabetes",Antidiabetic,PROD_11727,2023-09-11 00:00:00,2024-07-01 00:00:00,Active,294
TRT_001596,PAT_03136,"Dementia, including Alzheimer disease",Cognitive disorder therapy,PROD_80779,2024-01-26 06:00:00,2024-07-01 00:00:00,Active,156
TRT_001597,PAT_03139,"Diabetes mellitus (types combined), excluding gestational diabetes",Antidiabetic,PROD_74296,2023-03-08 00:00:00,2024-07-01 00:00:00,Active,481
TRT_001598,PAT_03140,Asthma,Respiratory,PROD_69769,2018-04-07 00:00:00,2019-07-07 00:00:00,Discontinued,456
TRT_001599,PAT_03140,Chronic obstructive pulmonary disease,Respiratory,PROD_13550,2021-08-16 00:00:00,2023-06-04 00:00:00,Discontinued,657
TRT_001600,PAT_03142,Asthma,Respiratory,PROD_69769,2023-05-22 06:00:00,2023-11-24 06:00:00,Discontinued,186
TRT_001601,PAT_03142,"Diabetes mellitus (types combined), excluding gestational diabetes",Antidiabetic,PROD_62536,2024-01-25 06:00:00,2024-07-01 00:00:00,Active,157
TRT_001602,PAT_03145,Hypertension,Antihypertensive,PROD_75765,2016-07-17 00:00:00,2023-12-03 00:00:00,Discontinued,2695
TRT_001603,PAT_03151,Hypertension,Antihypertensive,PROD_75765,2020-03-01 00:00:00,2021-09-30 00:00:00,Discontinued,578
TRT_001604,PAT_03152,Osteoporosis,Bone health,PROD_73098,2023-09-05 00:00:00,2024-07-01 00:00:00,Active,300
TRT_001605,PAT_03153,Hypertension,Antihypertensive,PROD_79542,2023-09-08 00:00:00,2024-07-01 00:00:00,Active,297
TRT_001606,PAT_03155,"Diabetes mellitus (types combined), excluding gestational diabetes",Antidiabetic,PROD_11727,2020-10-20 00:00:00,2024-07-01 00:00:00,Active,1350
TRT_001607,PAT_03155,Heart failure,Heart failure therapy,PROD_2333,2023-11-11 00:00:00,2024-07-01 00:00:00,Active,233
TRT_001608,PAT_03157,Chronic obstructive pulmonary disease,Respiratory,PROD_69769,2015-05-22 00:00:00,2022-10-22 00:00:00,Discontinued,2710
TRT_001609,PAT_03157,Hypertension,Antihypertensive,PROD_75765,2020-03-13 00:00:00,2021-09-14 00:00:00,Discontinued,550
TRT_001610,PAT_03161,Asthma,Respiratory,PROD_13550,2023-05-31 06:00:00,2024-07-01 00:00:00,Active,396
TRT_001611,PAT_03162,Ischemic heart disease,Cardiovascular,PROD_82362,2023-09-09 00:00:00,2024-06-12 00:00:00,Discontinued,277
TRT_001612,PAT_03163,Hypertension,Antihypertensive,PROD_79542,2015-02-14 00:00:00,2024-07-01 00:00:00,Active,3425
TRT_001613,PAT_03163,Stroke,Antithrombotic / secondary prevention,PROD_61080,2024-06-15 00:00:00,2024-07-01 00:00:00,Active,16
TRT_001614,PAT_03165,Hypertension,Antihypertensive,PROD_79542,2015-02-26 00:00:00,2024-07-01 00:00:00,Active,3413
TRT_001615,PAT_03165,Osteoporosis,Bone health,PROD_78367,2018-05-23 00:00:00,2020-10-06 00:00:00,Discontinued,867
TRT_001616,PAT_03167,Asthma,Respiratory,PROD_49895,2017-04-21 00:00:00,2022-10-04 00:00:00,Discontinued,1992
TRT_001617,PAT_03168,Hypertension,Antihypertensive,PROD_79542,2019-12-01 00:00:00,2024-07-01 00:00:00,Active,1674
TRT_001618,PAT_03169,Ischemic heart disease,Cardiovascular,PROD_73770,2016-03-11 00:00:00,2019-10-17 00:00:00,Discontinued,1315
TRT_001619,PAT_03174,Acute myocardial infarction,Cardiovascular,PROD_73770,2017-01-02 00:00:00,2020-10-26 00:00:00,Discontinued,1393
TRT_001620,PAT_03177,Hypertension,Antihypertensive,PROD_79542,2020-07-01 00:00:00,2023-03-02 00:00:00,Discontinued,974
TRT_001621,PAT_03180,Ischemic heart disease,Cardiovascular,PROD_73770,2015-05-21 00:00:00,2024-05-27 00:00:00,Discontinued,3294
TRT_001622,PAT_03180,Hypertension,Antihypertensive,PROD_79542,2022-02-13 00:00:00,2024-07-01 00:00:00,Active,869
TRT_001623,PAT_03181,Osteoarthritis,Analgesic / anti-inflammatory,PROD_5432,2023-02-15 00:00:00,2023-04-03 00:00:00,Discontinued,47
TRT_001624,PAT_03182,Ischemic heart disease,Cardiovascular,PROD_82362,2017-02-05 00:00:00,2024-07-01 00:00:00,Active,2703
TRT_001625,PAT_03190,Hypertension,Antihypertensive,PROD_77062,2015-12-19 00:00:00,2018-07-07 00:00:00,Discontinued,931
TRT_001626,PAT_03190,Asthma,Respiratory,PROD_13550,2021-05-16 00:00:00,2022-06-14 00:00:00,Discontinued,394
TRT_001627,PAT_03193,"Diabetes mellitus (types combined), excluding gestational diabetes",Antidiabetic,PROD_62536,2016-07-03 00:00:00,2021-12-02 00:00:00,Discontinued,1978
TRT_001628,PAT_03193,Osteoarthritis,Analgesic / anti-inflammatory,PROD_5917,2018-08-26 00:00:00,2018-10-19 00:00:00,Discontinued,54
TRT_001629,PAT_03197,"Diabetes mellitus (types combined), excluding gestational diabetes",Antidiabetic,PROD_74296,2022-09-04 00:00:00,2024-07-01 00:00:00,Active,666
TRT_001630,PAT_03200,Osteoarthritis,Analgesic / anti-inflammatory,PROD_5917,2015-05-22 00:00:00,2016-03-24 00:00:00,Discontinued,307
TRT_001631,PAT_03200,Asthma,Respiratory,PROD_69769,2018-09-10 00:00:00,2019-12-01 00:00:00,Discontinued,447
TRT_001632,PAT_03210,Chronic obstructive pulmonary disease,Respiratory,PROD_69769,2017-07-05 00:00:00,2018-07-22 00:00:00,Discontinued,382
TRT_001633,PAT_03210,Hypertension,Antihypertensive,PROD_79542,2018-12-02 00:00:00,2023-04-20 00:00:00,Discontinued,1600
TRT_001634,PAT_03211,Hypertension,Antihypertensive,PROD_77062,2014-08-10 00:00:00,2021-08-19 00:00:00,Discontinued,2566
TRT_001635,PAT_03211,Ischemic heart disease,Cardiovascular,PROD_78058,2015-01-22 00:00:00,2017-05-11 00:00:00,Discontinued,840
TRT_001636,PAT_03212,Heart failure,Heart failure therapy,PROD_5646,2018-09-21 00:00:00,2024-07-01 00:00:00,Active,2110
TRT_001637,PAT_03212,Ischemic heart disease,Cardiovascular,PROD_82362,2022-07-07 00:00:00,2024-07-01 00:00:00,Active,725
TRT_001638,PAT_03213,Hypertension,Antihypertensive,PROD_77062,2018-10-31 00:00:00,2020-02-20 00:00:00,Discontinued,477
TRT_001639,PAT_03218,"Diabetes mellitus (types combined), excluding gestational diabetes",Antidiabetic,PROD_74296,2022-03-24 00:00:00,2024-07-01 00:00:00,Active,830
TRT_001640,PAT_03220,"Diabetes mellitus (types combined), excluding gestational diabetes",Antidiabetic,PROD_74296,2022-12-04 06:00:00,2024-07-01 00:00:00,Active,574
TRT_001641,PAT_03221,Asthma,Respiratory,PROD_13550,2017-01-20 00:00:00,2017-09-23 00:00:00,Discontinued,246
TRT_001642,PAT_03222,Acute myocardial infarction,Cardiovascular,PROD_82362,2018-06-16 00:00:00,2020-08-10 00:00:00,Discontinued,786
TRT_001643,PAT_03224,"Diabetes mellitus (types combined), excluding gestational diabetes",Antidiabetic,PROD_74296,2015-08-18 00:00:00,2021-07-22 00:00:00,Discontinued,2165
TRT_001644,PAT_03226,Hypertension,Antihypertensive,PROD_77062,2023-03-25 00:00:00,2024-07-01 00:00:00,Active,464
TRT_001645,PAT_03230,Osteoporosis,Bone health,PROD_73098,2022-08-14 00:00:00,2024-07-01 00:00:00,Active,687
TRT_001646,PAT_03230,"Parkinsonism, including Parkinson disease",Parkinson's therapy,PROD_68471,2023-09-23 00:00:00,2024-07-01 00:00:00,Active,282
TRT_001647,PAT_03235,Chronic obstructive pulmonary disease,Respiratory,PROD_69769,2023-01-21 18:00:00,2024-07-01 00:00:00,Active,526
TRT_001648,PAT_03239,Acute myocardial infarction,Cardiovascular,PROD_73770,2017-08-18 00:00:00,2020-04-27 00:00:00,Discontinued,983
TRT_001649,PAT_03239,Hypertension,Antihypertensive,PROD_77062,2017-12-21 00:00:00,2022-07-26 00:00:00,Discontinued,1678
TRT_001650,PAT_03239,Ischemic heart disease,Cardiovascular,PROD_78058,2024-04-24 00:00:00,2024-07-01 00:00:00,Active,68
TRT_001651,PAT_03240,Hypertension,Antihypertensive,PROD_75765,2024-01-08 00:00:00,2024-07-01 00:00:00,Active,175
TRT_001652,PAT_03241,Osteoarthritis,Analgesic / anti-inflammatory,PROD_5917,2022-09-08 00:00:00,2022-12-29 00:00:00,Discontinued,112
TRT_001653,PAT_03245,Osteoporosis,Bone health,PROD_78367,2021-08-08 00:00:00,2024-07-01 00:00:00,Active,1058
TRT_001654,PAT_03245,Asthma,Respiratory,PROD_13550,2023-01-03 00:00:00,2023-11-13 00:00:00,Discontinued,314
TRT_001655,PAT_03245,Epilepsy,Antiepileptic,PROD_75964,2023-01-24 00:00:00,2024-07-01 00:00:00,Active,524
TRT_001656,PAT_03246,Ischemic heart disease,Cardiovascular,PROD_78058,2016-12-05 00:00:00,2018-08-08 00:00:00,Discontinued,611
TRT_001657,PAT_03246,Osteoarthritis,Analgesic / anti-inflammatory,PROD_4980,2018-02-11 00:00:00,2018-07-05 00:00:00,Discontinued,144
TRT_001658,PAT_03246,Asthma,Respiratory,PROD_69769,2018-11-28 00:00:00,2021-02-13 00:00:00,Discontinued,808
TRT_001659,PAT_03247,Hypertension,Antihypertensive,PROD_77062,2015-09-23 00:00:00,2024-07-01 00:00:00,Active,3204
TRT_001660,PAT_03247,Chronic obstructive pulmonary disease,Respiratory,PROD_49895,2016-03-26 00:00:00,2017-05-17 00:00:00,Discontinued,417
TRT_001661,PAT_03247,Ischemic heart disease,Cardiovascular,PROD_78058,2022-12-22 00:00:00,2024-07-01 00:00:00,Active,557
TRT_001662,PAT_03250,"Diabetes mellitus (types combined), excluding gestational diabetes",Antidiabetic,PROD_11727,2016-09-10 00:00:00,2017-07-20 00:00:00,Discontinued,313
TRT_001663,PAT_03250,Hypertension,Antihypertensive,PROD_77062,2023-12-05 00:00:00,2024-07-01 00:00:00,Active,209
TRT_001664,PAT_03255,Osteoarthritis,Analgesic / anti-inflammatory,PROD_5432,2016-05-21 00:00:00,2016-10-05 00:00:00,Discontinued,137
TRT_001665,PAT_03255,Hypertension,Antihypertensive,PROD_75765,2020-04-30 00:00:00,2024-07-01 00:00:00,Active,1523
TRT_001666,PAT_03255,Asthma,Respiratory,PROD_49895,2022-12-04 00:00:00,2024-07-01 00:00:00,Active,575
TRT_001667,PAT_03255,"Diabetes mellitus (types combined), excluding gestational diabetes",Antidiabetic,PROD_62536,2023-07-01 00:00:00,2024-07-01 00:00:00,Active,366
TRT_001668,PAT_03257,Hypertension,Antihypertensive,PROD_75765,2016-06-29 00:00:00,2019-03-31 00:00:00,Discontinued,1005
TRT_001669,PAT_03257,Ischemic heart disease,Cardiovascular,PROD_82362,2020-04-07 00:00:00,2024-07-01 00:00:00,Active,1546
TRT_001670,PAT_03263,Hypertension,Antihypertensive,PROD_77062,2021-06-05 00:00:00,2024-07-01 00:00:00,Active,1122
TRT_001671,PAT_03264,Ischemic heart disease,Cardiovascular,PROD_73770,2017-02-03 00:00:00,2019-11-29 00:00:00,Discontinued,1029
TRT_001672,PAT_03264,"Diabetes mellitus (types combined), excluding gestational diabetes",Antidiabetic,PROD_62536,2022-01-06 00:00:00,2024-01-03 00:00:00,Discontinued,727
TRT_001673,PAT_03265,Asthma,Respiratory,PROD_13550,2015-11-03 00:00:00,2016-09-25 00:00:00,Discontinued,327
TRT_001674,PAT_03265,Hypertension,Antihypertensive,PROD_77062,2022-04-19 00:00:00,2024-07-01 00:00:00,Active,804
TRT_001675,PAT_03269,Hypertension,Antihypertensive,PROD_75765,2015-11-09 00:00:00,2024-07-01 00:00:00,Active,3157
TRT_001676,PAT_03269,Ischemic heart disease,Cardiovascular,PROD_78058,2021-11-14 00:00:00,2024-07-01 00:00:00,Active,960
TRT_001677,PAT_03269,Osteoporosis,Bone health,PROD_73098,2022-01-30 00:00:00,2023-07-20 00:00:00,Discontinued,536
TRT_001678,PAT_03270,Chronic obstructive pulmonary disease,Respiratory,PROD_13550,2016-09-26 00:00:00,2018-02-25 00:00:00,Discontinued,517
TRT_001679,PAT_03271,Hypertension,Antihypertensive,PROD_75765,2018-11-07 00:00:00,2024-07-01 00:00:00,Active,2063
TRT_001680,PAT_03273,Hypertension,Antihypertensive,PROD_75765,2024-03-27 00:00:00,2024-07-01 00:00:00,Active,96
TRT_001681,PAT_03278,Ischemic heart disease,Cardiovascular,PROD_78058,2017-07-05 00:00:00,2024-03-30 00:00:00,Discontinued,2460
TRT_001682,PAT_03282,Asthma,Respiratory,PROD_13550,2023-10-20 06:00:00,2024-07-01 00:00:00,Active,254
TRT_001683,PAT_03283,Hypertension,Antihypertensive,PROD_75765,2022-07-13 00:00:00,2024-07-01 00:00:00,Active,719
TRT_001684,PAT_03284,Hypertension,Antihypertensive,PROD_75765,2016-03-04 00:00:00,2018-12-03 00:00:00,Discontinued,1004
TRT_001685,PAT_03285,Asthma,Respiratory,PROD_69769,2022-05-09 00:00:00,2023-03-28 00:00:00,Discontinued,323
TRT_001686,PAT_03287,Stroke,Antithrombotic / secondary prevention,PROD_66470,2019-10-28 00:00:00,2020-02-09 00:00:00,Discontinued,104
TRT_001687,PAT_03291,Hypertension,Antihypertensive,PROD_75765,2017-03-16 00:00:00,2021-09-22 00:00:00,Discontinued,1651
TRT_001688,PAT_03291,Stroke,Antithrombotic / secondary prevention,PROD_19474,2018-02-24 00:00:00,2020-03-13 00:00:00,Discontinued,748
TRT_001689,PAT_03294,"Diabetes mellitus (types combined), excluding gestational diabetes",Antidiabetic,PROD_74296,2015-12-13 00:00:00,2018-07-02 00:00:00,Discontinued,932
TRT_001690,PAT_03297,Epilepsy,Antiepileptic,PROD_9242,2021-03-30 00:00:00,2024-07-01 00:00:00,Active,1189
TRT_001691,PAT_03298,Schizophrenia,Antipsychotic,PROD_76239,2021-03-07 00:00:00,2024-06-29 00:00:00,Discontinued,1210
TRT_001692,PAT_03298,Asthma,Respiratory,PROD_13550,2022-04-01 00:00:00,2022-07-01 00:00:00,Discontinued,91
TRT_001693,PAT_03302,Hypertension,Antihypertensive,PROD_77062,2024-04-16 00:00:00,2024-07-01 00:00:00,Active,76
TRT_001694,PAT_03304,Osteoporosis,Bone health,PROD_73098,2022-01-25 00:00:00,2023-09-24 00:00:00,Discontinued,607
TRT_001695,PAT_03310,Hypertension,Antihypertensive,PROD_77062,2023-06-17 00:00:00,2024-07-01 00:00:00,Active,380
TRT_001696,PAT_03310,Osteoporosis,Bone health,PROD_73098,2023-11-02 00:00:00,2024-07-01 00:00:00,Active,242
TRT_001697,PAT_03314,Asthma,Respiratory,PROD_13550,2014-10-10 00:00:00,2022-05-20 00:00:00,Discontinued,2779
TRT_001698,PAT_03315,Hypertension,Antihypertensive,PROD_77062,2016-12-17 00:00:00,2021-12-30 00:00:00,Discontinued,1839
TRT_001699,PAT_03319,"Diabetes mellitus (types combined), excluding gestational diabetes",Antidiabetic,PROD_74296,2015-06-15 00:00:00,2019-09-22 00:00:00,Discontinued,1560
TRT_001700,PAT_03323,Hypertension,Antihypertensive,PROD_77062,2014-10-28 00:00:00,2016-10-13 00:00:00,Discontinued,716
TRT_001701,PAT_03327,"Diabetes mellitus (types combined), excluding gestational diabetes",Antidiabetic,PROD_74296,2016-11-06 00:00:00,2023-05-06 00:00:00,Discontinued,2372
TRT_001702,PAT_03331,Hypertension,Antihypertensive,PROD_79542,2023-08-14 00:00:00,2024-07-01 00:00:00,Active,322
TRT_001703,PAT_03331,Osteoporosis,Bone health,PROD_78367,2024-06-14 00:00:00,2024-07-01 00:00:00,Active,17
TRT_001704,PAT_03332,"Diabetes mellitus (types combined), excluding gestational diabetes",Antidiabetic,PROD_11727,2022-12-11 00:00:00,2024-07-01 00:00:00,Active,568
TRT_001705,PAT_03333,Hypertension,Antihypertensive,PROD_75765,2019-11-21 00:00:00,2024-06-07 00:00:00,Discontinued,1660
TRT_001706,PAT_03333,Osteoarthritis,Analgesic / anti-inflammatory,PROD_5432,2020-07-15 00:00:00,2021-04-02 00:00:00,Discontinued,261
TRT_001707,PAT_03336,Osteoporosis,Bone health,PROD_78367,2018-04-07 00:00:00,2019-06-03 00:00:00,Discontinued,422
TRT_001708,PAT_03339,Ischemic heart disease,Cardiovascular,PROD_82362,2019-01-11 00:00:00,2024-07-01 00:00:00,Active,1998
TRT_001709,PAT_03339,"Diabetes mellitus (types combined), excluding gestational diabetes",Antidiabetic,PROD_74296,2019-04-15 00:00:00,2023-01-23 00:00:00,Discontinued,1379
TRT_001710,PAT_03345,Hypertension,Antihypertensive,PROD_75765,2020-11-01 00:00:00,2024-07-01 00:00:00,Active,1338
TRT_001711,PAT_03353,Hypertension,Antihypertensive,PROD_77062,2018-05-31 00:00:00,2024-07-01 00:00:00,Active,2223
TRT_001712,PAT_03354,Ischemic heart disease,Cardiovascular,PROD_73770,2022-06-13 00:00:00,2024-07-01 00:00:00,Active,749
TRT_001713,PAT_03354,Rheumatoid arthritis,Immunomodulatory / anti-inflammatory,PROD_19681,2023-02-19 00:00:00,2024-07-01 00:00:00,Active,498
TRT_001714,PAT_03354,Chronic obstructive pulmonary disease,Respiratory,PROD_13550,2024-03-20 18:00:00,2024-07-01 00:00:00,Active,102
TRT_001715,PAT_03357,Hypertension,Antihypertensive,PROD_79542,2021-08-22 00:00:00,2024-07-01 00:00:00,Active,1044
TRT_001716,PAT_03358,Asthma,Respiratory,PROD_13550,2023-09-20 00:00:00,2024-06-18 00:00:00,Discontinued,272
TRT_001717,PAT_03359,Hypertension,Antihypertensive,PROD_77062,2021-05-16 00:00:00,2024-07-01 00:00:00,Active,1142
TRT_001718,PAT_03361,Asthma,Respiratory,PROD_69769,2014-08-05 00:00:00,2015-12-06 00:00:00,Discontinued,488
TRT_001719,PAT_03363,Hypertension,Antihypertensive,PROD_79542,2020-09-22 00:00:00,2024-07-01 00:00:00,Active,1378
TRT_001720,PAT_03367,Asthma,Respiratory,PROD_49895,2022-12-24 00:00:00,2024-07-01 00:00:00,Active,555
TRT_001721,PAT_03368,Schizophrenia,Antipsychotic,PROD_73690,2023-04-14 00:00:00,2024-07-01 00:00:00,Active,444
TRT_001722,PAT_03371,Asthma,Respiratory,PROD_49895,2024-01-30 06:00:00,2024-07-01 00:00:00,Active,152
TRT_001723,PAT_03375,"Diabetes mellitus (types combined), excluding gestational diabetes",Antidiabetic,PROD_74296,2015-10-23 00:00:00,2016-11-19 00:00:00,Discontinued,393
TRT_001724,PAT_03380,Hypertension,Antihypertensive,PROD_79542,2024-02-08 00:00:00,2024-07-01 00:00:00,Active,144
TRT_001725,PAT_03383,"Diabetes mellitus (types combined), excluding gestational diabetes",Antidiabetic,PROD_62536,2021-09-21 00:00:00,2024-07-01 00:00:00,Active,1014
TRT_001726,PAT_03387,Hypertension,Antihypertensive,PROD_77062,2017-08-12 00:00:00,2024-07-01 00:00:00,Active,2515
TRT_001727,PAT_03389,Hypertension,Antihypertensive,PROD_77062,2019-03-09 00:00:00,2024-07-01 00:00:00,Active,1941
TRT_001728,PAT_03390,Asthma,Respiratory,PROD_49895,2016-08-17 00:00:00,2023-01-29 00:00:00,Discontinued,2356
TRT_001729,PAT_03390,Stroke,Antithrombotic / secondary prevention,PROD_66470,2019-02-01 00:00:00,2022-08-29 00:00:00,Discontinued,1305
TRT_001730,PAT_03391,"Diabetes mellitus (types combined), excluding gestational diabetes",Antidiabetic,PROD_11727,2015-08-06 00:00:00,2019-01-22 00:00:00,Discontinued,1265
TRT_001731,PAT_03391,Osteoarthritis,Analgesic / anti-inflammatory,PROD_5917,2016-11-29 00:00:00,2017-02-17 00:00:00,Discontinued,80
TRT_001732,PAT_03391,Heart failure,Heart failure therapy,PROD_5646,2022-02-23 00:00:00,2024-07-01 00:00:00,Active,859
TRT_001733,PAT_03391,Osteoporosis,Bone health,PROD_73098,2022-04-12 00:00:00,2024-07-01 00:00:00,Active,811
TRT_001734,PAT_03392,Stroke,Antithrombotic / secondary prevention,PROD_19474,2021-06-11 00:00:00,2024-07-01 00:00:00,Active,1116
TRT_001735,PAT_03393,Asthma,Respiratory,PROD_49895,2018-10-08 00:00:00,2019-04-07 00:00:00,Discontinued,181
TRT_001736,PAT_03394,Stroke,Antithrombotic / secondary prevention,PROD_19474,2023-05-28 00:00:00,2024-07-01 00:00:00,Active,400
TRT_001737,PAT_03396,Hypertension,Antihypertensive,PROD_75765,2015-03-27 00:00:00,2023-11-28 00:00:00,Discontinued,3168
TRT_001738,PAT_03400,Hypertension,Antihypertensive,PROD_75765,2015-05-31 00:00:00,2019-05-13 00:00:00,Discontinued,1443
TRT_001739,PAT_03400,Osteoarthritis,Analgesic / anti-inflammatory,PROD_5917,2020-09-29 00:00:00,2020-11-26 00:00:00,Discontinued,58
TRT_001740,PAT_03400,Chronic obstructive pulmonary disease,Respiratory,PROD_69769,2022-07-09 18:00:00,2023-11-29 18:00:00,Discontinued,508
TRT_001741,PAT_03403,Asthma,Respiratory,PROD_13550,2015-08-23 00:00:00,2019-01-08 00:00:00,Discontinued,1234
TRT_001742,PAT_03405,"Diabetes mellitus (types combined), excluding gestational diabetes",Antidiabetic,PROD_74296,2016-08-16 06:00:00,2020-01-22 06:00:00,Discontinued,1254
TRT_001743,PAT_03405,Asthma,Respiratory,PROD_49895,2023-04-20 06:00:00,2023-10-25 06:00:00,Discontinued,188
TRT_001744,PAT_03406,Acute myocardial infarction,Cardiovascular,PROD_82362,2014-08-23 00:00:00,2024-07-01 00:00:00,Active,3600
TRT_001745,PAT_03408,Hypertension,Antihypertensive,PROD_75765,2023-03-31 00:00:00,2024-07-01 00:00:00,Active,458
TRT_001746,PAT_03408,Osteoarthritis,Analgesic / anti-inflammatory,PROD_4980,2023-06-07 00:00:00,2023-12-26 00:00:00,Discontinued,202
TRT_001747,PAT_03414,"Diabetes mellitus (types combined), excluding gestational diabetes",Antidiabetic,PROD_11727,2017-12-14 00:00:00,2024-07-01 00:00:00,Active,2391
TRT_001748,PAT_03414,Chronic obstructive pulmonary disease,Respiratory,PROD_69769,2024-04-15 18:00:00,2024-07-01 00:00:00,Active,76
TRT_001749,PAT_03415,Osteoarthritis,Analgesic / anti-inflammatory,PROD_5432,2019-10-08 00:00:00,2020-05-15 00:00:00,Discontinued,220
TRT_001750,PAT_03417,Hypertension,Antihypertensive,PROD_75765,2017-03-27 00:00:00,2020-02-20 00:00:00,Discontinued,1060
TRT_001751,PAT_03418,Acute myocardial infarction,Cardiovascular,PROD_82362,2014-11-13 00:00:00,2021-12-23 00:00:00,Discontinued,2597
TRT_001752,PAT_03419,Asthma,Respiratory,PROD_69769,2024-01-03 00:00:00,2024-07-01 00:00:00,Active,180
TRT_001753,PAT_03426,Osteoarthritis,Analgesic / anti-inflammatory,PROD_5432,2014-12-29 00:00:00,2015-03-02 00:00:00,Discontinued,63
TRT_001754,PAT_03431,Ischemic heart disease,Cardiovascular,PROD_82362,2018-09-12 00:00:00,2020-06-06 00:00:00,Discontinued,633
TRT_001755,PAT_03432,Osteoarthritis,Analgesic / anti-inflammatory,PROD_4980,2022-10-30 00:00:00,2023-01-10 00:00:00,Discontinued,72
TRT_001756,PAT_03432,Chronic obstructive pulmonary disease,Respiratory,PROD_49895,2023-07-02 00:00:00,2024-07-01 00:00:00,Active,365
TRT_001757,PAT_03436,"Dementia, including Alzheimer disease",Cognitive disorder therapy,PROD_82234,2016-04-14 00:00:00,2021-01-15 00:00:00,Discontinued,1737
TRT_001758,PAT_03437,Asthma,Respiratory,PROD_49895,2017-11-05 00:00:00,2018-05-07 00:00:00,Discontinued,183
TRT_001759,PAT_03438,Hypertension,Antihypertensive,PROD_75765,2020-10-08 00:00:00,2022-05-13 00:00:00,Discontinued,582
TRT_001760,PAT_03439,"Parkinsonism, including Parkinson disease",Parkinson's therapy,PROD_77772,2016-08-13 00:00:00,2024-07-01 00:00:00,Active,2879
TRT_001761,PAT_03439,Osteoarthritis,Analgesic / anti-inflammatory,PROD_5917,2023-04-13 00:00:00,2023-08-08 00:00:00,Discontinued,117
TRT_001762,PAT_03440,Osteoarthritis,Analgesic / anti-inflammatory,PROD_5917,2023-11-18 00:00:00,2024-01-04 00:00:00,Discontinued,47
TRT_001763,PAT_03443,Ischemic heart disease,Cardiovascular,PROD_78058,2015-07-18 00:00:00,2022-08-10 00:00:00,Discontinued,2580
TRT_001764,PAT_03444,Chronic obstructive pulmonary disease,Respiratory,PROD_13550,2021-11-10 00:00:00,2024-07-01 00:00:00,Active,964
TRT_001765,PAT_03445,Osteoarthritis,Analgesic / anti-inflammatory,PROD_4980,2018-04-30 00:00:00,2018-09-25 00:00:00,Discontinued,148
TRT_001766,PAT_03445,Chronic obstructive pulmonary disease,Respiratory,PROD_69769,2022-07-21 00:00:00,2022-08-24 00:00:00,Discontinued,34
TRT_001767,PAT_03451,Osteoporosis,Bone health,PROD_78367,2020-09-06 00:00:00,2024-07-01 00:00:00,Active,1394
TRT_001768,PAT_03452,Hypertension,Antihypertensive,PROD_75765,2019-06-10 00:00:00,2020-09-08 00:00:00,Discontinued,456
TRT_001769,PAT_03455,Hypertension,Antihypertensive,PROD_77062,2019-03-05 00:00:00,2023-06-16 00:00:00,Discontinued,1564
TRT_001770,PAT_03459,Asthma,Respiratory,PROD_49895,2016-03-30 00:00:00,2016-09-22 00:00:00,Discontinued,176
TRT_001771,PAT_03465,Asthma,Respiratory,PROD_49895,2021-05-04 00:00:00,2022-01-20 00:00:00,Discontinued,261
TRT_001772,PAT_03468,Asthma,Respiratory,PROD_49895,2020-06-18 00:00:00,2022-06-16 00:00:00,Discontinued,728
TRT_001773,PAT_03470,Osteoporosis,Bone health,PROD_78367,2023-11-03 00:00:00,2024-07-01 00:00:00,Active,241
TRT_001774,PAT_03472,Hypertension,Antihypertensive,PROD_79542,2015-07-03 00:00:00,2020-03-04 00:00:00,Discontinued,1706
TRT_001775,PAT_03474,Stroke,Antithrombotic / secondary prevention,PROD_19474,2022-06-02 00:00:00,2024-07-01 00:00:00,Active,760
TRT_001776,PAT_03475,"Dementia, including Alzheimer disease",Cognitive disorder therapy,PROD_80653,2020-04-14 06:00:00,2022-12-10 06:00:00,Discontinued,970
TRT_001777,PAT_03477,Heart failure,Heart failure therapy,PROD_70034,2024-05-24 00:00:00,2024-07-01 00:00:00,Active,38
TRT_001778,PAT_03479,Hypertension,Antihypertensive,PROD_75765,2017-01-28 00:00:00,2021-07-30 00:00:00,Discontinued,1644
TRT_001779,PAT_03479,Stroke,Antithrombotic / secondary prevention,PROD_66470,2017-05-17 00:00:00,2018-06-12 00:00:00,Discontinued,391
TRT_001780,PAT_03481,Stroke,Antithrombotic / secondary prevention,PROD_61080,2014-11-02 00:00:00,2015-08-31 00:00:00,Discontinued,302
TRT_001781,PAT_03482,Osteoarthritis,Analgesic / anti-inflammatory,PROD_5432,2018-12-21 00:00:00,2019-01-25 00:00:00,Discontinued,35
TRT_001782,PAT_03482,Ischemic heart disease,Cardiovascular,PROD_73770,2019-11-09 00:00:00,2024-07-01 00:00:00,Active,1696
TRT_001783,PAT_03483,Hypertension,Antihypertensive,PROD_79542,2022-09-09 00:00:00,2024-07-01 00:00:00,Active,661
TRT_001784,PAT_03484,Asthma,Respiratory,PROD_49895,2024-05-31 00:00:00,2024-07-01 00:00:00,Active,31
TRT_001785,PAT_03485,Heart failure,Heart failure therapy,PROD_5646,2019-03-29 00:00:00,2021-09-24 00:00:00,Discontinued,910
TRT_001786,PAT_03486,Hypertension,Antihypertensive,PROD_77062,2016-11-14 00:00:00,2022-05-29 00:00:00,Discontinued,2022
TRT_001787,PAT_03486,Osteoporosis,Bone health,PROD_73098,2022-11-15 00:00:00,2024-07-01 00:00:00,Active,594
TRT_001788,PAT_03487,Osteoarthritis,Analgesic / anti-inflammatory,PROD_5917,2022-12-07 00:00:00,2023-03-21 00:00:00,Discontinued,104
TRT_001789,PAT_03490,"Dementia, including Alzheimer disease",Cognitive disorder therapy,PROD_80779,2018-07-24 00:00:00,2024-07-01 00:00:00,Active,2169
TRT_001790,PAT_03494,Chronic obstructive pulmonary disease,Respiratory,PROD_13550,2024-06-27 00:00:00,2024-07-01 00:00:00,Active,4
TRT_001791,PAT_03495,Asthma,Respiratory,PROD_69769,2022-10-23 00:00:00,2023-04-04 00:00:00,Discontinued,163
TRT_001792,PAT_03497,Hypertension,Antihypertensive,PROD_75765,2021-11-08 00:00:00,2024-07-01 00:00:00,Active,966
TRT_001793,PAT_03498,Osteoarthritis,Analgesic / anti-inflammatory,PROD_5917,2017-11-12 00:00:00,2018-01-29 00:00:00,Discontinued,78
TRT_001794,PAT_03500,Asthma,Respiratory,PROD_49895,2018-01-27 00:00:00,2019-05-14 00:00:00,Discontinued,472
TRT_001795,PAT_03501,Hypertension,Antihypertensive,PROD_79542,2023-11-13 00:00:00,2024-07-01 00:00:00,Active,231
TRT_001796,PAT_03508,"Diabetes mellitus (types combined), excluding gestational diabetes",Antidiabetic,PROD_11727,2018-09-24 00:00:00,2024-07-01 00:00:00,Active,2107
TRT_001797,PAT_03509,Rheumatoid arthritis,Immunomodulatory / anti-inflammatory,PROD_74173,2020-09-15 00:00:00,2022-10-11 00:00:00,Discontinued,756
TRT_001798,PAT_03511,Asthma,Respiratory,PROD_13550,2017-06-20 00:00:00,2018-11-18 00:00:00,Discontinued,516
TRT_001799,PAT_03512,"Diabetes mellitus (types combined), excluding gestational diabetes",Antidiabetic,PROD_74296,2015-05-28 00:00:00,2024-07-01 00:00:00,Active,3322
TRT_001800,PAT_03512,Osteoarthritis,Analgesic / anti-inflammatory,PROD_5432,2019-05-16 00:00:00,2020-01-06 00:00:00,Discontinued,235
TRT_001801,PAT_03513,Hypertension,Antihypertensive,PROD_75765,2020-08-31 00:00:00,2024-07-01 00:00:00,Active,1400
TRT_001802,PAT_03514,"Diabetes mellitus (types combined), excluding gestational diabetes",Antidiabetic,PROD_62536,2023-09-12 06:00:00,2024-07-01 00:00:00,Active,292
TRT_001803,PAT_03519,Ischemic heart disease,Cardiovascular,PROD_73770,2022-05-18 00:00:00,2024-07-01 00:00:00,Active,775
TRT_001804,PAT_03522,Ischemic heart disease,Cardiovascular,PROD_73770,2022-11-26 00:00:00,2024-07-01 00:00:00,Active,583
TRT_001805,PAT_03525,Stroke,Antithrombotic / secondary prevention,PROD_66470,2014-11-08 00:00:00,2016-08-02 00:00:00,Discontinued,633
TRT_001806,PAT_03525,Ischemic heart disease,Cardiovascular,PROD_78058,2024-06-07 00:00:00,2024-07-01 00:00:00,Active,24
TRT_001807,PAT_03531,Osteoporosis,Bone health,PROD_78367,2015-08-17 00:00:00,2018-03-20 00:00:00,Discontinued,946
TRT_001808,PAT_03531,Hypertension,Antihypertensive,PROD_79542,2023-12-23 00:00:00,2024-07-01 00:00:00,Active,191
TRT_001809,PAT_03532,"Diabetes mellitus (types combined), excluding gestational diabetes",Antidiabetic,PROD_62536,2017-12-08 00:00:00,2024-07-01 00:00:00,Active,2397
TRT_001810,PAT_03532,Asthma,Respiratory,PROD_49895,2020-10-25 00:00:00,2023-10-15 00:00:00,Discontinued,1085
TRT_001811,PAT_03534,Osteoarthritis,Analgesic / anti-inflammatory,PROD_4980,2017-11-11 00:00:00,2018-02-23 00:00:00,Discontinued,104
TRT_001812,PAT_03537,Asthma,Respiratory,PROD_13550,2023-04-06 00:00:00,2024-07-01 00:00:00,Active,452
TRT_001813,PAT_03538,Ischemic heart disease,Cardiovascular,PROD_82362,2017-05-27 00:00:00,2020-05-26 00:00:00,Discontinued,1095
TRT_001814,PAT_03538,Osteoarthritis,Analgesic / anti-inflammatory,PROD_4980,2018-04-18 00:00:00,2018-05-04 00:00:00,Discontinued,16
TRT_001815,PAT_03540,Heart failure,Heart failure therapy,PROD_5646,2024-02-21 00:00:00,2024-07-01 00:00:00,Active,131
TRT_001816,PAT_03543,Asthma,Respiratory,PROD_13550,2015-02-16 00:00:00,2015-11-04 00:00:00,Discontinued,261
TRT_001817,PAT_03546,Hypertension,Antihypertensive,PROD_79542,2024-04-08 00:00:00,2024-07-01 00:00:00,Active,84
TRT_001818,PAT_03547,Asthma,Respiratory,PROD_49895,2023-06-26 00:00:00,2024-07-01 00:00:00,Active,371
TRT_001819,PAT_03550,"Diabetes mellitus (types combined), excluding gestational diabetes",Antidiabetic,PROD_62536,2021-06-10 00:00:00,2024-07-01 00:00:00,Active,1117
TRT_001820,PAT_03551,Ischemic heart disease,Cardiovascular,PROD_82362,2024-02-05 00:00:00,2024-07-01 00:00:00,Active,147
TRT_001821,PAT_03560,Stroke,Antithrombotic / secondary prevention,PROD_19474,2017-08-03 00:00:00,2023-09-23 00:00:00,Discontinued,2242
TRT_001822,PAT_03560,Asthma,Respiratory,PROD_13550,2018-07-06 00:00:00,2019-03-13 00:00:00,Discontinued,250
TRT_001823,PAT_03562,Asthma,Respiratory,PROD_49895,2020-07-22 00:00:00,2021-11-13 00:00:00,Discontinued,479
TRT_001824,PAT_03565,Hypertension,Antihypertensive,PROD_75765,2020-02-20 00:00:00,2024-07-01 00:00:00,Active,1593
TRT_001825,PAT_03567,Ischemic heart disease,Cardiovascular,PROD_73770,2019-05-24 00:00:00,2024-07-01 00:00:00,Active,1865
TRT_001826,PAT_03568,Rheumatoid arthritis,Immunomodulatory / anti-inflammatory,PROD_19681,2018-03-13 00:00:00,2020-06-02 00:00:00,Discontinued,812
TRT_001827,PAT_03569,Hypertension,Antihypertensive,PROD_79542,2017-09-28 00:00:00,2023-04-07 00:00:00,Discontinued,2017
TRT_001828,PAT_03571,Stroke,Antithrombotic / secondary prevention,PROD_19474,2019-02-26 00:00:00,2019-06-11 00:00:00,Discontinued,105
TRT_001829,PAT_03574,Ischemic heart disease,Cardiovascular,PROD_73770,2017-06-28 00:00:00,2020-01-13 00:00:00,Discontinued,929
TRT_001830,PAT_03578,Heart failure,Heart failure therapy,PROD_70034,2016-09-25 00:00:00,2024-07-01 00:00:00,Active,2836
TRT_001831,PAT_03579,Osteoarthritis,Analgesic / anti-inflammatory,PROD_4980,2016-07-27 00:00:00,2016-08-13 00:00:00,Discontinued,17
TRT_001832,PAT_03579,Ischemic heart disease,Cardiovascular,PROD_73770,2020-02-28 00:00:00,2024-07-01 00:00:00,Active,1585
TRT_001833,PAT_03581,Hypertension,Antihypertensive,PROD_77062,2018-06-11 00:00:00,2024-07-01 00:00:00,Active,2212
TRT_001834,PAT_03582,Asthma,Respiratory,PROD_13550,2022-02-25 00:00:00,2022-11-11 00:00:00,Discontinued,259
TRT_001835,PAT_03586,Ischemic heart disease,Cardiovascular,PROD_82362,2022-10-18 00:00:00,2024-07-01 00:00:00,Active,622
TRT_001836,PAT_03592,Stroke,Antithrombotic / secondary prevention,PROD_61080,2015-05-17 00:00:00,2024-07-01 00:00:00,Active,3333
TRT_001837,PAT_03592,Asthma,Respiratory,PROD_69769,2015-06-09 00:00:00,2021-08-04 00:00:00,Discontinued,2248
TRT_001838,PAT_03592,Hypertension,Antihypertensive,PROD_75765,2017-08-13 00:00:00,2022-03-09 00:00:00,Discontinued,1669
TRT_001839,PAT_03594,"Diabetes mellitus (types combined), excluding gestational diabetes",Antidiabetic,PROD_62536,2014-11-23 00:00:00,2020-06-03 00:00:00,Discontinued,2019
TRT_001840,PAT_03595,Osteoporosis,Bone health,PROD_73098,2019-03-29 00:00:00,2021-04-10 00:00:00,Discontinued,743
TRT_001841,PAT_03596,Ischemic heart disease,Cardiovascular,PROD_73770,2021-05-27 00:00:00,2024-07-01 00:00:00,Active,1131
TRT_001842,PAT_03597,Hypertension,Antihypertensive,PROD_77062,2022-04-21 00:00:00,2024-07-01 00:00:00,Active,802
TRT_001843,PAT_03599,Ischemic heart disease,Cardiovascular,PROD_82362,2022-05-24 00:00:00,2024-07-01 00:00:00,Active,769
TRT_001844,PAT_03599,Hypertension,Antihypertensive,PROD_75765,2023-12-11 00:00:00,2024-07-01 00:00:00,Active,203
TRT_001845,PAT_03600,Epilepsy,Antiepileptic,PROD_9242,2023-06-15 00:00:00,2024-07-01 00:00:00,Active,382
TRT_001846,PAT_03602,"Diabetes mellitus (types combined), excluding gestational diabetes",Antidiabetic,PROD_11727,2015-05-19 00:00:00,2017-08-28 00:00:00,Discontinued,832
TRT_001847,PAT_03603,Acute myocardial infarction,Cardiovascular,PROD_73770,2019-06-22 00:00:00,2021-04-07 00:00:00,Discontinued,655
TRT_001848,PAT_03604,Ischemic heart disease,Cardiovascular,PROD_78058,2019-05-17 00:00:00,2024-07-01 00:00:00,Active,1872
TRT_001849,PAT_03605,"Diabetes mellitus (types combined), excluding gestational diabetes",Antidiabetic,PROD_62536,2015-02-28 00:00:00,2017-12-25 00:00:00,Discontinued,1031
TRT_001850,PAT_03606,Asthma,Respiratory,PROD_49895,2021-12-25 00:00:00,2023-11-26 00:00:00,Discontinued,701
TRT_001851,PAT_03606,Osteoarthritis,Analgesic / anti-inflammatory,PROD_5917,2024-05-10 00:00:00,2024-06-04 00:00:00,Discontinued,25
TRT_001852,PAT_03609,Hypertension,Antihypertensive,PROD_75765,2020-04-01 00:00:00,2024-07-01 00:00:00,Active,1552
TRT_001853,PAT_03611,Heart failure,Heart failure therapy,PROD_70034,2017-12-12 00:00:00,2020-03-15 00:00:00,Discontinued,824
TRT_001854,PAT_03611,Ischemic heart disease,Cardiovascular,PROD_82362,2022-03-20 00:00:00,2024-07-01 00:00:00,Active,834
TRT_001855,PAT_03613,Asthma,Respiratory,PROD_69769,2020-03-02 00:00:00,2021-03-28 00:00:00,Discontinued,391
TRT_001856,PAT_03615,"Diabetes mellitus (types combined), excluding gestational diabetes",Antidiabetic,PROD_11727,2021-07-31 00:00:00,2024-07-01 00:00:00,Active,1066
TRT_001857,PAT_03616,Hypertension,Antihypertensive,PROD_77062,2022-03-12 00:00:00,2024-07-01 00:00:00,Active,842
TRT_001858,PAT_03620,Hypertension,Antihypertensive,PROD_79542,2017-04-18 00:00:00,2024-07-01 00:00:00,Active,2631
TRT_001859,PAT_03627,"Diabetes mellitus (types combined), excluding gestational diabetes",Antidiabetic,PROD_74296,2020-04-11 00:00:00,2024-07-01 00:00:00,Active,1542
TRT_001860,PAT_03629,Hypertension,Antihypertensive,PROD_79542,2023-07-22 00:00:00,2024-07-01 00:00:00,Active,345
TRT_001861,PAT_03630,Hypertension,Antihypertensive,PROD_79542,2019-11-15 00:00:00,2024-02-22 00:00:00,Discontinued,1560
TRT_001862,PAT_03631,Hypertension,Antihypertensive,PROD_77062,2021-03-06 00:00:00,2024-07-01 00:00:00,Active,1213
TRT_001863,PAT_03631,Osteoarthritis,Analgesic / anti-inflammatory,PROD_4980,2021-09-17 00:00:00,2022-05-14 00:00:00,Discontinued,239
TRT_001864,PAT_03631,Stroke,Antithrombotic / secondary prevention,PROD_19474,2023-06-08 00:00:00,2024-07-01 00:00:00,Active,389
TRT_001865,PAT_03632,Osteoarthritis,Analgesic / anti-inflammatory,PROD_4980,2018-02-26 00:00:00,2018-07-14 00:00:00,Discontinued,138
TRT_001866,PAT_03632,Asthma,Respiratory,PROD_69769,2020-11-19 00:00:00,2021-12-19 00:00:00,Discontinued,395
TRT_001867,PAT_03636,"Diabetes mellitus (types combined), excluding gestational diabetes",Antidiabetic,PROD_11727,2020-09-10 00:00:00,2024-07-01 00:00:00,Active,1390
TRT_001868,PAT_03640,Hypertension,Antihypertensive,PROD_77062,2018-06-22 00:00:00,2024-07-01 00:00:00,Active,2201
TRT_001869,PAT_03642,Hypertension,Antihypertensive,PROD_79542,2016-06-30 00:00:00,2024-07-01 00:00:00,Active,2923
TRT_001870,PAT_03644,Asthma,Respiratory,PROD_13550,2020-02-16 00:00:00,2020-12-15 00:00:00,Discontinued,303
TRT_001871,PAT_03645,Chronic obstructive pulmonary disease,Respiratory,PROD_49895,2021-09-04 18:00:00,2022-05-22 18:00:00,Discontinued,260
TRT_001872,PAT_03646,"Diabetes mellitus (types combined), excluding gestational diabetes",Antidiabetic,PROD_62536,2016-01-06 00:00:00,2018-07-20 00:00:00,Discontinued,926
TRT_001873,PAT_03646,Asthma,Respiratory,PROD_69769,2017-12-13 00:00:00,2021-05-22 00:00:00,Discontinued,1256
TRT_001874,PAT_03646,Osteoarthritis,Analgesic / anti-inflammatory,PROD_5432,2021-10-21 00:00:00,2021-12-03 00:00:00,Discontinued,43
TRT_001875,PAT_03650,Chronic obstructive pulmonary disease,Respiratory,PROD_49895,2015-05-08 00:00:00,2018-09-30 00:00:00,Discontinued,1241
TRT_001876,PAT_03650,Asthma,Respiratory,PROD_69769,2022-01-18 00:00:00,2024-07-01 00:00:00,Active,895
TRT_001877,PAT_03651,Hypertension,Antihypertensive,PROD_79542,2020-01-29 00:00:00,2023-05-26 00:00:00,Discontinued,1213
TRT_001878,PAT_03653,Acute myocardial infarction,Cardiovascular,PROD_82362,2019-04-26 00:00:00,2024-07-01 00:00:00,Active,1893
TRT_001879,PAT_03653,Stroke,Antithrombotic / secondary prevention,PROD_66470,2019-11-19 00:00:00,2020-03-25 00:00:00,Discontinued,127
TRT_001880,PAT_03653,Hypertension,Antihypertensive,PROD_79542,2022-11-10 00:00:00,2024-07-01 00:00:00,Active,599
TRT_001881,PAT_03654,Hypertension,Antihypertensive,PROD_79542,2023-04-06 00:00:00,2024-07-01 00:00:00,Active,452
TRT_001882,PAT_03655,Asthma,Respiratory,PROD_69769,2022-08-24 00:00:00,2022-11-01 00:00:00,Discontinued,69
TRT_001883,PAT_03656,Hypertension,Antihypertensive,PROD_75765,2015-01-11 00:00:00,2024-07-01 00:00:00,Active,3459
TRT_001884,PAT_03658,Ischemic heart disease,Cardiovascular,PROD_78058,2022-03-24 00:00:00,2024-07-01 00:00:00,Active,830
TRT_001885,PAT_03662,Asthma,Respiratory,PROD_13550,2021-04-09 06:00:00,2022-04-01 06:00:00,Discontinued,357
TRT_001886,PAT_03663,Osteoporosis,Bone health,PROD_78367,2018-10-12 00:00:00,2020-06-17 00:00:00,Discontinued,614
TRT_001887,PAT_03664,Osteoporosis,Bone health,PROD_73098,2016-03-29 00:00:00,2017-05-30 00:00:00,Discontinued,427
TRT_001888,PAT_03665,"Diabetes mellitus (types combined), excluding gestational diabetes",Antidiabetic,PROD_74296,2015-09-29 00:00:00,2024-07-01 00:00:00,Active,3198
TRT_001889,PAT_03668,Asthma,Respiratory,PROD_49895,2016-05-10 00:00:00,2016-12-14 00:00:00,Discontinued,218
TRT_001890,PAT_03668,Epilepsy,Antiepileptic,PROD_9242,2021-01-15 00:00:00,2022-12-23 00:00:00,Discontinued,707
TRT_001891,PAT_03671,Hypertension,Antihypertensive,PROD_79542,2015-07-25 00:00:00,2021-09-02 00:00:00,Discontinued,2231
TRT_001892,PAT_03672,Osteoarthritis,Analgesic / anti-inflammatory,PROD_5917,2019-09-20 00:00:00,2019-10-14 00:00:00,Discontinued,24
TRT_001893,PAT_03674,Hypertension,Antihypertensive,PROD_75765,2017-07-06 00:00:00,2019-11-27 00:00:00,Discontinued,874
TRT_001894,PAT_03677,"Diabetes mellitus (types combined), excluding gestational diabetes",Antidiabetic,PROD_74296,2023-03-18 00:00:00,2024-07-01 00:00:00,Active,471
TRT_001895,PAT_03681,Hypertension,Antihypertensive,PROD_75765,2015-09-23 00:00:00,2022-10-21 00:00:00,Discontinued,2585
TRT_001896,PAT_03683,"Diabetes mellitus (types combined), excluding gestational diabetes",Antidiabetic,PROD_62536,2016-04-28 06:00:00,2020-01-24 06:00:00,Discontinued,1366
TRT_001897,PAT_03688,Hypertension,Antihypertensive,PROD_77062,2018-05-13 00:00:00,2023-06-06 00:00:00,Discontinued,1850
TRT_001898,PAT_03689,Hypertension,Antihypertensive,PROD_75765,2019-08-05 00:00:00,2023-03-07 00:00:00,Discontinued,1310
TRT_001899,PAT_03690,Hypertension,Antihypertensive,PROD_79542,2023-09-27 00:00:00,2024-07-01 00:00:00,Active,278
TRT_001900,PAT_03692,Asthma,Respiratory,PROD_69769,2021-02-07 00:00:00,2021-10-21 00:00:00,Discontinued,256
TRT_001901,PAT_03693,Asthma,Respiratory,PROD_49895,2017-08-26 00:00:00,2018-06-29 00:00:00,Discontinued,307
TRT_001902,PAT_03693,Hypertension,Antihypertensive,PROD_75765,2023-12-26 00:00:00,2024-07-01 00:00:00,Active,188
TRT_001903,PAT_03696,Hypertension,Antihypertensive,PROD_75765,2022-02-21 00:00:00,2024-07-01 00:00:00,Active,861
TRT_001904,PAT_03698,Acute myocardial infarction,Cardiovascular,PROD_73770,2017-04-13 00:00:00,2024-07-01 00:00:00,Active,2636
TRT_001905,PAT_03698,"Diabetes mellitus (types combined), excluding gestational diabetes",Antidiabetic,PROD_74296,2020-01-10 00:00:00,2024-07-01 00:00:00,Active,1634
TRT_001906,PAT_03701,Heart failure,Heart failure therapy,PROD_5646,2018-08-18 00:00:00,2021-02-10 00:00:00,Discontinued,907
TRT_001907,PAT_03702,Asthma,Respiratory,PROD_13550,2019-02-26 00:00:00,2019-08-11 00:00:00,Discontinued,166
TRT_001908,PAT_03703,"Diabetes mellitus (types combined), excluding gestational diabetes",Antidiabetic,PROD_62536,2023-01-12 00:00:00,2024-07-01 00:00:00,Active,536
TRT_001909,PAT_03708,Hypertension,Antihypertensive,PROD_79542,2019-02-16 00:00:00,2024-07-01 00:00:00,Active,1962
TRT_001910,PAT_03709,Heart failure,Heart failure therapy,PROD_5646,2023-08-09 00:00:00,2024-07-01 00:00:00,Active,327
TRT_001911,PAT_03710,"Diabetes mellitus (types combined), excluding gestational diabetes",Antidiabetic,PROD_62536,2022-11-29 00:00:00,2024-07-01 00:00:00,Active,580
TRT_001912,PAT_03713,Chronic obstructive pulmonary disease,Respiratory,PROD_13550,2022-06-01 00:00:00,2024-01-21 00:00:00,Discontinued,599
TRT_001913,PAT_03713,Rheumatoid arthritis,Immunomodulatory / anti-inflammatory,PROD_74173,2023-05-26 00:00:00,2024-07-01 00:00:00,Active,402
TRT_001914,PAT_03717,Hypertension,Antihypertensive,PROD_75765,2020-09-27 00:00:00,2024-04-13 00:00:00,Discontinued,1294
TRT_001915,PAT_03718,Hypertension,Antihypertensive,PROD_79542,2024-05-14 00:00:00,2024-07-01 00:00:00,Active,48
TRT_001916,PAT_03721,Asthma,Respiratory,PROD_13550,2019-03-14 06:00:00,2021-07-24 06:00:00,Discontinued,863
TRT_001917,PAT_03722,Ischemic heart disease,Cardiovascular,PROD_73770,2017-12-26 00:00:00,2024-07-01 00:00:00,Active,2379
TRT_001918,PAT_03724,Ischemic heart disease,Cardiovascular,PROD_78058,2018-08-16 00:00:00,2024-07-01 00:00:00,Active,2146
TRT_001919,PAT_03726,"Dementia, including Alzheimer disease",Cognitive disorder therapy,PROD_80779,2016-10-20 00:00:00,2024-07-01 00:00:00,Active,2811
TRT_001920,PAT_03731,Hypertension,Antihypertensive,PROD_75765,2023-12-19 00:00:00,2024-07-01 00:00:00,Active,195
TRT_001921,PAT_03735,"Diabetes mellitus (types combined), excluding gestational diabetes",Antidiabetic,PROD_11727,2018-01-28 00:00:00,2024-07-01 00:00:00,Active,2346
TRT_001922,PAT_03736,Asthma,Respiratory,PROD_69769,2016-09-07 00:00:00,2024-07-01 00:00:00,Active,2854
TRT_001923,PAT_03736,Hypertension,Antihypertensive,PROD_79542,2023-01-06 00:00:00,2024-07-01 00:00:00,Active,542
TRT_001924,PAT_03738,Osteoarthritis,Analgesic / anti-inflammatory,PROD_4980,2020-04-18 00:00:00,2020-06-10 00:00:00,Discontinued,53
TRT_001925,PAT_03746,Hypertension,Antihypertensive,PROD_77062,2019-12-14 00:00:00,2024-07-01 00:00:00,Active,1661
TRT_001926,PAT_03748,Osteoarthritis,Analgesic / anti-inflammatory,PROD_5432,2019-07-13 00:00:00,2019-12-19 00:00:00,Discontinued,159
TRT_001927,PAT_03748,Asthma,Respiratory,PROD_49895,2019-09-07 00:00:00,2024-07-01 00:00:00,Active,1759
TRT_001928,PAT_03748,Hypertension,Antihypertensive,PROD_77062,2020-07-05 00:00:00,2022-12-06 00:00:00,Discontinued,884
TRT_001929,PAT_03751,Asthma,Respiratory,PROD_69769,2019-05-25 00:00:00,2022-01-06 00:00:00,Discontinued,957
TRT_001930,PAT_03756,Heart failure,Heart failure therapy,PROD_5646,2024-04-16 00:00:00,2024-07-01 00:00:00,Active,76
TRT_001931,PAT_03757,Asthma,Respiratory,PROD_49895,2018-07-06 00:00:00,2021-01-06 00:00:00,Discontinued,915
TRT_001932,PAT_03757,Heart failure,Heart failure therapy,PROD_70034,2019-09-25 00:00:00,2023-12-27 00:00:00,Discontinued,1554
TRT_001933,PAT_03761,Hypertension,Antihypertensive,PROD_77062,2019-06-27 00:00:00,2024-07-01 00:00:00,Active,1831
TRT_001934,PAT_03762,"Diabetes mellitus (types combined), excluding gestational diabetes",Antidiabetic,PROD_11727,2024-05-31 06:00:00,2024-07-01 00:00:00,Active,30
TRT_001935,PAT_03763,"Diabetes mellitus (types combined), excluding gestational diabetes",Antidiabetic,PROD_11727,2018-11-02 00:00:00,2024-07-01 00:00:00,Active,2068
TRT_001936,PAT_03763,Hypertension,Antihypertensive,PROD_77062,2019-10-02 00:00:00,2024-07-01 00:00:00,Active,1734
TRT_001937,PAT_03763,Rheumatoid arthritis,Immunomodulatory / anti-inflammatory,PROD_19681,2022-07-20 00:00:00,2024-07-01 00:00:00,Active,712
TRT_001938,PAT_03764,Hypertension,Antihypertensive,PROD_79542,2016-04-07 00:00:00,2024-07-01 00:00:00,Active,3007
TRT_001939,PAT_03771,Asthma,Respiratory,PROD_49895,2018-01-23 00:00:00,2019-02-01 00:00:00,Discontinued,374
TRT_001940,PAT_03772,Osteoporosis,Bone health,PROD_73098,2024-04-03 00:00:00,2024-07-01 00:00:00,Active,89
TRT_001941,PAT_03778,Asthma,Respiratory,PROD_49895,2016-07-23 00:00:00,2018-03-21 00:00:00,Discontinued,606
TRT_001942,PAT_03778,"Diabetes mellitus (types combined), excluding gestational diabetes",Antidiabetic,PROD_74296,2023-12-16 00:00:00,2024-07-01 00:00:00,Active,198
TRT_001943,PAT_03781,Hypertension,Antihypertensive,PROD_79542,2018-01-26 00:00:00,2024-07-01 00:00:00,Active,2348
TRT_001944,PAT_03785,Osteoporosis,Bone health,PROD_78367,2017-07-26 00:00:00,2020-09-06 00:00:00,Discontinued,1138
TRT_001945,PAT_03785,Heart failure,Heart failure therapy,PROD_70034,2021-08-24 00:00:00,2024-07-01 00:00:00,Active,1042
TRT_001946,PAT_03788,Asthma,Respiratory,PROD_49895,2018-08-22 00:00:00,2024-07-01 00:00:00,Active,2140
TRT_001947,PAT_03790,Osteoarthritis,Analgesic / anti-inflammatory,PROD_5917,2020-01-24 00:00:00,2020-04-03 00:00:00,Discontinued,70
TRT_001948,PAT_03792,"Diabetes mellitus (types combined), excluding gestational diabetes",Antidiabetic,PROD_74296,2023-03-19 00:00:00,2024-07-01 00:00:00,Active,470
TRT_001949,PAT_03793,"Diabetes mellitus (types combined), excluding gestational diabetes",Antidiabetic,PROD_62536,2019-05-18 00:00:00,2022-03-30 00:00:00,Discontinued,1047
TRT_001950,PAT_03795,Hypertension,Antihypertensive,PROD_77062,2019-04-07 00:00:00,2021-03-24 00:00:00,Discontinued,717
TRT_001951,PAT_03796,Acute myocardial infarction,Cardiovascular,PROD_82362,2019-04-28 00:00:00,2020-08-13 00:00:00,Discontinued,473
TRT_001952,PAT_03798,Hypertension,Antihypertensive,PROD_77062,2019-02-07 00:00:00,2022-11-28 00:00:00,Discontinued,1390
TRT_001953,PAT_03801,Chronic obstructive pulmonary disease,Respiratory,PROD_13550,2023-04-13 00:00:00,2024-07-01 00:00:00,Active,445
TRT_001954,PAT_03803,Osteoarthritis,Analgesic / anti-inflammatory,PROD_4980,2023-02-10 00:00:00,2023-09-29 00:00:00,Discontinued,231
TRT_001955,PAT_03810,"Diabetes mellitus (types combined), excluding gestational diabetes",Antidiabetic,PROD_62536,2015-09-20 00:00:00,2023-09-24 00:00:00,Discontinued,2926
TRT_001956,PAT_03810,Hypertension,Antihypertensive,PROD_75765,2019-01-09 00:00:00,2024-07-01 00:00:00,Active,2000
TRT_001957,PAT_03810,Osteoporosis,Bone health,PROD_73098,2024-06-24 00:00:00,2024-07-01 00:00:00,Active,7
TRT_001958,PAT_03818,Osteoporosis,Bone health,PROD_73098,2022-10-14 00:00:00,2024-07-01 00:00:00,Active,626
TRT_001959,PAT_03818,"Diabetes mellitus (types combined), excluding gestational diabetes",Antidiabetic,PROD_62536,2023-07-09 00:00:00,2024-07-01 00:00:00,Active,358
TRT_001960,PAT_03820,Heart failure,Heart failure therapy,PROD_5646,2022-02-18 00:00:00,2024-07-01 00:00:00,Active,864
TRT_001961,PAT_03823,"Diabetes mellitus (types combined), excluding gestational diabetes",Antidiabetic,PROD_62536,2016-12-07 00:00:00,2023-10-17 00:00:00,Discontinued,2505
TRT_001962,PAT_03824,Asthma,Respiratory,PROD_49895,2018-02-14 00:00:00,2018-07-19 00:00:00,Discontinued,155
TRT_001963,PAT_03829,Ischemic heart disease,Cardiovascular,PROD_82362,2019-05-28 00:00:00,2024-07-01 00:00:00,Active,1861
TRT_001964,PAT_03833,Asthma,Respiratory,PROD_13550,2020-09-28 00:00:00,2024-07-01 00:00:00,Active,1372
TRT_001965,PAT_03834,Hypertension,Antihypertensive,PROD_77062,2017-03-16 00:00:00,2023-07-28 00:00:00,Discontinued,2325
TRT_001966,PAT_03841,Acute myocardial infarction,Cardiovascular,PROD_78058,2022-11-07 00:00:00,2024-07-01 00:00:00,Active,602
TRT_001967,PAT_03841,Hypertension,Antihypertensive,PROD_75765,2024-06-12 00:00:00,2024-07-01 00:00:00,Active,19
TRT_001968,PAT_03844,Hypertension,Antihypertensive,PROD_75765,2024-02-07 00:00:00,2024-07-01 00:00:00,Active,145
TRT_001969,PAT_03844,Ischemic heart disease,Cardiovascular,PROD_73770,2024-03-08 00:00:00,2024-07-01 00:00:00,Active,115
TRT_001970,PAT_03845,Hypertension,Antihypertensive,PROD_75765,2020-07-16 00:00:00,2024-07-01 00:00:00,Active,1446
TRT_001971,PAT_03847,"Diabetes mellitus (types combined), excluding gestational diabetes",Antidiabetic,PROD_11727,2015-02-22 00:00:00,2021-04-22 00:00:00,Discontinued,2251
TRT_001972,PAT_03851,Hypertension,Antihypertensive,PROD_75765,2024-02-25 00:00:00,2024-07-01 00:00:00,Active,127
TRT_001973,PAT_03853,Ischemic heart disease,Cardiovascular,PROD_73770,2022-02-06 00:00:00,2024-07-01 00:00:00,Active,876
TRT_001974,PAT_03853,Schizophrenia,Antipsychotic,PROD_76239,2022-09-05 00:00:00,2023-04-24 00:00:00,Discontinued,231
TRT_001975,PAT_03853,Heart failure,Heart failure therapy,PROD_70034,2023-11-12 00:00:00,2024-07-01 00:00:00,Active,232
TRT_001976,PAT_03854,"Diabetes mellitus (types combined), excluding gestational diabetes",Antidiabetic,PROD_62536,2019-06-26 00:00:00,2022-10-05 00:00:00,Discontinued,1197
TRT_001977,PAT_03854,Hypertension,Antihypertensive,PROD_75765,2019-11-06 00:00:00,2024-03-11 00:00:00,Discontinued,1587
TRT_001978,PAT_03854,Ischemic heart disease,Cardiovascular,PROD_82362,2024-06-30 00:00:00,2024-07-01 00:00:00,Active,1
TRT_001979,PAT_03858,Ischemic heart disease,Cardiovascular,PROD_73770,2020-05-09 00:00:00,2024-07-01 00:00:00,Active,1514
TRT_001980,PAT_03862,"Diabetes mellitus (types combined), excluding gestational diabetes",Antidiabetic,PROD_11727,2018-05-22 00:00:00,2024-07-01 00:00:00,Active,2232
TRT_001981,PAT_03864,Osteoporosis,Bone health,PROD_78367,2024-04-20 00:00:00,2024-07-01 00:00:00,Active,72
TRT_001982,PAT_03867,Ischemic heart disease,Cardiovascular,PROD_78058,2024-06-29 00:00:00,2024-07-01 00:00:00,Active,2
TRT_001983,PAT_03869,Hypertension,Antihypertensive,PROD_75765,2022-08-18 00:00:00,2024-07-01 00:00:00,Active,683
TRT_001984,PAT_03870,Osteoporosis,Bone health,PROD_78367,2022-02-12 00:00:00,2023-12-26 00:00:00,Discontinued,682
TRT_001985,PAT_03871,Asthma,Respiratory,PROD_13550,2023-10-20 00:00:00,2024-07-01 00:00:00,Active,255
TRT_001986,PAT_03873,Ischemic heart disease,Cardiovascular,PROD_73770,2023-03-10 00:00:00,2024-07-01 00:00:00,Active,479
TRT_001987,PAT_03874,Hypertension,Antihypertensive,PROD_77062,2022-04-02 00:00:00,2024-07-01 00:00:00,Active,821
TRT_001988,PAT_03876,Stroke,Antithrombotic / secondary prevention,PROD_61080,2020-03-15 00:00:00,2020-10-30 00:00:00,Discontinued,229
TRT_001989,PAT_03877,Asthma,Respiratory,PROD_69769,2020-12-04 00:00:00,2022-05-31 00:00:00,Discontinued,543
TRT_001990,PAT_03879,Osteoporosis,Bone health,PROD_73098,2019-10-27 00:00:00,2024-04-16 00:00:00,Discontinued,1633
TRT_001991,PAT_03880,Asthma,Respiratory,PROD_49895,2020-05-10 00:00:00,2024-07-01 00:00:00,Active,1513
TRT_001992,PAT_03883,Ischemic heart disease,Cardiovascular,PROD_73770,2022-05-15 00:00:00,2024-07-01 00:00:00,Active,778
TRT_001993,PAT_03884,Hypertension,Antihypertensive,PROD_75765,2016-07-11 00:00:00,2024-07-01 00:00:00,Active,2912
TRT_001994,PAT_03885,Asthma,Respiratory,PROD_49895,2023-12-03 06:00:00,2024-07-01 00:00:00,Active,210
TRT_001995,PAT_03888,Asthma,Respiratory,PROD_69769,2019-10-29 00:00:00,2021-09-29 00:00:00,Discontinued,701
TRT_001996,PAT_03888,Osteoarthritis,Analgesic / anti-inflammatory,PROD_4980,2024-01-13 00:00:00,2024-07-01 00:00:00,Active,170
TRT_001997,PAT_03892,Osteoporosis,Bone health,PROD_78367,2015-04-19 00:00:00,2018-12-15 00:00:00,Discontinued,1336
TRT_001998,PAT_03894,Hypertension,Antihypertensive,PROD_77062,2014-10-04 00:00:00,2018-02-12 00:00:00,Discontinued,1227
TRT_001999,PAT_03894,Heart failure,Heart failure therapy,PROD_5646,2015-08-22 00:00:00,2019-09-10 00:00:00,Discontinued,1480
TRT_002000,PAT_03895,Osteoarthritis,Analgesic / anti-inflammatory,PROD_5917,2021-06-01 00:00:00,2021-12-21 00:00:00,Discontinued,203
TRT_002001,PAT_03896,Hypertension,Antihypertensive,PROD_75765,2017-10-13 00:00:00,2019-12-27 00:00:00,Discontinued,805
TRT_002002,PAT_03906,"Dementia, including Alzheimer disease",Cognitive disorder therapy,PROD_80779,2020-02-02 06:00:00,2022-07-20 06:00:00,Discontinued,899
TRT_002003,PAT_03910,Osteoporosis,Bone health,PROD_78367,2022-08-21 00:00:00,2024-07-01 00:00:00,Active,680
TRT_002004,PAT_03913,"Diabetes mellitus (types combined), excluding gestational diabetes",Antidiabetic,PROD_11727,2018-06-07 00:00:00,2022-01-10 00:00:00,Discontinued,1313
TRT_002005,PAT_03913,Osteoporosis,Bone health,PROD_78367,2018-08-04 00:00:00,2019-11-05 00:00:00,Discontinued,458
TRT_002006,PAT_03913,Asthma,Respiratory,PROD_69769,2021-05-09 00:00:00,2024-07-01 00:00:00,Active,1149
TRT_002007,PAT_03915,Hypertension,Antihypertensive,PROD_79542,2016-08-02 00:00:00,2018-10-11 00:00:00,Discontinued,800
TRT_002008,PAT_03920,Ischemic heart disease,Cardiovascular,PROD_78058,2015-05-23 00:00:00,2019-09-10 00:00:00,Discontinued,1571
TRT_002009,PAT_03920,Hypertension,Antihypertensive,PROD_77062,2022-09-29 00:00:00,2024-07-01 00:00:00,Active,641
TRT_002010,PAT_03921,Osteoporosis,Bone health,PROD_78367,2022-01-28 00:00:00,2024-07-01 00:00:00,Active,885
TRT_002011,PAT_03928,Asthma,Respiratory,PROD_13550,2017-10-20 00:00:00,2018-06-03 00:00:00,Discontinued,226
TRT_002012,PAT_03928,Osteoarthritis,Analgesic / anti-inflammatory,PROD_4980,2018-11-23 00:00:00,2019-05-01 00:00:00,Discontinued,159
TRT_002013,PAT_03929,"Diabetes mellitus (types combined), excluding gestational diabetes",Antidiabetic,PROD_62536,2021-11-27 00:00:00,2024-07-01 00:00:00,Active,947
TRT_002014,PAT_03929,Asthma,Respiratory,PROD_49895,2022-12-20 00:00:00,2024-07-01 00:00:00,Active,559
TRT_002015,PAT_03930,"Diabetes mellitus (types combined), excluding gestational diabetes",Antidiabetic,PROD_74296,2023-06-11 00:00:00,2024-07-01 00:00:00,Active,386
TRT_002016,PAT_03931,Epilepsy,Antiepileptic,PROD_9242,2016-01-20 00:00:00,2024-07-01 00:00:00,Active,3085
TRT_002017,PAT_03934,Hypertension,Antihypertensive,PROD_77062,2023-10-03 00:00:00,2024-07-01 00:00:00,Active,272
TRT_002018,PAT_03938,Hypertension,Antihypertensive,PROD_75765,2020-01-27 00:00:00,2021-08-05 00:00:00,Discontinued,556
TRT_002019,PAT_03939,Hypertension,Antihypertensive,PROD_75765,2015-01-06 00:00:00,2024-07-01 00:00:00,Active,3464
TRT_002020,PAT_03940,Hypertension,Antihypertensive,PROD_79542,2020-12-21 00:00:00,2024-07-01 00:00:00,Active,1288
TRT_002021,PAT_03941,Hypertension,Antihypertensive,PROD_77062,2022-04-18 00:00:00,2024-07-01 00:00:00,Active,805
TRT_002022,PAT_03943,Hypertension,Antihypertensive,PROD_77062,2022-08-16 00:00:00,2024-07-01 00:00:00,Active,685
TRT_002023,PAT_03946,Ischemic heart disease,Cardiovascular,PROD_78058,2016-11-08 00:00:00,2024-07-01 00:00:00,Active,2792
TRT_002024,PAT_03949,Heart failure,Heart failure therapy,PROD_70034,2020-04-18 00:00:00,2024-07-01 00:00:00,Active,1535
TRT_002025,PAT_03949,Ischemic heart disease,Cardiovascular,PROD_73770,2022-02-27 00:00:00,2024-07-01 00:00:00,Active,855
TRT_002026,PAT_03951,Asthma,Respiratory,PROD_13550,2017-07-15 00:00:00,2020-12-08 00:00:00,Discontinued,1242
TRT_002027,PAT_03952,Asthma,Respiratory,PROD_69769,2020-08-01 00:00:00,2023-06-28 00:00:00,Discontinued,1061
TRT_002028,PAT_03953,Chronic obstructive pulmonary disease,Respiratory,PROD_49895,2024-01-05 00:00:00,2024-07-01 00:00:00,Active,178
TRT_002029,PAT_03954,Osteoarthritis,Analgesic / anti-inflammatory,PROD_5917,2019-11-21 00:00:00,2020-11-24 00:00:00,Discontinued,369
TRT_002030,PAT_03954,Hypertension,Antihypertensive,PROD_75765,2020-07-19 00:00:00,2024-07-01 00:00:00,Active,1443
TRT_002031,PAT_03955,Asthma,Respiratory,PROD_13550,2021-01-19 00:00:00,2021-06-29 00:00:00,Discontinued,161
TRT_002032,PAT_03955,Hypertension,Antihypertensive,PROD_79542,2021-08-04 00:00:00,2024-07-01 00:00:00,Active,1062
TRT_002033,PAT_03957,Hypertension,Antihypertensive,PROD_79542,2017-07-12 00:00:00,2019-11-09 00:00:00,Discontinued,850
TRT_002034,PAT_03958,Hypertension,Antihypertensive,PROD_75765,2016-03-21 00:00:00,2022-08-28 00:00:00,Discontinued,2351
TRT_002035,PAT_03959,Hypertension,Antihypertensive,PROD_79542,2020-05-08 00:00:00,2024-06-21 00:00:00,Discontinued,1505
TRT_002036,PAT_03963,Osteoporosis,Bone health,PROD_73098,2019-12-22 00:00:00,2022-04-16 00:00:00,Discontinued,846
TRT_002037,PAT_03964,Osteoarthritis,Analgesic / anti-inflammatory,PROD_4980,2021-09-18 00:00:00,2022-03-03 00:00:00,Discontinued,166
TRT_002038,PAT_03965,Hypertension,Antihypertensive,PROD_79542,2022-01-14 00:00:00,2024-07-01 00:00:00,Active,899
TRT_002039,PAT_03967,Ischemic heart disease,Cardiovascular,PROD_73770,2020-07-15 00:00:00,2024-07-01 00:00:00,Active,1447
TRT_002040,PAT_03968,"Diabetes mellitus (types combined), excluding gestational diabetes",Antidiabetic,PROD_11727,2016-12-31 00:00:00,2019-09-17 00:00:00,Discontinued,990
TRT_002041,PAT_03972,Asthma,Respiratory,PROD_13550,2015-08-13 00:00:00,2016-11-15 00:00:00,Discontinued,460
TRT_002042,PAT_03976,Multiple sclerosis,Disease-modifying therapy,PROD_103009,2015-07-24 00:00:00,2018-05-14 00:00:00,Discontinued,1025
TRT_002043,PAT_03976,Osteoporosis,Bone health,PROD_78367,2020-06-23 00:00:00,2023-02-20 00:00:00,Discontinued,972
TRT_002044,PAT_03978,Hypertension,Antihypertensive,PROD_75765,2016-05-29 00:00:00,2020-12-23 00:00:00,Discontinued,1669
TRT_002045,PAT_03979,Ischemic heart disease,Cardiovascular,PROD_73770,2016-08-08 00:00:00,2024-07-01 00:00:00,Active,2884
TRT_002046,PAT_03979,Hypertension,Antihypertensive,PROD_75765,2022-09-18 00:00:00,2024-07-01 00:00:00,Active,652
TRT_002047,PAT_03979,Heart failure,Heart failure therapy,PROD_5646,2022-09-13 00:00:00,2023-09-19 00:00:00,Discontinued,371
TRT_002048,PAT_03980,Hypertension,Antihypertensive,PROD_77062,2016-05-17 00:00:00,2024-07-01 00:00:00,Active,2967
TRT_002049,PAT_03983,Osteoarthritis,Analgesic / anti-inflammatory,PROD_4980,2018-08-29 00:00:00,2019-01-05 00:00:00,Discontinued,129
TRT_002050,PAT_03984,Asthma,Respiratory,PROD_49895,2016-08-06 00:00:00,2017-11-30 00:00:00,Discontinued,481
TRT_002051,PAT_03984,Hypertension,Antihypertensive,PROD_77062,2018-09-24 00:00:00,2022-05-01 00:00:00,Discontinued,1315
TRT_002052,PAT_03985,"Diabetes mellitus (types combined), excluding gestational diabetes",Antidiabetic,PROD_62536,2024-03-15 00:00:00,2024-07-01 00:00:00,Active,108
TRT_002053,PAT_03986,Heart failure,Heart failure therapy,PROD_5646,2022-04-26 00:00:00,2024-07-01 00:00:00,Active,797
TRT_002054,PAT_03986,Hypertension,Antihypertensive,PROD_75765,2023-03-19 00:00:00,2024-07-01 00:00:00,Active,470
TRT_002055,PAT_03988,"Dementia, including Alzheimer disease",Cognitive disorder therapy,PROD_80653,2021-10-05 00:00:00,2023-02-13 00:00:00,Discontinued,496
TRT_002056,PAT_03991,"Diabetes mellitus (types combined), excluding gestational diabetes",Antidiabetic,PROD_74296,2024-02-25 00:00:00,2024-07-01 00:00:00,Active,127
TRT_002057,PAT_03995,Osteoporosis,Bone health,PROD_73098,2020-04-19 00:00:00,2024-07-01 00:00:00,Active,1534
TRT_002058,PAT_03998,Asthma,Respiratory,PROD_13550,2021-08-01 00:00:00,2023-05-04 00:00:00,Discontinued,641
TRT_002059,PAT_04003,Osteoarthritis,Analgesic / anti-inflammatory,PROD_4980,2019-12-13 00:00:00,2020-01-26 00:00:00,Discontinued,44
TRT_002060,PAT_04007,"Diabetes mellitus (types combined), excluding gestational diabetes",Antidiabetic,PROD_74296,2021-11-04 00:00:00,2024-03-21 00:00:00,Discontinued,868
TRT_002061,PAT_04009,"Diabetes mellitus (types combined), excluding gestational diabetes",Antidiabetic,PROD_74296,2014-11-15 00:00:00,2017-05-20 00:00:00,Discontinued,917
TRT_002062,PAT_04009,Hypertension,Antihypertensive,PROD_79542,2017-08-01 00:00:00,2024-07-01 00:00:00,Active,2526
TRT_002063,PAT_04012,"Diabetes mellitus (types combined), excluding gestational diabetes",Antidiabetic,PROD_11727,2020-11-14 00:00:00,2024-07-01 00:00:00,Active,1325
TRT_002064,PAT_04012,Heart failure,Heart failure therapy,PROD_5646,2022-05-15 00:00:00,2023-10-15 00:00:00,Discontinued,518
TRT_002065,PAT_04013,Hypertension,Antihypertensive,PROD_75765,2019-07-08 00:00:00,2024-07-01 00:00:00,Active,1820
TRT_002066,PAT_04020,Chronic obstructive pulmonary disease,Respiratory,PROD_69769,2015-11-12 00:00:00,2017-08-04 00:00:00,Discontinued,631
TRT_002067,PAT_04020,Ischemic heart disease,Cardiovascular,PROD_78058,2018-11-06 00:00:00,2022-06-01 00:00:00,Discontinued,1303
TRT_002068,PAT_04021,Stroke,Antithrombotic / secondary prevention,PROD_61080,2016-07-07 00:00:00,2017-01-21 00:00:00,Discontinued,198
TRT_002069,PAT_04028,Ischemic heart disease,Cardiovascular,PROD_78058,2024-04-25 00:00:00,2024-07-01 00:00:00,Active,67
TRT_002070,PAT_04030,Hypertension,Antihypertensive,PROD_79542,2014-08-13 00:00:00,2024-07-01 00:00:00,Active,3610
TRT_002071,PAT_04030,Osteoarthritis,Analgesic / anti-inflammatory,PROD_5917,2016-02-13 00:00:00,2016-06-02 00:00:00,Discontinued,110
TRT_002072,PAT_04031,Osteoporosis,Bone health,PROD_78367,2021-01-17 00:00:00,2024-07-01 00:00:00,Active,1261
TRT_002073,PAT_04032,Hypertension,Antihypertensive,PROD_77062,2019-10-16 00:00:00,2024-07-01 00:00:00,Active,1720
TRT_002074,PAT_04034,Asthma,Respiratory,PROD_69769,2023-10-26 00:00:00,2024-07-01 00:00:00,Active,249
TRT_002075,PAT_04037,Osteoarthritis,Analgesic / anti-inflammatory,PROD_5917,2018-06-28 00:00:00,2018-08-29 00:00:00,Discontinued,62
TRT_002076,PAT_04038,Hypertension,Antihypertensive,PROD_77062,2017-02-23 00:00:00,2021-06-06 00:00:00,Discontinued,1564
TRT_002077,PAT_04038,Asthma,Respiratory,PROD_69769,2022-05-06 00:00:00,2024-07-01 00:00:00,Active,787
TRT_002078,PAT_04040,Chronic obstructive pulmonary disease,Respiratory,PROD_69769,2019-03-13 18:00:00,2024-07-01 00:00:00,Active,1936
TRT_002079,PAT_04040,Heart failure,Heart failure therapy,PROD_70034,2021-05-09 00:00:00,2023-05-09 00:00:00,Discontinued,730
TRT_002080,PAT_04040,Ischemic heart disease,Cardiovascular,PROD_73770,2021-03-23 00:00:00,2024-07-01 00:00:00,Active,1196
TRT_002081,PAT_04040,Osteoporosis,Bone health,PROD_78367,2022-04-25 00:00:00,2024-07-01 00:00:00,Active,798
TRT_002082,PAT_04042,Hypertension,Antihypertensive,PROD_77062,2020-09-14 00:00:00,2024-07-01 00:00:00,Active,1386
TRT_002083,PAT_04045,"Diabetes mellitus (types combined), excluding gestational diabetes",Antidiabetic,PROD_11727,2015-05-25 00:00:00,2024-07-01 00:00:00,Active,3325
TRT_002084,PAT_04046,Chronic obstructive pulmonary disease,Respiratory,PROD_49895,2023-12-06 18:00:00,2024-07-01 00:00:00,Active,207
TRT_002085,PAT_04047,Hypertension,Antihypertensive,PROD_79542,2015-01-18 00:00:00,2024-07-01 00:00:00,Active,3452
TRT_002086,PAT_04047,Chronic obstructive pulmonary disease,Respiratory,PROD_69769,2021-02-12 00:00:00,2022-09-16 00:00:00,Discontinued,581
TRT_002087,PAT_04048,Osteoarthritis,Analgesic / anti-inflammatory,PROD_5917,2018-12-20 00:00:00,2019-07-16 00:00:00,Discontinued,208
TRT_002088,PAT_04051,Chronic obstructive pulmonary disease,Respiratory,PROD_69769,2021-12-31 00:00:00,2024-07-01 00:00:00,Active,913
TRT_002089,PAT_04052,Hypertension,Antihypertensive,PROD_77062,2014-09-22 00:00:00,2016-08-29 00:00:00,Discontinued,707
TRT_002090,PAT_04055,Osteoporosis,Bone health,PROD_78367,2019-10-10 00:00:00,2023-12-11 00:00:00,Discontinued,1523
TRT_002091,PAT_04055,Hypertension,Antihypertensive,PROD_75765,2020-03-28 00:00:00,2024-07-01 00:00:00,Active,1556
TRT_002092,PAT_04059,Ischemic heart disease,Cardiovascular,PROD_73770,2023-12-24 00:00:00,2024-07-01 00:00:00,Active,190
TRT_002093,PAT_04060,"Diabetes mellitus (types combined), excluding gestational diabetes",Antidiabetic,PROD_11727,2022-12-03 00:00:00,2024-07-01 00:00:00,Active,576
TRT_002094,PAT_04061,Hypertension,Antihypertensive,PROD_79542,2017-03-12 00:00:00,2018-09-24 00:00:00,Discontinued,561
TRT_002095,PAT_04062,Asthma,Respiratory,PROD_49895,2017-10-13 00:00:00,2020-10-03 00:00:00,Discontinued,1086
TRT_002096,PAT_04062,Hypertension,Antihypertensive,PROD_79542,2024-04-18 00:00:00,2024-07-01 00:00:00,Active,74
TRT_002097,PAT_04064,Chronic obstructive pulmonary disease,Respiratory,PROD_49895,2021-12-11 00:00:00,2022-07-17 00:00:00,Discontinued,218
TRT_002098,PAT_04069,Hypertension,Antihypertensive,PROD_77062,2022-10-31 00:00:00,2024-07-01 00:00:00,Active,609
TRT_002099,PAT_04070,Osteoporosis,Bone health,PROD_78367,2023-01-17 00:00:00,2024-07-01 00:00:00,Active,531
TRT_002100,PAT_04072,Ischemic heart disease,Cardiovascular,PROD_78058,2014-11-26 00:00:00,2018-03-10 00:00:00,Discontinued,1200
TRT_002101,PAT_04072,Hypertension,Antihypertensive,PROD_77062,2015-09-04 00:00:00,2020-09-06 00:00:00,Discontinued,1829
TRT_002102,PAT_04074,"Diabetes mellitus (types combined), excluding gestational diabetes",Antidiabetic,PROD_11727,2023-03-11 06:00:00,2024-07-01 00:00:00,Active,477
TRT_002103,PAT_04074,Asthma,Respiratory,PROD_49895,2024-01-06 06:00:00,2024-07-01 00:00:00,Active,176
TRT_002104,PAT_04075,Osteoarthritis,Analgesic / anti-inflammatory,PROD_4980,2021-09-20 00:00:00,2021-12-20 00:00:00,Discontinued,91
TRT_002105,PAT_04075,Osteoporosis,Bone health,PROD_73098,2023-02-14 00:00:00,2024-07-01 00:00:00,Active,503
TRT_002106,PAT_04078,Asthma,Respiratory,PROD_13550,2015-10-14 00:00:00,2015-11-30 00:00:00,Discontinued,47
TRT_002107,PAT_04078,Osteoarthritis,Analgesic / anti-inflammatory,PROD_4980,2018-02-05 00:00:00,2018-08-29 00:00:00,Discontinued,205
TRT_002108,PAT_04079,Stroke,Antithrombotic / secondary prevention,PROD_19474,2022-12-13 00:00:00,2024-07-01 00:00:00,Active,566
TRT_002109,PAT_04084,Hypertension,Antihypertensive,PROD_75765,2024-05-27 00:00:00,2024-07-01 00:00:00,Active,35
TRT_002110,PAT_04086,Hypertension,Antihypertensive,PROD_75765,2020-03-12 00:00:00,2024-07-01 00:00:00,Active,1572
TRT_002111,PAT_04089,Hypertension,Antihypertensive,PROD_79542,2020-03-17 00:00:00,2024-07-01 00:00:00,Active,1567
TRT_002112,PAT_04090,Hypertension,Antihypertensive,PROD_75765,2016-09-04 00:00:00,2022-06-17 00:00:00,Discontinued,2112
TRT_002113,PAT_04093,Chronic obstructive pulmonary disease,Respiratory,PROD_49895,2021-12-29 00:00:00,2023-02-27 00:00:00,Discontinued,425
TRT_002114,PAT_04096,"Diabetes mellitus (types combined), excluding gestational diabetes",Antidiabetic,PROD_11727,2015-01-17 00:00:00,2018-09-13 00:00:00,Discontinued,1335
TRT_002115,PAT_04099,Asthma,Respiratory,PROD_69769,2018-05-27 00:00:00,2020-09-08 00:00:00,Discontinued,835
TRT_002116,PAT_04102,Rheumatoid arthritis,Immunomodulatory / anti-inflammatory,PROD_19681,2023-12-09 00:00:00,2024-07-01 00:00:00,Active,205
TRT_002117,PAT_04104,Asthma,Respiratory,PROD_69769,2014-11-17 00:00:00,2016-03-25 00:00:00,Discontinued,494
TRT_002118,PAT_04105,Stroke,Antithrombotic / secondary prevention,PROD_61080,2021-05-08 00:00:00,2024-07-01 00:00:00,Active,1150
TRT_002119,PAT_04108,Asthma,Respiratory,PROD_69769,2019-10-19 00:00:00,2021-12-23 00:00:00,Discontinued,796
TRT_002120,PAT_04109,Stroke,Antithrombotic / secondary prevention,PROD_61080,2014-11-03 00:00:00,2017-01-13 00:00:00,Discontinued,802
TRT_002121,PAT_04113,Epilepsy,Antiepileptic,PROD_9242,2018-01-31 00:00:00,2024-07-01 00:00:00,Active,2343
TRT_002122,PAT_04114,Hypertension,Antihypertensive,PROD_79542,2021-10-18 00:00:00,2024-07-01 00:00:00,Active,987
TRT_002123,PAT_04114,Chronic obstructive pulmonary disease,Respiratory,PROD_69769,2024-04-23 18:00:00,2024-07-01 00:00:00,Active,68
TRT_002124,PAT_04117,Osteoporosis,Bone health,PROD_73098,2016-11-02 00:00:00,2018-09-12 00:00:00,Discontinued,679
TRT_002125,PAT_04120,Chronic obstructive pulmonary disease,Respiratory,PROD_69769,2017-08-03 18:00:00,2024-07-01 00:00:00,Active,2523
TRT_002126,PAT_04120,Osteoporosis,Bone health,PROD_78367,2021-04-23 00:00:00,2024-02-29 00:00:00,Discontinued,1042
TRT_002127,PAT_04120,Hypertension,Antihypertensive,PROD_79542,2022-06-29 00:00:00,2024-07-01 00:00:00,Active,733
TRT_002128,PAT_04122,Osteoarthritis,Analgesic / anti-inflammatory,PROD_5917,2015-05-14 00:00:00,2015-06-13 00:00:00,Discontinued,30
TRT_002129,PAT_04132,Osteoporosis,Bone health,PROD_73098,2021-09-09 00:00:00,2024-07-01 00:00:00,Active,1026
TRT_002130,PAT_04136,Osteoporosis,Bone health,PROD_78367,2018-09-05 00:00:00,2020-03-30 00:00:00,Discontinued,572
TRT_002131,PAT_04138,Asthma,Respiratory,PROD_49895,2015-04-27 00:00:00,2017-07-29 00:00:00,Discontinued,824
TRT_002132,PAT_04138,Heart failure,Heart failure therapy,PROD_70034,2015-09-13 00:00:00,2017-10-16 00:00:00,Discontinued,764
TRT_002133,PAT_04138,Hypertension,Antihypertensive,PROD_75765,2020-09-22 00:00:00,2024-07-01 00:00:00,Active,1378
TRT_002134,PAT_04147,"Diabetes mellitus (types combined), excluding gestational diabetes",Antidiabetic,PROD_74296,2018-02-08 00:00:00,2024-07-01 00:00:00,Active,2335
TRT_002135,PAT_04147,Osteoarthritis,Analgesic / anti-inflammatory,PROD_4980,2018-12-21 00:00:00,2020-07-01 00:00:00,Discontinued,558
TRT_002136,PAT_04147,Epilepsy,Antiepileptic,PROD_75964,2020-05-18 00:00:00,2022-09-12 00:00:00,Discontinued,847
TRT_002137,PAT_04148,Hypertension,Antihypertensive,PROD_79542,2015-06-01 00:00:00,2024-07-01 00:00:00,Active,3318
TRT_002138,PAT_04149,Ischemic heart disease,Cardiovascular,PROD_73770,2014-12-22 00:00:00,2016-04-07 00:00:00,Discontinued,472
TRT_002139,PAT_04150,Hypertension,Antihypertensive,PROD_79542,2015-06-16 00:00:00,2021-04-18 00:00:00,Discontinued,2133
TRT_002140,PAT_04151,Ischemic heart disease,Cardiovascular,PROD_82362,2019-01-23 00:00:00,2022-03-04 00:00:00,Discontinued,1136
TRT_002141,PAT_04152,Osteoporosis,Bone health,PROD_73098,2015-05-21 00:00:00,2017-09-04 00:00:00,Discontinued,837
TRT_002142,PAT_04153,Heart failure,Heart failure therapy,PROD_2333,2016-02-10 00:00:00,2019-07-03 00:00:00,Discontinued,1239
TRT_002143,PAT_04153,"Parkinsonism, including Parkinson disease",Parkinson's therapy,PROD_68471,2019-12-09 00:00:00,2022-06-15 00:00:00,Discontinued,919
TRT_002144,PAT_04153,"Diabetes mellitus (types combined), excluding gestational diabetes",Antidiabetic,PROD_74296,2022-12-31 00:00:00,2024-07-01 00:00:00,Active,548
TRT_002145,PAT_04155,Osteoarthritis,Analgesic / anti-inflammatory,PROD_5917,2015-02-04 00:00:00,2015-04-08 00:00:00,Discontinued,63
TRT_002146,PAT_04155,Hypertension,Antihypertensive,PROD_77062,2018-01-16 00:00:00,2023-06-30 00:00:00,Discontinued,1991
TRT_002147,PAT_04155,Heart failure,Heart failure therapy,PROD_2333,2020-07-04 00:00:00,2024-07-01 00:00:00,Active,1458
TRT_002148,PAT_04155,Acute myocardial infarction,Cardiovascular,PROD_73770,2022-08-31 00:00:00,2024-07-01 00:00:00,Active,670
TRT_002149,PAT_04156,Osteoporosis,Bone health,PROD_73098,2021-01-16 00:00:00,2024-07-01 00:00:00,Active,1262
TRT_002150,PAT_04158,Osteoporosis,Bone health,PROD_73098,2021-12-25 00:00:00,2023-03-21 00:00:00,Discontinued,451
TRT_002151,PAT_04158,Chronic obstructive pulmonary disease,Respiratory,PROD_69769,2022-01-10 00:00:00,2022-12-31 00:00:00,Discontinued,355
TRT_002152,PAT_04159,Asthma,Respiratory,PROD_13550,2020-07-25 00:00:00,2023-08-15 00:00:00,Discontinued,1116
TRT_002153,PAT_04161,Heart failure,Heart failure therapy,PROD_70034,2019-01-18 00:00:00,2024-07-01 00:00:00,Active,1991
TRT_002154,PAT_04161,Osteoporosis,Bone health,PROD_73098,2021-02-15 00:00:00,2022-11-30 00:00:00,Discontinued,653
TRT_002155,PAT_04163,Hypertension,Antihypertensive,PROD_77062,2021-01-28 00:00:00,2024-07-01 00:00:00,Active,1250
TRT_002156,PAT_04166,Hypertension,Antihypertensive,PROD_79542,2015-05-26 00:00:00,2018-10-02 00:00:00,Discontinued,1225
TRT_002157,PAT_04166,Ischemic heart disease,Cardiovascular,PROD_78058,2023-02-11 00:00:00,2024-07-01 00:00:00,Active,506
TRT_002158,PAT_04171,Asthma,Respiratory,PROD_49895,2021-06-20 00:00:00,2023-11-29 00:00:00,Discontinued,892
TRT_002159,PAT_04172,Hypertension,Antihypertensive,PROD_77062,2018-09-09 00:00:00,2023-09-16 00:00:00,Discontinued,1833
TRT_002160,PAT_04175,"Diabetes mellitus (types combined), excluding gestational diabetes",Antidiabetic,PROD_62536,2022-09-18 00:00:00,2024-07-01 00:00:00,Active,652
TRT_002161,PAT_04176,Chronic obstructive pulmonary disease,Respiratory,PROD_13550,2023-01-03 00:00:00,2023-11-13 00:00:00,Discontinued,314
TRT_002162,PAT_04179,Chronic obstructive pulmonary disease,Respiratory,PROD_13550,2015-03-13 00:00:00,2015-09-17 00:00:00,Discontinued,188
TRT_002163,PAT_04182,Hypertension,Antihypertensive,PROD_79542,2018-06-25 00:00:00,2022-03-12 00:00:00,Discontinued,1356
TRT_002164,PAT_04187,Asthma,Respiratory,PROD_69769,2024-02-24 00:00:00,2024-07-01 00:00:00,Active,128
TRT_002165,PAT_04189,Asthma,Respiratory,PROD_69769,2021-06-16 00:00:00,2023-05-17 00:00:00,Discontinued,700
TRT_002166,PAT_04191,Epilepsy,Antiepileptic,PROD_75964,2019-11-12 00:00:00,2024-07-01 00:00:00,Active,1693
TRT_002167,PAT_04194,Hypertension,Antihypertensive,PROD_75765,2023-06-27 00:00:00,2024-07-01 00:00:00,Active,370
TRT_002168,PAT_04195,Osteoporosis,Bone health,PROD_73098,2022-07-13 00:00:00,2024-07-01 00:00:00,Active,719
TRT_002169,PAT_04199,Hypertension,Antihypertensive,PROD_75765,2023-01-08 00:00:00,2024-06-21 00:00:00,Discontinued,530
TRT_002170,PAT_04199,Osteoporosis,Bone health,PROD_78367,2023-10-02 00:00:00,2024-07-01 00:00:00,Active,273
TRT_002171,PAT_04203,Osteoporosis,Bone health,PROD_73098,2018-10-05 00:00:00,2020-10-06 00:00:00,Discontinued,732
TRT_002172,PAT_04208,Acute myocardial infarction,Cardiovascular,PROD_82362,2019-07-18 00:00:00,2022-05-24 00:00:00,Discontinued,1041
TRT_002173,PAT_04214,Osteoarthritis,Analgesic / anti-inflammatory,PROD_4980,2014-09-23 00:00:00,2015-04-08 00:00:00,Discontinued,197
TRT_002174,PAT_04214,"Diabetes mellitus (types combined), excluding gestational diabetes",Antidiabetic,PROD_62536,2015-06-08 00:00:00,2024-07-01 00:00:00,Active,3311
TRT_002175,PAT_04215,Hypertension,Antihypertensive,PROD_75765,2021-01-05 00:00:00,2024-07-01 00:00:00,Active,1273
TRT_002176,PAT_04216,Asthma,Respiratory,PROD_49895,2014-12-15 00:00:00,2015-08-27 00:00:00,Discontinued,255
TRT_002177,PAT_04223,Osteoporosis,Bone health,PROD_73098,2015-08-31 00:00:00,2023-06-25 00:00:00,Discontinued,2855
TRT_002178,PAT_04223,Hypertension,Antihypertensive,PROD_77062,2015-09-23 00:00:00,2024-07-01 00:00:00,Active,3204
TRT_002179,PAT_04223,Stroke,Antithrombotic / secondary prevention,PROD_66470,2019-12-04 00:00:00,2021-02-10 00:00:00,Discontinued,434
TRT_002180,PAT_04225,Ischemic heart disease,Cardiovascular,PROD_82362,2019-01-01 00:00:00,2024-07-01 00:00:00,Active,2008
TRT_002181,PAT_04226,Hypertension,Antihypertensive,PROD_75765,2022-12-29 00:00:00,2024-07-01 00:00:00,Active,550
TRT_002182,PAT_04228,Heart failure,Heart failure therapy,PROD_5646,2015-02-26 00:00:00,2019-12-08 00:00:00,Discontinued,1746
TRT_002183,PAT_04229,Stroke,Antithrombotic / secondary prevention,PROD_66470,2019-06-08 00:00:00,2020-09-28 00:00:00,Discontinued,478
TRT_002184,PAT_04233,Osteoporosis,Bone health,PROD_73098,2018-02-24 00:00:00,2020-03-17 00:00:00,Discontinued,752
TRT_002185,PAT_04237,Osteoporosis,Bone health,PROD_78367,2018-08-07 00:00:00,2019-04-30 00:00:00,Discontinued,266
TRT_002186,PAT_04237,"Dementia, including Alzheimer disease",Cognitive disorder therapy,PROD_80653,2023-11-04 06:00:00,2024-07-01 00:00:00,Active,239
TRT_002187,PAT_04239,"Diabetes mellitus (types combined), excluding gestational diabetes",Antidiabetic,PROD_74296,2021-11-09 00:00:00,2024-07-01 00:00:00,Active,965
TRT_002188,PAT_04250,Osteoarthritis,Analgesic / anti-inflammatory,PROD_5432,2018-10-27 00:00:00,2018-12-04 00:00:00,Discontinued,38
TRT_002189,PAT_04250,Ischemic heart disease,Cardiovascular,PROD_82362,2019-02-08 00:00:00,2024-07-01 00:00:00,Active,1970
TRT_002190,PAT_04250,Osteoporosis,Bone health,PROD_78367,2019-11-16 00:00:00,2021-02-16 00:00:00,Discontinued,458
TRT_002191,PAT_04253,Chronic obstructive pulmonary disease,Respiratory,PROD_49895,2023-02-10 18:00:00,2024-07-01 00:00:00,Active,506
TRT_002192,PAT_04255,Osteoporosis,Bone health,PROD_73098,2017-05-04 00:00:00,2021-05-07 00:00:00,Discontinued,1464
TRT_002193,PAT_04255,"Diabetes mellitus (types combined), excluding gestational diabetes",Antidiabetic,PROD_11727,2018-08-22 00:00:00,2022-05-05 00:00:00,Discontinued,1352
TRT_002194,PAT_04258,"Diabetes mellitus (types combined), excluding gestational diabetes",Antidiabetic,PROD_62536,2023-08-25 00:00:00,2024-07-01 00:00:00,Active,311
TRT_002195,PAT_04259,Hypertension,Antihypertensive,PROD_79542,2015-07-15 00:00:00,2017-07-31 00:00:00,Discontinued,747
TRT_002196,PAT_04259,Ischemic heart disease,Cardiovascular,PROD_78058,2017-05-27 00:00:00,2024-07-01 00:00:00,Active,2592
TRT_002197,PAT_04260,Stroke,Antithrombotic / secondary prevention,PROD_19474,2019-10-25 00:00:00,2021-08-16 00:00:00,Discontinued,661
TRT_002198,PAT_04265,Stroke,Antithrombotic / secondary prevention,PROD_66470,2014-07-22 00:00:00,2016-07-03 00:00:00,Discontinued,712
TRT_002199,PAT_04266,Osteoarthritis,Analgesic / anti-inflammatory,PROD_4980,2024-06-20 00:00:00,2024-07-01 00:00:00,Active,11
TRT_002200,PAT_04267,Asthma,Respiratory,PROD_49895,2016-07-27 00:00:00,2017-05-11 00:00:00,Discontinued,288
TRT_002201,PAT_04270,Epilepsy,Antiepileptic,PROD_75964,2022-07-28 06:00:00,2024-03-03 06:00:00,Discontinued,584
TRT_002202,PAT_04271,Heart failure,Heart failure therapy,PROD_2333,2017-06-28 00:00:00,2024-07-01 00:00:00,Active,2560
TRT_002203,PAT_04272,Stroke,Antithrombotic / secondary prevention,PROD_66470,2015-09-23 00:00:00,2018-09-18 00:00:00,Discontinued,1091
TRT_002204,PAT_04272,Hypertension,Antihypertensive,PROD_79542,2023-07-10 00:00:00,2024-07-01 00:00:00,Active,357
TRT_002205,PAT_04276,Ischemic heart disease,Cardiovascular,PROD_73770,2022-05-29 00:00:00,2024-07-01 00:00:00,Active,764
TRT_002206,PAT_04278,Hypertension,Antihypertensive,PROD_75765,2021-02-01 00:00:00,2024-07-01 00:00:00,Active,1246
TRT_002207,PAT_04280,Ischemic heart disease,Cardiovascular,PROD_78058,2023-11-15 00:00:00,2024-07-01 00:00:00,Active,229
TRT_002208,PAT_04281,Hypertension,Antihypertensive,PROD_79542,2015-01-07 00:00:00,2018-04-16 00:00:00,Discontinued,1195
TRT_002209,PAT_04282,Asthma,Respiratory,PROD_49895,2019-05-29 00:00:00,2019-09-30 00:00:00,Discontinued,124
TRT_002210,PAT_04290,Hypertension,Antihypertensive,PROD_79542,2015-10-01 00:00:00,2017-08-11 00:00:00,Discontinued,680
TRT_002211,PAT_04290,"Diabetes mellitus (types combined), excluding gestational diabetes",Antidiabetic,PROD_62536,2018-06-23 00:00:00,2022-06-07 00:00:00,Discontinued,1445
TRT_002212,PAT_04290,Acute myocardial infarction,Cardiovascular,PROD_78058,2022-02-14 00:00:00,2024-07-01 00:00:00,Active,868
TRT_002213,PAT_04294,Heart failure,Heart failure therapy,PROD_2333,2018-08-01 00:00:00,2021-06-23 00:00:00,Discontinued,1057
TRT_002214,PAT_04294,Chronic obstructive pulmonary disease,Respiratory,PROD_69769,2019-03-26 00:00:00,2020-01-22 00:00:00,Discontinued,302
TRT_002215,PAT_04295,Osteoarthritis,Analgesic / anti-inflammatory,PROD_5917,2022-04-16 00:00:00,2022-06-10 00:00:00,Discontinued,55
TRT_002216,PAT_04299,"Diabetes mellitus (types combined), excluding gestational diabetes",Antidiabetic,PROD_11727,2015-04-10 00:00:00,2018-08-17 00:00:00,Discontinued,1225
TRT_002217,PAT_04304,Epilepsy,Antiepileptic,PROD_9242,2018-05-24 00:00:00,2023-05-08 00:00:00,Discontinued,1810
TRT_002218,PAT_04304,Asthma,Respiratory,PROD_69769,2023-10-28 00:00:00,2024-03-28 00:00:00,Discontinued,152
TRT_002219,PAT_04305,Hypertension,Antihypertensive,PROD_77062,2020-01-03 00:00:00,2024-07-01 00:00:00,Active,1641
TRT_002220,PAT_04306,Hypertension,Antihypertensive,PROD_79542,2017-09-06 00:00:00,2022-03-01 00:00:00,Discontinued,1637
TRT_002221,PAT_04306,Acute myocardial infarction,Cardiovascular,PROD_78058,2020-04-13 00:00:00,2024-07-01 00:00:00,Active,1540
TRT_002222,PAT_04309,"Diabetes mellitus (types combined), excluding gestational diabetes",Antidiabetic,PROD_11727,2019-11-11 00:00:00,2021-12-07 00:00:00,Discontinued,757
TRT_002223,PAT_04312,Osteoarthritis,Analgesic / anti-inflammatory,PROD_5917,2016-03-30 00:00:00,2017-02-14 00:00:00,Discontinued,321
TRT_002224,PAT_04312,"Diabetes mellitus (types combined), excluding gestational diabetes",Antidiabetic,PROD_11727,2018-02-04 00:00:00,2024-07-01 00:00:00,Active,2339
TRT_002225,PAT_04313,Hypertension,Antihypertensive,PROD_79542,2015-09-13 00:00:00,2019-05-15 00:00:00,Discontinued,1340
TRT_002226,PAT_04315,Heart failure,Heart failure therapy,PROD_2333,2019-08-16 00:00:00,2023-05-04 00:00:00,Discontinued,1357
TRT_002227,PAT_04315,"Diabetes mellitus (types combined), excluding gestational diabetes",Antidiabetic,PROD_62536,2023-01-16 00:00:00,2024-07-01 00:00:00,Active,532
TRT_002228,PAT_04317,"Diabetes mellitus (types combined), excluding gestational diabetes",Antidiabetic,PROD_74296,2023-10-22 00:00:00,2024-07-01 00:00:00,Active,253
TRT_002229,PAT_04318,Acute myocardial infarction,Cardiovascular,PROD_78058,2019-01-24 00:00:00,2024-01-22 00:00:00,Discontinued,1824
TRT_002230,PAT_04323,Ischemic heart disease,Cardiovascular,PROD_82362,2014-10-02 00:00:00,2019-10-30 00:00:00,Discontinued,1854
TRT_002231,PAT_04324,Hypertension,Antihypertensive,PROD_75765,2024-03-07 00:00:00,2024-07-01 00:00:00,Active,116
TRT_002232,PAT_04328,Osteoarthritis,Analgesic / anti-inflammatory,PROD_4980,2016-01-11 00:00:00,2017-07-28 00:00:00,Discontinued,564
TRT_002233,PAT_04333,"Diabetes mellitus (types combined), excluding gestational diabetes",Antidiabetic,PROD_11727,2017-11-06 00:00:00,2021-12-17 00:00:00,Discontinued,1502
TRT_002234,PAT_04337,Hypertension,Antihypertensive,PROD_75765,2017-12-19 00:00:00,2023-03-20 00:00:00,Discontinued,1917
TRT_002235,PAT_04337,Heart failure,Heart failure therapy,PROD_2333,2022-03-26 00:00:00,2024-07-01 00:00:00,Active,828
TRT_002236,PAT_04340,Osteoporosis,Bone health,PROD_73098,2019-02-26 00:00:00,2021-09-16 00:00:00,Discontinued,933
TRT_002237,PAT_04345,Osteoarthritis,Analgesic / anti-inflammatory,PROD_4980,2023-10-12 00:00:00,2023-12-19 00:00:00,Discontinued,68
TRT_002238,PAT_04349,Ischemic heart disease,Cardiovascular,PROD_82362,2022-01-20 00:00:00,2024-07-01 00:00:00,Active,893
TRT_002239,PAT_04354,"Diabetes mellitus (types combined), excluding gestational diabetes",Antidiabetic,PROD_11727,2015-04-06 00:00:00,2020-03-15 00:00:00,Discontinued,1805
TRT_002240,PAT_04354,Schizophrenia,Antipsychotic,PROD_76239,2019-10-11 12:00:00,2023-02-18 12:00:00,Discontinued,1226
TRT_002241,PAT_04356,Acute myocardial infarction,Cardiovascular,PROD_82362,2018-08-03 00:00:00,2024-07-01 00:00:00,Active,2159
TRT_002242,PAT_04356,Asthma,Respiratory,PROD_69769,2022-09-28 00:00:00,2024-07-01 00:00:00,Active,642
TRT_002243,PAT_04357,Ischemic heart disease,Cardiovascular,PROD_82362,2019-07-31 00:00:00,2024-07-01 00:00:00,Active,1797
TRT_002244,PAT_04357,Osteoarthritis,Analgesic / anti-inflammatory,PROD_5917,2019-08-11 00:00:00,2019-11-27 00:00:00,Discontinued,108
TRT_002245,PAT_04358,Osteoporosis,Bone health,PROD_78367,2018-04-04 00:00:00,2020-11-06 00:00:00,Discontinued,947
TRT_002246,PAT_04358,"Dementia, including Alzheimer disease",Cognitive disorder therapy,PROD_80653,2019-11-28 00:00:00,2024-07-01 00:00:00,Active,1677
TRT_002247,PAT_04360,Hypertension,Antihypertensive,PROD_77062,2019-10-21 00:00:00,2024-07-01 00:00:00,Active,1715
TRT_002248,PAT_04363,"Diabetes mellitus (types combined), excluding gestational diabetes",Antidiabetic,PROD_62536,2017-06-20 00:00:00,2021-11-27 00:00:00,Discontinued,1621
TRT_002249,PAT_04363,Hypertension,Antihypertensive,PROD_77062,2021-06-28 00:00:00,2024-07-01 00:00:00,Active,1099
TRT_002250,PAT_04366,Chronic obstructive pulmonary disease,Respiratory,PROD_49895,2022-03-03 00:00:00,2023-07-07 00:00:00,Discontinued,491
TRT_002251,PAT_04371,Hypertension,Antihypertensive,PROD_75765,2019-02-24 00:00:00,2024-04-05 00:00:00,Discontinued,1867
TRT_002252,PAT_04372,Hypertension,Antihypertensive,PROD_79542,2019-11-29 00:00:00,2024-07-01 00:00:00,Active,1676
TRT_002253,PAT_04372,Osteoporosis,Bone health,PROD_78367,2020-01-12 00:00:00,2022-03-05 00:00:00,Discontinued,783
TRT_002254,PAT_04373,Chronic obstructive pulmonary disease,Respiratory,PROD_69769,2014-11-01 00:00:00,2018-01-22 00:00:00,Discontinued,1178
TRT_002255,PAT_04373,Osteoarthritis,Analgesic / anti-inflammatory,PROD_4980,2017-01-29 00:00:00,2017-07-23 00:00:00,Discontinued,175
TRT_002256,PAT_04382,Hypertension,Antihypertensive,PROD_79542,2017-07-04 00:00:00,2024-07-01 00:00:00,Active,2554
TRT_002257,PAT_04383,Asthma,Respiratory,PROD_49895,2021-12-16 00:00:00,2022-10-12 00:00:00,Discontinued,300
TRT_002258,PAT_04388,Hypertension,Antihypertensive,PROD_75765,2022-04-05 00:00:00,2024-07-01 00:00:00,Active,818
TRT_002259,PAT_04394,Chronic obstructive pulmonary disease,Respiratory,PROD_69769,2015-04-16 00:00:00,2015-07-06 00:00:00,Discontinued,81
TRT_002260,PAT_04396,Asthma,Respiratory,PROD_69769,2023-03-28 00:00:00,2024-07-01 00:00:00,Active,461
TRT_002261,PAT_04398,Hypertension,Antihypertensive,PROD_79542,2024-01-29 00:00:00,2024-07-01 00:00:00,Active,154
TRT_002262,PAT_04399,Asthma,Respiratory,PROD_49895,2020-01-01 00:00:00,2020-07-24 00:00:00,Discontinued,205
TRT_002263,PAT_04402,Hypertension,Antihypertensive,PROD_75765,2016-09-17 00:00:00,2023-02-14 00:00:00,Discontinued,2341
TRT_002264,PAT_04402,Acute myocardial infarction,Cardiovascular,PROD_73770,2019-04-18 00:00:00,2022-06-06 00:00:00,Discontinued,1145
TRT_002265,PAT_04403,Hypertension,Antihypertensive,PROD_79542,2017-04-02 00:00:00,2020-01-30 00:00:00,Discontinued,1033
TRT_002266,PAT_04404,Hypertension,Antihypertensive,PROD_79542,2015-07-15 00:00:00,2019-01-04 00:00:00,Discontinued,1269
TRT_002267,PAT_04406,Hypertension,Antihypertensive,PROD_75765,2021-03-26 00:00:00,2024-07-01 00:00:00,Active,1193
TRT_002268,PAT_04406,Osteoarthritis,Analgesic / anti-inflammatory,PROD_5917,2021-09-03 00:00:00,2021-10-16 00:00:00,Discontinued,43
TRT_002269,PAT_04410,Hypertension,Antihypertensive,PROD_75765,2018-09-01 00:00:00,2023-06-19 00:00:00,Discontinued,1752
TRT_002270,PAT_04410,Asthma,Respiratory,PROD_69769,2023-01-09 00:00:00,2024-01-19 00:00:00,Discontinued,375
TRT_002271,PAT_04423,"Diabetes mellitus (types combined), excluding gestational diabetes",Antidiabetic,PROD_11727,2017-02-06 00:00:00,2024-07-01 00:00:00,Active,2702
TRT_002272,PAT_04424,Heart failure,Heart failure therapy,PROD_70034,2019-06-24 00:00:00,2024-07-01 00:00:00,Active,1834
TRT_002273,PAT_04428,Hypertension,Antihypertensive,PROD_75765,2024-03-08 00:00:00,2024-07-01 00:00:00,Active,115
TRT_002274,PAT_04430,Hypertension,Antihypertensive,PROD_77062,2023-11-01 00:00:00,2024-07-01 00:00:00,Active,243
TRT_002275,PAT_04432,Asthma,Respiratory,PROD_69769,2018-03-03 00:00:00,2018-12-26 00:00:00,Discontinued,298
TRT_002276,PAT_04434,Osteoarthritis,Analgesic / anti-inflammatory,PROD_5917,2021-12-29 00:00:00,2022-04-17 00:00:00,Discontinued,109
TRT_002277,PAT_04437,Asthma,Respiratory,PROD_49895,2023-07-25 00:00:00,2024-02-24 00:00:00,Discontinued,214
TRT_002278,PAT_04437,Hypertension,Antihypertensive,PROD_79542,2023-08-31 00:00:00,2024-07-01 00:00:00,Active,305
TRT_002279,PAT_04440,Hypertension,Antihypertensive,PROD_75765,2023-11-13 00:00:00,2024-07-01 00:00:00,Active,231
TRT_002280,PAT_04441,"Diabetes mellitus (types combined), excluding gestational diabetes",Antidiabetic,PROD_62536,2019-11-07 00:00:00,2024-07-01 00:00:00,Active,1698
TRT_002281,PAT_04443,Hypertension,Antihypertensive,PROD_79542,2023-08-07 00:00:00,2024-07-01 00:00:00,Active,329
TRT_002282,PAT_04446,"Diabetes mellitus (types combined), excluding gestational diabetes",Antidiabetic,PROD_11727,2016-07-19 00:00:00,2020-09-29 00:00:00,Discontinued,1533
TRT_002283,PAT_04447,Hypertension,Antihypertensive,PROD_77062,2014-10-05 00:00:00,2016-06-02 00:00:00,Discontinued,606
TRT_002284,PAT_04447,"Diabetes mellitus (types combined), excluding gestational diabetes",Antidiabetic,PROD_62536,2016-05-21 00:00:00,2024-07-01 00:00:00,Active,2963
TRT_002285,PAT_04450,Hypertension,Antihypertensive,PROD_77062,2018-01-21 00:00:00,2024-05-17 00:00:00,Discontinued,2308
TRT_002286,PAT_04452,Asthma,Respiratory,PROD_69769,2018-09-04 00:00:00,2019-03-15 00:00:00,Discontinued,192
TRT_002287,PAT_04456,Ischemic heart disease,Cardiovascular,PROD_78058,2016-09-06 00:00:00,2019-01-06 00:00:00,Discontinued,852
TRT_002288,PAT_04457,Osteoarthritis,Analgesic / anti-inflammatory,PROD_5917,2021-02-17 00:00:00,2021-05-19 00:00:00,Discontinued,91
TRT_002289,PAT_04459,"Diabetes mellitus (types combined), excluding gestational diabetes",Antidiabetic,PROD_62536,2023-05-02 00:00:00,2024-07-01 00:00:00,Active,426
TRT_002290,PAT_04460,Epilepsy,Antiepileptic,PROD_9242,2020-03-17 00:00:00,2022-04-26 00:00:00,Discontinued,770
TRT_002291,PAT_04461,Hypertension,Antihypertensive,PROD_77062,2024-06-26 00:00:00,2024-07-01 00:00:00,Active,5
TRT_002292,PAT_04463,Hypertension,Antihypertensive,PROD_79542,2017-04-07 00:00:00,2021-12-06 00:00:00,Discontinued,1704
TRT_002293,PAT_04464,Osteoporosis,Bone health,PROD_78367,2020-11-20 00:00:00,2022-08-09 00:00:00,Discontinued,627
TRT_002294,PAT_04465,Heart failure,Heart failure therapy,PROD_70034,2023-11-07 00:00:00,2024-07-01 00:00:00,Active,237
TRT_002295,PAT_04466,Osteoarthritis,Analgesic / anti-inflammatory,PROD_5917,2018-10-08 00:00:00,2019-10-08 00:00:00,Discontinued,365
TRT_002296,PAT_04466,Hypertension,Antihypertensive,PROD_75765,2020-08-26 00:00:00,2022-06-01 00:00:00,Discontinued,644
TRT_002297,PAT_04469,Asthma,Respiratory,PROD_13550,2017-06-05 00:00:00,2018-02-24 00:00:00,Discontinued,264
TRT_002298,PAT_04470,Osteoporosis,Bone health,PROD_73098,2016-08-13 00:00:00,2021-12-04 00:00:00,Discontinued,1939
TRT_002299,PAT_04470,"Diabetes mellitus (types combined), excluding gestational diabetes",Antidiabetic,PROD_62536,2016-10-30 00:00:00,2022-09-16 00:00:00,Discontinued,2147
TRT_002300,PAT_04470,Heart failure,Heart failure therapy,PROD_5646,2020-01-05 00:00:00,2022-10-09 00:00:00,Discontinued,1008
TRT_002301,PAT_04470,Osteoarthritis,Analgesic / anti-inflammatory,PROD_4980,2020-02-04 00:00:00,2020-08-17 00:00:00,Discontinued,195
TRT_002302,PAT_04475,Chronic obstructive pulmonary disease,Respiratory,PROD_69769,2018-05-28 00:00:00,2022-07-14 00:00:00,Discontinued,1508
TRT_002303,PAT_04475,"Diabetes mellitus (types combined), excluding gestational diabetes",Antidiabetic,PROD_74296,2021-04-12 00:00:00,2024-07-01 00:00:00,Active,1176
TRT_002304,PAT_04478,Heart failure,Heart failure therapy,PROD_5646,2018-04-04 00:00:00,2021-05-31 00:00:00,Discontinued,1153
TRT_002305,PAT_04478,Asthma,Respiratory,PROD_13550,2021-09-14 00:00:00,2022-08-27 00:00:00,Discontinued,347
TRT_002306,PAT_04480,Ischemic heart disease,Cardiovascular,PROD_82362,2017-10-31 00:00:00,2024-01-07 00:00:00,Discontinued,2259
TRT_002307,PAT_04481,Osteoarthritis,Analgesic / anti-inflammatory,PROD_4980,2020-08-09 00:00:00,2020-09-10 00:00:00,Discontinued,32
TRT_002308,PAT_04482,Rheumatoid arthritis,Immunomodulatory / anti-inflammatory,PROD_19681,2018-03-16 00:00:00,2024-07-01 00:00:00,Active,2299
TRT_002309,PAT_04484,Hypertension,Antihypertensive,PROD_79542,2019-07-21 00:00:00,2024-07-01 00:00:00,Active,1807
TRT_002310,PAT_04488,Hypertension,Antihypertensive,PROD_79542,2015-12-22 00:00:00,2020-02-28 00:00:00,Discontinued,1529
TRT_002311,PAT_04491,Hypertension,Antihypertensive,PROD_77062,2015-03-13 00:00:00,2021-09-21 00:00:00,Discontinued,2384
TRT_002312,PAT_04492,Asthma,Respiratory,PROD_13550,2017-12-31 00:00:00,2022-11-29 00:00:00,Discontinued,1794
TRT_002313,PAT_04493,Hypertension,Antihypertensive,PROD_75765,2024-05-02 00:00:00,2024-07-01 00:00:00,Active,60
TRT_002314,PAT_04496,Hypertension,Antihypertensive,PROD_79542,2018-12-28 00:00:00,2024-07-01 00:00:00,Active,2012
TRT_002315,PAT_04498,Ischemic heart disease,Cardiovascular,PROD_73770,2018-10-11 00:00:00,2020-02-20 00:00:00,Discontinued,497
TRT_002316,PAT_04499,"Dementia, including Alzheimer disease",Cognitive disorder therapy,PROD_82234,2022-01-31 06:00:00,2024-07-01 00:00:00,Active,881
TRT_002317,PAT_04500,Hypertension,Antihypertensive,PROD_77062,2015-05-13 00:00:00,2022-08-21 00:00:00,Discontinued,2657
TRT_002318,PAT_04501,"Diabetes mellitus (types combined), excluding gestational diabetes",Antidiabetic,PROD_62536,2015-09-04 00:00:00,2019-02-15 00:00:00,Discontinued,1260
TRT_002319,PAT_04503,"Dementia, including Alzheimer disease",Cognitive disorder therapy,PROD_82234,2018-06-01 00:00:00,2024-07-01 00:00:00,Active,2222
TRT_002320,PAT_04513,Asthma,Respiratory,PROD_49895,2017-06-24 00:00:00,2024-07-01 00:00:00,Active,2564
TRT_002321,PAT_04518,"Diabetes mellitus (types combined), excluding gestational diabetes",Antidiabetic,PROD_62536,2018-04-28 06:00:00,2021-01-12 06:00:00,Discontinued,990
TRT_002322,PAT_04522,Hypertension,Antihypertensive,PROD_77062,2020-06-07 00:00:00,2024-07-01 00:00:00,Active,1485
TRT_002323,PAT_04522,Heart failure,Heart failure therapy,PROD_2333,2023-04-19 00:00:00,2024-07-01 00:00:00,Active,439
TRT_002324,PAT_04523,Hypertension,Antihypertensive,PROD_77062,2018-07-19 00:00:00,2022-11-12 00:00:00,Discontinued,1577
TRT_002325,PAT_04523,Osteoarthritis,Analgesic / anti-inflammatory,PROD_5432,2020-01-15 00:00:00,2020-03-30 00:00:00,Discontinued,75
TRT_002326,PAT_04524,Hypertension,Antihypertensive,PROD_75765,2021-03-31 00:00:00,2024-07-01 00:00:00,Active,1188
TRT_002327,PAT_04525,Osteoarthritis,Analgesic / anti-inflammatory,PROD_5432,2021-04-06 00:00:00,2021-05-20 00:00:00,Discontinued,44
TRT_002328,PAT_04525,Stroke,Antithrombotic / secondary prevention,PROD_61080,2024-02-01 00:00:00,2024-03-12 00:00:00,Discontinued,40
TRT_002329,PAT_04526,Hypertension,Antihypertensive,PROD_75765,2023-05-15 00:00:00,2024-07-01 00:00:00,Active,413
TRT_002330,PAT_04527,"Diabetes mellitus (types combined), excluding gestational diabetes",Antidiabetic,PROD_74296,2023-10-25 00:00:00,2024-07-01 00:00:00,Active,250
TRT_002331,PAT_04528,"Diabetes mellitus (types combined), excluding gestational diabetes",Antidiabetic,PROD_74296,2015-08-01 00:00:00,2018-08-21 00:00:00,Discontinued,1116
TRT_002332,PAT_04531,Hypertension,Antihypertensive,PROD_77062,2017-01-05 00:00:00,2022-10-06 00:00:00,Discontinued,2100
TRT_002333,PAT_04532,"Diabetes mellitus (types combined), excluding gestational diabetes",Antidiabetic,PROD_11727,2020-03-28 00:00:00,2022-06-18 00:00:00,Discontinued,812
TRT_002334,PAT_04537,Heart failure,Heart failure therapy,PROD_5646,2016-06-08 00:00:00,2018-06-14 00:00:00,Discontinued,736
TRT_002335,PAT_04538,Chronic obstructive pulmonary disease,Respiratory,PROD_69769,2017-06-22 00:00:00,2018-01-24 00:00:00,Discontinued,216
TRT_002336,PAT_04541,Asthma,Respiratory,PROD_13550,2022-03-21 00:00:00,2022-09-17 00:00:00,Discontinued,180
TRT_002337,PAT_04546,"Diabetes mellitus (types combined), excluding gestational diabetes",Antidiabetic,PROD_74296,2021-10-05 00:00:00,2024-07-01 00:00:00,Active,1000
TRT_002338,PAT_04551,Asthma,Respiratory,PROD_69769,2021-08-06 00:00:00,2022-06-04 00:00:00,Discontinued,302
TRT_002339,PAT_04558,Osteoarthritis,Analgesic / anti-inflammatory,PROD_4980,2022-02-21 00:00:00,2022-07-27 00:00:00,Discontinued,156
TRT_002340,PAT_04559,Osteoarthritis,Analgesic / anti-inflammatory,PROD_4980,2021-03-01 00:00:00,2021-04-11 00:00:00,Discontinued,41
TRT_002341,PAT_04560,Hypertension,Antihypertensive,PROD_79542,2017-01-22 00:00:00,2020-11-18 00:00:00,Discontinued,1396
TRT_002342,PAT_04560,Ischemic heart disease,Cardiovascular,PROD_82362,2018-03-05 00:00:00,2021-06-30 00:00:00,Discontinued,1213
TRT_002343,PAT_04564,Hypertension,Antihypertensive,PROD_79542,2023-09-23 00:00:00,2024-07-01 00:00:00,Active,282
TRT_002344,PAT_04567,Hypertension,Antihypertensive,PROD_77062,2019-12-31 00:00:00,2024-06-13 00:00:00,Discontinued,1626
TRT_002345,PAT_04569,Chronic obstructive pulmonary disease,Respiratory,PROD_49895,2023-02-28 18:00:00,2024-07-01 00:00:00,Active,488
TRT_002346,PAT_04570,Hypertension,Antihypertensive,PROD_77062,2020-07-31 00:00:00,2022-09-08 00:00:00,Discontinued,769
TRT_002347,PAT_04570,Osteoarthritis,Analgesic / anti-inflammatory,PROD_5432,2021-03-24 00:00:00,2021-06-19 00:00:00,Discontinued,87
TRT_002348,PAT_04572,Osteoarthritis,Analgesic / anti-inflammatory,PROD_5917,2015-09-17 00:00:00,2015-11-13 00:00:00,Discontinued,57
TRT_002349,PAT_04575,Asthma,Respiratory,PROD_13550,2016-11-09 00:00:00,2017-04-19 00:00:00,Discontinued,161
TRT_002350,PAT_04577,"Diabetes mellitus (types combined), excluding gestational diabetes",Antidiabetic,PROD_11727,2021-09-05 00:00:00,2024-07-01 00:00:00,Active,1030
TRT_002351,PAT_04577,Hypertension,Antihypertensive,PROD_75765,2022-08-24 00:00:00,2024-07-01 00:00:00,Active,677
TRT_002352,PAT_04581,Osteoarthritis,Analgesic / anti-inflammatory,PROD_5917,2016-10-08 00:00:00,2016-11-22 00:00:00,Discontinued,45
TRT_002353,PAT_04581,Osteoporosis,Bone health,PROD_78367,2022-12-20 00:00:00,2024-07-01 00:00:00,Active,559
TRT_002354,PAT_04582,Multiple sclerosis,Disease-modifying therapy,PROD_103009,2015-08-07 00:00:00,2017-06-19 00:00:00,Discontinued,682
TRT_002355,PAT_04584,"Diabetes mellitus (types combined), excluding gestational diabetes",Antidiabetic,PROD_11727,2017-08-04 00:00:00,2019-04-07 00:00:00,Discontinued,611
TRT_002356,PAT_04585,Chronic obstructive pulmonary disease,Respiratory,PROD_13550,2017-11-11 00:00:00,2018-07-18 00:00:00,Discontinued,249
TRT_002357,PAT_04585,"Diabetes mellitus (types combined), excluding gestational diabetes",Antidiabetic,PROD_11727,2019-10-15 00:00:00,2023-05-09 00:00:00,Discontinued,1302
TRT_002358,PAT_04585,Asthma,Respiratory,PROD_13550,2020-08-20 00:00:00,2021-08-20 00:00:00,Discontinued,365
TRT_002359,PAT_04588,Chronic obstructive pulmonary disease,Respiratory,PROD_49895,2021-02-19 18:00:00,2022-05-02 18:00:00,Discontinued,437
TRT_002360,PAT_04590,"Diabetes mellitus (types combined), excluding gestational diabetes",Antidiabetic,PROD_62536,2014-10-10 00:00:00,2016-03-23 00:00:00,Discontinued,530
TRT_002361,PAT_04590,Asthma,Respiratory,PROD_49895,2019-10-15 00:00:00,2020-08-03 00:00:00,Discontinued,293
TRT_002362,PAT_04592,Osteoporosis,Bone health,PROD_73098,2022-01-23 00:00:00,2024-07-01 00:00:00,Active,890
TRT_002363,PAT_04592,Ischemic heart disease,Cardiovascular,PROD_78058,2023-10-07 00:00:00,2024-07-01 00:00:00,Active,268
TRT_002364,PAT_04593,Chronic obstructive pulmonary disease,Respiratory,PROD_69769,2016-05-02 00:00:00,2017-05-21 00:00:00,Discontinued,384
TRT_002365,PAT_04594,Ischemic heart disease,Cardiovascular,PROD_78058,2021-05-06 00:00:00,2024-07-01 00:00:00,Active,1152
TRT_002366,PAT_04597,Hypertension,Antihypertensive,PROD_79542,2023-06-16 00:00:00,2024-07-01 00:00:00,Active,381
TRT_002367,PAT_04601,Hypertension,Antihypertensive,PROD_79542,2019-07-09 00:00:00,2024-07-01 00:00:00,Active,1819
TRT_002368,PAT_04603,"Diabetes mellitus (types combined), excluding gestational diabetes",Antidiabetic,PROD_74296,2021-07-08 00:00:00,2023-02-11 00:00:00,Discontinued,583
TRT_002369,PAT_04605,Chronic obstructive pulmonary disease,Respiratory,PROD_49895,2016-08-28 00:00:00,2020-04-21 00:00:00,Discontinued,1332
TRT_002370,PAT_04606,Hypertension,Antihypertensive,PROD_75765,2022-08-19 00:00:00,2024-07-01 00:00:00,Active,682
TRT_002371,PAT_04607,Ischemic heart disease,Cardiovascular,PROD_78058,2017-09-17 00:00:00,2022-12-03 00:00:00,Discontinued,1903
TRT_002372,PAT_04612,Osteoporosis,Bone health,PROD_73098,2023-07-09 00:00:00,2024-07-01 00:00:00,Active,358
TRT_002373,PAT_04612,Hypertension,Antihypertensive,PROD_79542,2023-06-28 00:00:00,2024-07-01 00:00:00,Active,369
TRT_002374,PAT_04613,Hypertension,Antihypertensive,PROD_79542,2020-06-05 00:00:00,2023-07-28 00:00:00,Discontinued,1148
TRT_002375,PAT_04617,Osteoporosis,Bone health,PROD_78367,2015-08-30 00:00:00,2022-06-29 00:00:00,Discontinued,2495
TRT_002376,PAT_04617,Osteoarthritis,Analgesic / anti-inflammatory,PROD_5432,2018-09-23 00:00:00,2019-10-20 00:00:00,Discontinued,392
TRT_002377,PAT_04619,Chronic obstructive pulmonary disease,Respiratory,PROD_69769,2022-05-03 00:00:00,2023-02-01 00:00:00,Discontinued,274
TRT_002378,PAT_04620,Osteoarthritis,Analgesic / anti-inflammatory,PROD_5917,2021-02-06 00:00:00,2021-04-29 00:00:00,Discontinued,82
TRT_002379,PAT_04621,"Diabetes mellitus (types combined), excluding gestational diabetes",Antidiabetic,PROD_74296,2015-08-18 00:00:00,2024-07-01 00:00:00,Active,3240
TRT_002380,PAT_04621,Asthma,Respiratory,PROD_49895,2018-02-19 00:00:00,2019-07-11 00:00:00,Discontinued,507
TRT_002381,PAT_04623,Hypertension,Antihypertensive,PROD_77062,2017-07-11 00:00:00,2024-07-01 00:00:00,Active,2547
TRT_002382,PAT_04623,"Dementia, including Alzheimer disease",Cognitive disorder therapy,PROD_80653,2023-07-24 00:00:00,2024-07-01 00:00:00,Active,343
TRT_002383,PAT_04625,Stroke,Antithrombotic / secondary prevention,PROD_61080,2022-01-11 00:00:00,2022-11-19 00:00:00,Discontinued,312
TRT_002384,PAT_04626,Asthma,Respiratory,PROD_13550,2014-08-31 00:00:00,2016-12-11 00:00:00,Discontinued,833
TRT_002385,PAT_04628,"Diabetes mellitus (types combined), excluding gestational diabetes",Antidiabetic,PROD_11727,2018-04-26 00:00:00,2023-04-17 00:00:00,Discontinued,1817
TRT_002386,PAT_04629,Ischemic heart disease,Cardiovascular,PROD_78058,2017-12-17 00:00:00,2019-12-20 00:00:00,Discontinued,733
TRT_002387,PAT_04629,Hypertension,Antihypertensive,PROD_77062,2021-06-28 00:00:00,2023-11-14 00:00:00,Discontinued,869
TRT_002388,PAT_04630,"Diabetes mellitus (types combined), excluding gestational diabetes",Antidiabetic,PROD_11727,2015-02-10 00:00:00,2018-03-05 00:00:00,Discontinued,1119
TRT_002389,PAT_04630,Osteoarthritis,Analgesic / anti-inflammatory,PROD_4980,2024-04-10 00:00:00,2024-07-01 00:00:00,Active,82
TRT_002390,PAT_04631,Osteoarthritis,Analgesic / anti-inflammatory,PROD_5917,2015-07-26 00:00:00,2016-02-05 00:00:00,Discontinued,194
TRT_002391,PAT_04633,Asthma,Respiratory,PROD_49895,2022-04-18 00:00:00,2024-07-01 00:00:00,Active,805
TRT_002392,PAT_04634,Schizophrenia,Antipsychotic,PROD_76239,2022-12-23 00:00:00,2024-07-01 00:00:00,Active,556
TRT_002393,PAT_04635,Hypertension,Antihypertensive,PROD_79542,2018-06-18 00:00:00,2024-07-01 00:00:00,Active,2205
TRT_002394,PAT_04635,Ischemic heart disease,Cardiovascular,PROD_73770,2018-11-30 00:00:00,2024-07-01 00:00:00,Active,2040
TRT_002395,PAT_04636,Osteoarthritis,Analgesic / anti-inflammatory,PROD_5917,2020-08-10 00:00:00,2020-12-13 00:00:00,Discontinued,125
TRT_002396,PAT_04639,Hypertension,Antihypertensive,PROD_79542,2020-07-11 00:00:00,2024-07-01 00:00:00,Active,1451
TRT_002397,PAT_04639,"Diabetes mellitus (types combined), excluding gestational diabetes",Antidiabetic,PROD_62536,2020-11-18 00:00:00,2022-08-17 00:00:00,Discontinued,637
TRT_002398,PAT_04639,Osteoarthritis,Analgesic / anti-inflammatory,PROD_5432,2021-11-26 00:00:00,2022-01-13 00:00:00,Discontinued,48
TRT_002399,PAT_04643,Ischemic heart disease,Cardiovascular,PROD_82362,2018-09-14 00:00:00,2021-01-05 00:00:00,Discontinued,844
TRT_002400,PAT_04643,Hypertension,Antihypertensive,PROD_75765,2019-03-05 00:00:00,2024-07-01 00:00:00,Active,1945
TRT_002401,PAT_04644,Osteoarthritis,Analgesic / anti-inflammatory,PROD_4980,2021-12-12 00:00:00,2022-11-15 00:00:00,Discontinued,338
TRT_002402,PAT_04646,Hypertension,Antihypertensive,PROD_79542,2016-06-19 00:00:00,2017-06-13 00:00:00,Discontinued,359
TRT_002403,PAT_04648,Chronic obstructive pulmonary disease,Respiratory,PROD_13550,2016-02-26 00:00:00,2023-04-30 00:00:00,Discontinued,2620
TRT_002404,PAT_04649,Asthma,Respiratory,PROD_69769,2015-04-02 00:00:00,2016-11-20 00:00:00,Discontinued,598
TRT_002405,PAT_04649,"Diabetes mellitus (types combined), excluding gestational diabetes",Antidiabetic,PROD_74296,2019-04-22 00:00:00,2024-07-01 00:00:00,Active,1897
TRT_002406,PAT_04650,Stroke,Antithrombotic / secondary prevention,PROD_61080,2023-05-23 00:00:00,2024-07-01 00:00:00,Active,405
TRT_002407,PAT_04653,Asthma,Respiratory,PROD_13550,2024-05-16 00:00:00,2024-07-01 00:00:00,Active,46
TRT_002408,PAT_04658,Osteoporosis,Bone health,PROD_78367,2019-11-28 00:00:00,2023-04-23 00:00:00,Discontinued,1242
TRT_002409,PAT_04659,Asthma,Respiratory,PROD_69769,2019-11-26 00:00:00,2020-04-14 00:00:00,Discontinued,140
TRT_002410,PAT_04661,Asthma,Respiratory,PROD_49895,2023-03-04 00:00:00,2024-07-01 00:00:00,Active,485
TRT_002411,PAT_04663,Heart failure,Heart failure therapy,PROD_2333,2023-11-25 00:00:00,2024-07-01 00:00:00,Active,219
TRT_002412,PAT_04666,Chronic obstructive pulmonary disease,Respiratory,PROD_49895,2020-12-18 00:00:00,2022-03-05 00:00:00,Discontinued,442
TRT_002413,PAT_04666,"Dementia, including Alzheimer disease",Cognitive disorder therapy,PROD_80653,2024-01-18 00:00:00,2024-07-01 00:00:00,Active,165
TRT_002414,PAT_04667,Asthma,Respiratory,PROD_13550,2019-06-14 06:00:00,2020-11-08 06:00:00,Discontinued,513
TRT_002415,PAT_04670,Hypertension,Antihypertensive,PROD_77062,2017-06-01 00:00:00,2020-08-12 00:00:00,Discontinued,1168
TRT_002416,PAT_04670,"Diabetes mellitus (types combined), excluding gestational diabetes",Antidiabetic,PROD_11727,2021-01-22 00:00:00,2023-04-10 00:00:00,Discontinued,808
TRT_002417,PAT_04674,Osteoporosis,Bone health,PROD_78367,2022-11-12 00:00:00,2024-07-01 00:00:00,Active,597
TRT_002418,PAT_04675,Osteoarthritis,Analgesic / anti-inflammatory,PROD_5432,2018-04-25 00:00:00,2018-08-09 00:00:00,Discontinued,106
TRT_002419,PAT_04678,Asthma,Respiratory,PROD_69769,2014-12-01 00:00:00,2015-02-16 00:00:00,Discontinued,77
TRT_002420,PAT_04680,Asthma,Respiratory,PROD_49895,2023-06-28 00:00:00,2024-03-05 00:00:00,Discontinued,251
TRT_002421,PAT_04683,Hypertension,Antihypertensive,PROD_79542,2017-06-02 00:00:00,2018-07-15 00:00:00,Discontinued,408
TRT_002422,PAT_04684,Rheumatoid arthritis,Immunomodulatory / anti-inflammatory,PROD_74173,2023-10-29 00:00:00,2024-07-01 00:00:00,Active,246
TRT_002423,PAT_04685,"Diabetes mellitus (types combined), excluding gestational diabetes",Antidiabetic,PROD_11727,2016-04-08 00:00:00,2024-07-01 00:00:00,Active,3006
TRT_002424,PAT_04686,Ischemic heart disease,Cardiovascular,PROD_78058,2015-12-23 00:00:00,2018-01-11 00:00:00,Discontinued,750
TRT_002425,PAT_04698,Hypertension,Antihypertensive,PROD_79542,2024-03-28 00:00:00,2024-07-01 00:00:00,Active,95
TRT_002426,PAT_04701,Ischemic heart disease,Cardiovascular,PROD_78058,2015-07-05 00:00:00,2024-07-01 00:00:00,Active,3284
TRT_002427,PAT_04705,Ischemic heart disease,Cardiovascular,PROD_73770,2016-02-02 00:00:00,2024-07-01 00:00:00,Active,3072
TRT_002428,PAT_04707,Chronic obstructive pulmonary disease,Respiratory,PROD_69769,2020-07-26 00:00:00,2022-04-13 00:00:00,Discontinued,626
TRT_002429,PAT_04718,Ischemic heart disease,Cardiovascular,PROD_73770,2017-12-12 00:00:00,2024-07-01 00:00:00,Active,2393
TRT_002430,PAT_04718,Hypertension,Antihypertensive,PROD_79542,2022-05-14 00:00:00,2024-02-26 00:00:00,Discontinued,653
TRT_002431,PAT_04721,Ischemic heart disease,Cardiovascular,PROD_82362,2016-01-22 00:00:00,2017-08-05 00:00:00,Discontinued,561
TRT_002432,PAT_04721,Heart failure,Heart failure therapy,PROD_2333,2024-04-05 00:00:00,2024-07-01 00:00:00,Active,87
TRT_002433,PAT_04724,Hypertension,Antihypertensive,PROD_75765,2023-01-27 00:00:00,2024-07-01 00:00:00,Active,521
TRT_002434,PAT_04726,Hypertension,Antihypertensive,PROD_79542,2021-06-15 00:00:00,2024-07-01 00:00:00,Active,1112
TRT_002435,PAT_04729,Ischemic heart disease,Cardiovascular,PROD_78058,2018-10-07 00:00:00,2022-01-10 00:00:00,Discontinued,1191
TRT_002436,PAT_04730,Asthma,Respiratory,PROD_69769,2014-09-22 00:00:00,2016-07-18 00:00:00,Discontinued,665
TRT_002437,PAT_04730,"Diabetes mellitus (types combined), excluding gestational diabetes",Antidiabetic,PROD_74296,2018-03-24 00:00:00,2023-11-09 00:00:00,Discontinued,2056
TRT_002438,PAT_04731,Chronic obstructive pulmonary disease,Respiratory,PROD_13550,2022-11-26 18:00:00,2024-03-21 18:00:00,Discontinued,481
TRT_002439,PAT_04733,Ischemic heart disease,Cardiovascular,PROD_82362,2022-12-27 00:00:00,2024-07-01 00:00:00,Active,552
TRT_002440,PAT_04737,Chronic obstructive pulmonary disease,Respiratory,PROD_49895,2021-10-10 18:00:00,2022-05-31 18:00:00,Discontinued,233
TRT_002441,PAT_04737,Osteoporosis,Bone health,PROD_78367,2024-02-17 00:00:00,2024-07-01 00:00:00,Active,135
TRT_002442,PAT_04740,Multiple sclerosis,Disease-modifying therapy,PROD_103009,2018-12-01 00:00:00,2024-07-01 00:00:00,Active,2039
TRT_002443,PAT_04741,Hypertension,Antihypertensive,PROD_75765,2024-06-05 00:00:00,2024-07-01 00:00:00,Active,26
TRT_002444,PAT_04744,Asthma,Respiratory,PROD_13550,2024-01-21 00:00:00,2024-07-01 00:00:00,Active,162
TRT_002445,PAT_04745,Heart failure,Heart failure therapy,PROD_5646,2016-08-14 00:00:00,2024-07-01 00:00:00,Active,2878
TRT_002446,PAT_04745,Hypertension,Antihypertensive,PROD_77062,2024-01-28 00:00:00,2024-07-01 00:00:00,Active,155
TRT_002447,PAT_04749,Asthma,Respiratory,PROD_49895,2019-06-03 00:00:00,2019-12-13 00:00:00,Discontinued,193
TRT_002448,PAT_04752,Osteoarthritis,Analgesic / anti-inflammatory,PROD_4980,2015-03-14 00:00:00,2015-06-19 00:00:00,Discontinued,97
TRT_002449,PAT_04753,Osteoporosis,Bone health,PROD_73098,2020-12-23 00:00:00,2022-09-18 00:00:00,Discontinued,634
TRT_002450,PAT_04754,Osteoporosis,Bone health,PROD_78367,2021-11-20 00:00:00,2024-07-01 00:00:00,Active,954
TRT_002451,PAT_04757,"Diabetes mellitus (types combined), excluding gestational diabetes",Antidiabetic,PROD_74296,2015-03-25 00:00:00,2017-10-04 00:00:00,Discontinued,924
TRT_002452,PAT_04764,Rheumatoid arthritis,Immunomodulatory / anti-inflammatory,PROD_74173,2015-09-09 00:00:00,2022-11-09 00:00:00,Discontinued,2618
TRT_002453,PAT_04764,Asthma,Respiratory,PROD_13550,2016-01-27 00:00:00,2019-05-10 00:00:00,Discontinued,1199
TRT_002454,PAT_04769,"Diabetes mellitus (types combined), excluding gestational diabetes",Antidiabetic,PROD_74296,2019-11-18 00:00:00,2024-07-01 00:00:00,Active,1687
TRT_002455,PAT_04769,Hypertension,Antihypertensive,PROD_77062,2020-01-15 00:00:00,2024-07-01 00:00:00,Active,1629
TRT_002456,PAT_04773,"Diabetes mellitus (types combined), excluding gestational diabetes",Antidiabetic,PROD_74296,2018-10-19 00:00:00,2022-11-17 00:00:00,Discontinued,1490
TRT_002457,PAT_04778,Hypertension,Antihypertensive,PROD_79542,2020-01-11 00:00:00,2023-08-29 00:00:00,Discontinued,1326
TRT_002458,PAT_04779,"Diabetes mellitus (types combined), excluding gestational diabetes",Antidiabetic,PROD_11727,2019-06-06 00:00:00,2024-07-01 00:00:00,Active,1852
TRT_002459,PAT_04786,Ischemic heart disease,Cardiovascular,PROD_82362,2015-06-13 00:00:00,2019-11-11 00:00:00,Discontinued,1612
TRT_002460,PAT_04788,Stroke,Antithrombotic / secondary prevention,PROD_61080,2020-12-28 00:00:00,2021-05-18 00:00:00,Discontinued,141
TRT_002461,PAT_04791,Heart failure,Heart failure therapy,PROD_70034,2020-01-16 00:00:00,2024-07-01 00:00:00,Active,1628
TRT_002462,PAT_04798,Hypertension,Antihypertensive,PROD_77062,2023-08-22 00:00:00,2024-07-01 00:00:00,Active,314
TRT_002463,PAT_04803,Chronic obstructive pulmonary disease,Respiratory,PROD_13550,2023-05-26 18:00:00,2024-07-01 00:00:00,Active,401
TRT_002464,PAT_04806,Hypertension,Antihypertensive,PROD_79542,2015-11-03 00:00:00,2021-11-01 00:00:00,Discontinued,2190
TRT_002465,PAT_04807,"Diabetes mellitus (types combined), excluding gestational diabetes",Antidiabetic,PROD_11727,2023-12-10 06:00:00,2024-07-01 00:00:00,Active,203
TRT_002466,PAT_04811,Heart failure,Heart failure therapy,PROD_70034,2019-03-24 00:00:00,2024-07-01 00:00:00,Active,1926
TRT_002467,PAT_04813,"Diabetes mellitus (types combined), excluding gestational diabetes",Antidiabetic,PROD_11727,2018-12-19 00:00:00,2020-07-17 00:00:00,Discontinued,576
TRT_002468,PAT_04815,Asthma,Respiratory,PROD_69769,2021-05-16 00:00:00,2022-03-17 00:00:00,Discontinued,305
TRT_002469,PAT_04816,Heart failure,Heart failure therapy,PROD_5646,2016-02-04 00:00:00,2018-08-30 00:00:00,Discontinued,938
TRT_002470,PAT_04816,Hypertension,Antihypertensive,PROD_75765,2017-06-09 00:00:00,2018-05-27 00:00:00,Discontinued,352
TRT_002471,PAT_04816,Osteoporosis,Bone health,PROD_73098,2019-05-18 00:00:00,2024-06-09 00:00:00,Discontinued,1849
TRT_002472,PAT_04816,"Dementia, including Alzheimer disease",Cognitive disorder therapy,PROD_80779,2021-07-18 06:00:00,2024-07-01 00:00:00,Active,1078
TRT_002473,PAT_04817,Asthma,Respiratory,PROD_69769,2015-03-18 00:00:00,2018-12-02 00:00:00,Discontinued,1355
TRT_002474,PAT_04817,Osteoarthritis,Analgesic / anti-inflammatory,PROD_5917,2017-06-20 00:00:00,2017-10-21 00:00:00,Discontinued,123
TRT_002475,PAT_04818,Osteoarthritis,Analgesic / anti-inflammatory,PROD_5917,2015-10-14 00:00:00,2016-03-08 00:00:00,Discontinued,146
TRT_002476,PAT_04818,Hypertension,Antihypertensive,PROD_77062,2016-02-26 00:00:00,2019-09-15 00:00:00,Discontinued,1297
TRT_002477,PAT_04818,Ischemic heart disease,Cardiovascular,PROD_78058,2019-01-07 00:00:00,2021-11-01 00:00:00,Discontinued,1029
TRT_002478,PAT_04824,Rheumatoid arthritis,Immunomodulatory / anti-inflammatory,PROD_74173,2018-04-21 00:00:00,2020-06-28 00:00:00,Discontinued,799
TRT_002479,PAT_04826,Schizophrenia,Antipsychotic,PROD_73690,2017-10-10 00:00:00,2021-07-15 00:00:00,Discontinued,1374
TRT_002480,PAT_04826,Hypertension,Antihypertensive,PROD_79542,2022-04-23 00:00:00,2024-07-01 00:00:00,Active,800
TRT_002481,PAT_04833,Hypertension,Antihypertensive,PROD_77062,2016-11-27 00:00:00,2019-11-10 00:00:00,Discontinued,1078
TRT_002482,PAT_04834,Ischemic heart disease,Cardiovascular,PROD_78058,2015-07-27 00:00:00,2017-08-08 00:00:00,Discontinued,743
TRT_002483,PAT_04838,Acute myocardial infarction,Cardiovascular,PROD_78058,2019-01-10 00:00:00,2024-07-01 00:00:00,Active,1999
TRT_002484,PAT_04838,Osteoporosis,Bone health,PROD_78367,2022-06-01 00:00:00,2024-07-01 00:00:00,Active,761
TRT_002485,PAT_04839,Asthma,Respiratory,PROD_69769,2018-10-30 06:00:00,2020-03-23 06:00:00,Discontinued,510
TRT_002486,PAT_04839,"Diabetes mellitus (types combined), excluding gestational diabetes",Antidiabetic,PROD_74296,2024-04-19 06:00:00,2024-07-01 00:00:00,Active,72
TRT_002487,PAT_04846,Asthma,Respiratory,PROD_13550,2016-03-20 00:00:00,2017-03-06 00:00:00,Discontinued,351
TRT_002488,PAT_04847,Hypertension,Antihypertensive,PROD_75765,2021-08-29 00:00:00,2024-07-01 00:00:00,Active,1037
TRT_002489,PAT_04848,Osteoarthritis,Analgesic / anti-inflammatory,PROD_5917,2022-03-16 00:00:00,2022-08-03 00:00:00,Discontinued,140
TRT_002490,PAT_04850,Hypertension,Antihypertensive,PROD_79542,2024-04-09 00:00:00,2024-07-01 00:00:00,Active,83
TRT_002491,PAT_04851,Hypertension,Antihypertensive,PROD_75765,2022-11-21 00:00:00,2024-07-01 00:00:00,Active,588
TRT_002492,PAT_04853,Asthma,Respiratory,PROD_69769,2014-11-17 00:00:00,2022-04-06 00:00:00,Discontinued,2697
TRT_002493,PAT_04854,Osteoporosis,Bone health,PROD_73098,2023-04-23 00:00:00,2024-07-01 00:00:00,Active,435
TRT_002494,PAT_04858,Hypertension,Antihypertensive,PROD_79542,2023-12-07 00:00:00,2024-07-01 00:00:00,Active,207
TRT_002495,PAT_04859,Chronic obstructive pulmonary disease,Respiratory,PROD_69769,2020-04-04 18:00:00,2021-09-26 18:00:00,Discontinued,540
TRT_002496,PAT_04860,Hypertension,Antihypertensive,PROD_77062,2018-11-17 00:00:00,2024-07-01 00:00:00,Active,2053
TRT_002497,PAT_04860,Osteoporosis,Bone health,PROD_73098,2019-09-13 00:00:00,2024-02-04 00:00:00,Discontinued,1605
TRT_002498,PAT_04863,Chronic obstructive pulmonary disease,Respiratory,PROD_69769,2014-11-17 00:00:00,2019-12-01 00:00:00,Discontinued,1840
TRT_002499,PAT_04863,Hypertension,Antihypertensive,PROD_75765,2020-08-27 00:00:00,2021-05-26 00:00:00,Discontinued,272
TRT_002500,PAT_04864,Hypertension,Antihypertensive,PROD_77062,2020-11-19 00:00:00,2024-07-01 00:00:00,Active,1320
TRT_002501,PAT_04865,Asthma,Respiratory,PROD_49895,2022-04-21 00:00:00,2024-05-26 00:00:00,Discontinued,766
TRT_002502,PAT_04867,Asthma,Respiratory,PROD_13550,2014-12-21 00:00:00,2015-04-17 00:00:00,Discontinued,117
TRT_002503,PAT_04873,Hypertension,Antihypertensive,PROD_77062,2019-11-27 00:00:00,2024-07-01 00:00:00,Active,1678
TRT_002504,PAT_04875,Hypertension,Antihypertensive,PROD_79542,2016-12-10 00:00:00,2022-08-13 00:00:00,Discontinued,2072
TRT_002505,PAT_04875,Chronic obstructive pulmonary disease,Respiratory,PROD_13550,2019-02-23 00:00:00,2021-05-05 00:00:00,Discontinued,802
TRT_002506,PAT_04876,Stroke,Antithrombotic / secondary prevention,PROD_61080,2020-12-09 00:00:00,2024-07-01 00:00:00,Active,1300
TRT_002507,PAT_04877,Heart failure,Heart failure therapy,PROD_2333,2014-12-23 00:00:00,2021-11-16 00:00:00,Discontinued,2520
TRT_002508,PAT_04879,"Diabetes mellitus (types combined), excluding gestational diabetes",Antidiabetic,PROD_62536,2022-01-10 00:00:00,2023-09-07 00:00:00,Discontinued,605
TRT_002509,PAT_04880,Hypertension,Antihypertensive,PROD_75765,2015-10-31 00:00:00,2020-04-26 00:00:00,Discontinued,1639
TRT_002510,PAT_04884,Osteoarthritis,Analgesic / anti-inflammatory,PROD_4980,2022-10-09 00:00:00,2022-11-03 00:00:00,Discontinued,25
TRT_002511,PAT_04884,Asthma,Respiratory,PROD_49895,2023-01-02 00:00:00,2024-07-01 00:00:00,Active,546
TRT_002512,PAT_04886,Asthma,Respiratory,PROD_13550,2021-01-30 00:00:00,2024-07-01 00:00:00,Active,1248
TRT_002513,PAT_04889,Ischemic heart disease,Cardiovascular,PROD_73770,2015-04-05 00:00:00,2017-03-24 00:00:00,Discontinued,719
TRT_002514,PAT_04890,Heart failure,Heart failure therapy,PROD_70034,2018-02-17 00:00:00,2021-02-24 00:00:00,Discontinued,1103
TRT_002515,PAT_04891,Rheumatoid arthritis,Immunomodulatory / anti-inflammatory,PROD_74173,2018-01-17 00:00:00,2018-11-15 00:00:00,Discontinued,302
TRT_002516,PAT_04895,Hypertension,Antihypertensive,PROD_75765,2018-03-11 00:00:00,2021-09-29 00:00:00,Discontinued,1298
TRT_002517,PAT_04896,Chronic obstructive pulmonary disease,Respiratory,PROD_69769,2018-03-10 00:00:00,2020-06-15 00:00:00,Discontinued,828
TRT_002518,PAT_04896,Hypertension,Antihypertensive,PROD_77062,2020-09-07 00:00:00,2024-04-08 00:00:00,Discontinued,1309
TRT_002519,PAT_04898,Hypertension,Antihypertensive,PROD_75765,2024-02-27 00:00:00,2024-07-01 00:00:00,Active,125
TRT_002520,PAT_04901,Hypertension,Antihypertensive,PROD_79542,2018-01-17 00:00:00,2024-07-01 00:00:00,Active,2357
TRT_002521,PAT_04905,"Diabetes mellitus (types combined), excluding gestational diabetes",Antidiabetic,PROD_62536,2018-12-08 00:00:00,2024-07-01 00:00:00,Active,2032
TRT_002522,PAT_04906,Ischemic heart disease,Cardiovascular,PROD_73770,2019-03-10 00:00:00,2021-05-07 00:00:00,Discontinued,789
TRT_002523,PAT_04907,"Diabetes mellitus (types combined), excluding gestational diabetes",Antidiabetic,PROD_11727,2022-11-16 00:00:00,2024-07-01 00:00:00,Active,593
TRT_002524,PAT_04910,Asthma,Respiratory,PROD_69769,2019-05-25 00:00:00,2024-07-01 00:00:00,Active,1864
TRT_002525,PAT_04911,Hypertension,Antihypertensive,PROD_75765,2019-09-07 00:00:00,2024-07-01 00:00:00,Active,1759
TRT_002526,PAT_04912,Osteoarthritis,Analgesic / anti-inflammatory,PROD_5432,2019-08-14 00:00:00,2019-11-01 00:00:00,Discontinued,79
TRT_002527,PAT_04912,Hypertension,Antihypertensive,PROD_75765,2021-03-18 00:00:00,2024-01-20 00:00:00,Discontinued,1038
TRT_002528,PAT_04913,Asthma,Respiratory,PROD_69769,2023-05-09 00:00:00,2023-11-30 00:00:00,Discontinued,205
TRT_002529,PAT_04914,Ischemic heart disease,Cardiovascular,PROD_82362,2016-02-28 00:00:00,2018-05-07 00:00:00,Discontinued,799
TRT_002530,PAT_04914,Heart failure,Heart failure therapy,PROD_5646,2022-03-09 00:00:00,2024-07-01 00:00:00,Active,845
TRT_002531,PAT_04921,Asthma,Respiratory,PROD_49895,2020-02-04 00:00:00,2023-08-06 00:00:00,Discontinued,1279
TRT_002532,PAT_04923,Osteoporosis,Bone health,PROD_78367,2014-10-28 00:00:00,2021-05-22 00:00:00,Discontinued,2398
TRT_002533,PAT_04924,"Diabetes mellitus (types combined), excluding gestational diabetes",Antidiabetic,PROD_62536,2019-07-12 00:00:00,2022-12-31 00:00:00,Discontinued,1268
TRT_002534,PAT_04927,Hypertension,Antihypertensive,PROD_79542,2020-07-13 00:00:00,2024-07-01 00:00:00,Active,1449
TRT_002535,PAT_04929,Chronic obstructive pulmonary disease,Respiratory,PROD_69769,2015-11-03 00:00:00,2017-03-11 00:00:00,Discontinued,494
TRT_002536,PAT_04930,"Diabetes mellitus (types combined), excluding gestational diabetes",Antidiabetic,PROD_11727,2019-04-30 00:00:00,2022-06-06 00:00:00,Discontinued,1133
TRT_002537,PAT_04933,Hypertension,Antihypertensive,PROD_79542,2015-10-10 00:00:00,2024-06-13 00:00:00,Discontinued,3169
TRT_002538,PAT_04933,Schizophrenia,Antipsychotic,PROD_73690,2020-01-02 00:00:00,2022-02-28 00:00:00,Discontinued,788
TRT_002539,PAT_04933,Ischemic heart disease,Cardiovascular,PROD_73770,2024-03-10 00:00:00,2024-07-01 00:00:00,Active,113
TRT_002540,PAT_04935,Osteoporosis,Bone health,PROD_73098,2022-06-03 00:00:00,2024-07-01 00:00:00,Active,759
TRT_002541,PAT_04939,Ischemic heart disease,Cardiovascular,PROD_73770,2016-03-07 00:00:00,2024-02-10 00:00:00,Discontinued,2896
TRT_002542,PAT_04939,Heart failure,Heart failure therapy,PROD_70034,2023-08-08 00:00:00,2024-07-01 00:00:00,Active,328
TRT_002543,PAT_04944,Ischemic heart disease,Cardiovascular,PROD_82362,2016-06-12 00:00:00,2019-02-10 00:00:00,Discontinued,973
TRT_002544,PAT_04945,Osteoporosis,Bone health,PROD_73098,2017-03-16 00:00:00,2022-05-04 00:00:00,Discontinued,1875
TRT_002545,PAT_04946,Hypertension,Antihypertensive,PROD_75765,2022-01-19 00:00:00,2024-07-01 00:00:00,Active,894
TRT_002546,PAT_04950,Hypertension,Antihypertensive,PROD_77062,2017-10-16 00:00:00,2021-05-25 00:00:00,Discontinued,1317
TRT_002547,PAT_04950,Epilepsy,Antiepileptic,PROD_9242,2023-11-27 00:00:00,2024-07-01 00:00:00,Active,217
TRT_002548,PAT_04953,Chronic obstructive pulmonary disease,Respiratory,PROD_49895,2020-01-09 00:00:00,2022-02-20 00:00:00,Discontinued,773
TRT_002549,PAT_04956,Ischemic heart disease,Cardiovascular,PROD_82362,2023-08-28 00:00:00,2024-07-01 00:00:00,Active,308
TRT_002550,PAT_04959,Hypertension,Antihypertensive,PROD_75765,2018-04-30 00:00:00,2020-08-10 00:00:00,Discontinued,833
TRT_002551,PAT_04959,Ischemic heart disease,Cardiovascular,PROD_78058,2024-05-18 00:00:00,2024-07-01 00:00:00,Active,44
TRT_002552,PAT_04960,"Diabetes mellitus (types combined), excluding gestational diabetes",Antidiabetic,PROD_11727,2016-02-14 00:00:00,2021-03-16 00:00:00,Discontinued,1857
TRT_002553,PAT_04964,Asthma,Respiratory,PROD_13550,2015-04-28 00:00:00,2016-03-23 00:00:00,Discontinued,330
TRT_002554,PAT_04966,Hypertension,Antihypertensive,PROD_79542,2015-05-01 00:00:00,2018-09-02 00:00:00,Discontinued,1220
TRT_002555,PAT_04966,"Diabetes mellitus (types combined), excluding gestational diabetes",Antidiabetic,PROD_11727,2020-08-17 00:00:00,2022-12-26 00:00:00,Discontinued,861
TRT_002556,PAT_04967,Rheumatoid arthritis,Immunomodulatory / anti-inflammatory,PROD_19681,2017-06-15 00:00:00,2017-10-21 00:00:00,Discontinued,128
TRT_002557,PAT_04968,Asthma,Respiratory,PROD_49895,2019-06-03 00:00:00,2022-05-17 00:00:00,Discontinued,1079
TRT_002558,PAT_04969,Hypertension,Antihypertensive,PROD_79542,2021-04-15 00:00:00,2024-07-01 00:00:00,Active,1173
TRT_002559,PAT_04974,Hypertension,Antihypertensive,PROD_77062,2017-09-12 00:00:00,2019-03-08 00:00:00,Discontinued,542
TRT_002560,PAT_04974,Ischemic heart disease,Cardiovascular,PROD_73770,2024-01-26 00:00:00,2024-07-01 00:00:00,Active,157
TRT_002561,PAT_04977,Hypertension,Antihypertensive,PROD_79542,2018-03-23 00:00:00,2024-07-01 00:00:00,Active,2292
TRT_002562,PAT_04979,"Diabetes mellitus (types combined), excluding gestational diabetes",Antidiabetic,PROD_62536,2022-09-07 00:00:00,2024-07-01 00:00:00,Active,663
TRT_002563,PAT_04983,Hypertension,Antihypertensive,PROD_79542,2020-08-15 00:00:00,2024-07-01 00:00:00,Active,1416
TRT_002564,PAT_04983,Asthma,Respiratory,PROD_13550,2021-07-22 00:00:00,2022-11-29 00:00:00,Discontinued,495
TRT_002565,PAT_04984,Osteoarthritis,Analgesic / anti-inflammatory,PROD_5917,2022-02-01 00:00:00,2022-03-30 00:00:00,Discontinued,57
TRT_002566,PAT_04985,Asthma,Respiratory,PROD_13550,2017-10-08 00:00:00,2018-12-19 00:00:00,Discontinued,437
TRT_002567,PAT_04985,Ischemic heart disease,Cardiovascular,PROD_82362,2024-04-10 00:00:00,2024-07-01 00:00:00,Active,82
TRT_002568,PAT_04988,Osteoporosis,Bone health,PROD_73098,2015-12-15 00:00:00,2017-06-18 00:00:00,Discontinued,551
TRT_002569,PAT_04988,Acute myocardial infarction,Cardiovascular,PROD_82362,2019-09-25 00:00:00,2024-07-01 00:00:00,Active,1741
TRT_002570,PAT_04989,Asthma,Respiratory,PROD_49895,2019-09-19 00:00:00,2024-07-01 00:00:00,Active,1747
TRT_002571,PAT_04992,Hypertension,Antihypertensive,PROD_75765,2022-12-12 00:00:00,2024-07-01 00:00:00,Active,567
TRT_002572,PAT_04993,"Diabetes mellitus (types combined), excluding gestational diabetes",Antidiabetic,PROD_11727,2019-01-17 00:00:00,2024-07-01 00:00:00,Active,1992
TRT_002573,PAT_04993,Schizophrenia,Antipsychotic,PROD_73690,2022-10-06 00:00:00,2022-12-02 00:00:00,Discontinued,57
TRT_002574,PAT_04995,Hypertension,Antihypertensive,PROD_75765,2018-09-12 00:00:00,2021-10-20 00:00:00,Discontinued,1134
TRT_002575,PAT_04996,Asthma,Respiratory,PROD_49895,2015-01-13 00:00:00,2020-09-04 00:00:00,Discontinued,2061
TRT_002576,PAT_04999,Hypertension,Antihypertensive,PROD_75765,2023-06-11 00:00:00,2024-07-01 00:00:00,Active,386
TRT_002577,PAT_05000,Chronic obstructive pulmonary disease,Respiratory,PROD_49895,2017-09-27 00:00:00,2023-08-08 00:00:00,Discontinued,2141
TRT_002578,PAT_05000,"Diabetes mellitus (types combined), excluding gestational diabetes",Antidiabetic,PROD_11727,2017-10-23 00:00:00,2021-12-30 00:00:00,Discontinued,1529
TRT_002579,PAT_05003,Hypertension,Antihypertensive,PROD_75765,2015-12-21 00:00:00,2017-11-05 00:00:00,Discontinued,685
TRT_002580,PAT_05003,Asthma,Respiratory,PROD_49895,2020-01-22 00:00:00,2021-07-01 00:00:00,Discontinued,526
TRT_002581,PAT_05003,Chronic obstructive pulmonary disease,Respiratory,PROD_49895,2023-03-10 18:00:00,2024-07-01 00:00:00,Active,478
TRT_002582,PAT_05008,Hypertension,Antihypertensive,PROD_77062,2020-02-17 00:00:00,2024-07-01 00:00:00,Active,1596
TRT_002583,PAT_05009,Ischemic heart disease,Cardiovascular,PROD_78058,2014-09-14 00:00:00,2020-08-18 00:00:00,Discontinued,2165
TRT_002584,PAT_05009,Hypertension,Antihypertensive,PROD_77062,2016-02-19 00:00:00,2021-03-12 00:00:00,Discontinued,1848
TRT_002585,PAT_05010,"Dementia, including Alzheimer disease",Cognitive disorder therapy,PROD_80653,2021-03-23 06:00:00,2024-07-01 00:00:00,Active,1195
TRT_002586,PAT_05012,"Diabetes mellitus (types combined), excluding gestational diabetes",Antidiabetic,PROD_62536,2014-10-17 00:00:00,2021-07-15 00:00:00,Discontinued,2463
TRT_002587,PAT_05012,Osteoporosis,Bone health,PROD_78367,2023-02-09 00:00:00,2024-07-01 00:00:00,Active,508
TRT_002588,PAT_05013,Hypertension,Antihypertensive,PROD_77062,2017-08-21 00:00:00,2020-07-16 00:00:00,Discontinued,1060
TRT_002589,PAT_05013,Ischemic heart disease,Cardiovascular,PROD_78058,2022-01-14 00:00:00,2024-04-19 00:00:00,Discontinued,826
TRT_002590,PAT_05015,Ischemic heart disease,Cardiovascular,PROD_82362,2015-05-09 00:00:00,2024-07-01 00:00:00,Active,3341
TRT_002591,PAT_05015,Osteoarthritis,Analgesic / anti-inflammatory,PROD_5432,2019-07-31 00:00:00,2019-08-24 00:00:00,Discontinued,24
TRT_002592,PAT_05016,Osteoarthritis,Analgesic / anti-inflammatory,PROD_5917,2015-06-06 00:00:00,2016-05-05 00:00:00,Discontinued,334
TRT_002593,PAT_05016,Asthma,Respiratory,PROD_49895,2015-09-05 00:00:00,2015-11-25 00:00:00,Discontinued,81
TRT_002594,PAT_05017,Chronic obstructive pulmonary disease,Respiratory,PROD_13550,2020-02-15 00:00:00,2020-12-16 00:00:00,Discontinued,305
TRT_002595,PAT_05018,Schizophrenia,Antipsychotic,PROD_76239,2021-02-26 00:00:00,2024-07-01 00:00:00,Active,1221
TRT_002596,PAT_05020,Hypertension,Antihypertensive,PROD_79542,2017-02-02 00:00:00,2022-02-01 00:00:00,Discontinued,1825
TRT_002597,PAT_05021,Hypertension,Antihypertensive,PROD_75765,2022-09-27 00:00:00,2024-07-01 00:00:00,Active,643
TRT_002598,PAT_05021,Stroke,Antithrombotic / secondary prevention,PROD_19474,2023-09-18 00:00:00,2024-07-01 00:00:00,Active,287
TRT_002599,PAT_05023,Hypertension,Antihypertensive,PROD_77062,2017-04-01 00:00:00,2022-07-03 00:00:00,Discontinued,1919
TRT_002600,PAT_05024,Hypertension,Antihypertensive,PROD_79542,2019-01-22 00:00:00,2023-04-23 00:00:00,Discontinued,1552
TRT_002601,PAT_05028,Chronic obstructive pulmonary disease,Respiratory,PROD_49895,2022-01-11 00:00:00,2022-11-01 00:00:00,Discontinued,294
TRT_002602,PAT_05031,Hypertension,Antihypertensive,PROD_77062,2023-04-02 00:00:00,2024-07-01 00:00:00,Active,456
TRT_002603,PAT_05032,Chronic obstructive pulmonary disease,Respiratory,PROD_49895,2019-06-10 00:00:00,2020-04-11 00:00:00,Discontinued,306
TRT_002604,PAT_05038,"Diabetes mellitus (types combined), excluding gestational diabetes",Antidiabetic,PROD_62536,2017-09-11 06:00:00,2024-07-01 00:00:00,Active,2484
TRT_002605,PAT_05039,Chronic obstructive pulmonary disease,Respiratory,PROD_13550,2017-06-24 00:00:00,2018-08-29 00:00:00,Discontinued,431
TRT_002606,PAT_05039,Hypertension,Antihypertensive,PROD_77062,2019-04-30 00:00:00,2023-02-07 00:00:00,Discontinued,1379
TRT_002607,PAT_05039,Heart failure,Heart failure therapy,PROD_70034,2024-02-26 00:00:00,2024-07-01 00:00:00,Active,126
TRT_002608,PAT_05040,Hypertension,Antihypertensive,PROD_79542,2023-04-29 00:00:00,2024-07-01 00:00:00,Active,429
TRT_002609,PAT_05049,Hypertension,Antihypertensive,PROD_79542,2023-06-18 00:00:00,2024-07-01 00:00:00,Active,379
TRT_002610,PAT_05050,"Diabetes mellitus (types combined), excluding gestational diabetes",Antidiabetic,PROD_11727,2020-09-08 00:00:00,2024-07-01 00:00:00,Active,1392
TRT_002611,PAT_05051,"Diabetes mellitus (types combined), excluding gestational diabetes",Antidiabetic,PROD_62536,2017-09-02 00:00:00,2021-11-05 00:00:00,Discontinued,1525
TRT_002612,PAT_05052,Chronic obstructive pulmonary disease,Respiratory,PROD_13550,2014-10-31 00:00:00,2015-03-12 00:00:00,Discontinued,132
TRT_002613,PAT_05052,Hypertension,Antihypertensive,PROD_75765,2018-05-26 00:00:00,2021-02-06 00:00:00,Discontinued,987
TRT_002614,PAT_05054,"Diabetes mellitus (types combined), excluding gestational diabetes",Antidiabetic,PROD_74296,2015-03-16 00:00:00,2021-07-17 00:00:00,Discontinued,2315
TRT_002615,PAT_05054,Asthma,Respiratory,PROD_49895,2020-09-07 00:00:00,2021-04-26 00:00:00,Discontinued,231
TRT_002616,PAT_05057,Hypertension,Antihypertensive,PROD_75765,2020-01-21 00:00:00,2024-07-01 00:00:00,Active,1623
TRT_002617,PAT_05058,Asthma,Respiratory,PROD_69769,2015-04-21 00:00:00,2023-10-04 00:00:00,Discontinued,3088
TRT_002618,PAT_05061,Ischemic heart disease,Cardiovascular,PROD_82362,2018-12-01 00:00:00,2024-07-01 00:00:00,Active,2039
TRT_002619,PAT_05064,Hypertension,Antihypertensive,PROD_77062,2017-02-17 00:00:00,2018-10-24 00:00:00,Discontinued,614
TRT_002620,PAT_05065,Chronic obstructive pulmonary disease,Respiratory,PROD_69769,2016-03-22 00:00:00,2016-11-12 00:00:00,Discontinued,235
TRT_002621,PAT_05068,Asthma,Respiratory,PROD_69769,2018-11-14 00:00:00,2019-12-31 00:00:00,Discontinued,412
TRT_002622,PAT_05070,Asthma,Respiratory,PROD_49895,2019-08-16 00:00:00,2020-09-04 00:00:00,Discontinued,385
TRT_002623,PAT_05072,Ischemic heart disease,Cardiovascular,PROD_82362,2019-04-25 00:00:00,2024-07-01 00:00:00,Active,1894
TRT_002624,PAT_05072,Hypertension,Antihypertensive,PROD_75765,2021-06-13 00:00:00,2024-07-01 00:00:00,Active,1114
TRT_002625,PAT_05073,"Diabetes mellitus (types combined), excluding gestational diabetes",Antidiabetic,PROD_62536,2015-06-01 00:00:00,2024-07-01 00:00:00,Active,3318
TRT_002626,PAT_05074,Asthma,Respiratory,PROD_49895,2014-12-17 00:00:00,2016-06-15 00:00:00,Discontinued,546
TRT_002627,PAT_05075,Asthma,Respiratory,PROD_69769,2024-01-21 00:00:00,2024-07-01 00:00:00,Active,162
TRT_002628,PAT_05081,Osteoarthritis,Analgesic / anti-inflammatory,PROD_5432,2019-02-24 00:00:00,2019-10-09 00:00:00,Discontinued,227
TRT_002629,PAT_05083,Hypertension,Antihypertensive,PROD_77062,2014-12-11 00:00:00,2024-07-01 00:00:00,Active,3490
TRT_002630,PAT_05083,Chronic obstructive pulmonary disease,Respiratory,PROD_13550,2016-09-21 00:00:00,2018-08-13 00:00:00,Discontinued,691
TRT_002631,PAT_05084,Rheumatoid arthritis,Immunomodulatory / anti-inflammatory,PROD_44161,2021-10-05 00:00:00,2023-04-29 00:00:00,Discontinued,571
TRT_002632,PAT_05084,Hypertension,Antihypertensive,PROD_75765,2022-01-10 00:00:00,2024-07-01 00:00:00,Active,903
TRT_002633,PAT_05084,Osteoporosis,Bone health,PROD_73098,2023-04-19 00:00:00,2024-07-01 00:00:00,Active,439
TRT_002634,PAT_05091,Ischemic heart disease,Cardiovascular,PROD_78058,2017-05-25 00:00:00,2018-06-20 00:00:00,Discontinued,391
TRT_002635,PAT_05093,"Diabetes mellitus (types combined), excluding gestational diabetes",Antidiabetic,PROD_74296,2021-05-03 00:00:00,2024-07-01 00:00:00,Active,1155
TRT_002636,PAT_05097,Ischemic heart disease,Cardiovascular,PROD_78058,2016-11-04 00:00:00,2024-07-01 00:00:00,Active,2796
TRT_002637,PAT_05099,"Diabetes mellitus (types combined), excluding gestational diabetes",Antidiabetic,PROD_11727,2022-02-19 00:00:00,2024-07-01 00:00:00,Active,863
TRT_002638,PAT_05101,Ischemic heart disease,Cardiovascular,PROD_78058,2020-04-17 00:00:00,2023-03-08 00:00:00,Discontinued,1055
TRT_002639,PAT_05101,Asthma,Respiratory,PROD_13550,2022-05-30 00:00:00,2024-04-16 00:00:00,Discontinued,687
TRT_002640,PAT_05105,Osteoporosis,Bone health,PROD_73098,2020-06-07 00:00:00,2023-11-30 00:00:00,Discontinued,1271
TRT_002641,PAT_05108,Stroke,Antithrombotic / secondary prevention,PROD_19474,2018-08-21 00:00:00,2020-04-09 00:00:00,Discontinued,597
TRT_002642,PAT_05108,Hypertension,Antihypertensive,PROD_75765,2020-11-12 00:00:00,2024-07-01 00:00:00,Active,1327
TRT_002643,PAT_05108,Osteoarthritis,Analgesic / anti-inflammatory,PROD_5917,2023-10-27 00:00:00,2024-01-28 00:00:00,Discontinued,93
TRT_002644,PAT_05111,Hypertension,Antihypertensive,PROD_75765,2022-06-23 00:00:00,2024-07-01 00:00:00,Active,739
TRT_002645,PAT_05116,"Diabetes mellitus (types combined), excluding gestational diabetes",Antidiabetic,PROD_62536,2022-06-25 06:00:00,2024-07-01 00:00:00,Active,736
TRT_002646,PAT_05118,Stroke,Antithrombotic / secondary prevention,PROD_66470,2020-05-03 00:00:00,2024-07-01 00:00:00,Active,1520
TRT_002647,PAT_05124,Stroke,Antithrombotic / secondary prevention,PROD_61080,2019-12-10 00:00:00,2020-08-23 00:00:00,Discontinued,257
TRT_002648,PAT_05125,Heart failure,Heart failure therapy,PROD_70034,2015-06-17 00:00:00,2019-11-07 00:00:00,Discontinued,1604
TRT_002649,PAT_05125,Ischemic heart disease,Cardiovascular,PROD_78058,2018-02-18 00:00:00,2021-10-09 00:00:00,Discontinued,1329
TRT_002650,PAT_05127,Hypertension,Antihypertensive,PROD_79542,2016-12-28 00:00:00,2020-04-05 00:00:00,Discontinued,1194
TRT_002651,PAT_05127,Chronic obstructive pulmonary disease,Respiratory,PROD_49895,2019-02-15 00:00:00,2019-06-04 00:00:00,Discontinued,109
TRT_002652,PAT_05130,Hypertension,Antihypertensive,PROD_75765,2019-04-19 00:00:00,2024-05-20 00:00:00,Discontinued,1858
TRT_002653,PAT_05131,"Diabetes mellitus (types combined), excluding gestational diabetes",Antidiabetic,PROD_74296,2022-06-21 00:00:00,2024-07-01 00:00:00,Active,741
TRT_002654,PAT_05132,Asthma,Respiratory,PROD_69769,2022-05-06 06:00:00,2023-08-18 06:00:00,Discontinued,469
TRT_002655,PAT_05139,Hypertension,Antihypertensive,PROD_79542,2022-01-12 00:00:00,2024-07-01 00:00:00,Active,901
TRT_002656,PAT_05140,Osteoarthritis,Analgesic / anti-inflammatory,PROD_4980,2021-07-15 00:00:00,2021-11-18 00:00:00,Discontinued,126
TRT_002657,PAT_05147,Hypertension,Antihypertensive,PROD_79542,2015-11-18 00:00:00,2024-07-01 00:00:00,Active,3148
TRT_002658,PAT_05147,Osteoporosis,Bone health,PROD_73098,2020-05-18 00:00:00,2022-09-16 00:00:00,Discontinued,851
TRT_002659,PAT_05147,Chronic obstructive pulmonary disease,Respiratory,PROD_69769,2023-11-26 00:00:00,2024-05-14 00:00:00,Discontinued,170
TRT_002660,PAT_05148,Chronic obstructive pulmonary disease,Respiratory,PROD_69769,2015-05-29 00:00:00,2016-10-11 00:00:00,Discontinued,501
TRT_002661,PAT_05152,Osteoporosis,Bone health,PROD_73098,2020-11-27 00:00:00,2024-07-01 00:00:00,Active,1312
TRT_002662,PAT_05160,Hypertension,Antihypertensive,PROD_77062,2018-02-27 00:00:00,2020-04-01 00:00:00,Discontinued,764
TRT_002663,PAT_05160,Osteoarthritis,Analgesic / anti-inflammatory,PROD_4980,2023-12-22 00:00:00,2024-05-21 00:00:00,Discontinued,151
TRT_002664,PAT_05161,Schizophrenia,Antipsychotic,PROD_73690,2018-01-14 00:00:00,2022-10-24 00:00:00,Discontinued,1744
TRT_002665,PAT_05162,Hypertension,Antihypertensive,PROD_77062,2016-05-28 00:00:00,2017-04-03 00:00:00,Discontinued,310
TRT_002666,PAT_05162,Acute myocardial infarction,Cardiovascular,PROD_78058,2018-09-15 00:00:00,2024-07-01 00:00:00,Active,2116
TRT_002667,PAT_05164,Hypertension,Antihypertensive,PROD_77062,2017-04-12 00:00:00,2024-07-01 00:00:00,Active,2637
TRT_002668,PAT_05167,Asthma,Respiratory,PROD_69769,2015-10-04 00:00:00,2016-11-26 00:00:00,Discontinued,419
TRT_002669,PAT_05169,Hypertension,Antihypertensive,PROD_75765,2022-09-15 00:00:00,2024-07-01 00:00:00,Active,655
TRT_002670,PAT_05170,Asthma,Respiratory,PROD_13550,2023-07-19 00:00:00,2024-02-19 00:00:00,Discontinued,215
TRT_002671,PAT_05170,Stroke,Antithrombotic / secondary prevention,PROD_66470,2023-12-20 00:00:00,2024-07-01 00:00:00,Active,194
TRT_002672,PAT_05171,Hypertension,Antihypertensive,PROD_75765,2016-10-04 00:00:00,2020-09-28 00:00:00,Discontinued,1455
TRT_002673,PAT_05173,Hypertension,Antihypertensive,PROD_75765,2020-09-29 00:00:00,2024-03-15 00:00:00,Discontinued,1263
TRT_002674,PAT_05176,Chronic obstructive pulmonary disease,Respiratory,PROD_49895,2016-10-06 00:00:00,2017-10-29 00:00:00,Discontinued,388
TRT_002675,PAT_05176,Hypertension,Antihypertensive,PROD_75765,2024-02-09 00:00:00,2024-07-01 00:00:00,Active,143
TRT_002676,PAT_05179,Asthma,Respiratory,PROD_13550,2018-01-05 06:00:00,2018-06-17 06:00:00,Discontinued,163
TRT_002677,PAT_05183,Hypertension,Antihypertensive,PROD_75765,2020-03-15 00:00:00,2021-07-20 00:00:00,Discontinued,492
TRT_002678,PAT_05185,Stroke,Antithrombotic / secondary prevention,PROD_61080,2022-05-04 00:00:00,2024-07-01 00:00:00,Active,789
TRT_002679,PAT_05186,Hypertension,Antihypertensive,PROD_79542,2018-05-14 00:00:00,2022-09-10 00:00:00,Discontinued,1580
TRT_002680,PAT_05186,Acute myocardial infarction,Cardiovascular,PROD_82362,2020-06-07 00:00:00,2024-03-02 00:00:00,Discontinued,1364
TRT_002681,PAT_05188,Osteoarthritis,Analgesic / anti-inflammatory,PROD_5917,2016-05-16 00:00:00,2016-08-06 00:00:00,Discontinued,82
TRT_002682,PAT_05194,Chronic obstructive pulmonary disease,Respiratory,PROD_69769,2018-09-20 00:00:00,2020-07-27 00:00:00,Discontinued,676
TRT_002683,PAT_05194,Osteoarthritis,Analgesic / anti-inflammatory,PROD_5432,2022-11-29 00:00:00,2023-01-27 00:00:00,Discontinued,59
TRT_002684,PAT_05196,Chronic obstructive pulmonary disease,Respiratory,PROD_49895,2020-04-17 00:00:00,2022-10-13 00:00:00,Discontinued,909
TRT_002685,PAT_05196,Osteoporosis,Bone health,PROD_78367,2023-09-15 00:00:00,2024-07-01 00:00:00,Active,290
TRT_002686,PAT_05201,Asthma,Respiratory,PROD_13550,2021-11-20 00:00:00,2022-12-30 00:00:00,Discontinued,405
TRT_002687,PAT_05204,Hypertension,Antihypertensive,PROD_79542,2021-09-13 00:00:00,2022-08-26 00:00:00,Discontinued,347
TRT_002688,PAT_05207,Hypertension,Antihypertensive,PROD_79542,2021-01-14 00:00:00,2024-07-01 00:00:00,Active,1264
TRT_002689,PAT_05208,Hypertension,Antihypertensive,PROD_77062,2019-10-30 00:00:00,2024-03-16 00:00:00,Discontinued,1599
TRT_002690,PAT_05209,Asthma,Respiratory,PROD_49895,2019-10-21 00:00:00,2022-09-26 00:00:00,Discontinued,1071
TRT_002691,PAT_05210,Asthma,Respiratory,PROD_69769,2023-02-19 00:00:00,2024-07-01 00:00:00,Active,498
TRT_002692,PAT_05214,Hypertension,Antihypertensive,PROD_79542,2023-04-10 00:00:00,2024-07-01 00:00:00,Active,448
TRT_002693,PAT_05222,Hypertension,Antihypertensive,PROD_75765,2019-06-09 00:00:00,2024-05-27 00:00:00,Discontinued,1814
TRT_002694,PAT_05222,Ischemic heart disease,Cardiovascular,PROD_82362,2021-07-20 00:00:00,2024-07-01 00:00:00,Active,1077
TRT_002695,PAT_05224,"Diabetes mellitus (types combined), excluding gestational diabetes",Antidiabetic,PROD_62536,2021-05-04 06:00:00,2023-10-08 06:00:00,Discontinued,887
TRT_002696,PAT_05227,Rheumatoid arthritis,Immunomodulatory / anti-inflammatory,PROD_19681,2018-01-25 00:00:00,2018-09-08 00:00:00,Discontinued,226
TRT_002697,PAT_05227,"Diabetes mellitus (types combined), excluding gestational diabetes",Antidiabetic,PROD_11727,2020-02-25 00:00:00,2024-07-01 00:00:00,Active,1588
TRT_002698,PAT_05227,Osteoporosis,Bone health,PROD_78367,2023-04-26 00:00:00,2024-07-01 00:00:00,Active,432
TRT_002699,PAT_05228,Rheumatoid arthritis,Immunomodulatory / anti-inflammatory,PROD_44161,2018-10-02 00:00:00,2024-07-01 00:00:00,Active,2099
TRT_002700,PAT_05231,"Diabetes mellitus (types combined), excluding gestational diabetes",Antidiabetic,PROD_11727,2023-11-30 00:00:00,2024-07-01 00:00:00,Active,214
TRT_002701,PAT_05234,Epilepsy,Antiepileptic,PROD_9242,2022-11-28 06:00:00,2024-07-01 00:00:00,Active,580
TRT_002702,PAT_05236,Hypertension,Antihypertensive,PROD_77062,2019-03-15 00:00:00,2023-04-12 00:00:00,Discontinued,1489
TRT_002703,PAT_05239,Osteoporosis,Bone health,PROD_73098,2024-04-01 00:00:00,2024-07-01 00:00:00,Active,91
TRT_002704,PAT_05244,Osteoporosis,Bone health,PROD_73098,2023-07-31 00:00:00,2024-07-01 00:00:00,Active,336
TRT_002705,PAT_05244,Chronic obstructive pulmonary disease,Respiratory,PROD_49895,2024-02-05 00:00:00,2024-07-01 00:00:00,Active,147
TRT_002706,PAT_05247,Ischemic heart disease,Cardiovascular,PROD_82362,2016-02-20 00:00:00,2021-05-25 00:00:00,Discontinued,1921
TRT_002707,PAT_05249,"Diabetes mellitus (types combined), excluding gestational diabetes",Antidiabetic,PROD_62536,2022-06-01 00:00:00,2024-03-05 00:00:00,Discontinued,643
TRT_002708,PAT_05251,Hypertension,Antihypertensive,PROD_75765,2022-12-15 00:00:00,2023-12-14 00:00:00,Discontinued,364
TRT_002709,PAT_05251,Osteoporosis,Bone health,PROD_78367,2024-02-06 00:00:00,2024-07-01 00:00:00,Active,146
TRT_002710,PAT_05254,Hypertension,Antihypertensive,PROD_79542,2015-12-11 00:00:00,2023-07-21 00:00:00,Discontinued,2779
TRT_002711,PAT_05255,"Diabetes mellitus (types combined), excluding gestational diabetes",Antidiabetic,PROD_11727,2018-06-15 00:00:00,2022-04-06 00:00:00,Discontinued,1391
TRT_002712,PAT_05257,Asthma,Respiratory,PROD_69769,2020-04-01 00:00:00,2024-07-01 00:00:00,Active,1552
TRT_002713,PAT_05257,Chronic obstructive pulmonary disease,Respiratory,PROD_13550,2023-05-06 18:00:00,2024-07-01 00:00:00,Active,421
TRT_002714,PAT_05258,Hypertension,Antihypertensive,PROD_77062,2016-07-19 00:00:00,2024-07-01 00:00:00,Active,2904
TRT_002715,PAT_05261,Chronic obstructive pulmonary disease,Respiratory,PROD_49895,2021-10-13 00:00:00,2024-07-01 00:00:00,Active,992
TRT_002716,PAT_05264,Ischemic heart disease,Cardiovascular,PROD_82362,2020-11-27 00:00:00,2024-07-01 00:00:00,Active,1312
TRT_002717,PAT_05265,Hypertension,Antihypertensive,PROD_79542,2021-08-08 00:00:00,2023-08-18 00:00:00,Discontinued,740
TRT_002718,PAT_05267,Osteoarthritis,Analgesic / anti-inflammatory,PROD_5917,2014-11-12 00:00:00,2015-02-11 00:00:00,Discontinued,91
TRT_002719,PAT_05267,Stroke,Antithrombotic / secondary prevention,PROD_66470,2020-09-12 00:00:00,2024-07-01 00:00:00,Active,1388
TRT_002720,PAT_05272,Acute myocardial infarction,Cardiovascular,PROD_82362,2019-07-14 00:00:00,2024-07-01 00:00:00,Active,1814
TRT_002721,PAT_05273,Asthma,Respiratory,PROD_13550,2019-09-18 06:00:00,2022-04-29 06:00:00,Discontinued,954
TRT_002722,PAT_05274,Hypertension,Antihypertensive,PROD_77062,2021-08-01 00:00:00,2023-05-07 00:00:00,Discontinued,644
TRT_002723,PAT_05278,Stroke,Antithrombotic / secondary prevention,PROD_66470,2018-09-26 00:00:00,2024-07-01 00:00:00,Active,2105
TRT_002724,PAT_05278,Hypertension,Antihypertensive,PROD_75765,2022-05-11 00:00:00,2024-07-01 00:00:00,Active,782
TRT_002725,PAT_05283,"Diabetes mellitus (types combined), excluding gestational diabetes",Antidiabetic,PROD_62536,2021-01-22 00:00:00,2022-03-07 00:00:00,Discontinued,409
TRT_002726,PAT_05284,"Diabetes mellitus (types combined), excluding gestational diabetes",Antidiabetic,PROD_62536,2021-08-24 00:00:00,2024-07-01 00:00:00,Active,1042
TRT_002727,PAT_05285,Asthma,Respiratory,PROD_69769,2021-06-06 00:00:00,2021-07-23 00:00:00,Discontinued,47
TRT_002728,PAT_05286,Hypertension,Antihypertensive,PROD_75765,2023-01-12 00:00:00,2024-07-01 00:00:00,Active,536
TRT_002729,PAT_05288,Asthma,Respiratory,PROD_13550,2021-04-02 00:00:00,2024-07-01 00:00:00,Active,1186
TRT_002730,PAT_05290,Chronic obstructive pulmonary disease,Respiratory,PROD_13550,2019-04-19 00:00:00,2020-04-28 00:00:00,Discontinued,375
TRT_002731,PAT_05291,Hypertension,Antihypertensive,PROD_77062,2015-06-25 00:00:00,2017-03-11 00:00:00,Discontinued,625
TRT_002732,PAT_05295,Ischemic heart disease,Cardiovascular,PROD_78058,2022-07-31 00:00:00,2024-07-01 00:00:00,Active,701
TRT_002733,PAT_05297,Hypertension,Antihypertensive,PROD_77062,2024-03-17 00:00:00,2024-07-01 00:00:00,Active,106
TRT_002734,PAT_05298,Hypertension,Antihypertensive,PROD_75765,2014-12-15 00:00:00,2024-07-01 00:00:00,Active,3486
TRT_002735,PAT_05300,Asthma,Respiratory,PROD_13550,2015-08-06 00:00:00,2016-03-18 00:00:00,Discontinued,225
TRT_002736,PAT_05301,Hypertension,Antihypertensive,PROD_77062,2021-08-10 00:00:00,2024-07-01 00:00:00,Active,1056
TRT_002737,PAT_05305,Asthma,Respiratory,PROD_13550,2021-05-22 00:00:00,2021-11-12 00:00:00,Discontinued,174
TRT_002738,PAT_05306,Hypertension,Antihypertensive,PROD_79542,2017-03-22 00:00:00,2024-07-01 00:00:00,Active,2658
TRT_002739,PAT_05310,Ischemic heart disease,Cardiovascular,PROD_73770,2022-03-25 00:00:00,2024-07-01 00:00:00,Active,829
TRT_002740,PAT_05313,Hypertension,Antihypertensive,PROD_79542,2015-08-15 00:00:00,2020-02-06 00:00:00,Discontinued,1636
TRT_002741,PAT_05315,"Diabetes mellitus (types combined), excluding gestational diabetes",Antidiabetic,PROD_62536,2016-05-13 00:00:00,2020-05-17 00:00:00,Discontinued,1465
TRT_002742,PAT_05317,Asthma,Respiratory,PROD_69769,2021-12-23 00:00:00,2022-11-03 00:00:00,Discontinued,315
TRT_002743,PAT_05324,Asthma,Respiratory,PROD_69769,2019-01-01 00:00:00,2019-09-14 00:00:00,Discontinued,256
TRT_002744,PAT_05326,Osteoarthritis,Analgesic / anti-inflammatory,PROD_5432,2016-02-14 00:00:00,2016-04-02 00:00:00,Discontinued,48
TRT_002745,PAT_05326,Asthma,Respiratory,PROD_69769,2016-11-30 00:00:00,2024-07-01 00:00:00,Active,2770
TRT_002746,PAT_05326,Hypertension,Antihypertensive,PROD_75765,2021-05-24 00:00:00,2024-07-01 00:00:00,Active,1134
TRT_002747,PAT_05330,"Diabetes mellitus (types combined), excluding gestational diabetes",Antidiabetic,PROD_11727,2019-03-13 00:00:00,2020-03-17 00:00:00,Discontinued,370
TRT_002748,PAT_05332,Hypertension,Antihypertensive,PROD_77062,2015-08-20 00:00:00,2017-09-19 00:00:00,Discontinued,761
TRT_002749,PAT_05339,Hypertension,Antihypertensive,PROD_79542,2023-10-09 00:00:00,2024-07-01 00:00:00,Active,266
TRT_002750,PAT_05341,"Diabetes mellitus (types combined), excluding gestational diabetes",Antidiabetic,PROD_74296,2018-05-14 00:00:00,2022-07-02 00:00:00,Discontinued,1510
TRT_002751,PAT_05344,Rheumatoid arthritis,Immunomodulatory / anti-inflammatory,PROD_44161,2018-12-12 00:00:00,2020-09-10 00:00:00,Discontinued,638
TRT_002752,PAT_05346,Osteoarthritis,Analgesic / anti-inflammatory,PROD_4980,2023-10-11 00:00:00,2024-05-27 00:00:00,Discontinued,229
TRT_002753,PAT_05348,Acute myocardial infarction,Cardiovascular,PROD_82362,2020-09-18 00:00:00,2023-07-04 00:00:00,Discontinued,1019
TRT_002754,PAT_05350,Ischemic heart disease,Cardiovascular,PROD_78058,2021-05-28 00:00:00,2024-07-01 00:00:00,Active,1130
TRT_002755,PAT_05351,Ischemic heart disease,Cardiovascular,PROD_73770,2024-05-05 00:00:00,2024-07-01 00:00:00,Active,57
TRT_002756,PAT_05351,Hypertension,Antihypertensive,PROD_75765,2024-06-28 00:00:00,2024-07-01 00:00:00,Active,3
TRT_002757,PAT_05353,Hypertension,Antihypertensive,PROD_79542,2020-01-31 00:00:00,2023-10-23 00:00:00,Discontinued,1361
TRT_002758,PAT_05358,Hypertension,Antihypertensive,PROD_79542,2018-02-27 00:00:00,2022-04-30 00:00:00,Discontinued,1523
TRT_002759,PAT_05358,"Diabetes mellitus (types combined), excluding gestational diabetes",Antidiabetic,PROD_74296,2022-10-14 00:00:00,2024-07-01 00:00:00,Active,626
TRT_002760,PAT_05358,Chronic obstructive pulmonary disease,Respiratory,PROD_13550,2023-09-10 00:00:00,2024-07-01 00:00:00,Active,295
TRT_002761,PAT_05360,Hypertension,Antihypertensive,PROD_79542,2014-11-17 00:00:00,2019-04-17 00:00:00,Discontinued,1612
TRT_002762,PAT_05364,Asthma,Respiratory,PROD_13550,2015-03-10 00:00:00,2016-02-15 00:00:00,Discontinued,342
TRT_002763,PAT_05364,Chronic obstructive pulmonary disease,Respiratory,PROD_69769,2020-03-11 00:00:00,2024-07-01 00:00:00,Active,1573
TRT_002764,PAT_05365,Osteoarthritis,Analgesic / anti-inflammatory,PROD_5917,2020-07-06 00:00:00,2020-11-27 00:00:00,Discontinued,144
TRT_002765,PAT_05366,Hypertension,Antihypertensive,PROD_77062,2017-07-12 00:00:00,2021-04-03 00:00:00,Discontinued,1361
TRT_002766,PAT_05367,Chronic obstructive pulmonary disease,Respiratory,PROD_13550,2024-06-11 00:00:00,2024-07-01 00:00:00,Active,20
TRT_002767,PAT_05369,Hypertension,Antihypertensive,PROD_79542,2015-03-28 00:00:00,2024-07-01 00:00:00,Active,3383
TRT_002768,PAT_05369,Heart failure,Heart failure therapy,PROD_2333,2024-03-08 00:00:00,2024-07-01 00:00:00,Active,115
TRT_002769,PAT_05370,Hypertension,Antihypertensive,PROD_77062,2022-05-02 00:00:00,2024-07-01 00:00:00,Active,791
TRT_002770,PAT_05371,Osteoarthritis,Analgesic / anti-inflammatory,PROD_4980,2016-11-21 00:00:00,2017-02-28 00:00:00,Discontinued,99
TRT_002771,PAT_05373,Osteoporosis,Bone health,PROD_73098,2016-07-02 00:00:00,2020-03-04 00:00:00,Discontinued,1341
TRT_002772,PAT_05374,Asthma,Respiratory,PROD_69769,2016-09-28 00:00:00,2018-02-28 00:00:00,Discontinued,518
TRT_002773,PAT_05374,"Diabetes mellitus (types combined), excluding gestational diabetes",Antidiabetic,PROD_74296,2016-10-25 00:00:00,2024-07-01 00:00:00,Active,2806
TRT_002774,PAT_05376,Hypertension,Antihypertensive,PROD_77062,2018-11-27 00:00:00,2024-07-01 00:00:00,Active,2043
TRT_002775,PAT_05377,Acute myocardial infarction,Cardiovascular,PROD_73770,2021-12-20 00:00:00,2024-07-01 00:00:00,Active,924
TRT_002776,PAT_05382,Osteoarthritis,Analgesic / anti-inflammatory,PROD_5917,2016-04-03 00:00:00,2016-12-29 00:00:00,Discontinued,270
TRT_002777,PAT_05383,Ischemic heart disease,Cardiovascular,PROD_78058,2018-10-19 00:00:00,2023-10-30 00:00:00,Discontinued,1837
TRT_002778,PAT_05384,Chronic obstructive pulmonary disease,Respiratory,PROD_13550,2018-11-11 00:00:00,2021-11-08 00:00:00,Discontinued,1093
TRT_002779,PAT_05386,"Diabetes mellitus (types combined), excluding gestational diabetes",Antidiabetic,PROD_74296,2018-12-04 06:00:00,2024-07-01 00:00:00,Active,2035
TRT_002780,PAT_05389,Osteoarthritis,Analgesic / anti-inflammatory,PROD_5917,2020-12-07 00:00:00,2021-06-28 00:00:00,Discontinued,203
TRT_002781,PAT_05389,Ischemic heart disease,Cardiovascular,PROD_73770,2022-02-04 00:00:00,2024-07-01 00:00:00,Active,878
TRT_002782,PAT_05389,Acute myocardial infarction,Cardiovascular,PROD_73770,2022-05-11 00:00:00,2024-07-01 00:00:00,Active,782
TRT_002783,PAT_05391,Hypertension,Antihypertensive,PROD_75765,2021-06-01 00:00:00,2024-07-01 00:00:00,Active,1126
TRT_002784,PAT_05398,Hypertension,Antihypertensive,PROD_77062,2017-07-22 00:00:00,2020-11-21 00:00:00,Discontinued,1218
TRT_002785,PAT_05398,Stroke,Antithrombotic / secondary prevention,PROD_19474,2020-06-05 00:00:00,2021-09-17 00:00:00,Discontinued,469
TRT_002786,PAT_05399,Osteoporosis,Bone health,PROD_78367,2022-06-05 00:00:00,2024-07-01 00:00:00,Active,757
TRT_002787,PAT_05400,Ischemic heart disease,Cardiovascular,PROD_82362,2018-12-30 00:00:00,2022-10-15 00:00:00,Discontinued,1385
TRT_002788,PAT_05404,Hypertension,Antihypertensive,PROD_75765,2015-12-21 00:00:00,2017-02-04 00:00:00,Discontinued,411
TRT_002789,PAT_05405,Asthma,Respiratory,PROD_69769,2017-02-27 06:00:00,2023-02-03 06:00:00,Discontinued,2167
TRT_002790,PAT_05406,Osteoporosis,Bone health,PROD_73098,2017-06-18 00:00:00,2019-01-31 00:00:00,Discontinued,592
TRT_002791,PAT_05406,Stroke,Antithrombotic / secondary prevention,PROD_19474,2020-03-06 00:00:00,2021-12-15 00:00:00,Discontinued,649
TRT_002792,PAT_05407,Ischemic heart disease,Cardiovascular,PROD_82362,2022-03-25 00:00:00,2023-12-13 00:00:00,Discontinued,628
TRT_002793,PAT_05409,Chronic obstructive pulmonary disease,Respiratory,PROD_49895,2014-12-31 00:00:00,2017-10-15 00:00:00,Discontinued,1019
TRT_002794,PAT_05409,Asthma,Respiratory,PROD_69769,2019-12-02 00:00:00,2020-08-08 00:00:00,Discontinued,250
TRT_002795,PAT_05411,Chronic obstructive pulmonary disease,Respiratory,PROD_49895,2015-02-21 00:00:00,2015-08-16 00:00:00,Discontinued,176
TRT_002796,PAT_05414,Acute myocardial infarction,Cardiovascular,PROD_78058,2017-09-19 00:00:00,2023-07-01 00:00:00,Discontinued,2111
TRT_002797,PAT_05416,Hypertension,Antihypertensive,PROD_79542,2021-09-12 00:00:00,2024-07-01 00:00:00,Active,1023
TRT_002798,PAT_05422,Hypertension,Antihypertensive,PROD_79542,2020-02-27 00:00:00,2023-05-28 00:00:00,Discontinued,1186
TRT_002799,PAT_05428,Hypertension,Antihypertensive,PROD_79542,2016-10-21 00:00:00,2022-06-28 00:00:00,Discontinued,2076
TRT_002800,PAT_05432,Ischemic heart disease,Cardiovascular,PROD_78058,2023-03-07 00:00:00,2024-07-01 00:00:00,Active,482
TRT_002801,PAT_05435,Hypertension,Antihypertensive,PROD_79542,2014-09-28 00:00:00,2017-06-12 00:00:00,Discontinued,988
TRT_002802,PAT_05436,Hypertension,Antihypertensive,PROD_75765,2019-01-29 00:00:00,2021-06-15 00:00:00,Discontinued,868
TRT_002803,PAT_05440,"Diabetes mellitus (types combined), excluding gestational diabetes",Antidiabetic,PROD_62536,2021-03-19 00:00:00,2024-07-01 00:00:00,Active,1200
TRT_002804,PAT_05441,Osteoarthritis,Analgesic / anti-inflammatory,PROD_4980,2020-06-17 00:00:00,2020-11-03 00:00:00,Discontinued,139
TRT_002805,PAT_05445,Osteoarthritis,Analgesic / anti-inflammatory,PROD_4980,2020-12-27 00:00:00,2021-10-13 00:00:00,Discontinued,290
TRT_002806,PAT_05446,Osteoporosis,Bone health,PROD_73098,2017-07-19 00:00:00,2019-02-15 00:00:00,Discontinued,576
TRT_002807,PAT_05446,Osteoarthritis,Analgesic / anti-inflammatory,PROD_5432,2022-10-20 00:00:00,2022-12-29 00:00:00,Discontinued,70
TRT_002808,PAT_05450,Hypertension,Antihypertensive,PROD_79542,2017-01-08 00:00:00,2024-07-01 00:00:00,Active,2731
TRT_002809,PAT_05451,Osteoporosis,Bone health,PROD_73098,2019-11-08 00:00:00,2024-07-01 00:00:00,Active,1697
TRT_002810,PAT_05451,Hypertension,Antihypertensive,PROD_79542,2021-01-28 00:00:00,2023-06-14 00:00:00,Discontinued,867
TRT_002811,PAT_05453,Ischemic heart disease,Cardiovascular,PROD_78058,2020-05-04 00:00:00,2023-03-19 00:00:00,Discontinued,1049
TRT_002812,PAT_05453,Chronic obstructive pulmonary disease,Respiratory,PROD_49895,2021-10-18 00:00:00,2023-12-29 00:00:00,Discontinued,802
TRT_002813,PAT_05454,Hypertension,Antihypertensive,PROD_75765,2021-01-23 00:00:00,2024-04-20 00:00:00,Discontinued,1183
TRT_002814,PAT_05456,Ischemic heart disease,Cardiovascular,PROD_82362,2016-08-26 00:00:00,2019-06-25 00:00:00,Discontinued,1033
TRT_002815,PAT_05456,Hypertension,Antihypertensive,PROD_75765,2022-02-15 00:00:00,2024-07-01 00:00:00,Active,867
TRT_002816,PAT_05457,Heart failure,Heart failure therapy,PROD_2333,2018-08-17 00:00:00,2024-07-01 00:00:00,Active,2145
TRT_002817,PAT_05458,"Diabetes mellitus (types combined), excluding gestational diabetes",Antidiabetic,PROD_74296,2020-06-28 00:00:00,2022-05-12 00:00:00,Discontinued,683
TRT_002818,PAT_05463,Osteoporosis,Bone health,PROD_78367,2019-11-18 00:00:00,2024-07-01 00:00:00,Active,1687
TRT_002819,PAT_05463,"Diabetes mellitus (types combined), excluding gestational diabetes",Antidiabetic,PROD_11727,2021-11-13 00:00:00,2024-07-01 00:00:00,Active,961
TRT_002820,PAT_05467,Osteoporosis,Bone health,PROD_73098,2023-02-20 00:00:00,2024-07-01 00:00:00,Active,497
TRT_002821,PAT_05472,Osteoporosis,Bone health,PROD_78367,2019-08-20 00:00:00,2024-07-01 00:00:00,Active,1777
TRT_002822,PAT_05478,Chronic obstructive pulmonary disease,Respiratory,PROD_13550,2017-04-29 00:00:00,2019-05-28 00:00:00,Discontinued,759
TRT_002823,PAT_05480,Hypertension,Antihypertensive,PROD_79542,2022-05-09 00:00:00,2024-07-01 00:00:00,Active,784
TRT_002824,PAT_05489,Heart failure,Heart failure therapy,PROD_70034,2017-05-11 00:00:00,2024-07-01 00:00:00,Active,2608
TRT_002825,PAT_05491,Asthma,Respiratory,PROD_13550,2019-08-19 00:00:00,2020-11-22 00:00:00,Discontinued,461
TRT_002826,PAT_05493,Ischemic heart disease,Cardiovascular,PROD_78058,2018-05-27 00:00:00,2024-07-01 00:00:00,Active,2227
TRT_002827,PAT_05494,Osteoporosis,Bone health,PROD_73098,2015-09-03 00:00:00,2018-04-28 00:00:00,Discontinued,968
TRT_002828,PAT_05496,Hypertension,Antihypertensive,PROD_79542,2018-05-23 00:00:00,2024-07-01 00:00:00,Active,2231
TRT_002829,PAT_05497,Chronic obstructive pulmonary disease,Respiratory,PROD_49895,2019-07-04 18:00:00,2019-11-17 18:00:00,Discontinued,136
TRT_002830,PAT_05498,Acute myocardial infarction,Cardiovascular,PROD_73770,2014-08-15 00:00:00,2016-12-15 00:00:00,Discontinued,853
TRT_002831,PAT_05505,Hypertension,Antihypertensive,PROD_77062,2021-05-18 00:00:00,2023-02-11 00:00:00,Discontinued,634
TRT_002832,PAT_05506,Osteoporosis,Bone health,PROD_73098,2024-02-19 00:00:00,2024-07-01 00:00:00,Active,133
TRT_002833,PAT_05507,Hypertension,Antihypertensive,PROD_77062,2017-07-31 00:00:00,2019-03-03 00:00:00,Discontinued,580
TRT_002834,PAT_05510,Chronic obstructive pulmonary disease,Respiratory,PROD_69769,2015-09-07 00:00:00,2016-06-07 00:00:00,Discontinued,274
TRT_002835,PAT_05510,Osteoarthritis,Analgesic / anti-inflammatory,PROD_5432,2021-06-11 00:00:00,2021-07-18 00:00:00,Discontinued,37
TRT_002836,PAT_05510,"Diabetes mellitus (types combined), excluding gestational diabetes",Antidiabetic,PROD_62536,2023-11-17 00:00:00,2024-07-01 00:00:00,Active,227
TRT_002837,PAT_05513,Rheumatoid arthritis,Immunomodulatory / anti-inflammatory,PROD_19681,2017-12-27 00:00:00,2018-09-24 00:00:00,Discontinued,271
TRT_002838,PAT_05517,"Diabetes mellitus (types combined), excluding gestational diabetes",Antidiabetic,PROD_62536,2023-10-26 00:00:00,2024-07-01 00:00:00,Active,249
TRT_002839,PAT_05519,Hypertension,Antihypertensive,PROD_75765,2018-07-04 00:00:00,2024-07-01 00:00:00,Active,2189
TRT_002840,PAT_05519,Acute myocardial infarction,Cardiovascular,PROD_82362,2022-02-20 00:00:00,2024-07-01 00:00:00,Active,862
TRT_002841,PAT_05519,Chronic obstructive pulmonary disease,Respiratory,PROD_13550,2022-06-29 18:00:00,2023-10-30 18:00:00,Discontinued,488
TRT_002842,PAT_05525,Hypertension,Antihypertensive,PROD_79542,2016-12-09 00:00:00,2021-10-17 00:00:00,Discontinued,1773
TRT_002843,PAT_05528,Osteoporosis,Bone health,PROD_73098,2023-07-31 00:00:00,2024-07-01 00:00:00,Active,336
TRT_002844,PAT_05530,"Diabetes mellitus (types combined), excluding gestational diabetes",Antidiabetic,PROD_74296,2023-02-19 00:00:00,2024-07-01 00:00:00,Active,498
TRT_002845,PAT_05531,Hypertension,Antihypertensive,PROD_77062,2016-06-09 00:00:00,2023-04-25 00:00:00,Discontinued,2511
TRT_002846,PAT_05531,Osteoporosis,Bone health,PROD_73098,2018-07-29 00:00:00,2020-09-08 00:00:00,Discontinued,772
TRT_002847,PAT_05532,"Diabetes mellitus (types combined), excluding gestational diabetes",Antidiabetic,PROD_74296,2015-02-08 00:00:00,2022-02-20 00:00:00,Discontinued,2569
TRT_002848,PAT_05540,Hypertension,Antihypertensive,PROD_79542,2014-11-12 00:00:00,2016-08-31 00:00:00,Discontinued,658
TRT_002849,PAT_05545,Hypertension,Antihypertensive,PROD_75765,2016-12-22 00:00:00,2020-02-08 00:00:00,Discontinued,1143
TRT_002850,PAT_05546,Hypertension,Antihypertensive,PROD_75765,2016-07-22 00:00:00,2024-07-01 00:00:00,Active,2901
TRT_002851,PAT_05548,Hypertension,Antihypertensive,PROD_77062,2022-07-06 00:00:00,2024-07-01 00:00:00,Active,726
TRT_002852,PAT_05551,"Diabetes mellitus (types combined), excluding gestational diabetes",Antidiabetic,PROD_74296,2019-01-20 00:00:00,2024-07-01 00:00:00,Active,1989
TRT_002853,PAT_05554,Hypertension,Antihypertensive,PROD_77062,2020-03-13 00:00:00,2021-05-16 00:00:00,Discontinued,429
TRT_002854,PAT_05557,Hypertension,Antihypertensive,PROD_75765,2018-03-16 00:00:00,2020-03-22 00:00:00,Discontinued,737
TRT_002855,PAT_05558,Hypertension,Antihypertensive,PROD_79542,2023-12-31 00:00:00,2024-07-01 00:00:00,Active,183
TRT_002856,PAT_05562,"Diabetes mellitus (types combined), excluding gestational diabetes",Antidiabetic,PROD_62536,2018-10-02 00:00:00,2023-02-22 00:00:00,Discontinued,1604
TRT_002857,PAT_05562,Stroke,Antithrombotic / secondary prevention,PROD_61080,2023-08-14 00:00:00,2024-01-18 00:00:00,Discontinued,157
TRT_002858,PAT_05565,Asthma,Respiratory,PROD_49895,2020-02-22 00:00:00,2021-04-25 00:00:00,Discontinued,428
TRT_002859,PAT_05566,Chronic obstructive pulmonary disease,Respiratory,PROD_13550,2016-05-05 00:00:00,2024-07-01 00:00:00,Active,2979
TRT_002860,PAT_05567,Asthma,Respiratory,PROD_13550,2022-01-21 00:00:00,2024-03-24 00:00:00,Discontinued,793
TRT_002861,PAT_05569,Osteoporosis,Bone health,PROD_78367,2020-03-01 00:00:00,2023-08-02 00:00:00,Discontinued,1249
TRT_002862,PAT_05569,Stroke,Antithrombotic / secondary prevention,PROD_61080,2020-08-13 00:00:00,2021-02-27 00:00:00,Discontinued,198
TRT_002863,PAT_05571,"Diabetes mellitus (types combined), excluding gestational diabetes",Antidiabetic,PROD_11727,2022-09-30 00:00:00,2024-03-17 00:00:00,Discontinued,534
TRT_002864,PAT_05573,Hypertension,Antihypertensive,PROD_75765,2018-07-11 00:00:00,2020-07-06 00:00:00,Discontinued,726
TRT_002865,PAT_05574,Asthma,Respiratory,PROD_69769,2020-08-10 00:00:00,2020-11-20 00:00:00,Discontinued,102
TRT_002866,PAT_05576,Hypertension,Antihypertensive,PROD_75765,2016-04-18 00:00:00,2021-08-01 00:00:00,Discontinued,1931
TRT_002867,PAT_05576,Osteoporosis,Bone health,PROD_73098,2017-10-22 00:00:00,2021-08-01 00:00:00,Discontinued,1379
TRT_002868,PAT_05576,"Diabetes mellitus (types combined), excluding gestational diabetes",Antidiabetic,PROD_62536,2018-02-06 00:00:00,2020-07-10 00:00:00,Discontinued,885
TRT_002869,PAT_05577,"Diabetes mellitus (types combined), excluding gestational diabetes",Antidiabetic,PROD_74296,2017-02-10 00:00:00,2022-09-11 00:00:00,Discontinued,2039
TRT_002870,PAT_05579,"Diabetes mellitus (types combined), excluding gestational diabetes",Antidiabetic,PROD_74296,2016-07-15 06:00:00,2024-07-01 00:00:00,Active,2907
TRT_002871,PAT_05579,Epilepsy,Antiepileptic,PROD_9242,2023-01-29 06:00:00,2024-07-01 00:00:00,Active,518
TRT_002872,PAT_05583,Asthma,Respiratory,PROD_69769,2019-08-08 00:00:00,2022-11-04 00:00:00,Discontinued,1184
TRT_002873,PAT_05585,Hypertension,Antihypertensive,PROD_77062,2016-02-29 00:00:00,2020-07-18 00:00:00,Discontinued,1601
TRT_002874,PAT_05588,Hypertension,Antihypertensive,PROD_79542,2023-12-21 00:00:00,2024-07-01 00:00:00,Active,193
TRT_002875,PAT_05589,Ischemic heart disease,Cardiovascular,PROD_73770,2020-05-09 00:00:00,2024-07-01 00:00:00,Active,1514
TRT_002876,PAT_05590,Hypertension,Antihypertensive,PROD_75765,2024-03-13 00:00:00,2024-07-01 00:00:00,Active,110
TRT_002877,PAT_05598,Hypertension,Antihypertensive,PROD_79542,2016-08-30 00:00:00,2024-07-01 00:00:00,Active,2862
TRT_002878,PAT_05602,Asthma,Respiratory,PROD_69769,2018-01-14 00:00:00,2018-11-28 00:00:00,Discontinued,318
TRT_002879,PAT_05606,Schizophrenia,Antipsychotic,PROD_76239,2014-09-14 00:00:00,2015-08-01 00:00:00,Discontinued,321
TRT_002880,PAT_05606,Chronic obstructive pulmonary disease,Respiratory,PROD_49895,2020-01-30 00:00:00,2021-02-17 00:00:00,Discontinued,384
TRT_002881,PAT_05606,Ischemic heart disease,Cardiovascular,PROD_78058,2022-06-13 00:00:00,2024-07-01 00:00:00,Active,749
TRT_002882,PAT_05607,Ischemic heart disease,Cardiovascular,PROD_73770,2023-11-09 00:00:00,2024-07-01 00:00:00,Active,235
TRT_002883,PAT_05616,Asthma,Respiratory,PROD_49895,2023-04-11 00:00:00,2024-05-27 00:00:00,Discontinued,412
TRT_002884,PAT_05620,Schizophrenia,Antipsychotic,PROD_76239,2016-09-04 00:00:00,2019-03-20 00:00:00,Discontinued,927
TRT_002885,PAT_05620,Hypertension,Antihypertensive,PROD_75765,2018-02-14 00:00:00,2024-01-04 00:00:00,Discontinued,2150
TRT_002886,PAT_05620,Osteoporosis,Bone health,PROD_73098,2020-09-28 00:00:00,2024-07-01 00:00:00,Active,1372
TRT_002887,PAT_05623,Hypertension,Antihypertensive,PROD_75765,2016-02-04 00:00:00,2020-01-05 00:00:00,Discontinued,1431
TRT_002888,PAT_05624,Ischemic heart disease,Cardiovascular,PROD_78058,2015-07-14 00:00:00,2023-12-10 00:00:00,Discontinued,3071
TRT_002889,PAT_05624,Heart failure,Heart failure therapy,PROD_70034,2024-04-03 00:00:00,2024-07-01 00:00:00,Active,89
TRT_002890,PAT_05634,Hypertension,Antihypertensive,PROD_79542,2019-08-22 00:00:00,2024-07-01 00:00:00,Active,1775
TRT_002891,PAT_05635,Osteoporosis,Bone health,PROD_73098,2024-01-01 00:00:00,2024-07-01 00:00:00,Active,182
TRT_002892,PAT_05637,Acute myocardial infarction,Cardiovascular,PROD_82362,2019-06-19 00:00:00,2024-07-01 00:00:00,Active,1839
TRT_002893,PAT_05639,Hypertension,Antihypertensive,PROD_79542,2014-08-25 00:00:00,2024-04-01 00:00:00,Discontinued,3507
TRT_002894,PAT_05640,Osteoarthritis,Analgesic / anti-inflammatory,PROD_5917,2019-06-20 00:00:00,2021-07-25 00:00:00,Discontinued,766
TRT_002895,PAT_05643,Asthma,Respiratory,PROD_69769,2022-04-15 00:00:00,2024-07-01 00:00:00,Active,808
TRT_002896,PAT_05645,Hypertension,Antihypertensive,PROD_77062,2017-02-08 00:00:00,2021-10-12 00:00:00,Discontinued,1707
TRT_002897,PAT_05645,Stroke,Antithrombotic / secondary prevention,PROD_66470,2019-10-19 00:00:00,2020-05-26 00:00:00,Discontinued,220
TRT_002898,PAT_05646,Ischemic heart disease,Cardiovascular,PROD_73770,2021-10-03 00:00:00,2024-07-01 00:00:00,Active,1002
TRT_002899,PAT_05646,Osteoarthritis,Analgesic / anti-inflammatory,PROD_5917,2023-08-26 00:00:00,2023-11-03 00:00:00,Discontinued,69
TRT_002900,PAT_05648,Ischemic heart disease,Cardiovascular,PROD_82362,2023-05-27 00:00:00,2024-07-01 00:00:00,Active,401
TRT_002901,PAT_05649,Ischemic heart disease,Cardiovascular,PROD_78058,2022-08-29 00:00:00,2024-07-01 00:00:00,Active,672
TRT_002902,PAT_05649,Osteoarthritis,Analgesic / anti-inflammatory,PROD_4980,2023-07-15 00:00:00,2024-03-05 00:00:00,Discontinued,234
TRT_002903,PAT_05650,Hypertension,Antihypertensive,PROD_77062,2021-03-28 00:00:00,2023-01-01 00:00:00,Discontinued,644
TRT_002904,PAT_05651,Asthma,Respiratory,PROD_69769,2018-05-17 00:00:00,2018-09-01 00:00:00,Discontinued,107
TRT_002905,PAT_05653,Hypertension,Antihypertensive,PROD_75765,2024-04-30 00:00:00,2024-07-01 00:00:00,Active,62
TRT_002906,PAT_05656,Asthma,Respiratory,PROD_69769,2020-04-07 00:00:00,2020-11-29 00:00:00,Discontinued,236
TRT_002907,PAT_05656,Hypertension,Antihypertensive,PROD_79542,2023-09-09 00:00:00,2024-07-01 00:00:00,Active,296
TRT_002908,PAT_05662,Asthma,Respiratory,PROD_49895,2019-10-01 00:00:00,2020-07-17 00:00:00,Discontinued,290
TRT_002909,PAT_05663,Hypertension,Antihypertensive,PROD_79542,2015-07-30 00:00:00,2018-05-26 00:00:00,Discontinued,1031
TRT_002910,PAT_05663,"Diabetes mellitus (types combined), excluding gestational diabetes",Antidiabetic,PROD_74296,2016-12-15 00:00:00,2021-12-28 00:00:00,Discontinued,1839
TRT_002911,PAT_05663,Ischemic heart disease,Cardiovascular,PROD_78058,2022-10-22 00:00:00,2024-07-01 00:00:00,Active,618
TRT_002912,PAT_05664,Osteoarthritis,Analgesic / anti-inflammatory,PROD_5917,2019-05-31 00:00:00,2019-07-28 00:00:00,Discontinued,58
TRT_002913,PAT_05668,Chronic obstructive pulmonary disease,Respiratory,PROD_69769,2015-03-07 00:00:00,2016-09-02 00:00:00,Discontinued,545
TRT_002914,PAT_05672,Asthma,Respiratory,PROD_13550,2018-01-26 00:00:00,2022-03-17 00:00:00,Discontinued,1511
TRT_002915,PAT_05677,"Parkinsonism, including Parkinson disease",Parkinson's therapy,PROD_77772,2014-09-23 00:00:00,2024-07-01 00:00:00,Active,3569
TRT_002916,PAT_05680,"Diabetes mellitus (types combined), excluding gestational diabetes",Antidiabetic,PROD_11727,2015-02-23 00:00:00,2020-09-23 00:00:00,Discontinued,2039
TRT_002917,PAT_05682,Hypertension,Antihypertensive,PROD_77062,2022-11-05 00:00:00,2024-07-01 00:00:00,Active,604
TRT_002918,PAT_05684,Hypertension,Antihypertensive,PROD_79542,2016-05-06 00:00:00,2020-09-13 00:00:00,Discontinued,1591
TRT_002919,PAT_05687,Hypertension,Antihypertensive,PROD_79542,2020-04-03 00:00:00,2024-07-01 00:00:00,Active,1550
TRT_002920,PAT_05688,Chronic obstructive pulmonary disease,Respiratory,PROD_13550,2021-02-05 00:00:00,2023-04-26 00:00:00,Discontinued,810
TRT_002921,PAT_05688,Osteoporosis,Bone health,PROD_78367,2022-12-01 00:00:00,2024-07-01 00:00:00,Active,578
TRT_002922,PAT_05692,Hypertension,Antihypertensive,PROD_75765,2019-05-30 00:00:00,2020-08-15 00:00:00,Discontinued,443
TRT_002923,PAT_05693,Ischemic heart disease,Cardiovascular,PROD_73770,2022-10-05 00:00:00,2024-07-01 00:00:00,Active,635
TRT_002924,PAT_05694,Osteoarthritis,Analgesic / anti-inflammatory,PROD_5917,2023-07-23 00:00:00,2023-11-18 00:00:00,Discontinued,118
TRT_002925,PAT_05696,Hypertension,Antihypertensive,PROD_75765,2019-05-02 00:00:00,2024-03-25 00:00:00,Discontinued,1789
TRT_002926,PAT_05697,Hypertension,Antihypertensive,PROD_79542,2016-02-01 00:00:00,2018-07-22 00:00:00,Discontinued,902
TRT_002927,PAT_05699,Asthma,Respiratory,PROD_49895,2015-03-03 00:00:00,2015-07-30 00:00:00,Discontinued,149
TRT_002928,PAT_05699,Osteoarthritis,Analgesic / anti-inflammatory,PROD_4980,2024-06-24 00:00:00,2024-07-01 00:00:00,Active,7
TRT_002929,PAT_05700,Acute myocardial infarction,Cardiovascular,PROD_82362,2021-08-13 00:00:00,2024-06-12 00:00:00,Discontinued,1034
TRT_002930,PAT_05703,Hypertension,Antihypertensive,PROD_75765,2018-10-17 00:00:00,2020-02-18 00:00:00,Discontinued,489
TRT_002931,PAT_05708,Hypertension,Antihypertensive,PROD_75765,2014-12-02 00:00:00,2024-06-01 00:00:00,Discontinued,3469
TRT_002932,PAT_05708,Ischemic heart disease,Cardiovascular,PROD_73770,2023-05-01 00:00:00,2024-07-01 00:00:00,Active,427
TRT_002933,PAT_05709,Asthma,Respiratory,PROD_69769,2019-10-01 00:00:00,2021-01-31 00:00:00,Discontinued,488
TRT_002934,PAT_05709,Hypertension,Antihypertensive,PROD_77062,2020-09-04 00:00:00,2023-03-12 00:00:00,Discontinued,919
TRT_002935,PAT_05713,Hypertension,Antihypertensive,PROD_77062,2017-02-16 00:00:00,2021-09-19 00:00:00,Discontinued,1676
TRT_002936,PAT_05713,Chronic obstructive pulmonary disease,Respiratory,PROD_13550,2020-04-08 00:00:00,2024-07-01 00:00:00,Active,1545
TRT_002937,PAT_05714,"Diabetes mellitus (types combined), excluding gestational diabetes",Antidiabetic,PROD_74296,2020-04-17 00:00:00,2021-10-13 00:00:00,Discontinued,544
TRT_002938,PAT_05718,"Diabetes mellitus (types combined), excluding gestational diabetes",Antidiabetic,PROD_74296,2017-09-20 00:00:00,2019-04-08 00:00:00,Discontinued,565
TRT_002939,PAT_05721,Asthma,Respiratory,PROD_13550,2023-08-30 00:00:00,2024-06-18 00:00:00,Discontinued,293
TRT_002940,PAT_05723,"Diabetes mellitus (types combined), excluding gestational diabetes",Antidiabetic,PROD_74296,2020-11-04 00:00:00,2024-07-01 00:00:00,Active,1335
TRT_002941,PAT_05725,Chronic obstructive pulmonary disease,Respiratory,PROD_49895,2015-12-04 00:00:00,2016-11-02 00:00:00,Discontinued,334
TRT_002942,PAT_05727,Osteoarthritis,Analgesic / anti-inflammatory,PROD_5917,2015-09-06 00:00:00,2016-02-04 00:00:00,Discontinued,151
TRT_002943,PAT_05728,Hypertension,Antihypertensive,PROD_75765,2022-02-01 00:00:00,2024-07-01 00:00:00,Active,881
TRT_002944,PAT_05729,Ischemic heart disease,Cardiovascular,PROD_82362,2018-06-09 00:00:00,2024-07-01 00:00:00,Active,2214
TRT_002945,PAT_05729,"Diabetes mellitus (types combined), excluding gestational diabetes",Antidiabetic,PROD_11727,2022-01-31 00:00:00,2024-07-01 00:00:00,Active,882
TRT_002946,PAT_05731,Osteoarthritis,Analgesic / anti-inflammatory,PROD_5432,2014-11-18 00:00:00,2015-03-10 00:00:00,Discontinued,112
TRT_002947,PAT_05733,Ischemic heart disease,Cardiovascular,PROD_73770,2020-02-12 00:00:00,2024-07-01 00:00:00,Active,1601
TRT_002948,PAT_05735,Hypertension,Antihypertensive,PROD_75765,2017-10-09 00:00:00,2019-09-01 00:00:00,Discontinued,692
TRT_002949,PAT_05737,Asthma,Respiratory,PROD_13550,2017-10-26 00:00:00,2018-05-10 00:00:00,Discontinued,196
TRT_002950,PAT_05738,Hypertension,Antihypertensive,PROD_79542,2018-04-23 00:00:00,2020-02-15 00:00:00,Discontinued,663
TRT_002951,PAT_05748,Hypertension,Antihypertensive,PROD_75765,2018-06-30 00:00:00,2022-12-19 00:00:00,Discontinued,1633
TRT_002952,PAT_05752,"Diabetes mellitus (types combined), excluding gestational diabetes",Antidiabetic,PROD_74296,2018-09-04 00:00:00,2024-07-01 00:00:00,Active,2127
TRT_002953,PAT_05752,Osteoporosis,Bone health,PROD_78367,2023-06-29 00:00:00,2024-07-01 00:00:00,Active,368
TRT_002954,PAT_05753,Hypertension,Antihypertensive,PROD_75765,2021-05-30 00:00:00,2024-07-01 00:00:00,Active,1128
TRT_002955,PAT_05755,"Dementia, including Alzheimer disease",Cognitive disorder therapy,PROD_80653,2016-07-29 00:00:00,2019-03-03 00:00:00,Discontinued,947
TRT_002956,PAT_05755,Ischemic heart disease,Cardiovascular,PROD_78058,2021-09-05 00:00:00,2023-12-02 00:00:00,Discontinued,818
TRT_002957,PAT_05756,Asthma,Respiratory,PROD_13550,2018-11-14 00:00:00,2019-09-03 00:00:00,Discontinued,293
TRT_002958,PAT_05756,Osteoporosis,Bone health,PROD_78367,2020-08-14 00:00:00,2022-02-24 00:00:00,Discontinued,559
TRT_002959,PAT_05758,Asthma,Respiratory,PROD_69769,2023-09-20 00:00:00,2024-07-01 00:00:00,Active,285
TRT_002960,PAT_05760,"Diabetes mellitus (types combined), excluding gestational diabetes",Antidiabetic,PROD_74296,2023-05-16 00:00:00,2024-07-01 00:00:00,Active,412
TRT_002961,PAT_05760,Osteoporosis,Bone health,PROD_78367,2024-05-09 00:00:00,2024-07-01 00:00:00,Active,53
TRT_002962,PAT_05765,Hypertension,Antihypertensive,PROD_79542,2016-09-25 00:00:00,2020-04-26 00:00:00,Discontinued,1309
TRT_002963,PAT_05765,Osteoporosis,Bone health,PROD_78367,2020-08-22 00:00:00,2022-12-28 00:00:00,Discontinued,858
TRT_002964,PAT_05768,Hypertension,Antihypertensive,PROD_75765,2020-02-27 00:00:00,2024-07-01 00:00:00,Active,1586
TRT_002965,PAT_05771,Hypertension,Antihypertensive,PROD_77062,2019-01-09 00:00:00,2020-07-02 00:00:00,Discontinued,540
TRT_002966,PAT_05773,Hypertension,Antihypertensive,PROD_79542,2016-11-14 00:00:00,2024-07-01 00:00:00,Active,2786
TRT_002967,PAT_05774,Hypertension,Antihypertensive,PROD_75765,2023-03-09 00:00:00,2024-07-01 00:00:00,Active,480
TRT_002968,PAT_05776,Stroke,Antithrombotic / secondary prevention,PROD_61080,2017-08-06 00:00:00,2020-10-28 00:00:00,Discontinued,1179
TRT_002969,PAT_05778,Osteoporosis,Bone health,PROD_78367,2017-05-25 00:00:00,2019-11-09 00:00:00,Discontinued,898
TRT_002970,PAT_05780,Hypertension,Antihypertensive,PROD_75765,2021-08-26 00:00:00,2024-07-01 00:00:00,Active,1040
TRT_002971,PAT_05780,Heart failure,Heart failure therapy,PROD_70034,2023-07-29 00:00:00,2024-07-01 00:00:00,Active,338
TRT_002972,PAT_05783,Ischemic heart disease,Cardiovascular,PROD_82362,2019-12-24 00:00:00,2022-12-03 00:00:00,Discontinued,1075
TRT_002973,PAT_05785,Hypertension,Antihypertensive,PROD_77062,2016-12-22 00:00:00,2020-09-16 00:00:00,Discontinued,1364
TRT_002974,PAT_05785,"Dementia, including Alzheimer disease",Cognitive disorder therapy,PROD_80653,2019-01-05 00:00:00,2022-04-09 00:00:00,Discontinued,1190
TRT_002975,PAT_05787,Osteoporosis,Bone health,PROD_78367,2017-08-02 00:00:00,2019-04-15 00:00:00,Discontinued,621
TRT_002976,PAT_05787,Stroke,Antithrombotic / secondary prevention,PROD_61080,2022-11-18 00:00:00,2024-07-01 00:00:00,Active,591
TRT_002977,PAT_05789,Asthma,Respiratory,PROD_49895,2018-09-30 00:00:00,2019-06-10 00:00:00,Discontinued,253
TRT_002978,PAT_05789,Rheumatoid arthritis,Immunomodulatory / anti-inflammatory,PROD_44161,2022-07-04 00:00:00,2024-06-12 00:00:00,Discontinued,709
TRT_002979,PAT_05792,Osteoarthritis,Analgesic / anti-inflammatory,PROD_5432,2017-07-26 00:00:00,2017-08-23 00:00:00,Discontinued,28
TRT_002980,PAT_05793,Chronic obstructive pulmonary disease,Respiratory,PROD_69769,2018-11-20 00:00:00,2020-06-07 00:00:00,Discontinued,565
TRT_002981,PAT_05795,Hypertension,Antihypertensive,PROD_79542,2018-08-03 00:00:00,2020-09-08 00:00:00,Discontinued,767
TRT_002982,PAT_05795,Osteoporosis,Bone health,PROD_73098,2019-05-17 00:00:00,2020-11-06 00:00:00,Discontinued,539
TRT_002983,PAT_05796,Asthma,Respiratory,PROD_49895,2022-07-06 00:00:00,2023-11-09 00:00:00,Discontinued,491
TRT_002984,PAT_05798,Asthma,Respiratory,PROD_13550,2016-02-17 00:00:00,2020-06-12 00:00:00,Discontinued,1577
TRT_002985,PAT_05798,Hypertension,Antihypertensive,PROD_75765,2021-11-22 00:00:00,2024-07-01 00:00:00,Active,952
TRT_002986,PAT_05800,Schizophrenia,Antipsychotic,PROD_73690,2021-07-03 00:00:00,2024-01-01 00:00:00,Discontinued,912
TRT_002987,PAT_05804,Chronic obstructive pulmonary disease,Respiratory,PROD_13550,2015-01-15 00:00:00,2016-05-10 00:00:00,Discontinued,481
TRT_002988,PAT_05811,"Diabetes mellitus (types combined), excluding gestational diabetes",Antidiabetic,PROD_74296,2017-03-25 00:00:00,2021-02-11 00:00:00,Discontinued,1419
TRT_002989,PAT_05817,Osteoarthritis,Analgesic / anti-inflammatory,PROD_4980,2019-05-31 00:00:00,2019-11-16 00:00:00,Discontinued,169
TRT_002990,PAT_05818,Hypertension,Antihypertensive,PROD_75765,2018-05-25 00:00:00,2021-09-02 00:00:00,Discontinued,1196
TRT_002991,PAT_05819,Asthma,Respiratory,PROD_13550,2022-06-03 06:00:00,2024-07-01 00:00:00,Active,758
TRT_002992,PAT_05820,Hypertension,Antihypertensive,PROD_75765,2015-11-10 00:00:00,2024-07-01 00:00:00,Active,3156
TRT_002993,PAT_05821,"Diabetes mellitus (types combined), excluding gestational diabetes",Antidiabetic,PROD_62536,2014-08-31 00:00:00,2017-04-28 00:00:00,Discontinued,971
TRT_002994,PAT_05821,Osteoporosis,Bone health,PROD_78367,2017-12-15 00:00:00,2019-12-07 00:00:00,Discontinued,722
TRT_002995,PAT_05821,Asthma,Respiratory,PROD_69769,2021-12-01 00:00:00,2022-10-15 00:00:00,Discontinued,318
TRT_002996,PAT_05822,Osteoarthritis,Analgesic / anti-inflammatory,PROD_4980,2020-05-18 00:00:00,2020-06-15 00:00:00,Discontinued,28
TRT_002997,PAT_05825,Asthma,Respiratory,PROD_13550,2022-08-09 00:00:00,2023-07-18 00:00:00,Discontinued,343
TRT_002998,PAT_05826,Ischemic heart disease,Cardiovascular,PROD_78058,2023-07-17 00:00:00,2024-07-01 00:00:00,Active,350
TRT_002999,PAT_05828,Hypertension,Antihypertensive,PROD_75765,2021-02-15 00:00:00,2023-05-29 00:00:00,Discontinued,833
TRT_003000,PAT_05831,"Parkinsonism, including Parkinson disease",Parkinson's therapy,PROD_77772,2017-01-15 00:00:00,2024-07-01 00:00:00,Active,2724
TRT_003001,PAT_05832,Ischemic heart disease,Cardiovascular,PROD_73770,2015-01-24 00:00:00,2018-09-04 00:00:00,Discontinued,1319
TRT_003002,PAT_05834,Asthma,Respiratory,PROD_49895,2020-01-31 00:00:00,2024-07-01 00:00:00,Active,1613
TRT_003003,PAT_05838,Osteoporosis,Bone health,PROD_78367,2021-03-15 00:00:00,2023-03-12 00:00:00,Discontinued,727
TRT_003004,PAT_05839,Asthma,Respiratory,PROD_49895,2014-09-18 00:00:00,2016-01-06 00:00:00,Discontinued,475
TRT_003005,PAT_05839,Osteoarthritis,Analgesic / anti-inflammatory,PROD_5432,2019-05-10 00:00:00,2019-06-22 00:00:00,Discontinued,43
TRT_003006,PAT_05839,Stroke,Antithrombotic / secondary prevention,PROD_66470,2024-06-28 00:00:00,2024-07-01 00:00:00,Active,3
TRT_003007,PAT_05840,Hypertension,Antihypertensive,PROD_77062,2023-03-06 00:00:00,2024-07-01 00:00:00,Active,483
TRT_003008,PAT_05841,"Diabetes mellitus (types combined), excluding gestational diabetes",Antidiabetic,PROD_62536,2021-05-01 06:00:00,2024-07-01 00:00:00,Active,1156
TRT_003009,PAT_05843,Asthma,Respiratory,PROD_69769,2016-05-11 00:00:00,2020-07-22 00:00:00,Discontinued,1533
TRT_003010,PAT_05845,Asthma,Respiratory,PROD_69769,2023-08-22 00:00:00,2024-01-16 00:00:00,Discontinued,147
TRT_003011,PAT_05846,Hypertension,Antihypertensive,PROD_79542,2020-08-08 00:00:00,2024-07-01 00:00:00,Active,1423
TRT_003012,PAT_05846,Osteoporosis,Bone health,PROD_73098,2022-04-07 00:00:00,2023-12-09 00:00:00,Discontinued,611
TRT_003013,PAT_05847,Hypertension,Antihypertensive,PROD_79542,2022-03-04 00:00:00,2024-01-02 00:00:00,Discontinued,669
TRT_003014,PAT_05848,Ischemic heart disease,Cardiovascular,PROD_82362,2018-04-16 00:00:00,2024-04-07 00:00:00,Discontinued,2183
TRT_003015,PAT_05850,Hypertension,Antihypertensive,PROD_79542,2019-07-27 00:00:00,2024-07-01 00:00:00,Active,1801
TRT_003016,PAT_05852,"Diabetes mellitus (types combined), excluding gestational diabetes",Antidiabetic,PROD_74296,2016-06-16 00:00:00,2021-08-28 00:00:00,Discontinued,1899
TRT_003017,PAT_05853,Chronic obstructive pulmonary disease,Respiratory,PROD_49895,2016-10-26 00:00:00,2019-11-23 00:00:00,Discontinued,1123
TRT_003018,PAT_05853,Hypertension,Antihypertensive,PROD_79542,2020-02-14 00:00:00,2024-07-01 00:00:00,Active,1599
TRT_003019,PAT_05855,Asthma,Respiratory,PROD_49895,2018-09-17 00:00:00,2024-07-01 00:00:00,Active,2114
TRT_003020,PAT_05856,"Diabetes mellitus (types combined), excluding gestational diabetes",Antidiabetic,PROD_74296,2022-06-19 00:00:00,2024-07-01 00:00:00,Active,743
TRT_003021,PAT_05858,Asthma,Respiratory,PROD_49895,2019-02-21 00:00:00,2024-07-01 00:00:00,Active,1957
TRT_003022,PAT_05859,"Diabetes mellitus (types combined), excluding gestational diabetes",Antidiabetic,PROD_74296,2024-04-11 00:00:00,2024-07-01 00:00:00,Active,81
TRT_003023,PAT_05861,Chronic obstructive pulmonary disease,Respiratory,PROD_69769,2020-01-27 00:00:00,2021-02-10 00:00:00,Discontinued,380
TRT_003024,PAT_05863,Asthma,Respiratory,PROD_69769,2020-08-22 00:00:00,2020-12-03 00:00:00,Discontinued,103
TRT_003025,PAT_05867,Asthma,Respiratory,PROD_13550,2019-10-04 00:00:00,2020-02-18 00:00:00,Discontinued,137
TRT_003026,PAT_05867,Osteoporosis,Bone health,PROD_78367,2020-03-21 00:00:00,2022-06-29 00:00:00,Discontinued,830
TRT_003027,PAT_05869,Ischemic heart disease,Cardiovascular,PROD_73770,2019-03-10 00:00:00,2024-07-01 00:00:00,Active,1940
TRT_003028,PAT_05869,Epilepsy,Antiepileptic,PROD_9242,2024-04-16 00:00:00,2024-07-01 00:00:00,Active,76
TRT_003029,PAT_05871,Stroke,Antithrombotic / secondary prevention,PROD_19474,2017-10-10 00:00:00,2018-08-02 00:00:00,Discontinued,296
TRT_003030,PAT_05872,"Diabetes mellitus (types combined), excluding gestational diabetes",Antidiabetic,PROD_11727,2022-08-17 00:00:00,2024-07-01 00:00:00,Active,684
TRT_003031,PAT_05876,Asthma,Respiratory,PROD_49895,2017-05-14 00:00:00,2017-10-07 00:00:00,Discontinued,146
TRT_003032,PAT_05883,Hypertension,Antihypertensive,PROD_77062,2019-07-27 00:00:00,2024-07-01 00:00:00,Active,1801
TRT_003033,PAT_05883,Chronic obstructive pulmonary disease,Respiratory,PROD_69769,2021-01-03 18:00:00,2022-05-18 18:00:00,Discontinued,500
TRT_003034,PAT_05884,Hypertension,Antihypertensive,PROD_77062,2018-05-15 00:00:00,2024-07-01 00:00:00,Active,2239
TRT_003035,PAT_05884,Asthma,Respiratory,PROD_13550,2023-06-25 00:00:00,2024-07-01 00:00:00,Active,372
TRT_003036,PAT_05886,Asthma,Respiratory,PROD_49895,2015-07-11 00:00:00,2018-12-19 00:00:00,Discontinued,1257
TRT_003037,PAT_05887,"Diabetes mellitus (types combined), excluding gestational diabetes",Antidiabetic,PROD_62536,2015-04-06 00:00:00,2019-06-06 00:00:00,Discontinued,1522
TRT_003038,PAT_05887,Ischemic heart disease,Cardiovascular,PROD_78058,2015-07-01 00:00:00,2017-09-13 00:00:00,Discontinued,805
TRT_003039,PAT_05887,Osteoporosis,Bone health,PROD_73098,2017-07-11 00:00:00,2019-04-20 00:00:00,Discontinued,648
TRT_003040,PAT_05887,Osteoarthritis,Analgesic / anti-inflammatory,PROD_5917,2017-08-24 00:00:00,2017-09-23 00:00:00,Discontinued,30
TRT_003041,PAT_05891,Chronic obstructive pulmonary disease,Respiratory,PROD_69769,2016-08-26 00:00:00,2020-05-19 00:00:00,Discontinued,1362
TRT_003042,PAT_05891,Osteoporosis,Bone health,PROD_73098,2021-11-29 00:00:00,2024-04-16 00:00:00,Discontinued,869
TRT_003043,PAT_05891,"Diabetes mellitus (types combined), excluding gestational diabetes",Antidiabetic,PROD_11727,2022-12-22 00:00:00,2024-07-01 00:00:00,Active,557
TRT_003044,PAT_05895,"Diabetes mellitus (types combined), excluding gestational diabetes",Antidiabetic,PROD_11727,2020-04-23 00:00:00,2024-07-01 00:00:00,Active,1530
TRT_003045,PAT_05895,Asthma,Respiratory,PROD_13550,2021-10-15 00:00:00,2022-11-28 00:00:00,Discontinued,409
TRT_003046,PAT_05897,Hypertension,Antihypertensive,PROD_79542,2022-11-06 00:00:00,2024-07-01 00:00:00,Active,603
TRT_003047,PAT_05898,Hypertension,Antihypertensive,PROD_77062,2016-06-25 00:00:00,2022-09-30 00:00:00,Discontinued,2288
TRT_003048,PAT_05904,Rheumatoid arthritis,Immunomodulatory / anti-inflammatory,PROD_44161,2017-09-11 00:00:00,2019-04-21 00:00:00,Discontinued,587
TRT_003049,PAT_05904,Stroke,Antithrombotic / secondary prevention,PROD_61080,2018-02-03 00:00:00,2021-10-16 00:00:00,Discontinued,1351
TRT_003050,PAT_05907,"Diabetes mellitus (types combined), excluding gestational diabetes",Antidiabetic,PROD_74296,2016-03-05 00:00:00,2019-02-05 00:00:00,Discontinued,1067
TRT_003051,PAT_05917,Osteoporosis,Bone health,PROD_78367,2020-10-11 00:00:00,2024-07-01 00:00:00,Active,1359
TRT_003052,PAT_05919,Osteoarthritis,Analgesic / anti-inflammatory,PROD_5432,2022-06-01 00:00:00,2023-05-01 00:00:00,Discontinued,334
TRT_003053,PAT_05920,Rheumatoid arthritis,Immunomodulatory / anti-inflammatory,PROD_44161,2020-01-13 00:00:00,2022-08-29 00:00:00,Discontinued,959
TRT_003054,PAT_05923,Asthma,Respiratory,PROD_49895,2017-05-04 00:00:00,2020-08-18 00:00:00,Discontinued,1202
TRT_003055,PAT_05926,Chronic obstructive pulmonary disease,Respiratory,PROD_69769,2018-12-24 00:00:00,2021-08-21 00:00:00,Discontinued,971
TRT_003056,PAT_05928,Asthma,Respiratory,PROD_69769,2021-06-07 00:00:00,2024-07-01 00:00:00,Active,1120
TRT_003057,PAT_05929,Chronic obstructive pulmonary disease,Respiratory,PROD_13550,2016-07-23 00:00:00,2018-09-26 00:00:00,Discontinued,795
TRT_003058,PAT_05929,Stroke,Antithrombotic / secondary prevention,PROD_66470,2017-05-17 00:00:00,2020-05-24 00:00:00,Discontinued,1103
TRT_003059,PAT_05929,Ischemic heart disease,Cardiovascular,PROD_78058,2019-03-31 00:00:00,2024-02-09 00:00:00,Discontinued,1776
TRT_003060,PAT_05930,Ischemic heart disease,Cardiovascular,PROD_82362,2023-08-16 00:00:00,2024-07-01 00:00:00,Active,320
TRT_003061,PAT_05932,Hypertension,Antihypertensive,PROD_79542,2019-03-26 00:00:00,2021-04-01 00:00:00,Discontinued,737
TRT_003062,PAT_05934,Osteoporosis,Bone health,PROD_78367,2019-02-19 00:00:00,2024-07-01 00:00:00,Active,1959
TRT_003063,PAT_05934,"Diabetes mellitus (types combined), excluding gestational diabetes",Antidiabetic,PROD_11727,2023-02-11 00:00:00,2024-07-01 00:00:00,Active,506
TRT_003064,PAT_05935,Chronic obstructive pulmonary disease,Respiratory,PROD_13550,2018-07-16 00:00:00,2021-09-13 00:00:00,Discontinued,1155
TRT_003065,PAT_05935,Hypertension,Antihypertensive,PROD_79542,2019-08-14 00:00:00,2024-07-01 00:00:00,Active,1783
TRT_003066,PAT_05939,"Diabetes mellitus (types combined), excluding gestational diabetes",Antidiabetic,PROD_11727,2019-01-19 00:00:00,2024-07-01 00:00:00,Active,1990
TRT_003067,PAT_05939,Osteoporosis,Bone health,PROD_73098,2023-12-13 00:00:00,2024-07-01 00:00:00,Active,201
TRT_003068,PAT_05940,Osteoarthritis,Analgesic / anti-inflammatory,PROD_4980,2022-05-02 00:00:00,2022-06-19 00:00:00,Discontinued,48
TRT_003069,PAT_05940,Hypertension,Antihypertensive,PROD_77062,2024-06-12 00:00:00,2024-07-01 00:00:00,Active,19
TRT_003070,PAT_05944,Ischemic heart disease,Cardiovascular,PROD_73770,2022-02-07 00:00:00,2024-07-01 00:00:00,Active,875
TRT_003071,PAT_05946,"Diabetes mellitus (types combined), excluding gestational diabetes",Antidiabetic,PROD_11727,2015-08-06 00:00:00,2017-07-31 00:00:00,Discontinued,725
TRT_003072,PAT_05949,Osteoarthritis,Analgesic / anti-inflammatory,PROD_5432,2019-08-12 00:00:00,2020-10-09 00:00:00,Discontinued,424
TRT_003073,PAT_05953,Asthma,Respiratory,PROD_49895,2015-10-23 00:00:00,2016-06-27 00:00:00,Discontinued,248
TRT_003074,PAT_05954,Ischemic heart disease,Cardiovascular,PROD_78058,2024-04-24 00:00:00,2024-07-01 00:00:00,Active,68
TRT_003075,PAT_05959,Chronic obstructive pulmonary disease,Respiratory,PROD_69769,2016-08-31 18:00:00,2017-11-04 18:00:00,Discontinued,430
TRT_003076,PAT_05959,Osteoporosis,Bone health,PROD_78367,2022-01-17 00:00:00,2024-07-01 00:00:00,Active,896
TRT_003077,PAT_05959,"Diabetes mellitus (types combined), excluding gestational diabetes",Antidiabetic,PROD_11727,2022-08-07 00:00:00,2023-08-01 00:00:00,Discontinued,359
TRT_003078,PAT_05964,Chronic obstructive pulmonary disease,Respiratory,PROD_69769,2015-04-15 00:00:00,2020-02-13 00:00:00,Discontinued,1765
TRT_003079,PAT_05966,Hypertension,Antihypertensive,PROD_75765,2017-04-16 00:00:00,2019-10-24 00:00:00,Discontinued,921
TRT_003080,PAT_05966,Osteoporosis,Bone health,PROD_73098,2021-09-23 00:00:00,2024-07-01 00:00:00,Active,1012
TRT_003081,PAT_05967,"Diabetes mellitus (types combined), excluding gestational diabetes",Antidiabetic,PROD_62536,2018-02-22 06:00:00,2021-02-25 06:00:00,Discontinued,1099
TRT_003082,PAT_05976,Hypertension,Antihypertensive,PROD_79542,2023-04-02 00:00:00,2024-07-01 00:00:00,Active,456
TRT_003083,PAT_05977,Chronic obstructive pulmonary disease,Respiratory,PROD_13550,2017-09-01 00:00:00,2019-05-15 00:00:00,Discontinued,621
TRT_003084,PAT_05978,Osteoporosis,Bone health,PROD_78367,2018-07-12 00:00:00,2020-06-27 00:00:00,Discontinued,716
TRT_003085,PAT_05978,"Diabetes mellitus (types combined), excluding gestational diabetes",Antidiabetic,PROD_62536,2021-08-06 00:00:00,2024-07-01 00:00:00,Active,1060
TRT_003086,PAT_05980,Osteoporosis,Bone health,PROD_78367,2022-01-23 00:00:00,2024-07-01 00:00:00,Active,890
TRT_003087,PAT_05982,Acute myocardial infarction,Cardiovascular,PROD_82362,2024-03-30 00:00:00,2024-07-01 00:00:00,Active,93
TRT_003088,PAT_05983,"Diabetes mellitus (types combined), excluding gestational diabetes",Antidiabetic,PROD_62536,2022-05-28 00:00:00,2024-07-01 00:00:00,Active,765
TRT_003089,PAT_05983,Osteoarthritis,Analgesic / anti-inflammatory,PROD_4980,2023-08-23 00:00:00,2023-11-21 00:00:00,Discontinued,90
TRT_003090,PAT_05985,Acute myocardial infarction,Cardiovascular,PROD_82362,2017-09-12 00:00:00,2019-06-24 00:00:00,Discontinued,650
TRT_003091,PAT_05987,Osteoarthritis,Analgesic / anti-inflammatory,PROD_5432,2024-05-24 00:00:00,2024-07-01 00:00:00,Active,38
TRT_003092,PAT_05997,Hypertension,Antihypertensive,PROD_77062,2018-01-19 00:00:00,2024-07-01 00:00:00,Active,2355
TRT_003093,PAT_05997,Ischemic heart disease,Cardiovascular,PROD_78058,2022-06-24 00:00:00,2024-07-01 00:00:00,Active,738
TRT_003094,PAT_05998,Osteoporosis,Bone health,PROD_73098,2020-04-01 00:00:00,2024-07-01 00:00:00,Active,1552
TRT_003095,PAT_05998,"Diabetes mellitus (types combined), excluding gestational diabetes",Antidiabetic,PROD_11727,2022-02-18 00:00:00,2024-07-01 00:00:00,Active,864
TRT_003096,PAT_05999,Hypertension,Antihypertensive,PROD_79542,2018-04-27 00:00:00,2022-07-25 00:00:00,Discontinued,1550
TRT_003097,PAT_05999,Ischemic heart disease,Cardiovascular,PROD_73770,2021-07-22 00:00:00,2024-07-01 00:00:00,Active,1075
TRT_003098,PAT_06002,Ischemic heart disease,Cardiovascular,PROD_78058,2021-07-19 00:00:00,2022-11-27 00:00:00,Discontinued,496
TRT_003099,PAT_06003,Stroke,Antithrombotic / secondary prevention,PROD_66470,2015-10-28 00:00:00,2016-08-02 00:00:00,Discontinued,279
TRT_003100,PAT_06004,Asthma,Respiratory,PROD_13550,2023-05-25 00:00:00,2024-07-01 00:00:00,Active,403
TRT_003101,PAT_06007,Chronic obstructive pulmonary disease,Respiratory,PROD_49895,2014-10-31 00:00:00,2024-03-08 00:00:00,Discontinued,3416
TRT_003102,PAT_06007,Osteoporosis,Bone health,PROD_78367,2018-01-12 00:00:00,2024-07-01 00:00:00,Active,2362
TRT_003103,PAT_06008,Acute myocardial infarction,Cardiovascular,PROD_82362,2023-09-07 00:00:00,2024-07-01 00:00:00,Active,298
TRT_003104,PAT_06011,Hypertension,Antihypertensive,PROD_75765,2019-08-25 00:00:00,2024-07-01 00:00:00,Active,1772
TRT_003105,PAT_06011,Osteoarthritis,Analgesic / anti-inflammatory,PROD_5432,2020-04-02 00:00:00,2020-09-22 00:00:00,Discontinued,173
TRT_003106,PAT_06012,Chronic obstructive pulmonary disease,Respiratory,PROD_13550,2016-03-26 00:00:00,2021-08-08 00:00:00,Discontinued,1961
TRT_003107,PAT_06012,Osteoarthritis,Analgesic / anti-inflammatory,PROD_5432,2023-06-29 00:00:00,2023-10-23 00:00:00,Discontinued,116
TRT_003108,PAT_06013,Hypertension,Antihypertensive,PROD_75765,2016-01-26 00:00:00,2024-07-01 00:00:00,Active,3079
TRT_003109,PAT_06016,"Diabetes mellitus (types combined), excluding gestational diabetes",Antidiabetic,PROD_74296,2020-02-06 00:00:00,2024-07-01 00:00:00,Active,1607
TRT_003110,PAT_06019,Ischemic heart disease,Cardiovascular,PROD_73770,2020-03-09 00:00:00,2024-07-01 00:00:00,Active,1575
TRT_003111,PAT_06019,"Diabetes mellitus (types combined), excluding gestational diabetes",Antidiabetic,PROD_74296,2023-07-11 00:00:00,2024-07-01 00:00:00,Active,356
TRT_003112,PAT_06022,Osteoarthritis,Analgesic / anti-inflammatory,PROD_5432,2018-12-16 00:00:00,2019-02-23 00:00:00,Discontinued,69
TRT_003113,PAT_06022,"Diabetes mellitus (types combined), excluding gestational diabetes",Antidiabetic,PROD_74296,2019-12-13 00:00:00,2023-04-29 00:00:00,Discontinued,1233
TRT_003114,PAT_06025,Osteoarthritis,Analgesic / anti-inflammatory,PROD_4980,2020-04-01 00:00:00,2020-05-06 00:00:00,Discontinued,35
TRT_003115,PAT_06027,Ischemic heart disease,Cardiovascular,PROD_73770,2015-06-26 00:00:00,2016-12-06 00:00:00,Discontinued,529
TRT_003116,PAT_06027,Osteoarthritis,Analgesic / anti-inflammatory,PROD_5432,2019-04-30 00:00:00,2019-07-03 00:00:00,Discontinued,64
TRT_003117,PAT_06028,Hypertension,Antihypertensive,PROD_79542,2016-02-18 00:00:00,2020-03-25 00:00:00,Discontinued,1497
TRT_003118,PAT_06028,Osteoporosis,Bone health,PROD_78367,2019-01-24 00:00:00,2022-04-04 00:00:00,Discontinued,1166
TRT_003119,PAT_06030,Asthma,Respiratory,PROD_69769,2023-07-24 00:00:00,2024-07-01 00:00:00,Active,343
TRT_003120,PAT_06031,Hypertension,Antihypertensive,PROD_77062,2015-03-01 00:00:00,2020-12-01 00:00:00,Discontinued,2102
TRT_003121,PAT_06033,Asthma,Respiratory,PROD_69769,2021-01-17 00:00:00,2022-03-17 00:00:00,Discontinued,424
TRT_003122,PAT_06033,Hypertension,Antihypertensive,PROD_77062,2024-06-29 00:00:00,2024-07-01 00:00:00,Active,2
TRT_003123,PAT_06034,Ischemic heart disease,Cardiovascular,PROD_82362,2017-01-17 00:00:00,2024-07-01 00:00:00,Active,2722
TRT_003124,PAT_06034,Chronic obstructive pulmonary disease,Respiratory,PROD_69769,2024-04-09 00:00:00,2024-07-01 00:00:00,Active,83
TRT_003125,PAT_06036,Acute myocardial infarction,Cardiovascular,PROD_82362,2017-12-21 00:00:00,2021-07-31 00:00:00,Discontinued,1318
TRT_003126,PAT_06037,Asthma,Respiratory,PROD_49895,2018-08-08 00:00:00,2019-11-06 00:00:00,Discontinued,455
TRT_003127,PAT_06042,Ischemic heart disease,Cardiovascular,PROD_78058,2024-04-12 00:00:00,2024-07-01 00:00:00,Active,80
TRT_003128,PAT_06048,Hypertension,Antihypertensive,PROD_77062,2015-10-18 00:00:00,2019-02-25 00:00:00,Discontinued,1226
TRT_003129,PAT_06048,Osteoporosis,Bone health,PROD_78367,2018-04-11 00:00:00,2020-05-31 00:00:00,Discontinued,781
TRT_003130,PAT_06048,Osteoarthritis,Analgesic / anti-inflammatory,PROD_5917,2021-11-26 00:00:00,2022-02-06 00:00:00,Discontinued,72
TRT_003131,PAT_06053,Hypertension,Antihypertensive,PROD_79542,2020-04-11 00:00:00,2024-07-01 00:00:00,Active,1542
TRT_003132,PAT_06053,Asthma,Respiratory,PROD_69769,2020-08-23 00:00:00,2022-11-24 00:00:00,Discontinued,823
TRT_003133,PAT_06055,Asthma,Respiratory,PROD_69769,2023-11-06 00:00:00,2024-07-01 00:00:00,Active,238
TRT_003134,PAT_06056,Asthma,Respiratory,PROD_69769,2022-05-20 00:00:00,2024-07-01 00:00:00,Active,773
TRT_003135,PAT_06057,"Diabetes mellitus (types combined), excluding gestational diabetes",Antidiabetic,PROD_74296,2017-06-28 00:00:00,2024-07-01 00:00:00,Active,2560
TRT_003136,PAT_06058,Hypertension,Antihypertensive,PROD_79542,2019-08-15 00:00:00,2024-07-01 00:00:00,Active,1782
TRT_003137,PAT_06058,Stroke,Antithrombotic / secondary prevention,PROD_19474,2021-05-02 00:00:00,2023-12-01 00:00:00,Discontinued,943
TRT_003138,PAT_06059,Ischemic heart disease,Cardiovascular,PROD_82362,2016-03-29 00:00:00,2019-09-16 00:00:00,Discontinued,1266
TRT_003139,PAT_06059,"Diabetes mellitus (types combined), excluding gestational diabetes",Antidiabetic,PROD_62536,2017-06-13 00:00:00,2024-07-01 00:00:00,Active,2575
TRT_003140,PAT_06060,Hypertension,Antihypertensive,PROD_79542,2017-03-31 00:00:00,2020-04-20 00:00:00,Discontinued,1116
TRT_003141,PAT_06060,Ischemic heart disease,Cardiovascular,PROD_78058,2019-03-22 00:00:00,2020-11-17 00:00:00,Discontinued,606
TRT_003142,PAT_06064,Osteoarthritis,Analgesic / anti-inflammatory,PROD_5432,2016-04-07 00:00:00,2017-02-06 00:00:00,Discontinued,305
TRT_003143,PAT_06065,"Diabetes mellitus (types combined), excluding gestational diabetes",Antidiabetic,PROD_74296,2015-08-14 00:00:00,2017-07-29 00:00:00,Discontinued,715
TRT_003144,PAT_06068,"Diabetes mellitus (types combined), excluding gestational diabetes",Antidiabetic,PROD_62536,2018-10-23 00:00:00,2024-07-01 00:00:00,Active,2078
TRT_003145,PAT_06069,Hypertension,Antihypertensive,PROD_79542,2022-10-01 00:00:00,2024-07-01 00:00:00,Active,639
TRT_003146,PAT_06070,Asthma,Respiratory,PROD_13550,2020-09-21 06:00:00,2024-07-01 00:00:00,Active,1378
TRT_003147,PAT_06072,"Diabetes mellitus (types combined), excluding gestational diabetes",Antidiabetic,PROD_74296,2015-11-26 00:00:00,2024-07-01 00:00:00,Active,3140
TRT_003148,PAT_06075,"Diabetes mellitus (types combined), excluding gestational diabetes",Antidiabetic,PROD_62536,2020-04-01 00:00:00,2024-07-01 00:00:00,Active,1552
TRT_003149,PAT_06076,"Dementia, including Alzheimer disease",Cognitive disorder therapy,PROD_82234,2022-02-06 00:00:00,2024-07-01 00:00:00,Active,876
TRT_003150,PAT_06082,Ischemic heart disease,Cardiovascular,PROD_73770,2015-07-11 00:00:00,2020-07-19 00:00:00,Discontinued,1835
TRT_003151,PAT_06082,Hypertension,Antihypertensive,PROD_77062,2015-12-17 00:00:00,2024-07-01 00:00:00,Active,3119
TRT_003152,PAT_06085,Osteoarthritis,Analgesic / anti-inflammatory,PROD_5432,2023-03-04 00:00:00,2023-08-14 00:00:00,Discontinued,163
TRT_003153,PAT_06086,Asthma,Respiratory,PROD_13550,2021-03-12 06:00:00,2021-10-21 06:00:00,Discontinued,223
TRT_003154,PAT_06089,Hypertension,Antihypertensive,PROD_77062,2019-04-26 00:00:00,2024-07-01 00:00:00,Active,1893
TRT_003155,PAT_06089,Osteoarthritis,Analgesic / anti-inflammatory,PROD_5432,2022-09-07 00:00:00,2022-11-26 00:00:00,Discontinued,80
TRT_003156,PAT_06092,Osteoarthritis,Analgesic / anti-inflammatory,PROD_5917,2015-07-19 00:00:00,2015-10-01 00:00:00,Discontinued,74
TRT_003157,PAT_06095,Hypertension,Antihypertensive,PROD_79542,2022-12-06 00:00:00,2024-05-16 00:00:00,Discontinued,527
TRT_003158,PAT_06095,"Diabetes mellitus (types combined), excluding gestational diabetes",Antidiabetic,PROD_62536,2022-12-21 00:00:00,2024-07-01 00:00:00,Active,558
TRT_003159,PAT_06097,Osteoarthritis,Analgesic / anti-inflammatory,PROD_5432,2017-09-16 00:00:00,2017-10-16 00:00:00,Discontinued,30
TRT_003160,PAT_06097,Chronic obstructive pulmonary disease,Respiratory,PROD_13550,2022-07-19 00:00:00,2022-09-01 00:00:00,Discontinued,44
TRT_003161,PAT_06099,Heart failure,Heart failure therapy,PROD_70034,2015-07-02 00:00:00,2019-05-12 00:00:00,Discontinued,1410
TRT_003162,PAT_06100,Hypertension,Antihypertensive,PROD_79542,2023-08-17 00:00:00,2024-07-01 00:00:00,Active,319
TRT_003163,PAT_06104,Chronic obstructive pulmonary disease,Respiratory,PROD_69769,2015-04-04 00:00:00,2015-11-22 00:00:00,Discontinued,232
TRT_003164,PAT_06104,Osteoarthritis,Analgesic / anti-inflammatory,PROD_5432,2021-02-13 00:00:00,2021-02-21 00:00:00,Discontinued,8
TRT_003165,PAT_06105,"Diabetes mellitus (types combined), excluding gestational diabetes",Antidiabetic,PROD_62536,2016-02-06 00:00:00,2018-09-27 00:00:00,Discontinued,964
TRT_003166,PAT_06105,Hypertension,Antihypertensive,PROD_79542,2024-06-12 00:00:00,2024-07-01 00:00:00,Active,19
TRT_003167,PAT_06106,Asthma,Respiratory,PROD_69769,2017-05-23 00:00:00,2018-03-10 00:00:00,Discontinued,291
TRT_003168,PAT_06109,Asthma,Respiratory,PROD_13550,2018-02-21 00:00:00,2020-05-08 00:00:00,Discontinued,807
TRT_003169,PAT_06113,Hypertension,Antihypertensive,PROD_77062,2016-05-22 00:00:00,2024-07-01 00:00:00,Active,2962
TRT_003170,PAT_06114,Hypertension,Antihypertensive,PROD_77062,2014-10-30 00:00:00,2022-03-10 00:00:00,Discontinued,2688
TRT_003171,PAT_06116,Hypertension,Antihypertensive,PROD_77062,2015-10-07 00:00:00,2024-07-01 00:00:00,Active,3190
TRT_003172,PAT_06117,Ischemic heart disease,Cardiovascular,PROD_78058,2020-03-20 00:00:00,2024-07-01 00:00:00,Active,1564
TRT_003173,PAT_06118,Hypertension,Antihypertensive,PROD_75765,2023-04-13 00:00:00,2024-07-01 00:00:00,Active,445
TRT_003174,PAT_06119,Ischemic heart disease,Cardiovascular,PROD_78058,2019-02-25 00:00:00,2024-07-01 00:00:00,Active,1953
TRT_003175,PAT_06124,Hypertension,Antihypertensive,PROD_75765,2021-11-30 00:00:00,2024-07-01 00:00:00,Active,944
TRT_003176,PAT_06125,Asthma,Respiratory,PROD_13550,2016-01-06 00:00:00,2016-12-25 00:00:00,Discontinued,354
TRT_003177,PAT_06128,Chronic obstructive pulmonary disease,Respiratory,PROD_13550,2023-10-14 00:00:00,2024-06-19 00:00:00,Discontinued,249
TRT_003178,PAT_06134,Asthma,Respiratory,PROD_49895,2022-06-18 00:00:00,2024-07-01 00:00:00,Active,744
TRT_003179,PAT_06135,Hypertension,Antihypertensive,PROD_77062,2019-08-07 00:00:00,2021-03-30 00:00:00,Discontinued,601
TRT_003180,PAT_06136,Hypertension,Antihypertensive,PROD_77062,2016-01-21 00:00:00,2018-04-07 00:00:00,Discontinued,807
TRT_003181,PAT_06136,Asthma,Respiratory,PROD_13550,2016-04-12 00:00:00,2017-01-18 00:00:00,Discontinued,281
TRT_003182,PAT_06142,Osteoporosis,Bone health,PROD_78367,2016-09-14 00:00:00,2020-08-19 00:00:00,Discontinued,1435
TRT_003183,PAT_06143,Asthma,Respiratory,PROD_49895,2016-06-14 00:00:00,2018-04-27 00:00:00,Discontinued,682
TRT_003184,PAT_06143,Osteoarthritis,Analgesic / anti-inflammatory,PROD_5432,2019-07-30 00:00:00,2020-02-21 00:00:00,Discontinued,206
TRT_003185,PAT_06144,Asthma,Respiratory,PROD_49895,2020-02-22 00:00:00,2020-09-27 00:00:00,Discontinued,218
TRT_003186,PAT_06144,Chronic obstructive pulmonary disease,Respiratory,PROD_49895,2022-04-03 00:00:00,2022-10-27 00:00:00,Discontinued,207
TRT_003187,PAT_06145,Asthma,Respiratory,PROD_49895,2017-05-01 00:00:00,2019-11-12 00:00:00,Discontinued,925
TRT_003188,PAT_06146,Hypertension,Antihypertensive,PROD_79542,2014-10-21 00:00:00,2017-07-20 00:00:00,Discontinued,1003
TRT_003189,PAT_06148,Ischemic heart disease,Cardiovascular,PROD_82362,2017-03-29 00:00:00,2020-06-02 00:00:00,Discontinued,1161
TRT_003190,PAT_06151,Osteoarthritis,Analgesic / anti-inflammatory,PROD_5917,2021-06-06 00:00:00,2021-06-26 00:00:00,Discontinued,20
TRT_003191,PAT_06152,Osteoarthritis,Analgesic / anti-inflammatory,PROD_5432,2024-01-28 00:00:00,2024-05-21 00:00:00,Discontinued,114
TRT_003192,PAT_06157,Chronic obstructive pulmonary disease,Respiratory,PROD_49895,2019-08-29 18:00:00,2024-07-01 00:00:00,Active,1767
TRT_003193,PAT_06159,"Diabetes mellitus (types combined), excluding gestational diabetes",Antidiabetic,PROD_11727,2023-03-20 00:00:00,2024-07-01 00:00:00,Active,469
TRT_003194,PAT_06159,"Dementia, including Alzheimer disease",Cognitive disorder therapy,PROD_80653,2023-07-16 06:00:00,2024-07-01 00:00:00,Active,350
TRT_003195,PAT_06160,"Diabetes mellitus (types combined), excluding gestational diabetes",Antidiabetic,PROD_74296,2016-10-28 00:00:00,2021-08-08 00:00:00,Discontinued,1745
TRT_003196,PAT_06161,"Diabetes mellitus (types combined), excluding gestational diabetes",Antidiabetic,PROD_11727,2024-05-28 00:00:00,2024-07-01 00:00:00,Active,34
TRT_003197,PAT_06163,"Diabetes mellitus (types combined), excluding gestational diabetes",Antidiabetic,PROD_74296,2023-05-18 00:00:00,2024-07-01 00:00:00,Active,410
TRT_003198,PAT_06173,Asthma,Respiratory,PROD_69769,2020-08-29 00:00:00,2021-03-28 00:00:00,Discontinued,211
TRT_003199,PAT_06175,Osteoarthritis,Analgesic / anti-inflammatory,PROD_5432,2019-02-23 00:00:00,2019-05-04 00:00:00,Discontinued,70
TRT_003200,PAT_06177,Osteoarthritis,Analgesic / anti-inflammatory,PROD_5432,2018-01-21 00:00:00,2018-05-27 00:00:00,Discontinued,126
TRT_003201,PAT_06179,Asthma,Respiratory,PROD_69769,2018-03-21 00:00:00,2024-07-01 00:00:00,Active,2294
TRT_003202,PAT_06180,Hypertension,Antihypertensive,PROD_75765,2021-09-30 00:00:00,2023-06-16 00:00:00,Discontinued,624
TRT_003203,PAT_06181,"Diabetes mellitus (types combined), excluding gestational diabetes",Antidiabetic,PROD_11727,2019-10-10 00:00:00,2023-04-01 00:00:00,Discontinued,1269
TRT_003204,PAT_06181,Stroke,Antithrombotic / secondary prevention,PROD_19474,2021-11-29 00:00:00,2022-07-11 00:00:00,Discontinued,224
TRT_003205,PAT_06182,Schizophrenia,Antipsychotic,PROD_76239,2015-01-06 00:00:00,2015-06-09 00:00:00,Discontinued,154
TRT_003206,PAT_06182,Stroke,Antithrombotic / secondary prevention,PROD_61080,2022-09-15 00:00:00,2024-05-10 00:00:00,Discontinued,603
TRT_003207,PAT_06186,Hypertension,Antihypertensive,PROD_75765,2015-05-07 00:00:00,2020-05-07 00:00:00,Discontinued,1827
TRT_003208,PAT_06186,Asthma,Respiratory,PROD_13550,2017-12-01 00:00:00,2018-02-28 00:00:00,Discontinued,89
TRT_003209,PAT_06187,Asthma,Respiratory,PROD_49895,2018-09-26 00:00:00,2020-04-06 00:00:00,Discontinued,558
TRT_003210,PAT_06189,"Diabetes mellitus (types combined), excluding gestational diabetes",Antidiabetic,PROD_62536,2021-02-09 00:00:00,2023-02-18 00:00:00,Discontinued,739
TRT_003211,PAT_06191,Hypertension,Antihypertensive,PROD_75765,2018-08-23 00:00:00,2023-09-07 00:00:00,Discontinued,1841
TRT_003212,PAT_06193,"Dementia, including Alzheimer disease",Cognitive disorder therapy,PROD_80779,2016-11-26 00:00:00,2024-07-01 00:00:00,Active,2774
TRT_003213,PAT_06193,Hypertension,Antihypertensive,PROD_79542,2020-05-09 00:00:00,2024-07-01 00:00:00,Active,1514
TRT_003214,PAT_06195,Osteoporosis,Bone health,PROD_78367,2024-04-10 00:00:00,2024-07-01 00:00:00,Active,82
TRT_003215,PAT_06201,"Diabetes mellitus (types combined), excluding gestational diabetes",Antidiabetic,PROD_11727,2022-01-29 00:00:00,2024-07-01 00:00:00,Active,884
TRT_003216,PAT_06204,"Diabetes mellitus (types combined), excluding gestational diabetes",Antidiabetic,PROD_62536,2018-01-23 00:00:00,2023-04-26 00:00:00,Discontinued,1919
TRT_003217,PAT_06205,Asthma,Respiratory,PROD_13550,2019-05-02 00:00:00,2021-12-19 00:00:00,Discontinued,962
TRT_003218,PAT_06206,"Diabetes mellitus (types combined), excluding gestational diabetes",Antidiabetic,PROD_62536,2020-12-17 06:00:00,2024-07-01 00:00:00,Active,1291
TRT_003219,PAT_06208,Osteoporosis,Bone health,PROD_73098,2017-09-21 00:00:00,2020-07-19 00:00:00,Discontinued,1032
TRT_003220,PAT_06208,Hypertension,Antihypertensive,PROD_79542,2018-12-16 00:00:00,2024-07-01 00:00:00,Active,2024
TRT_003221,PAT_06209,"Diabetes mellitus (types combined), excluding gestational diabetes",Antidiabetic,PROD_74296,2020-09-18 00:00:00,2022-07-30 00:00:00,Discontinued,680
TRT_003222,PAT_06212,Hypertension,Antihypertensive,PROD_79542,2015-01-20 00:00:00,2017-12-07 00:00:00,Discontinued,1052
TRT_003223,PAT_06212,Asthma,Respiratory,PROD_13550,2023-11-19 00:00:00,2024-07-01 00:00:00,Active,225
TRT_003224,PAT_06219,Acute myocardial infarction,Cardiovascular,PROD_82362,2023-01-19 00:00:00,2024-07-01 00:00:00,Active,529
TRT_003225,PAT_06224,Osteoarthritis,Analgesic / anti-inflammatory,PROD_5432,2022-03-15 00:00:00,2022-06-20 00:00:00,Discontinued,97
TRT_003226,PAT_06230,Hypertension,Antihypertensive,PROD_75765,2018-02-03 00:00:00,2024-07-01 00:00:00,Active,2340
TRT_003227,PAT_06232,Asthma,Respiratory,PROD_13550,2022-05-03 00:00:00,2024-07-01 00:00:00,Active,790
TRT_003228,PAT_06235,Osteoporosis,Bone health,PROD_78367,2019-12-22 00:00:00,2022-07-31 00:00:00,Discontinued,952
TRT_003229,PAT_06239,"Diabetes mellitus (types combined), excluding gestational diabetes",Antidiabetic,PROD_74296,2023-12-01 00:00:00,2024-07-01 00:00:00,Active,213
TRT_003230,PAT_06242,Osteoarthritis,Analgesic / anti-inflammatory,PROD_5917,2015-11-22 00:00:00,2016-09-02 00:00:00,Discontinued,285
TRT_003231,PAT_06242,Osteoporosis,Bone health,PROD_73098,2017-01-13 00:00:00,2021-10-17 00:00:00,Discontinued,1738
TRT_003232,PAT_06243,Hypertension,Antihypertensive,PROD_77062,2016-10-02 00:00:00,2024-07-01 00:00:00,Active,2829
TRT_003233,PAT_06245,Ischemic heart disease,Cardiovascular,PROD_82362,2016-12-17 00:00:00,2024-07-01 00:00:00,Active,2753
TRT_003234,PAT_06251,Asthma,Respiratory,PROD_13550,2020-12-26 00:00:00,2021-05-26 00:00:00,Discontinued,151
TRT_003235,PAT_06253,"Diabetes mellitus (types combined), excluding gestational diabetes",Antidiabetic,PROD_11727,2017-05-30 00:00:00,2019-04-27 00:00:00,Discontinued,697
TRT_003236,PAT_06253,Hypertension,Antihypertensive,PROD_75765,2021-01-13 00:00:00,2021-08-14 00:00:00,Discontinued,213
TRT_003237,PAT_06257,Osteoarthritis,Analgesic / anti-inflammatory,PROD_4980,2023-09-18 00:00:00,2024-03-24 00:00:00,Discontinued,188
TRT_003238,PAT_06258,Rheumatoid arthritis,Immunomodulatory / anti-inflammatory,PROD_74173,2021-07-09 00:00:00,2024-07-01 00:00:00,Active,1088
TRT_003239,PAT_06259,Hypertension,Antihypertensive,PROD_75765,2019-05-09 00:00:00,2024-07-01 00:00:00,Active,1880
TRT_003240,PAT_06259,"Diabetes mellitus (types combined), excluding gestational diabetes",Antidiabetic,PROD_11727,2022-07-18 00:00:00,2024-07-01 00:00:00,Active,714
TRT_003241,PAT_06260,Hypertension,Antihypertensive,PROD_75765,2021-04-30 00:00:00,2024-07-01 00:00:00,Active,1158
TRT_003242,PAT_06261,"Diabetes mellitus (types combined), excluding gestational diabetes",Antidiabetic,PROD_74296,2022-12-02 06:00:00,2024-07-01 00:00:00,Active,576
TRT_003243,PAT_06261,Schizophrenia,Antipsychotic,PROD_73690,2024-05-27 12:00:00,2024-07-01 00:00:00,Active,34
TRT_003244,PAT_06262,Osteoporosis,Bone health,PROD_78367,2015-11-29 00:00:00,2019-06-11 00:00:00,Discontinued,1290
TRT_003245,PAT_06262,"Diabetes mellitus (types combined), excluding gestational diabetes",Antidiabetic,PROD_11727,2021-05-30 00:00:00,2024-07-01 00:00:00,Active,1128
TRT_003246,PAT_06262,Asthma,Respiratory,PROD_49895,2024-02-29 00:00:00,2024-07-01 00:00:00,Active,123
TRT_003247,PAT_06266,Hypertension,Antihypertensive,PROD_79542,2014-11-04 00:00:00,2024-07-01 00:00:00,Active,3527
TRT_003248,PAT_06266,"Diabetes mellitus (types combined), excluding gestational diabetes",Antidiabetic,PROD_74296,2022-09-12 00:00:00,2024-07-01 00:00:00,Active,658
TRT_003249,PAT_06267,"Diabetes mellitus (types combined), excluding gestational diabetes",Antidiabetic,PROD_62536,2021-02-24 00:00:00,2023-03-15 00:00:00,Discontinued,749
TRT_003250,PAT_06269,"Diabetes mellitus (types combined), excluding gestational diabetes",Antidiabetic,PROD_11727,2015-09-15 00:00:00,2024-07-01 00:00:00,Active,3212
TRT_003251,PAT_06271,"Diabetes mellitus (types combined), excluding gestational diabetes",Antidiabetic,PROD_11727,2023-03-25 00:00:00,2024-07-01 00:00:00,Active,464
TRT_003252,PAT_06272,Osteoporosis,Bone health,PROD_78367,2016-04-01 00:00:00,2020-03-19 00:00:00,Discontinued,1448
TRT_003253,PAT_06275,Asthma,Respiratory,PROD_49895,2018-11-07 00:00:00,2020-11-02 00:00:00,Discontinued,726
TRT_003254,PAT_06275,Chronic obstructive pulmonary disease,Respiratory,PROD_13550,2019-01-06 18:00:00,2024-07-01 00:00:00,Active,2002
TRT_003255,PAT_06277,"Diabetes mellitus (types combined), excluding gestational diabetes",Antidiabetic,PROD_11727,2022-03-09 00:00:00,2023-08-27 00:00:00,Discontinued,536
TRT_003256,PAT_06278,Osteoporosis,Bone health,PROD_73098,2020-11-05 00:00:00,2024-07-01 00:00:00,Active,1334
TRT_003257,PAT_06281,Hypertension,Antihypertensive,PROD_75765,2021-04-05 00:00:00,2024-07-01 00:00:00,Active,1183
TRT_003258,PAT_06282,Hypertension,Antihypertensive,PROD_77062,2014-12-23 00:00:00,2024-07-01 00:00:00,Active,3478
TRT_003259,PAT_06282,Asthma,Respiratory,PROD_13550,2016-01-24 00:00:00,2017-10-03 00:00:00,Discontinued,618
TRT_003260,PAT_06284,"Dementia, including Alzheimer disease",Cognitive disorder therapy,PROD_80779,2022-01-04 00:00:00,2023-12-23 00:00:00,Discontinued,718
TRT_003261,PAT_06286,Osteoarthritis,Analgesic / anti-inflammatory,PROD_4980,2020-05-18 00:00:00,2020-07-17 00:00:00,Discontinued,60
TRT_003262,PAT_06287,Hypertension,Antihypertensive,PROD_77062,2016-08-19 00:00:00,2024-07-01 00:00:00,Active,2873
TRT_003263,PAT_06287,Osteoarthritis,Analgesic / anti-inflammatory,PROD_4980,2024-03-04 00:00:00,2024-05-19 00:00:00,Discontinued,76
TRT_003264,PAT_06290,"Diabetes mellitus (types combined), excluding gestational diabetes",Antidiabetic,PROD_62536,2015-05-27 00:00:00,2018-07-15 00:00:00,Discontinued,1145
TRT_003265,PAT_06292,Ischemic heart disease,Cardiovascular,PROD_82362,2017-01-08 00:00:00,2020-02-21 00:00:00,Discontinued,1139
TRT_003266,PAT_06292,Asthma,Respiratory,PROD_69769,2022-04-27 00:00:00,2024-07-01 00:00:00,Active,796
TRT_003267,PAT_06294,Ischemic heart disease,Cardiovascular,PROD_82362,2024-05-13 00:00:00,2024-07-01 00:00:00,Active,49
TRT_003268,PAT_06296,"Diabetes mellitus (types combined), excluding gestational diabetes",Antidiabetic,PROD_74296,2023-05-31 00:00:00,2024-05-31 00:00:00,Discontinued,366
TRT_003269,PAT_06297,Hypertension,Antihypertensive,PROD_79542,2022-02-06 00:00:00,2024-07-01 00:00:00,Active,876
TRT_003270,PAT_06297,"Diabetes mellitus (types combined), excluding gestational diabetes",Antidiabetic,PROD_74296,2023-08-09 00:00:00,2024-07-01 00:00:00,Active,327
TRT_003271,PAT_06299,Stroke,Antithrombotic / secondary prevention,PROD_19474,2016-06-20 00:00:00,2019-02-24 00:00:00,Discontinued,979
TRT_003272,PAT_06299,"Diabetes mellitus (types combined), excluding gestational diabetes",Antidiabetic,PROD_62536,2019-08-28 00:00:00,2023-04-05 00:00:00,Discontinued,1316
TRT_003273,PAT_06300,"Diabetes mellitus (types combined), excluding gestational diabetes",Antidiabetic,PROD_74296,2016-05-04 00:00:00,2021-04-28 00:00:00,Discontinued,1820
TRT_003274,PAT_06300,Asthma,Respiratory,PROD_69769,2017-01-29 00:00:00,2018-11-24 00:00:00,Discontinued,664
TRT_003275,PAT_06300,Rheumatoid arthritis,Immunomodulatory / anti-inflammatory,PROD_44161,2017-06-07 00:00:00,2018-02-18 00:00:00,Discontinued,256
TRT_003276,PAT_06301,Acute myocardial infarction,Cardiovascular,PROD_73770,2016-10-31 00:00:00,2019-07-25 00:00:00,Discontinued,997
TRT_003277,PAT_06302,Hypertension,Antihypertensive,PROD_75765,2019-10-14 00:00:00,2024-07-01 00:00:00,Active,1722
TRT_003278,PAT_06305,Osteoarthritis,Analgesic / anti-inflammatory,PROD_5432,2016-12-22 00:00:00,2017-01-17 00:00:00,Discontinued,26
TRT_003279,PAT_06308,Hypertension,Antihypertensive,PROD_79542,2018-05-08 00:00:00,2024-07-01 00:00:00,Active,2246
TRT_003280,PAT_06311,Hypertension,Antihypertensive,PROD_77062,2021-09-16 00:00:00,2024-07-01 00:00:00,Active,1019
TRT_003281,PAT_06320,Heart failure,Heart failure therapy,PROD_2333,2016-06-11 00:00:00,2018-11-16 00:00:00,Discontinued,888
TRT_003282,PAT_06320,"Diabetes mellitus (types combined), excluding gestational diabetes",Antidiabetic,PROD_74296,2023-01-12 00:00:00,2024-07-01 00:00:00,Active,536
TRT_003283,PAT_06321,"Parkinsonism, including Parkinson disease",Parkinson's therapy,PROD_68471,2020-11-12 00:00:00,2023-04-23 00:00:00,Discontinued,892
TRT_003284,PAT_06321,Ischemic heart disease,Cardiovascular,PROD_78058,2022-08-05 00:00:00,2024-07-01 00:00:00,Active,696
TRT_003285,PAT_06322,"Diabetes mellitus (types combined), excluding gestational diabetes",Antidiabetic,PROD_74296,2018-07-04 00:00:00,2022-11-06 00:00:00,Discontinued,1586
TRT_003286,PAT_06322,Hypertension,Antihypertensive,PROD_77062,2018-09-18 00:00:00,2021-07-09 00:00:00,Discontinued,1025
TRT_003287,PAT_06322,Osteoarthritis,Analgesic / anti-inflammatory,PROD_5432,2023-01-30 00:00:00,2023-04-30 00:00:00,Discontinued,90
TRT_003288,PAT_06323,Ischemic heart disease,Cardiovascular,PROD_82362,2016-12-24 00:00:00,2022-08-06 00:00:00,Discontinued,2051
TRT_003289,PAT_06329,Ischemic heart disease,Cardiovascular,PROD_78058,2017-08-31 00:00:00,2023-08-16 00:00:00,Discontinued,2176
TRT_003290,PAT_06332,Asthma,Respiratory,PROD_49895,2017-05-05 00:00:00,2018-09-01 00:00:00,Discontinued,484
TRT_003291,PAT_06333,"Diabetes mellitus (types combined), excluding gestational diabetes",Antidiabetic,PROD_62536,2021-03-15 00:00:00,2024-02-26 00:00:00,Discontinued,1078
TRT_003292,PAT_06333,Hypertension,Antihypertensive,PROD_79542,2023-01-31 00:00:00,2024-07-01 00:00:00,Active,517
TRT_003293,PAT_06334,Hypertension,Antihypertensive,PROD_75765,2017-07-14 00:00:00,2022-02-16 00:00:00,Discontinued,1678
TRT_003294,PAT_06335,"Diabetes mellitus (types combined), excluding gestational diabetes",Antidiabetic,PROD_11727,2015-07-20 00:00:00,2018-12-29 00:00:00,Discontinued,1258
TRT_003295,PAT_06335,Hypertension,Antihypertensive,PROD_79542,2020-08-16 00:00:00,2024-07-01 00:00:00,Active,1415
TRT_003296,PAT_06335,Asthma,Respiratory,PROD_49895,2022-06-15 00:00:00,2023-10-13 00:00:00,Discontinued,485
TRT_003297,PAT_06338,Chronic obstructive pulmonary disease,Respiratory,PROD_13550,2018-04-28 00:00:00,2022-10-17 00:00:00,Discontinued,1633
TRT_003298,PAT_06341,"Diabetes mellitus (types combined), excluding gestational diabetes",Antidiabetic,PROD_62536,2024-01-19 06:00:00,2024-07-01 00:00:00,Active,163
TRT_003299,PAT_06342,Hypertension,Antihypertensive,PROD_75765,2015-12-18 00:00:00,2024-07-01 00:00:00,Active,3118
TRT_003300,PAT_06344,"Diabetes mellitus (types combined), excluding gestational diabetes",Antidiabetic,PROD_62536,2022-02-17 06:00:00,2024-07-01 00:00:00,Active,864
TRT_003301,PAT_06347,Chronic obstructive pulmonary disease,Respiratory,PROD_13550,2015-11-10 00:00:00,2017-05-11 00:00:00,Discontinued,548
TRT_003302,PAT_06349,Heart failure,Heart failure therapy,PROD_5646,2017-05-02 00:00:00,2022-02-04 00:00:00,Discontinued,1739
TRT_003303,PAT_06349,Hypertension,Antihypertensive,PROD_79542,2024-04-10 00:00:00,2024-07-01 00:00:00,Active,82
TRT_003304,PAT_06350,Chronic obstructive pulmonary disease,Respiratory,PROD_13550,2020-10-29 00:00:00,2020-12-31 00:00:00,Discontinued,63
TRT_003305,PAT_06352,Ischemic heart disease,Cardiovascular,PROD_82362,2014-11-27 00:00:00,2023-06-22 00:00:00,Discontinued,3129
TRT_003306,PAT_06353,Hypertension,Antihypertensive,PROD_75765,2017-08-03 00:00:00,2023-08-04 00:00:00,Discontinued,2192
TRT_003307,PAT_06354,"Diabetes mellitus (types combined), excluding gestational diabetes",Antidiabetic,PROD_62536,2018-08-29 00:00:00,2024-07-01 00:00:00,Active,2133
TRT_003308,PAT_06359,Asthma,Respiratory,PROD_69769,2024-06-26 06:00:00,2024-07-01 00:00:00,Active,4
TRT_003309,PAT_06362,Ischemic heart disease,Cardiovascular,PROD_82362,2016-07-04 00:00:00,2024-07-01 00:00:00,Active,2919
TRT_003310,PAT_06364,Heart failure,Heart failure therapy,PROD_2333,2015-04-18 00:00:00,2017-01-27 00:00:00,Discontinued,650
TRT_003311,PAT_06364,Osteoporosis,Bone health,PROD_73098,2019-01-04 00:00:00,2020-06-30 00:00:00,Discontinued,543
TRT_003312,PAT_06365,Osteoarthritis,Analgesic / anti-inflammatory,PROD_5917,2018-10-10 00:00:00,2018-10-22 00:00:00,Discontinued,12
TRT_003313,PAT_06365,"Diabetes mellitus (types combined), excluding gestational diabetes",Antidiabetic,PROD_74296,2021-05-19 00:00:00,2024-07-01 00:00:00,Active,1139
TRT_003314,PAT_06370,Osteoporosis,Bone health,PROD_78367,2022-06-03 00:00:00,2024-04-22 00:00:00,Discontinued,689
TRT_003315,PAT_06371,Stroke,Antithrombotic / secondary prevention,PROD_19474,2020-09-26 00:00:00,2021-05-06 00:00:00,Discontinued,222
TRT_003316,PAT_06371,Asthma,Respiratory,PROD_49895,2021-02-18 00:00:00,2023-03-26 00:00:00,Discontinued,766
TRT_003317,PAT_06372,Hypertension,Antihypertensive,PROD_77062,2018-10-19 00:00:00,2022-06-06 00:00:00,Discontinued,1326
TRT_003318,PAT_06374,Asthma,Respiratory,PROD_49895,2016-07-06 00:00:00,2016-11-14 00:00:00,Discontinued,131
TRT_003319,PAT_06377,Stroke,Antithrombotic / secondary prevention,PROD_19474,2024-02-03 00:00:00,2024-07-01 00:00:00,Active,149
TRT_003320,PAT_06379,Asthma,Respiratory,PROD_13550,2015-02-08 06:00:00,2016-07-20 06:00:00,Discontinued,528
TRT_003321,PAT_06381,Stroke,Antithrombotic / secondary prevention,PROD_66470,2015-11-27 00:00:00,2016-05-31 00:00:00,Discontinued,186
TRT_003322,PAT_06382,Ischemic heart disease,Cardiovascular,PROD_73770,2017-10-02 00:00:00,2020-10-10 00:00:00,Discontinued,1104
TRT_003323,PAT_06383,Hypertension,Antihypertensive,PROD_79542,2016-12-13 00:00:00,2021-05-04 00:00:00,Discontinued,1603
TRT_003324,PAT_06385,Hypertension,Antihypertensive,PROD_77062,2023-07-23 00:00:00,2024-07-01 00:00:00,Active,344
TRT_003325,PAT_06388,Heart failure,Heart failure therapy,PROD_5646,2023-05-08 00:00:00,2024-07-01 00:00:00,Active,420
TRT_003326,PAT_06390,Ischemic heart disease,Cardiovascular,PROD_82362,2022-02-10 00:00:00,2024-07-01 00:00:00,Active,872
TRT_003327,PAT_06391,"Diabetes mellitus (types combined), excluding gestational diabetes",Antidiabetic,PROD_11727,2015-03-07 00:00:00,2024-07-01 00:00:00,Active,3404
TRT_003328,PAT_06391,Hypertension,Antihypertensive,PROD_79542,2017-03-01 00:00:00,2020-10-11 00:00:00,Discontinued,1320
TRT_003329,PAT_06391,Chronic obstructive pulmonary disease,Respiratory,PROD_13550,2018-01-17 00:00:00,2020-05-05 00:00:00,Discontinued,839
TRT_003330,PAT_06393,Osteoarthritis,Analgesic / anti-inflammatory,PROD_5432,2020-07-08 00:00:00,2021-01-28 00:00:00,Discontinued,204
TRT_003331,PAT_06394,"Dementia, including Alzheimer disease",Cognitive disorder therapy,PROD_80653,2019-04-04 00:00:00,2024-07-01 00:00:00,Active,1915
TRT_003332,PAT_06394,"Diabetes mellitus (types combined), excluding gestational diabetes",Antidiabetic,PROD_62536,2022-12-07 00:00:00,2024-07-01 00:00:00,Active,572
TRT_003333,PAT_06396,Hypertension,Antihypertensive,PROD_75765,2019-10-16 00:00:00,2023-11-12 00:00:00,Discontinued,1488
TRT_003334,PAT_06396,Osteoporosis,Bone health,PROD_78367,2021-11-01 00:00:00,2024-07-01 00:00:00,Active,973
TRT_003335,PAT_06401,Asthma,Respiratory,PROD_13550,2024-04-16 00:00:00,2024-06-01 00:00:00,Discontinued,46
TRT_003336,PAT_06402,Osteoarthritis,Analgesic / anti-inflammatory,PROD_5432,2016-04-27 00:00:00,2016-07-13 00:00:00,Discontinued,77
TRT_003337,PAT_06402,Asthma,Respiratory,PROD_49895,2016-07-09 00:00:00,2020-12-27 00:00:00,Discontinued,1632
TRT_003338,PAT_06406,Ischemic heart disease,Cardiovascular,PROD_78058,2020-03-24 00:00:00,2024-07-01 00:00:00,Active,1560
TRT_003339,PAT_06408,Hypertension,Antihypertensive,PROD_77062,2022-04-20 00:00:00,2024-07-01 00:00:00,Active,803
TRT_003340,PAT_06409,Heart failure,Heart failure therapy,PROD_70034,2023-07-25 00:00:00,2024-07-01 00:00:00,Active,342
TRT_003341,PAT_06409,"Diabetes mellitus (types combined), excluding gestational diabetes",Antidiabetic,PROD_74296,2023-07-05 00:00:00,2024-07-01 00:00:00,Active,362
TRT_003342,PAT_06409,Hypertension,Antihypertensive,PROD_75765,2024-03-05 00:00:00,2024-07-01 00:00:00,Active,118
TRT_003343,PAT_06411,Hypertension,Antihypertensive,PROD_77062,2023-08-21 00:00:00,2024-07-01 00:00:00,Active,315
TRT_003344,PAT_06414,"Diabetes mellitus (types combined), excluding gestational diabetes",Antidiabetic,PROD_62536,2015-10-09 00:00:00,2017-12-03 00:00:00,Discontinued,786
TRT_003345,PAT_06416,Ischemic heart disease,Cardiovascular,PROD_78058,2019-07-25 00:00:00,2024-07-01 00:00:00,Active,1803
TRT_003346,PAT_06417,"Diabetes mellitus (types combined), excluding gestational diabetes",Antidiabetic,PROD_74296,2020-05-24 00:00:00,2024-07-01 00:00:00,Active,1499
TRT_003347,PAT_06418,Hypertension,Antihypertensive,PROD_77062,2019-12-15 00:00:00,2024-07-01 00:00:00,Active,1660
TRT_003348,PAT_06424,Asthma,Respiratory,PROD_49895,2023-09-14 00:00:00,2024-07-01 00:00:00,Active,291
TRT_003349,PAT_06425,Asthma,Respiratory,PROD_13550,2016-05-30 00:00:00,2017-10-29 00:00:00,Discontinued,517
TRT_003350,PAT_06426,Hypertension,Antihypertensive,PROD_77062,2024-04-09 00:00:00,2024-07-01 00:00:00,Active,83
TRT_003351,PAT_06427,Hypertension,Antihypertensive,PROD_77062,2016-12-27 00:00:00,2023-08-13 00:00:00,Discontinued,2420
TRT_003352,PAT_06428,Epilepsy,Antiepileptic,PROD_75964,2014-11-13 00:00:00,2020-03-31 00:00:00,Discontinued,1965
TRT_003353,PAT_06431,Hypertension,Antihypertensive,PROD_79542,2020-01-18 00:00:00,2022-03-27 00:00:00,Discontinued,799
TRT_003354,PAT_06433,Osteoarthritis,Analgesic / anti-inflammatory,PROD_4980,2015-03-22 00:00:00,2015-06-13 00:00:00,Discontinued,83
TRT_003355,PAT_06437,Osteoporosis,Bone health,PROD_73098,2015-12-31 00:00:00,2018-07-26 00:00:00,Discontinued,938
TRT_003356,PAT_06440,"Diabetes mellitus (types combined), excluding gestational diabetes",Antidiabetic,PROD_62536,2018-05-23 00:00:00,2024-07-01 00:00:00,Active,2231
TRT_003357,PAT_06444,Chronic obstructive pulmonary disease,Respiratory,PROD_13550,2015-02-15 00:00:00,2015-08-24 00:00:00,Discontinued,190
TRT_003358,PAT_06444,Schizophrenia,Antipsychotic,PROD_76239,2023-07-31 00:00:00,2024-07-01 00:00:00,Active,336
TRT_003359,PAT_06446,Ischemic heart disease,Cardiovascular,PROD_82362,2023-01-25 00:00:00,2024-07-01 00:00:00,Active,523
TRT_003360,PAT_06447,Hypertension,Antihypertensive,PROD_77062,2015-11-27 00:00:00,2019-03-12 00:00:00,Discontinued,1201
TRT_003361,PAT_06449,"Diabetes mellitus (types combined), excluding gestational diabetes",Antidiabetic,PROD_62536,2017-07-23 00:00:00,2023-09-16 00:00:00,Discontinued,2246
TRT_003362,PAT_06449,Hypertension,Antihypertensive,PROD_75765,2022-07-30 00:00:00,2024-07-01 00:00:00,Active,702
TRT_003363,PAT_06450,Asthma,Respiratory,PROD_49895,2022-12-18 00:00:00,2024-06-15 00:00:00,Discontinued,545
TRT_003364,PAT_06458,Stroke,Antithrombotic / secondary prevention,PROD_66470,2015-12-25 00:00:00,2018-01-27 00:00:00,Discontinued,764
TRT_003365,PAT_06459,Stroke,Antithrombotic / secondary prevention,PROD_66470,2021-10-08 00:00:00,2022-09-07 00:00:00,Discontinued,334
TRT_003366,PAT_06460,Ischemic heart disease,Cardiovascular,PROD_82362,2019-10-14 00:00:00,2024-07-01 00:00:00,Active,1722
TRT_003367,PAT_06462,Osteoporosis,Bone health,PROD_78367,2015-07-22 00:00:00,2018-01-19 00:00:00,Discontinued,912
TRT_003368,PAT_06462,Hypertension,Antihypertensive,PROD_77062,2022-08-16 00:00:00,2024-07-01 00:00:00,Active,685
TRT_003369,PAT_06462,Osteoarthritis,Analgesic / anti-inflammatory,PROD_4980,2023-07-14 00:00:00,2023-11-11 00:00:00,Discontinued,120
TRT_003370,PAT_06463,Ischemic heart disease,Cardiovascular,PROD_82362,2020-09-06 00:00:00,2024-07-01 00:00:00,Active,1394
TRT_003371,PAT_06464,Asthma,Respiratory,PROD_69769,2020-11-12 00:00:00,2023-09-22 00:00:00,Discontinued,1044
TRT_003372,PAT_06468,"Diabetes mellitus (types combined), excluding gestational diabetes",Antidiabetic,PROD_62536,2022-04-21 00:00:00,2024-07-01 00:00:00,Active,802
TRT_003373,PAT_06471,Acute myocardial infarction,Cardiovascular,PROD_82362,2018-09-29 00:00:00,2024-07-01 00:00:00,Active,2102
TRT_003374,PAT_06472,Chronic obstructive pulmonary disease,Respiratory,PROD_13550,2017-10-11 00:00:00,2018-11-11 00:00:00,Discontinued,396
TRT_003375,PAT_06472,Stroke,Antithrombotic / secondary prevention,PROD_19474,2024-01-05 00:00:00,2024-07-01 00:00:00,Active,178
TRT_003376,PAT_06473,Osteoarthritis,Analgesic / anti-inflammatory,PROD_5432,2019-05-21 00:00:00,2019-06-19 00:00:00,Discontinued,29
TRT_003377,PAT_06474,Hypertension,Antihypertensive,PROD_75765,2023-12-05 00:00:00,2024-07-01 00:00:00,Active,209
TRT_003378,PAT_06477,Acute myocardial infarction,Cardiovascular,PROD_73770,2016-01-31 00:00:00,2024-07-01 00:00:00,Active,3074
TRT_003379,PAT_06477,Osteoarthritis,Analgesic / anti-inflammatory,PROD_5917,2018-08-16 00:00:00,2018-08-31 00:00:00,Discontinued,15
TRT_003380,PAT_06479,Ischemic heart disease,Cardiovascular,PROD_78058,2020-12-05 00:00:00,2024-07-01 00:00:00,Active,1304
TRT_003381,PAT_06482,"Diabetes mellitus (types combined), excluding gestational diabetes",Antidiabetic,PROD_62536,2022-06-12 00:00:00,2024-07-01 00:00:00,Active,750
TRT_003382,PAT_06482,Osteoporosis,Bone health,PROD_78367,2024-05-03 00:00:00,2024-07-01 00:00:00,Active,59
TRT_003383,PAT_06483,"Diabetes mellitus (types combined), excluding gestational diabetes",Antidiabetic,PROD_62536,2022-04-03 00:00:00,2023-03-19 00:00:00,Discontinued,350
TRT_003384,PAT_06484,Asthma,Respiratory,PROD_49895,2023-05-20 00:00:00,2024-07-01 00:00:00,Active,408
TRT_003385,PAT_06486,Schizophrenia,Antipsychotic,PROD_76239,2018-05-01 00:00:00,2024-07-01 00:00:00,Active,2253
TRT_003386,PAT_06486,"Diabetes mellitus (types combined), excluding gestational diabetes",Antidiabetic,PROD_62536,2021-12-17 00:00:00,2024-07-01 00:00:00,Active,927
TRT_003387,PAT_06486,Asthma,Respiratory,PROD_69769,2023-04-17 00:00:00,2024-03-14 00:00:00,Discontinued,332
TRT_003388,PAT_06488,"Diabetes mellitus (types combined), excluding gestational diabetes",Antidiabetic,PROD_62536,2020-06-18 00:00:00,2021-08-17 00:00:00,Discontinued,425
TRT_003389,PAT_06493,"Diabetes mellitus (types combined), excluding gestational diabetes",Antidiabetic,PROD_62536,2023-01-16 06:00:00,2024-07-01 00:00:00,Active,531
TRT_003390,PAT_06494,Asthma,Respiratory,PROD_49895,2018-07-31 00:00:00,2024-07-01 00:00:00,Active,2162
TRT_003391,PAT_06494,Hypertension,Antihypertensive,PROD_75765,2022-03-28 00:00:00,2024-07-01 00:00:00,Active,826
TRT_003392,PAT_06496,Hypertension,Antihypertensive,PROD_75765,2018-02-27 00:00:00,2022-11-22 00:00:00,Discontinued,1729
TRT_003393,PAT_06500,Hypertension,Antihypertensive,PROD_75765,2018-08-23 00:00:00,2024-07-01 00:00:00,Active,2139
TRT_003394,PAT_06501,Hypertension,Antihypertensive,PROD_75765,2022-09-02 00:00:00,2024-07-01 00:00:00,Active,668
TRT_003395,PAT_06503,Hypertension,Antihypertensive,PROD_77062,2023-02-06 00:00:00,2024-07-01 00:00:00,Active,511
TRT_003396,PAT_06505,Asthma,Respiratory,PROD_69769,2023-06-05 00:00:00,2024-05-30 00:00:00,Discontinued,360
TRT_003397,PAT_06512,Asthma,Respiratory,PROD_69769,2017-07-20 00:00:00,2019-07-25 00:00:00,Discontinued,735
TRT_003398,PAT_06512,"Diabetes mellitus (types combined), excluding gestational diabetes",Antidiabetic,PROD_74296,2018-06-03 00:00:00,2021-08-29 00:00:00,Discontinued,1183
TRT_003399,PAT_06513,Hypertension,Antihypertensive,PROD_77062,2023-10-14 00:00:00,2024-07-01 00:00:00,Active,261
TRT_003400,PAT_06514,Hypertension,Antihypertensive,PROD_75765,2019-05-21 00:00:00,2023-01-05 00:00:00,Discontinued,1325
TRT_003401,PAT_06515,Asthma,Respiratory,PROD_49895,2015-12-19 00:00:00,2018-10-24 00:00:00,Discontinued,1040
TRT_003402,PAT_06515,Hypertension,Antihypertensive,PROD_79542,2024-05-23 00:00:00,2024-07-01 00:00:00,Active,39
TRT_003403,PAT_06519,Stroke,Antithrombotic / secondary prevention,PROD_66470,2014-11-10 00:00:00,2016-05-28 00:00:00,Discontinued,565
TRT_003404,PAT_06519,Hypertension,Antihypertensive,PROD_79542,2021-03-03 00:00:00,2024-07-01 00:00:00,Active,1216
TRT_003405,PAT_06520,Asthma,Respiratory,PROD_49895,2019-03-28 00:00:00,2020-06-17 00:00:00,Discontinued,447
TRT_003406,PAT_06520,Hypertension,Antihypertensive,PROD_77062,2022-07-11 00:00:00,2024-07-01 00:00:00,Active,721
TRT_003407,PAT_06522,Epilepsy,Antiepileptic,PROD_9242,2017-11-21 00:00:00,2021-05-17 00:00:00,Discontinued,1273
TRT_003408,PAT_06525,Hypertension,Antihypertensive,PROD_75765,2018-07-09 00:00:00,2024-07-01 00:00:00,Active,2184
TRT_003409,PAT_06528,Asthma,Respiratory,PROD_13550,2023-07-31 00:00:00,2024-07-01 00:00:00,Active,336
TRT_003410,PAT_06529,Asthma,Respiratory,PROD_13550,2020-07-03 00:00:00,2021-05-13 00:00:00,Discontinued,314
TRT_003411,PAT_06532,Hypertension,Antihypertensive,PROD_79542,2018-02-15 00:00:00,2019-10-05 00:00:00,Discontinued,597
TRT_003412,PAT_06535,Hypertension,Antihypertensive,PROD_75765,2018-08-18 00:00:00,2024-07-01 00:00:00,Active,2144
TRT_003413,PAT_06536,Acute myocardial infarction,Cardiovascular,PROD_82362,2023-09-16 00:00:00,2024-07-01 00:00:00,Active,289
TRT_003414,PAT_06538,Osteoporosis,Bone health,PROD_73098,2015-10-27 00:00:00,2018-12-13 00:00:00,Discontinued,1143
TRT_003415,PAT_06539,Hypertension,Antihypertensive,PROD_79542,2015-02-21 00:00:00,2024-07-01 00:00:00,Active,3418
TRT_003416,PAT_06543,Asthma,Respiratory,PROD_13550,2015-09-04 00:00:00,2019-01-07 00:00:00,Discontinued,1221
TRT_003417,PAT_06544,Hypertension,Antihypertensive,PROD_75765,2023-04-03 00:00:00,2024-07-01 00:00:00,Active,455
TRT_003418,PAT_06545,Asthma,Respiratory,PROD_13550,2021-06-10 00:00:00,2022-04-26 00:00:00,Discontinued,320
TRT_003419,PAT_06546,Asthma,Respiratory,PROD_49895,2020-08-22 00:00:00,2024-07-01 00:00:00,Active,1409
TRT_003420,PAT_06549,"Diabetes mellitus (types combined), excluding gestational diabetes",Antidiabetic,PROD_62536,2015-01-14 00:00:00,2020-02-19 00:00:00,Discontinued,1862
TRT_003421,PAT_06552,Asthma,Respiratory,PROD_13550,2018-02-21 00:00:00,2020-04-21 00:00:00,Discontinued,790
TRT_003422,PAT_06553,Hypertension,Antihypertensive,PROD_79542,2021-09-01 00:00:00,2024-07-01 00:00:00,Active,1034
TRT_003423,PAT_06555,Hypertension,Antihypertensive,PROD_79542,2023-05-28 00:00:00,2024-07-01 00:00:00,Active,400
TRT_003424,PAT_06561,Hypertension,Antihypertensive,PROD_75765,2019-06-13 00:00:00,2024-07-01 00:00:00,Active,1845
TRT_003425,PAT_06562,Osteoarthritis,Analgesic / anti-inflammatory,PROD_4980,2015-04-23 00:00:00,2015-06-06 00:00:00,Discontinued,44
TRT_003426,PAT_06571,Ischemic heart disease,Cardiovascular,PROD_82362,2020-09-23 00:00:00,2024-07-01 00:00:00,Active,1377
TRT_003427,PAT_06572,Hypertension,Antihypertensive,PROD_77062,2017-12-28 00:00:00,2021-04-10 00:00:00,Discontinued,1199
TRT_003428,PAT_06574,Hypertension,Antihypertensive,PROD_79542,2018-11-15 00:00:00,2024-07-01 00:00:00,Active,2055
TRT_003429,PAT_06574,Ischemic heart disease,Cardiovascular,PROD_82362,2023-08-30 00:00:00,2024-07-01 00:00:00,Active,306
TRT_003430,PAT_06576,Stroke,Antithrombotic / secondary prevention,PROD_66470,2022-03-20 00:00:00,2024-07-01 00:00:00,Active,834
TRT_003431,PAT_06578,"Diabetes mellitus (types combined), excluding gestational diabetes",Antidiabetic,PROD_11727,2015-07-30 00:00:00,2018-08-29 00:00:00,Discontinued,1126
TRT_003432,PAT_06582,Osteoporosis,Bone health,PROD_78367,2020-06-11 00:00:00,2024-07-01 00:00:00,Active,1481
TRT_003433,PAT_06584,Osteoarthritis,Analgesic / anti-inflammatory,PROD_5432,2017-11-16 00:00:00,2018-02-13 00:00:00,Discontinued,89
TRT_003434,PAT_06588,Osteoporosis,Bone health,PROD_78367,2017-04-30 00:00:00,2019-07-03 00:00:00,Discontinued,794
TRT_003435,PAT_06588,Osteoarthritis,Analgesic / anti-inflammatory,PROD_4980,2023-07-21 00:00:00,2023-09-25 00:00:00,Discontinued,66
TRT_003436,PAT_06589,Rheumatoid arthritis,Immunomodulatory / anti-inflammatory,PROD_19681,2018-09-16 00:00:00,2019-07-25 00:00:00,Discontinued,312
TRT_003437,PAT_06589,"Diabetes mellitus (types combined), excluding gestational diabetes",Antidiabetic,PROD_62536,2019-02-06 00:00:00,2024-07-01 00:00:00,Active,1972
TRT_003438,PAT_06591,Osteoporosis,Bone health,PROD_78367,2024-01-08 00:00:00,2024-07-01 00:00:00,Active,175
TRT_003439,PAT_06593,Osteoarthritis,Analgesic / anti-inflammatory,PROD_5917,2019-07-03 00:00:00,2019-09-14 00:00:00,Discontinued,73
TRT_003440,PAT_06596,Hypertension,Antihypertensive,PROD_77062,2014-09-23 00:00:00,2021-03-14 00:00:00,Discontinued,2364
TRT_003441,PAT_06598,Hypertension,Antihypertensive,PROD_77062,2016-01-22 00:00:00,2024-07-01 00:00:00,Active,3083
TRT_003442,PAT_06598,Osteoarthritis,Analgesic / anti-inflammatory,PROD_4980,2020-11-19 00:00:00,2021-02-16 00:00:00,Discontinued,89
TRT_003443,PAT_06599,Stroke,Antithrombotic / secondary prevention,PROD_66470,2016-12-13 00:00:00,2018-02-16 00:00:00,Discontinued,430
TRT_003444,PAT_06600,"Diabetes mellitus (types combined), excluding gestational diabetes",Antidiabetic,PROD_11727,2021-08-20 00:00:00,2024-07-01 00:00:00,Active,1046
TRT_003445,PAT_06600,Hypertension,Antihypertensive,PROD_75765,2022-10-09 00:00:00,2023-10-29 00:00:00,Discontinued,385
TRT_003446,PAT_06607,Ischemic heart disease,Cardiovascular,PROD_78058,2021-07-24 00:00:00,2023-08-06 00:00:00,Discontinued,743
TRT_003447,PAT_06607,Hypertension,Antihypertensive,PROD_77062,2024-03-17 00:00:00,2024-07-01 00:00:00,Active,106
TRT_003448,PAT_06608,Osteoarthritis,Analgesic / anti-inflammatory,PROD_5432,2015-07-04 00:00:00,2015-08-24 00:00:00,Discontinued,51
TRT_003449,PAT_06608,Hypertension,Antihypertensive,PROD_79542,2015-07-05 00:00:00,2017-01-04 00:00:00,Discontinued,549
TRT_003450,PAT_06608,Osteoporosis,Bone health,PROD_73098,2022-06-13 00:00:00,2024-07-01 00:00:00,Active,749
TRT_003451,PAT_06609,Asthma,Respiratory,PROD_69769,2020-07-30 06:00:00,2022-07-11 06:00:00,Discontinued,711
TRT_003452,PAT_06609,"Diabetes mellitus (types combined), excluding gestational diabetes",Antidiabetic,PROD_11727,2023-09-29 06:00:00,2024-07-01 00:00:00,Active,275
TRT_003453,PAT_06611,Asthma,Respiratory,PROD_13550,2017-03-29 00:00:00,2017-12-28 00:00:00,Discontinued,274
TRT_003454,PAT_06611,Osteoporosis,Bone health,PROD_73098,2020-08-22 00:00:00,2023-10-14 00:00:00,Discontinued,1148
TRT_003455,PAT_06612,Multiple sclerosis,Disease-modifying therapy,PROD_103009,2016-05-31 00:00:00,2023-10-06 00:00:00,Discontinued,2684
TRT_003456,PAT_06615,Osteoporosis,Bone health,PROD_78367,2023-12-09 00:00:00,2024-07-01 00:00:00,Active,205
TRT_003457,PAT_06617,Hypertension,Antihypertensive,PROD_79542,2023-04-06 00:00:00,2024-07-01 00:00:00,Active,452
TRT_003458,PAT_06617,Osteoarthritis,Analgesic / anti-inflammatory,PROD_5917,2023-10-29 00:00:00,2023-12-16 00:00:00,Discontinued,48
TRT_003459,PAT_06621,Osteoarthritis,Analgesic / anti-inflammatory,PROD_4980,2014-10-02 00:00:00,2015-01-07 00:00:00,Discontinued,97
TRT_003460,PAT_06621,"Diabetes mellitus (types combined), excluding gestational diabetes",Antidiabetic,PROD_74296,2015-11-04 00:00:00,2024-07-01 00:00:00,Active,3162
TRT_003461,PAT_06626,Osteoarthritis,Analgesic / anti-inflammatory,PROD_4980,2020-10-03 00:00:00,2021-06-01 00:00:00,Discontinued,241
TRT_003462,PAT_06627,"Diabetes mellitus (types combined), excluding gestational diabetes",Antidiabetic,PROD_62536,2021-08-05 00:00:00,2024-07-01 00:00:00,Active,1061
TRT_003463,PAT_06632,Hypertension,Antihypertensive,PROD_79542,2023-08-16 00:00:00,2024-07-01 00:00:00,Active,320
TRT_003464,PAT_06636,Hypertension,Antihypertensive,PROD_75765,2020-11-30 00:00:00,2024-07-01 00:00:00,Active,1309
TRT_003465,PAT_06637,Hypertension,Antihypertensive,PROD_75765,2019-12-11 00:00:00,2023-07-06 00:00:00,Discontinued,1303
TRT_003466,PAT_06638,Ischemic heart disease,Cardiovascular,PROD_73770,2021-06-20 00:00:00,2022-10-03 00:00:00,Discontinued,470
TRT_003467,PAT_06638,"Diabetes mellitus (types combined), excluding gestational diabetes",Antidiabetic,PROD_74296,2021-09-01 00:00:00,2023-06-29 00:00:00,Discontinued,666
TRT_003468,PAT_06638,Chronic obstructive pulmonary disease,Respiratory,PROD_49895,2021-11-30 00:00:00,2023-03-08 00:00:00,Discontinued,463
TRT_003469,PAT_06640,"Diabetes mellitus (types combined), excluding gestational diabetes",Antidiabetic,PROD_11727,2023-09-04 00:00:00,2024-07-01 00:00:00,Active,301
TRT_003470,PAT_06644,Hypertension,Antihypertensive,PROD_77062,2014-11-21 00:00:00,2024-07-01 00:00:00,Active,3510
TRT_003471,PAT_06644,"Diabetes mellitus (types combined), excluding gestational diabetes",Antidiabetic,PROD_74296,2020-08-17 00:00:00,2024-07-01 00:00:00,Active,1414
TRT_003472,PAT_06646,Heart failure,Heart failure therapy,PROD_2333,2018-12-11 00:00:00,2021-12-06 00:00:00,Discontinued,1091
TRT_003473,PAT_06648,Hypertension,Antihypertensive,PROD_77062,2015-02-22 00:00:00,2024-05-16 00:00:00,Discontinued,3371
TRT_003474,PAT_06649,Hypertension,Antihypertensive,PROD_75765,2015-10-19 00:00:00,2019-04-17 00:00:00,Discontinued,1276
TRT_003475,PAT_06650,Asthma,Respiratory,PROD_13550,2019-11-16 00:00:00,2022-11-05 00:00:00,Discontinued,1085
TRT_003476,PAT_06651,Hypertension,Antihypertensive,PROD_77062,2022-12-03 00:00:00,2024-07-01 00:00:00,Active,576
TRT_003477,PAT_06653,Epilepsy,Antiepileptic,PROD_75964,2021-10-07 00:00:00,2024-07-01 00:00:00,Active,998
TRT_003478,PAT_06654,Hypertension,Antihypertensive,PROD_77062,2020-03-13 00:00:00,2023-08-26 00:00:00,Discontinued,1261
TRT_003479,PAT_06656,"Diabetes mellitus (types combined), excluding gestational diabetes",Antidiabetic,PROD_11727,2021-02-13 00:00:00,2024-07-01 00:00:00,Active,1234
TRT_003480,PAT_06656,Osteoarthritis,Analgesic / anti-inflammatory,PROD_5432,2024-02-11 00:00:00,2024-03-02 00:00:00,Discontinued,20
TRT_003481,PAT_06657,Heart failure,Heart failure therapy,PROD_5646,2023-06-30 00:00:00,2024-07-01 00:00:00,Active,367
TRT_003482,PAT_06660,Ischemic heart disease,Cardiovascular,PROD_78058,2016-08-26 00:00:00,2021-07-22 00:00:00,Discontinued,1791
TRT_003483,PAT_06665,Asthma,Respiratory,PROD_49895,2018-05-24 00:00:00,2019-11-21 00:00:00,Discontinued,546
TRT_003484,PAT_06667,Osteoarthritis,Analgesic / anti-inflammatory,PROD_4980,2017-09-29 00:00:00,2017-10-17 00:00:00,Discontinued,18
TRT_003485,PAT_06668,Hypertension,Antihypertensive,PROD_75765,2023-02-26 00:00:00,2024-07-01 00:00:00,Active,491
TRT_003486,PAT_06674,Stroke,Antithrombotic / secondary prevention,PROD_66470,2016-10-22 00:00:00,2022-08-17 00:00:00,Discontinued,2125
TRT_003487,PAT_06676,"Diabetes mellitus (types combined), excluding gestational diabetes",Antidiabetic,PROD_62536,2014-12-25 00:00:00,2018-08-11 00:00:00,Discontinued,1325
TRT_003488,PAT_06677,Stroke,Antithrombotic / secondary prevention,PROD_61080,2016-07-09 00:00:00,2019-08-01 00:00:00,Discontinued,1118
TRT_003489,PAT_06678,Osteoporosis,Bone health,PROD_78367,2022-12-28 00:00:00,2024-07-01 00:00:00,Active,551
TRT_003490,PAT_06682,"Diabetes mellitus (types combined), excluding gestational diabetes",Antidiabetic,PROD_11727,2017-09-04 00:00:00,2024-07-01 00:00:00,Active,2492
TRT_003491,PAT_06685,Osteoarthritis,Analgesic / anti-inflammatory,PROD_5917,2015-09-23 00:00:00,2016-01-06 00:00:00,Discontinued,105
TRT_003492,PAT_06687,Chronic obstructive pulmonary disease,Respiratory,PROD_49895,2019-01-19 00:00:00,2019-08-23 00:00:00,Discontinued,216
TRT_003493,PAT_06690,Hypertension,Antihypertensive,PROD_79542,2016-11-03 00:00:00,2022-01-20 00:00:00,Discontinued,1904
TRT_003494,PAT_06693,"Diabetes mellitus (types combined), excluding gestational diabetes",Antidiabetic,PROD_62536,2021-06-11 00:00:00,2024-07-01 00:00:00,Active,1116
TRT_003495,PAT_06696,Asthma,Respiratory,PROD_49895,2017-01-15 00:00:00,2019-07-05 00:00:00,Discontinued,901
TRT_003496,PAT_06697,Asthma,Respiratory,PROD_49895,2022-12-18 00:00:00,2024-04-19 00:00:00,Discontinued,488
TRT_003497,PAT_06698,Hypertension,Antihypertensive,PROD_75765,2020-09-23 00:00:00,2024-07-01 00:00:00,Active,1377
TRT_003498,PAT_06699,Hypertension,Antihypertensive,PROD_77062,2015-05-21 00:00:00,2024-07-01 00:00:00,Active,3329
TRT_003499,PAT_06701,Hypertension,Antihypertensive,PROD_79542,2017-05-13 00:00:00,2024-07-01 00:00:00,Active,2606
TRT_003500,PAT_06702,Rheumatoid arthritis,Immunomodulatory / anti-inflammatory,PROD_44161,2023-10-06 00:00:00,2024-07-01 00:00:00,Active,269
TRT_003501,PAT_06703,Hypertension,Antihypertensive,PROD_75765,2023-06-10 00:00:00,2024-07-01 00:00:00,Active,387
TRT_003502,PAT_06705,Osteoporosis,Bone health,PROD_78367,2015-12-05 00:00:00,2020-08-30 00:00:00,Discontinued,1730
TRT_003503,PAT_06706,Hypertension,Antihypertensive,PROD_75765,2017-11-03 00:00:00,2018-10-24 00:00:00,Discontinued,355
TRT_003504,PAT_06712,Rheumatoid arthritis,Immunomodulatory / anti-inflammatory,PROD_19681,2022-08-08 00:00:00,2024-07-01 00:00:00,Active,693
TRT_003505,PAT_06713,Hypertension,Antihypertensive,PROD_75765,2017-08-30 00:00:00,2022-02-03 00:00:00,Discontinued,1618
TRT_003506,PAT_06713,Chronic obstructive pulmonary disease,Respiratory,PROD_13550,2019-09-11 00:00:00,2020-08-08 00:00:00,Discontinued,332
TRT_003507,PAT_06718,Hypertension,Antihypertensive,PROD_75765,2021-10-17 00:00:00,2024-07-01 00:00:00,Active,988
TRT_003508,PAT_06718,Ischemic heart disease,Cardiovascular,PROD_73770,2021-11-06 00:00:00,2023-05-28 00:00:00,Discontinued,568
TRT_003509,PAT_06719,Osteoarthritis,Analgesic / anti-inflammatory,PROD_5917,2023-02-10 00:00:00,2023-03-03 00:00:00,Discontinued,21
TRT_003510,PAT_06720,Osteoarthritis,Analgesic / anti-inflammatory,PROD_5432,2015-08-05 00:00:00,2016-04-05 00:00:00,Discontinued,244
TRT_003511,PAT_06720,Osteoporosis,Bone health,PROD_73098,2019-04-08 00:00:00,2023-03-23 00:00:00,Discontinued,1445
TRT_003512,PAT_06723,Chronic obstructive pulmonary disease,Respiratory,PROD_49895,2017-12-22 00:00:00,2018-02-09 00:00:00,Discontinued,49
TRT_003513,PAT_06724,Osteoarthritis,Analgesic / anti-inflammatory,PROD_5917,2019-11-17 00:00:00,2020-01-13 00:00:00,Discontinued,57
TRT_003514,PAT_06724,Asthma,Respiratory,PROD_69769,2022-08-21 00:00:00,2024-07-01 00:00:00,Active,680
TRT_003515,PAT_06726,Osteoarthritis,Analgesic / anti-inflammatory,PROD_4980,2017-08-26 00:00:00,2017-11-06 00:00:00,Discontinued,72
TRT_003516,PAT_06727,Hypertension,Antihypertensive,PROD_75765,2022-09-14 00:00:00,2024-07-01 00:00:00,Active,656
TRT_003517,PAT_06728,Hypertension,Antihypertensive,PROD_79542,2014-11-13 00:00:00,2024-07-01 00:00:00,Active,3518
TRT_003518,PAT_06734,Chronic obstructive pulmonary disease,Respiratory,PROD_49895,2016-02-28 00:00:00,2016-07-18 00:00:00,Discontinued,141
TRT_003519,PAT_06734,Osteoarthritis,Analgesic / anti-inflammatory,PROD_5917,2019-02-06 00:00:00,2019-04-27 00:00:00,Discontinued,80
TRT_003520,PAT_06736,Osteoporosis,Bone health,PROD_73098,2019-05-29 00:00:00,2021-09-12 00:00:00,Discontinued,837
TRT_003521,PAT_06736,Chronic obstructive pulmonary disease,Respiratory,PROD_13550,2021-07-06 00:00:00,2021-11-20 00:00:00,Discontinued,137
TRT_003522,PAT_06739,Hypertension,Antihypertensive,PROD_77062,2018-01-25 00:00:00,2019-09-30 00:00:00,Discontinued,613
TRT_003523,PAT_06739,Asthma,Respiratory,PROD_13550,2022-03-18 00:00:00,2022-11-18 00:00:00,Discontinued,245
TRT_003524,PAT_06739,Ischemic heart disease,Cardiovascular,PROD_82362,2024-06-18 00:00:00,2024-07-01 00:00:00,Active,13
TRT_003525,PAT_06740,Osteoarthritis,Analgesic / anti-inflammatory,PROD_5917,2019-09-08 00:00:00,2019-12-30 00:00:00,Discontinued,113
TRT_003526,PAT_06740,Hypertension,Antihypertensive,PROD_75765,2021-07-19 00:00:00,2024-07-01 00:00:00,Active,1078
TRT_003527,PAT_06742,Ischemic heart disease,Cardiovascular,PROD_78058,2023-07-30 00:00:00,2024-07-01 00:00:00,Active,337
TRT_003528,PAT_06743,Chronic obstructive pulmonary disease,Respiratory,PROD_49895,2023-04-21 00:00:00,2024-07-01 00:00:00,Active,437
TRT_003529,PAT_06748,"Diabetes mellitus (types combined), excluding gestational diabetes",Antidiabetic,PROD_62536,2021-05-29 00:00:00,2024-07-01 00:00:00,Active,1129
TRT_003530,PAT_06755,Hypertension,Antihypertensive,PROD_77062,2022-03-30 00:00:00,2024-07-01 00:00:00,Active,824
TRT_003531,PAT_06755,Osteoarthritis,Analgesic / anti-inflammatory,PROD_5432,2022-10-07 00:00:00,2022-12-26 00:00:00,Discontinued,80
TRT_003532,PAT_06757,Hypertension,Antihypertensive,PROD_79542,2015-09-29 00:00:00,2019-05-02 00:00:00,Discontinued,1311
TRT_003533,PAT_06757,"Diabetes mellitus (types combined), excluding gestational diabetes",Antidiabetic,PROD_11727,2018-03-11 00:00:00,2024-07-01 00:00:00,Active,2304
TRT_003534,PAT_06761,"Diabetes mellitus (types combined), excluding gestational diabetes",Antidiabetic,PROD_11727,2018-06-25 00:00:00,2019-05-09 00:00:00,Discontinued,318
TRT_003535,PAT_06763,Chronic obstructive pulmonary disease,Respiratory,PROD_69769,2021-04-06 00:00:00,2021-06-29 00:00:00,Discontinued,84
TRT_003536,PAT_06763,Hypertension,Antihypertensive,PROD_79542,2023-12-20 00:00:00,2024-07-01 00:00:00,Active,194
TRT_003537,PAT_06768,"Diabetes mellitus (types combined), excluding gestational diabetes",Antidiabetic,PROD_62536,2018-02-04 00:00:00,2022-03-11 00:00:00,Discontinued,1496
TRT_003538,PAT_06769,Hypertension,Antihypertensive,PROD_79542,2015-09-25 00:00:00,2017-06-07 00:00:00,Discontinued,621
TRT_003539,PAT_06770,"Diabetes mellitus (types combined), excluding gestational diabetes",Antidiabetic,PROD_11727,2020-12-08 00:00:00,2023-03-15 00:00:00,Discontinued,827
TRT_003540,PAT_06770,Hypertension,Antihypertensive,PROD_79542,2021-03-12 00:00:00,2023-09-10 00:00:00,Discontinued,912
TRT_003541,PAT_06772,"Diabetes mellitus (types combined), excluding gestational diabetes",Antidiabetic,PROD_74296,2024-02-01 00:00:00,2024-07-01 00:00:00,Active,151
TRT_003542,PAT_06773,"Diabetes mellitus (types combined), excluding gestational diabetes",Antidiabetic,PROD_11727,2022-02-12 00:00:00,2024-07-01 00:00:00,Active,870
TRT_003543,PAT_06775,Hypertension,Antihypertensive,PROD_75765,2024-02-12 00:00:00,2024-07-01 00:00:00,Active,140
TRT_003544,PAT_06777,Hypertension,Antihypertensive,PROD_77062,2016-10-24 00:00:00,2018-05-01 00:00:00,Discontinued,554
TRT_003545,PAT_06782,Osteoporosis,Bone health,PROD_78367,2021-09-03 00:00:00,2022-12-29 00:00:00,Discontinued,482
TRT_003546,PAT_06784,Asthma,Respiratory,PROD_13550,2018-11-02 00:00:00,2019-03-12 00:00:00,Discontinued,130
TRT_003547,PAT_06784,Hypertension,Antihypertensive,PROD_77062,2020-02-17 00:00:00,2024-07-01 00:00:00,Active,1596
TRT_003548,PAT_06790,Epilepsy,Antiepileptic,PROD_9242,2020-07-23 00:00:00,2024-07-01 00:00:00,Active,1439
TRT_003549,PAT_06790,Schizophrenia,Antipsychotic,PROD_73690,2023-01-25 00:00:00,2024-07-01 00:00:00,Active,523
TRT_003550,PAT_06791,Rheumatoid arthritis,Immunomodulatory / anti-inflammatory,PROD_44161,2016-01-13 00:00:00,2018-07-19 00:00:00,Discontinued,918
TRT_003551,PAT_06802,Hypertension,Antihypertensive,PROD_75765,2016-12-20 00:00:00,2021-10-04 00:00:00,Discontinued,1749
TRT_003552,PAT_06804,Hypertension,Antihypertensive,PROD_75765,2022-08-20 00:00:00,2024-07-01 00:00:00,Active,681
TRT_003553,PAT_06805,"Diabetes mellitus (types combined), excluding gestational diabetes",Antidiabetic,PROD_62536,2020-07-24 00:00:00,2024-07-01 00:00:00,Active,1438
TRT_003554,PAT_06809,Hypertension,Antihypertensive,PROD_75765,2024-05-08 00:00:00,2024-07-01 00:00:00,Active,54
TRT_003555,PAT_06810,"Diabetes mellitus (types combined), excluding gestational diabetes",Antidiabetic,PROD_11727,2019-03-06 00:00:00,2021-03-17 00:00:00,Discontinued,742
TRT_003556,PAT_06812,Hypertension,Antihypertensive,PROD_79542,2024-05-04 00:00:00,2024-07-01 00:00:00,Active,58
TRT_003557,PAT_06813,"Diabetes mellitus (types combined), excluding gestational diabetes",Antidiabetic,PROD_11727,2024-06-20 00:00:00,2024-07-01 00:00:00,Active,11
TRT_003558,PAT_06817,Asthma,Respiratory,PROD_69769,2017-11-01 00:00:00,2019-09-20 00:00:00,Discontinued,688
TRT_003559,PAT_06818,Hypertension,Antihypertensive,PROD_75765,2017-12-23 00:00:00,2022-07-12 00:00:00,Discontinued,1662
TRT_003560,PAT_06823,Osteoarthritis,Analgesic / anti-inflammatory,PROD_5432,2022-01-24 00:00:00,2022-07-27 00:00:00,Discontinued,184
TRT_003561,PAT_06829,Ischemic heart disease,Cardiovascular,PROD_82362,2019-07-28 00:00:00,2024-07-01 00:00:00,Active,1800
TRT_003562,PAT_06835,Osteoarthritis,Analgesic / anti-inflammatory,PROD_5432,2015-07-09 00:00:00,2015-08-22 00:00:00,Discontinued,44
TRT_003563,PAT_06835,Asthma,Respiratory,PROD_49895,2017-01-22 00:00:00,2019-02-17 00:00:00,Discontinued,756
TRT_003564,PAT_06838,Chronic obstructive pulmonary disease,Respiratory,PROD_69769,2019-07-22 00:00:00,2021-09-10 00:00:00,Discontinued,781
TRT_003565,PAT_06839,"Diabetes mellitus (types combined), excluding gestational diabetes",Antidiabetic,PROD_11727,2022-03-13 00:00:00,2024-07-01 00:00:00,Active,841
TRT_003566,PAT_06839,Hypertension,Antihypertensive,PROD_79542,2023-04-01 00:00:00,2024-07-01 00:00:00,Active,457
TRT_003567,PAT_06843,Chronic obstructive pulmonary disease,Respiratory,PROD_69769,2019-08-21 00:00:00,2020-06-12 00:00:00,Discontinued,296
TRT_003568,PAT_06843,"Diabetes mellitus (types combined), excluding gestational diabetes",Antidiabetic,PROD_74296,2021-01-20 00:00:00,2024-07-01 00:00:00,Active,1258
TRT_003569,PAT_06844,Asthma,Respiratory,PROD_49895,2019-08-29 00:00:00,2019-12-05 00:00:00,Discontinued,98
TRT_003570,PAT_06847,Ischemic heart disease,Cardiovascular,PROD_78058,2015-07-17 00:00:00,2020-02-09 00:00:00,Discontinued,1668
TRT_003571,PAT_06847,Hypertension,Antihypertensive,PROD_77062,2017-02-27 00:00:00,2021-03-23 00:00:00,Discontinued,1485
TRT_003572,PAT_06850,Acute myocardial infarction,Cardiovascular,PROD_78058,2018-10-18 00:00:00,2024-07-01 00:00:00,Active,2083
TRT_003573,PAT_06854,Hypertension,Antihypertensive,PROD_79542,2024-04-30 00:00:00,2024-07-01 00:00:00,Active,62
TRT_003574,PAT_06856,Chronic obstructive pulmonary disease,Respiratory,PROD_69769,2019-01-28 00:00:00,2021-10-31 00:00:00,Discontinued,1007
TRT_003575,PAT_06860,"Diabetes mellitus (types combined), excluding gestational diabetes",Antidiabetic,PROD_11727,2022-09-09 00:00:00,2024-01-09 00:00:00,Discontinued,487
TRT_003576,PAT_06861,Asthma,Respiratory,PROD_13550,2016-01-03 00:00:00,2017-01-22 00:00:00,Discontinued,385
TRT_003577,PAT_06861,"Diabetes mellitus (types combined), excluding gestational diabetes",Antidiabetic,PROD_74296,2020-10-05 00:00:00,2023-05-30 00:00:00,Discontinued,967
TRT_003578,PAT_06861,Osteoporosis,Bone health,PROD_73098,2023-12-10 00:00:00,2024-07-01 00:00:00,Active,204
TRT_003579,PAT_06862,"Diabetes mellitus (types combined), excluding gestational diabetes",Antidiabetic,PROD_62536,2022-08-26 00:00:00,2024-07-01 00:00:00,Active,675
TRT_003580,PAT_06864,Hypertension,Antihypertensive,PROD_75765,2024-03-25 00:00:00,2024-07-01 00:00:00,Active,98
TRT_003581,PAT_06865,Chronic obstructive pulmonary disease,Respiratory,PROD_13550,2023-12-14 00:00:00,2024-07-01 00:00:00,Active,200
TRT_003582,PAT_06867,Asthma,Respiratory,PROD_49895,2018-08-23 00:00:00,2018-12-13 00:00:00,Discontinued,112
TRT_003583,PAT_06867,Ischemic heart disease,Cardiovascular,PROD_82362,2024-03-30 00:00:00,2024-07-01 00:00:00,Active,93
TRT_003584,PAT_06871,Hypertension,Antihypertensive,PROD_79542,2023-03-23 00:00:00,2024-07-01 00:00:00,Active,466
TRT_003585,PAT_06872,Asthma,Respiratory,PROD_69769,2014-08-17 00:00:00,2016-04-05 00:00:00,Discontinued,597
TRT_003586,PAT_06875,Osteoarthritis,Analgesic / anti-inflammatory,PROD_4980,2016-10-15 00:00:00,2016-10-29 00:00:00,Discontinued,14
TRT_003587,PAT_06875,Hypertension,Antihypertensive,PROD_75765,2020-05-31 00:00:00,2023-09-06 00:00:00,Discontinued,1193
TRT_003588,PAT_06875,Stroke,Antithrombotic / secondary prevention,PROD_61080,2022-03-10 00:00:00,2024-07-01 00:00:00,Active,844
TRT_003589,PAT_06890,Asthma,Respiratory,PROD_49895,2021-07-30 00:00:00,2024-04-12 00:00:00,Discontinued,987
TRT_003590,PAT_06892,Asthma,Respiratory,PROD_13550,2018-01-24 00:00:00,2023-02-20 00:00:00,Discontinued,1853
TRT_003591,PAT_06898,Chronic obstructive pulmonary disease,Respiratory,PROD_49895,2016-01-28 00:00:00,2016-08-20 00:00:00,Discontinued,205
TRT_003592,PAT_06898,Heart failure,Heart failure therapy,PROD_70034,2021-05-26 00:00:00,2024-07-01 00:00:00,Active,1132
TRT_003593,PAT_06898,Hypertension,Antihypertensive,PROD_75765,2023-03-02 00:00:00,2024-07-01 00:00:00,Active,487
TRT_003594,PAT_06900,Stroke,Antithrombotic / secondary prevention,PROD_66470,2017-05-10 00:00:00,2024-07-01 00:00:00,Active,2609
TRT_003595,PAT_06902,"Diabetes mellitus (types combined), excluding gestational diabetes",Antidiabetic,PROD_62536,2022-07-09 06:00:00,2024-07-01 00:00:00,Active,722
TRT_003596,PAT_06905,Osteoarthritis,Analgesic / anti-inflammatory,PROD_5432,2017-02-23 00:00:00,2017-03-12 00:00:00,Discontinued,17
TRT_003597,PAT_06910,Hypertension,Antihypertensive,PROD_77062,2023-11-25 00:00:00,2024-07-01 00:00:00,Active,219
TRT_003598,PAT_06911,Osteoarthritis,Analgesic / anti-inflammatory,PROD_5917,2016-10-05 00:00:00,2016-12-07 00:00:00,Discontinued,63
TRT_003599,PAT_06911,Chronic obstructive pulmonary disease,Respiratory,PROD_49895,2018-10-19 00:00:00,2019-10-30 00:00:00,Discontinued,376
TRT_003600,PAT_06913,Hypertension,Antihypertensive,PROD_75765,2018-10-08 00:00:00,2020-06-13 00:00:00,Discontinued,614
TRT_003601,PAT_06918,Osteoarthritis,Analgesic / anti-inflammatory,PROD_4980,2022-08-08 00:00:00,2023-07-03 00:00:00,Discontinued,329
TRT_003602,PAT_06920,Hypertension,Antihypertensive,PROD_79542,2024-04-01 00:00:00,2024-07-01 00:00:00,Active,91
TRT_003603,PAT_06923,Acute myocardial infarction,Cardiovascular,PROD_73770,2016-04-13 00:00:00,2024-07-01 00:00:00,Active,3001
TRT_003604,PAT_06923,Hypertension,Antihypertensive,PROD_79542,2018-08-25 00:00:00,2022-04-07 00:00:00,Discontinued,1321
TRT_003605,PAT_06923,Heart failure,Heart failure therapy,PROD_5646,2021-08-25 00:00:00,2024-02-21 00:00:00,Discontinued,910
TRT_003606,PAT_06924,Asthma,Respiratory,PROD_13550,2017-08-05 00:00:00,2023-03-17 00:00:00,Discontinued,2050
TRT_003607,PAT_06927,Hypertension,Antihypertensive,PROD_75765,2017-03-09 00:00:00,2021-11-30 00:00:00,Discontinued,1727
TRT_003608,PAT_06929,Stroke,Antithrombotic / secondary prevention,PROD_66470,2019-06-10 00:00:00,2020-11-05 00:00:00,Discontinued,514
TRT_003609,PAT_06930,Asthma,Respiratory,PROD_13550,2017-12-08 00:00:00,2018-05-09 00:00:00,Discontinued,152
TRT_003610,PAT_06935,Ischemic heart disease,Cardiovascular,PROD_73770,2022-02-22 00:00:00,2024-07-01 00:00:00,Active,860
TRT_003611,PAT_06935,Hypertension,Antihypertensive,PROD_75765,2023-01-14 00:00:00,2024-07-01 00:00:00,Active,534
TRT_003612,PAT_06939,Chronic obstructive pulmonary disease,Respiratory,PROD_49895,2018-06-24 00:00:00,2018-11-20 00:00:00,Discontinued,149
TRT_003613,PAT_06941,"Diabetes mellitus (types combined), excluding gestational diabetes",Antidiabetic,PROD_74296,2024-05-26 00:00:00,2024-07-01 00:00:00,Active,36
TRT_003614,PAT_06944,Hypertension,Antihypertensive,PROD_75765,2022-07-11 00:00:00,2024-07-01 00:00:00,Active,721
TRT_003615,PAT_06945,Heart failure,Heart failure therapy,PROD_70034,2018-12-08 00:00:00,2024-03-09 00:00:00,Discontinued,1918
TRT_003616,PAT_06951,Heart failure,Heart failure therapy,PROD_70034,2017-08-18 00:00:00,2024-07-01 00:00:00,Active,2509
TRT_003617,PAT_06953,"Dementia, including Alzheimer disease",Cognitive disorder therapy,PROD_80779,2014-09-24 00:00:00,2018-09-20 00:00:00,Discontinued,1457
TRT_003618,PAT_06953,Asthma,Respiratory,PROD_13550,2018-10-30 00:00:00,2019-08-01 00:00:00,Discontinued,275
TRT_003619,PAT_06955,Hypertension,Antihypertensive,PROD_77062,2015-09-25 00:00:00,2024-07-01 00:00:00,Active,3202
TRT_003620,PAT_06956,Osteoarthritis,Analgesic / anti-inflammatory,PROD_4980,2022-01-16 00:00:00,2022-03-21 00:00:00,Discontinued,64
TRT_003621,PAT_06959,Acute myocardial infarction,Cardiovascular,PROD_73770,2018-03-27 00:00:00,2022-07-26 00:00:00,Discontinued,1582
TRT_003622,PAT_06959,Osteoarthritis,Analgesic / anti-inflammatory,PROD_5432,2020-05-19 00:00:00,2020-07-26 00:00:00,Discontinued,68
TRT_003623,PAT_06964,Asthma,Respiratory,PROD_69769,2020-03-31 00:00:00,2021-05-21 00:00:00,Discontinued,416
TRT_003624,PAT_06968,Osteoporosis,Bone health,PROD_78367,2021-05-08 00:00:00,2024-06-28 00:00:00,Discontinued,1147
TRT_003625,PAT_06971,Hypertension,Antihypertensive,PROD_77062,2017-12-26 00:00:00,2024-07-01 00:00:00,Active,2379
TRT_003626,PAT_06973,"Diabetes mellitus (types combined), excluding gestational diabetes",Antidiabetic,PROD_11727,2019-01-25 00:00:00,2024-07-01 00:00:00,Active,1984
TRT_003627,PAT_06976,"Diabetes mellitus (types combined), excluding gestational diabetes",Antidiabetic,PROD_11727,2017-07-28 00:00:00,2024-07-01 00:00:00,Active,2530
TRT_003628,PAT_06980,Stroke,Antithrombotic / secondary prevention,PROD_61080,2020-05-21 00:00:00,2024-07-01 00:00:00,Active,1502
TRT_003629,PAT_06980,"Dementia, including Alzheimer disease",Cognitive disorder therapy,PROD_80779,2022-11-07 06:00:00,2024-07-01 00:00:00,Active,601
TRT_003630,PAT_06982,Hypertension,Antihypertensive,PROD_77062,2017-03-01 00:00:00,2023-10-16 00:00:00,Discontinued,2420
TRT_003631,PAT_06983,Hypertension,Antihypertensive,PROD_79542,2019-10-03 00:00:00,2024-07-01 00:00:00,Active,1733
TRT_003632,PAT_06983,Epilepsy,Antiepileptic,PROD_9242,2021-09-14 00:00:00,2023-11-16 00:00:00,Discontinued,793
TRT_003633,PAT_06986,Hypertension,Antihypertensive,PROD_75765,2015-04-28 00:00:00,2024-07-01 00:00:00,Active,3352
TRT_003634,PAT_06988,Asthma,Respiratory,PROD_13550,2018-08-18 00:00:00,2019-07-12 00:00:00,Discontinued,328
TRT_003635,PAT_06991,"Diabetes mellitus (types combined), excluding gestational diabetes",Antidiabetic,PROD_11727,2023-02-16 00:00:00,2024-07-01 00:00:00,Active,501
TRT_003636,PAT_06992,Hypertension,Antihypertensive,PROD_77062,2016-06-13 00:00:00,2018-06-18 00:00:00,Discontinued,735
TRT_003637,PAT_06993,Hypertension,Antihypertensive,PROD_75765,2018-08-08 00:00:00,2020-08-29 00:00:00,Discontinued,752
TRT_003638,PAT_06993,Ischemic heart disease,Cardiovascular,PROD_82362,2022-11-05 00:00:00,2024-07-01 00:00:00,Active,604
TRT_003639,PAT_06994,Hypertension,Antihypertensive,PROD_79542,2017-11-14 00:00:00,2024-07-01 00:00:00,Active,2421
TRT_003640,PAT_06995,Asthma,Respiratory,PROD_13550,2018-11-03 00:00:00,2019-09-10 00:00:00,Discontinued,311
TRT_003641,PAT_06995,Hypertension,Antihypertensive,PROD_77062,2020-12-24 00:00:00,2024-07-01 00:00:00,Active,1285
TRT_003642,PAT_06997,Stroke,Antithrombotic / secondary prevention,PROD_61080,2022-03-16 00:00:00,2024-01-28 00:00:00,Discontinued,683
TRT_003643,PAT_06998,Hypertension,Antihypertensive,PROD_75765,2024-04-10 00:00:00,2024-07-01 00:00:00,Active,82
TRT_003644,PAT_07002,Stroke,Antithrombotic / secondary prevention,PROD_66470,2024-03-10 00:00:00,2024-07-01 00:00:00,Active,113
TRT_003645,PAT_07003,Hypertension,Antihypertensive,PROD_79542,2021-12-27 00:00:00,2024-07-01 00:00:00,Active,917
TRT_003646,PAT_07004,Chronic obstructive pulmonary disease,Respiratory,PROD_13550,2019-04-27 00:00:00,2020-07-02 00:00:00,Discontinued,432
TRT_003647,PAT_07006,Asthma,Respiratory,PROD_49895,2019-04-06 00:00:00,2021-10-22 00:00:00,Discontinued,930
TRT_003648,PAT_07007,Ischemic heart disease,Cardiovascular,PROD_78058,2021-03-01 00:00:00,2024-07-01 00:00:00,Active,1218
TRT_003649,PAT_07007,"Diabetes mellitus (types combined), excluding gestational diabetes",Antidiabetic,PROD_11727,2023-01-29 00:00:00,2024-07-01 00:00:00,Active,519
TRT_003650,PAT_07008,"Diabetes mellitus (types combined), excluding gestational diabetes",Antidiabetic,PROD_11727,2016-06-09 00:00:00,2018-08-20 00:00:00,Discontinued,802
TRT_003651,PAT_07009,"Diabetes mellitus (types combined), excluding gestational diabetes",Antidiabetic,PROD_11727,2015-10-28 00:00:00,2018-07-27 00:00:00,Discontinued,1003
TRT_003652,PAT_07013,Osteoarthritis,Analgesic / anti-inflammatory,PROD_5917,2016-11-01 00:00:00,2017-06-15 00:00:00,Discontinued,226
TRT_003653,PAT_07015,Asthma,Respiratory,PROD_49895,2021-11-09 00:00:00,2024-07-01 00:00:00,Active,965
TRT_003654,PAT_07017,Asthma,Respiratory,PROD_69769,2020-10-28 00:00:00,2022-01-16 00:00:00,Discontinued,445
TRT_003655,PAT_07018,Heart failure,Heart failure therapy,PROD_2333,2018-03-22 00:00:00,2024-04-19 00:00:00,Discontinued,2220
TRT_003656,PAT_07018,Osteoporosis,Bone health,PROD_78367,2021-06-22 00:00:00,2024-07-01 00:00:00,Active,1105
TRT_003657,PAT_07020,Hypertension,Antihypertensive,PROD_77062,2018-12-10 00:00:00,2020-05-01 00:00:00,Discontinued,508
TRT_003658,PAT_07020,Heart failure,Heart failure therapy,PROD_5646,2019-01-17 00:00:00,2022-08-15 00:00:00,Discontinued,1306
TRT_003659,PAT_07027,Acute myocardial infarction,Cardiovascular,PROD_82362,2023-10-26 00:00:00,2024-07-01 00:00:00,Active,249
TRT_003660,PAT_07030,Hypertension,Antihypertensive,PROD_77062,2016-02-03 00:00:00,2022-05-06 00:00:00,Discontinued,2284
TRT_003661,PAT_07030,Heart failure,Heart failure therapy,PROD_2333,2017-06-11 00:00:00,2019-08-02 00:00:00,Discontinued,782
TRT_003662,PAT_07032,Asthma,Respiratory,PROD_13550,2018-06-05 06:00:00,2020-02-11 06:00:00,Discontinued,616
TRT_003663,PAT_07034,"Diabetes mellitus (types combined), excluding gestational diabetes",Antidiabetic,PROD_62536,2024-05-19 06:00:00,2024-07-01 00:00:00,Active,42
TRT_003664,PAT_07036,Ischemic heart disease,Cardiovascular,PROD_73770,2016-09-20 00:00:00,2017-06-17 00:00:00,Discontinued,270
TRT_003665,PAT_07037,Ischemic heart disease,Cardiovascular,PROD_73770,2022-02-20 00:00:00,2024-07-01 00:00:00,Active,862
TRT_003666,PAT_07038,Hypertension,Antihypertensive,PROD_75765,2019-05-28 00:00:00,2023-03-08 00:00:00,Discontinued,1380
TRT_003667,PAT_07039,Hypertension,Antihypertensive,PROD_75765,2022-06-28 00:00:00,2023-12-13 00:00:00,Discontinued,533
TRT_003668,PAT_07041,Hypertension,Antihypertensive,PROD_75765,2016-10-13 00:00:00,2022-02-05 00:00:00,Discontinued,1941
TRT_003669,PAT_07042,Chronic obstructive pulmonary disease,Respiratory,PROD_49895,2014-12-02 00:00:00,2016-03-24 00:00:00,Discontinued,478
TRT_003670,PAT_07044,Asthma,Respiratory,PROD_49895,2022-10-30 06:00:00,2024-04-17 06:00:00,Discontinued,535
TRT_003671,PAT_07050,"Diabetes mellitus (types combined), excluding gestational diabetes",Antidiabetic,PROD_11727,2024-04-10 06:00:00,2024-07-01 00:00:00,Active,81
TRT_003672,PAT_07053,Asthma,Respiratory,PROD_13550,2020-12-29 00:00:00,2021-07-14 00:00:00,Discontinued,197
TRT_003673,PAT_07054,Heart failure,Heart failure therapy,PROD_5646,2020-11-24 00:00:00,2022-07-30 00:00:00,Discontinued,613
TRT_003674,PAT_07055,Hypertension,Antihypertensive,PROD_75765,2020-10-08 00:00:00,2023-09-30 00:00:00,Discontinued,1087
TRT_003675,PAT_07056,Hypertension,Antihypertensive,PROD_79542,2017-08-30 00:00:00,2024-07-01 00:00:00,Active,2497
TRT_003676,PAT_07059,Chronic obstructive pulmonary disease,Respiratory,PROD_49895,2021-03-31 00:00:00,2023-02-21 00:00:00,Discontinued,692
TRT_003677,PAT_07060,"Diabetes mellitus (types combined), excluding gestational diabetes",Antidiabetic,PROD_62536,2018-04-02 00:00:00,2022-12-30 00:00:00,Discontinued,1733
TRT_003678,PAT_07061,Osteoarthritis,Analgesic / anti-inflammatory,PROD_4980,2017-05-25 00:00:00,2017-07-03 00:00:00,Discontinued,39
TRT_003679,PAT_07062,Asthma,Respiratory,PROD_13550,2019-12-14 00:00:00,2020-12-25 00:00:00,Discontinued,377
TRT_003680,PAT_07063,Hypertension,Antihypertensive,PROD_75765,2019-06-16 00:00:00,2024-07-01 00:00:00,Active,1842
TRT_003681,PAT_07065,"Diabetes mellitus (types combined), excluding gestational diabetes",Antidiabetic,PROD_62536,2014-10-09 00:00:00,2022-01-25 00:00:00,Discontinued,2665
TRT_003682,PAT_07065,Hypertension,Antihypertensive,PROD_75765,2019-08-11 00:00:00,2023-02-07 00:00:00,Discontinued,1276
TRT_003683,PAT_07070,Hypertension,Antihypertensive,PROD_79542,2016-05-14 00:00:00,2017-01-26 00:00:00,Discontinued,257
TRT_003684,PAT_07071,Asthma,Respiratory,PROD_13550,2019-08-26 00:00:00,2020-05-31 00:00:00,Discontinued,279
TRT_003685,PAT_07075,Hypertension,Antihypertensive,PROD_77062,2014-07-31 00:00:00,2018-01-22 00:00:00,Discontinued,1271
TRT_003686,PAT_07075,Acute myocardial infarction,Cardiovascular,PROD_78058,2017-03-13 00:00:00,2019-09-23 00:00:00,Discontinued,924
TRT_003687,PAT_07075,Osteoporosis,Bone health,PROD_78367,2019-03-03 00:00:00,2021-07-05 00:00:00,Discontinued,855
TRT_003688,PAT_07078,"Diabetes mellitus (types combined), excluding gestational diabetes",Antidiabetic,PROD_74296,2022-07-03 00:00:00,2024-07-01 00:00:00,Active,729
TRT_003689,PAT_07079,Heart failure,Heart failure therapy,PROD_5646,2019-11-20 00:00:00,2024-07-01 00:00:00,Active,1685
TRT_003690,PAT_07083,Stroke,Antithrombotic / secondary prevention,PROD_66470,2016-07-29 00:00:00,2020-08-11 00:00:00,Discontinued,1474
TRT_003691,PAT_07086,Osteoporosis,Bone health,PROD_73098,2024-03-24 00:00:00,2024-07-01 00:00:00,Active,99
TRT_003692,PAT_07087,Asthma,Respiratory,PROD_69769,2022-12-13 00:00:00,2024-01-21 00:00:00,Discontinued,404
TRT_003693,PAT_07090,"Diabetes mellitus (types combined), excluding gestational diabetes",Antidiabetic,PROD_62536,2021-12-23 00:00:00,2023-02-22 00:00:00,Discontinued,426
TRT_003694,PAT_07094,"Diabetes mellitus (types combined), excluding gestational diabetes",Antidiabetic,PROD_62536,2017-11-27 00:00:00,2021-07-14 00:00:00,Discontinued,1325
TRT_003695,PAT_07095,Rheumatoid arthritis,Immunomodulatory / anti-inflammatory,PROD_44161,2018-06-03 00:00:00,2019-02-15 00:00:00,Discontinued,257
TRT_003696,PAT_07097,Asthma,Respiratory,PROD_69769,2019-09-12 00:00:00,2024-07-01 00:00:00,Active,1754
TRT_003697,PAT_07097,Osteoporosis,Bone health,PROD_73098,2020-04-20 00:00:00,2024-02-19 00:00:00,Discontinued,1400
TRT_003698,PAT_07098,"Diabetes mellitus (types combined), excluding gestational diabetes",Antidiabetic,PROD_62536,2024-03-05 06:00:00,2024-07-01 00:00:00,Active,117
TRT_003699,PAT_07099,Hypertension,Antihypertensive,PROD_75765,2019-05-01 00:00:00,2022-12-14 00:00:00,Discontinued,1323
TRT_003700,PAT_07101,Hypertension,Antihypertensive,PROD_77062,2018-05-29 00:00:00,2020-09-24 00:00:00,Discontinued,849
TRT_003701,PAT_07103,Chronic obstructive pulmonary disease,Respiratory,PROD_13550,2020-05-30 00:00:00,2020-12-07 00:00:00,Discontinued,191
TRT_003702,PAT_07104,Asthma,Respiratory,PROD_49895,2020-07-11 00:00:00,2022-06-26 00:00:00,Discontinued,715
TRT_003703,PAT_07107,Acute myocardial infarction,Cardiovascular,PROD_73770,2021-08-08 00:00:00,2024-07-01 00:00:00,Active,1058
TRT_003704,PAT_07109,Asthma,Respiratory,PROD_13550,2018-04-02 00:00:00,2020-07-08 00:00:00,Discontinued,828
TRT_003705,PAT_07109,Hypertension,Antihypertensive,PROD_77062,2021-02-18 00:00:00,2024-07-01 00:00:00,Active,1229
TRT_003706,PAT_07110,"Diabetes mellitus (types combined), excluding gestational diabetes",Antidiabetic,PROD_11727,2020-10-07 00:00:00,2024-07-01 00:00:00,Active,1363
TRT_003707,PAT_07112,"Diabetes mellitus (types combined), excluding gestational diabetes",Antidiabetic,PROD_62536,2017-11-30 00:00:00,2022-10-18 00:00:00,Discontinued,1783
TRT_003708,PAT_07116,Hypertension,Antihypertensive,PROD_75765,2023-10-16 00:00:00,2024-07-01 00:00:00,Active,259
TRT_003709,PAT_07117,Asthma,Respiratory,PROD_69769,2022-04-01 00:00:00,2024-07-01 00:00:00,Active,822
TRT_003710,PAT_07120,Hypertension,Antihypertensive,PROD_79542,2017-03-16 00:00:00,2023-04-12 00:00:00,Discontinued,2218
TRT_003711,PAT_07122,Chronic obstructive pulmonary disease,Respiratory,PROD_49895,2020-06-26 18:00:00,2022-02-28 18:00:00,Discontinued,612
TRT_003712,PAT_07129,Osteoarthritis,Analgesic / anti-inflammatory,PROD_4980,2019-06-01 00:00:00,2019-09-23 00:00:00,Discontinued,114
TRT_003713,PAT_07132,"Diabetes mellitus (types combined), excluding gestational diabetes",Antidiabetic,PROD_11727,2020-05-13 00:00:00,2024-07-01 00:00:00,Active,1510
TRT_003714,PAT_07135,Epilepsy,Antiepileptic,PROD_9242,2016-02-02 00:00:00,2019-10-03 00:00:00,Discontinued,1339
TRT_003715,PAT_07135,Osteoporosis,Bone health,PROD_78367,2024-06-24 00:00:00,2024-07-01 00:00:00,Active,7
TRT_003716,PAT_07137,Hypertension,Antihypertensive,PROD_79542,2023-06-19 00:00:00,2024-07-01 00:00:00,Active,378
TRT_003717,PAT_07140,Hypertension,Antihypertensive,PROD_77062,2019-03-06 00:00:00,2024-02-27 00:00:00,Discontinued,1819
TRT_003718,PAT_07148,Hypertension,Antihypertensive,PROD_77062,2016-04-28 00:00:00,2024-07-01 00:00:00,Active,2986
TRT_003719,PAT_07149,Asthma,Respiratory,PROD_13550,2018-05-27 00:00:00,2024-07-01 00:00:00,Active,2227
TRT_003720,PAT_07155,Hypertension,Antihypertensive,PROD_75765,2020-05-13 00:00:00,2024-07-01 00:00:00,Active,1510
TRT_003721,PAT_07156,Asthma,Respiratory,PROD_69769,2023-10-19 06:00:00,2024-07-01 00:00:00,Active,255
TRT_003722,PAT_07158,Chronic obstructive pulmonary disease,Respiratory,PROD_49895,2019-07-23 00:00:00,2024-07-01 00:00:00,Active,1805
TRT_003723,PAT_07158,Hypertension,Antihypertensive,PROD_77062,2020-07-20 00:00:00,2024-07-01 00:00:00,Active,1442
TRT_003724,PAT_07159,Hypertension,Antihypertensive,PROD_77062,2015-09-08 00:00:00,2017-11-21 00:00:00,Discontinued,805
TRT_003725,PAT_07160,"Diabetes mellitus (types combined), excluding gestational diabetes",Antidiabetic,PROD_11727,2016-09-27 00:00:00,2020-10-14 00:00:00,Discontinued,1478
TRT_003726,PAT_07161,Asthma,Respiratory,PROD_69769,2021-07-08 00:00:00,2024-07-01 00:00:00,Active,1089
TRT_003727,PAT_07163,Stroke,Antithrombotic / secondary prevention,PROD_66470,2020-03-13 00:00:00,2020-08-10 00:00:00,Discontinued,150
TRT_003728,PAT_07163,Ischemic heart disease,Cardiovascular,PROD_82362,2022-11-22 00:00:00,2024-07-01 00:00:00,Active,587
TRT_003729,PAT_07166,Hypertension,Antihypertensive,PROD_77062,2018-01-27 00:00:00,2024-07-01 00:00:00,Active,2347
TRT_003730,PAT_07168,Osteoarthritis,Analgesic / anti-inflammatory,PROD_5917,2020-05-02 00:00:00,2020-07-13 00:00:00,Discontinued,72
TRT_003731,PAT_07169,Osteoarthritis,Analgesic / anti-inflammatory,PROD_5432,2016-09-14 00:00:00,2016-12-05 00:00:00,Discontinued,82
TRT_003732,PAT_07171,"Diabetes mellitus (types combined), excluding gestational diabetes",Antidiabetic,PROD_62536,2023-04-02 00:00:00,2024-07-01 00:00:00,Active,456
TRT_003733,PAT_07173,"Diabetes mellitus (types combined), excluding gestational diabetes",Antidiabetic,PROD_11727,2016-09-10 00:00:00,2019-08-12 00:00:00,Discontinued,1066
TRT_003734,PAT_07173,Hypertension,Antihypertensive,PROD_79542,2018-10-13 00:00:00,2020-06-11 00:00:00,Discontinued,607
TRT_003735,PAT_07182,Hypertension,Antihypertensive,PROD_75765,2016-01-05 00:00:00,2017-10-10 00:00:00,Discontinued,644
TRT_003736,PAT_07182,Chronic obstructive pulmonary disease,Respiratory,PROD_69769,2016-06-12 00:00:00,2019-02-17 00:00:00,Discontinued,980
TRT_003737,PAT_07182,Ischemic heart disease,Cardiovascular,PROD_78058,2019-04-08 00:00:00,2024-07-01 00:00:00,Active,1911
TRT_003738,PAT_07183,Asthma,Respiratory,PROD_13550,2022-10-30 00:00:00,2023-07-31 00:00:00,Discontinued,274
TRT_003739,PAT_07186,"Diabetes mellitus (types combined), excluding gestational diabetes",Antidiabetic,PROD_62536,2022-10-25 06:00:00,2024-07-01 00:00:00,Active,614
TRT_003740,PAT_07186,Asthma,Respiratory,PROD_13550,2023-01-15 06:00:00,2024-03-08 06:00:00,Discontinued,418
TRT_003741,PAT_07188,Osteoarthritis,Analgesic / anti-inflammatory,PROD_5432,2016-04-29 00:00:00,2016-12-05 00:00:00,Discontinued,220
TRT_003742,PAT_07188,"Parkinsonism, including Parkinson disease",Parkinson's therapy,PROD_68471,2022-12-07 00:00:00,2024-07-01 00:00:00,Active,572
TRT_003743,PAT_07188,Asthma,Respiratory,PROD_69769,2024-03-09 00:00:00,2024-07-01 00:00:00,Active,114
TRT_003744,PAT_07188,"Dementia, including Alzheimer disease",Cognitive disorder therapy,PROD_80653,2024-06-04 00:00:00,2024-07-01 00:00:00,Active,27
TRT_003745,PAT_07189,Asthma,Respiratory,PROD_49895,2018-05-12 00:00:00,2019-05-27 00:00:00,Discontinued,380
TRT_003746,PAT_07192,"Diabetes mellitus (types combined), excluding gestational diabetes",Antidiabetic,PROD_74296,2024-02-02 06:00:00,2024-07-01 00:00:00,Active,149
TRT_003747,PAT_07195,Hypertension,Antihypertensive,PROD_77062,2019-08-05 00:00:00,2024-07-01 00:00:00,Active,1792
TRT_003748,PAT_07197,Asthma,Respiratory,PROD_49895,2021-12-17 00:00:00,2023-10-29 00:00:00,Discontinued,681
TRT_003749,PAT_07198,Stroke,Antithrombotic / secondary prevention,PROD_19474,2014-07-25 00:00:00,2015-12-26 00:00:00,Discontinued,519
TRT_003750,PAT_07198,"Diabetes mellitus (types combined), excluding gestational diabetes",Antidiabetic,PROD_62536,2018-06-19 00:00:00,2024-07-01 00:00:00,Active,2204
TRT_003751,PAT_07200,Osteoporosis,Bone health,PROD_78367,2017-01-16 00:00:00,2021-08-06 00:00:00,Discontinued,1663
TRT_003752,PAT_07201,Hypertension,Antihypertensive,PROD_79542,2017-09-04 00:00:00,2020-11-30 00:00:00,Discontinued,1183
TRT_003753,PAT_07203,Schizophrenia,Antipsychotic,PROD_76239,2022-01-14 00:00:00,2024-07-01 00:00:00,Active,899
TRT_003754,PAT_07209,"Diabetes mellitus (types combined), excluding gestational diabetes",Antidiabetic,PROD_11727,2017-05-04 00:00:00,2022-03-31 00:00:00,Discontinued,1792
TRT_003755,PAT_07210,Chronic obstructive pulmonary disease,Respiratory,PROD_69769,2020-08-28 18:00:00,2022-07-23 18:00:00,Discontinued,694
TRT_003756,PAT_07211,Ischemic heart disease,Cardiovascular,PROD_73770,2019-06-18 00:00:00,2024-07-01 00:00:00,Active,1840
TRT_003757,PAT_07211,"Diabetes mellitus (types combined), excluding gestational diabetes",Antidiabetic,PROD_11727,2020-05-30 00:00:00,2024-07-01 00:00:00,Active,1493
TRT_003758,PAT_07211,Osteoporosis,Bone health,PROD_78367,2022-12-08 00:00:00,2024-07-01 00:00:00,Active,571
TRT_003759,PAT_07214,"Diabetes mellitus (types combined), excluding gestational diabetes",Antidiabetic,PROD_74296,2020-07-21 00:00:00,2023-10-07 00:00:00,Discontinued,1173
TRT_003760,PAT_07215,Ischemic heart disease,Cardiovascular,PROD_82362,2016-10-30 00:00:00,2024-07-01 00:00:00,Active,2801
TRT_003761,PAT_07220,Chronic obstructive pulmonary disease,Respiratory,PROD_49895,2023-08-17 00:00:00,2024-07-01 00:00:00,Active,319
TRT_003762,PAT_07222,"Diabetes mellitus (types combined), excluding gestational diabetes",Antidiabetic,PROD_74296,2020-06-27 00:00:00,2024-07-01 00:00:00,Active,1465
TRT_003763,PAT_07222,Stroke,Antithrombotic / secondary prevention,PROD_66470,2024-06-04 00:00:00,2024-07-01 00:00:00,Active,27
TRT_003764,PAT_07223,Chronic obstructive pulmonary disease,Respiratory,PROD_13550,2019-11-26 18:00:00,2020-12-16 18:00:00,Discontinued,386
TRT_003765,PAT_07223,Ischemic heart disease,Cardiovascular,PROD_82362,2020-09-24 00:00:00,2024-07-01 00:00:00,Active,1376
TRT_003766,PAT_07223,Osteoporosis,Bone health,PROD_78367,2023-10-20 00:00:00,2024-07-01 00:00:00,Active,255
TRT_003767,PAT_07224,Osteoarthritis,Analgesic / anti-inflammatory,PROD_4980,2018-07-26 00:00:00,2018-09-11 00:00:00,Discontinued,47
TRT_003768,PAT_07226,Chronic obstructive pulmonary disease,Respiratory,PROD_69769,2016-10-08 18:00:00,2022-07-14 18:00:00,Discontinued,2105
TRT_003769,PAT_07226,Osteoarthritis,Analgesic / anti-inflammatory,PROD_5432,2021-10-21 00:00:00,2022-04-01 00:00:00,Discontinued,162
TRT_003770,PAT_07226,Osteoporosis,Bone health,PROD_78367,2024-02-26 00:00:00,2024-07-01 00:00:00,Active,126
TRT_003771,PAT_07230,"Diabetes mellitus (types combined), excluding gestational diabetes",Antidiabetic,PROD_62536,2014-09-27 00:00:00,2018-04-04 00:00:00,Discontinued,1285
TRT_003772,PAT_07230,Hypertension,Antihypertensive,PROD_75765,2021-01-03 00:00:00,2024-07-01 00:00:00,Active,1275
TRT_003773,PAT_07231,Osteoarthritis,Analgesic / anti-inflammatory,PROD_4980,2021-02-10 00:00:00,2021-07-13 00:00:00,Discontinued,153
TRT_003774,PAT_07237,Osteoarthritis,Analgesic / anti-inflammatory,PROD_5432,2017-01-09 00:00:00,2017-02-03 00:00:00,Discontinued,25
TRT_003775,PAT_07239,Heart failure,Heart failure therapy,PROD_70034,2018-11-30 00:00:00,2024-07-01 00:00:00,Active,2040
TRT_003776,PAT_07241,Hypertension,Antihypertensive,PROD_79542,2023-03-05 00:00:00,2024-07-01 00:00:00,Active,484
TRT_003777,PAT_07243,Hypertension,Antihypertensive,PROD_75765,2023-08-22 00:00:00,2024-06-30 00:00:00,Discontinued,313
TRT_003778,PAT_07244,Asthma,Respiratory,PROD_69769,2022-02-04 00:00:00,2023-12-03 00:00:00,Discontinued,667
TRT_003779,PAT_07248,Epilepsy,Antiepileptic,PROD_75964,2023-11-27 00:00:00,2024-07-01 00:00:00,Active,217
TRT_003780,PAT_07249,"Diabetes mellitus (types combined), excluding gestational diabetes",Antidiabetic,PROD_62536,2021-02-22 00:00:00,2024-07-01 00:00:00,Active,1225
TRT_003781,PAT_07250,"Diabetes mellitus (types combined), excluding gestational diabetes",Antidiabetic,PROD_11727,2018-11-24 00:00:00,2024-07-01 00:00:00,Active,2046
TRT_003782,PAT_07255,Hypertension,Antihypertensive,PROD_77062,2015-03-02 00:00:00,2019-01-27 00:00:00,Discontinued,1427
TRT_003783,PAT_07258,Asthma,Respiratory,PROD_49895,2015-08-06 00:00:00,2016-02-16 00:00:00,Discontinued,194
TRT_003784,PAT_07258,Osteoporosis,Bone health,PROD_78367,2017-06-06 00:00:00,2018-06-13 00:00:00,Discontinued,372
TRT_003785,PAT_07260,Hypertension,Antihypertensive,PROD_77062,2020-01-28 00:00:00,2024-07-01 00:00:00,Active,1616
TRT_003786,PAT_07262,Hypertension,Antihypertensive,PROD_77062,2023-05-13 00:00:00,2024-07-01 00:00:00,Active,415
TRT_003787,PAT_07267,Asthma,Respiratory,PROD_49895,2023-09-02 06:00:00,2024-07-01 00:00:00,Active,302
TRT_003788,PAT_07269,Stroke,Antithrombotic / secondary prevention,PROD_61080,2015-12-20 00:00:00,2016-09-10 00:00:00,Discontinued,265
TRT_003789,PAT_07272,Ischemic heart disease,Cardiovascular,PROD_78058,2024-03-06 00:00:00,2024-07-01 00:00:00,Active,117
TRT_003790,PAT_07276,Osteoarthritis,Analgesic / anti-inflammatory,PROD_4980,2023-05-08 00:00:00,2023-06-04 00:00:00,Discontinued,27
TRT_003791,PAT_07277,Hypertension,Antihypertensive,PROD_79542,2018-11-17 00:00:00,2021-06-25 00:00:00,Discontinued,951
TRT_003792,PAT_07282,Chronic obstructive pulmonary disease,Respiratory,PROD_13550,2019-12-04 00:00:00,2021-08-17 00:00:00,Discontinued,622
TRT_003793,PAT_07283,"Diabetes mellitus (types combined), excluding gestational diabetes",Antidiabetic,PROD_74296,2016-01-05 00:00:00,2024-03-24 00:00:00,Discontinued,3001
TRT_003794,PAT_07286,Ischemic heart disease,Cardiovascular,PROD_82362,2020-08-06 00:00:00,2024-07-01 00:00:00,Active,1425
TRT_003795,PAT_07292,Stroke,Antithrombotic / secondary prevention,PROD_66470,2021-04-24 00:00:00,2022-06-29 00:00:00,Discontinued,431
TRT_003796,PAT_07293,Hypertension,Antihypertensive,PROD_75765,2019-11-27 00:00:00,2022-07-07 00:00:00,Discontinued,953
TRT_003797,PAT_07293,Ischemic heart disease,Cardiovascular,PROD_73770,2020-02-11 00:00:00,2022-08-16 00:00:00,Discontinued,917
TRT_003798,PAT_07306,Hypertension,Antihypertensive,PROD_75765,2015-08-06 00:00:00,2018-07-30 00:00:00,Discontinued,1089
TRT_003799,PAT_07306,Ischemic heart disease,Cardiovascular,PROD_78058,2019-10-23 00:00:00,2024-07-01 00:00:00,Active,1713
TRT_003800,PAT_07309,Osteoarthritis,Analgesic / anti-inflammatory,PROD_5917,2019-05-01 00:00:00,2019-10-13 00:00:00,Discontinued,165
TRT_003801,PAT_07309,"Diabetes mellitus (types combined), excluding gestational diabetes",Antidiabetic,PROD_74296,2021-12-22 00:00:00,2024-07-01 00:00:00,Active,922
TRT_003802,PAT_07310,Hypertension,Antihypertensive,PROD_79542,2017-09-23 00:00:00,2021-11-27 00:00:00,Discontinued,1526
TRT_003803,PAT_07311,"Diabetes mellitus (types combined), excluding gestational diabetes",Antidiabetic,PROD_74296,2021-08-07 00:00:00,2024-07-01 00:00:00,Active,1059
TRT_003804,PAT_07316,Hypertension,Antihypertensive,PROD_75765,2018-07-22 00:00:00,2024-07-01 00:00:00,Active,2171
TRT_003805,PAT_07316,Osteoporosis,Bone health,PROD_78367,2019-02-22 00:00:00,2021-05-10 00:00:00,Discontinued,808
TRT_003806,PAT_07317,Hypertension,Antihypertensive,PROD_75765,2023-03-12 00:00:00,2024-07-01 00:00:00,Active,477
TRT_003807,PAT_07320,Chronic obstructive pulmonary disease,Respiratory,PROD_69769,2018-08-23 00:00:00,2019-05-29 00:00:00,Discontinued,279
TRT_003808,PAT_07323,Hypertension,Antihypertensive,PROD_79542,2021-07-05 00:00:00,2024-07-01 00:00:00,Active,1092
TRT_003809,PAT_07329,"Diabetes mellitus (types combined), excluding gestational diabetes",Antidiabetic,PROD_74296,2015-10-08 00:00:00,2020-12-13 00:00:00,Discontinued,1893
TRT_003810,PAT_07330,"Diabetes mellitus (types combined), excluding gestational diabetes",Antidiabetic,PROD_62536,2018-01-14 00:00:00,2020-09-25 00:00:00,Discontinued,985
TRT_003811,PAT_07332,Stroke,Antithrombotic / secondary prevention,PROD_61080,2019-05-29 00:00:00,2021-05-27 00:00:00,Discontinued,729
TRT_003812,PAT_07337,Hypertension,Antihypertensive,PROD_77062,2021-10-10 00:00:00,2024-07-01 00:00:00,Active,995
TRT_003813,PAT_07342,Stroke,Antithrombotic / secondary prevention,PROD_61080,2021-04-01 00:00:00,2022-07-03 00:00:00,Discontinued,458
TRT_003814,PAT_07347,Hypertension,Antihypertensive,PROD_77062,2017-04-23 00:00:00,2019-12-30 00:00:00,Discontinued,981
TRT_003815,PAT_07348,Hypertension,Antihypertensive,PROD_77062,2015-02-10 00:00:00,2020-07-07 00:00:00,Discontinued,1974
TRT_003816,PAT_07348,"Dementia, including Alzheimer disease",Cognitive disorder therapy,PROD_80779,2019-07-22 06:00:00,2022-12-23 06:00:00,Discontinued,1250
TRT_003817,PAT_07351,Hypertension,Antihypertensive,PROD_77062,2015-01-09 00:00:00,2020-03-13 00:00:00,Discontinued,1890
TRT_003818,PAT_07353,Asthma,Respiratory,PROD_69769,2020-04-04 06:00:00,2024-07-01 00:00:00,Active,1548
TRT_003819,PAT_07356,Chronic obstructive pulmonary disease,Respiratory,PROD_69769,2020-08-06 00:00:00,2021-01-10 00:00:00,Discontinued,157
TRT_003820,PAT_07360,"Diabetes mellitus (types combined), excluding gestational diabetes",Antidiabetic,PROD_11727,2017-02-26 00:00:00,2024-07-01 00:00:00,Active,2682
TRT_003821,PAT_07365,Ischemic heart disease,Cardiovascular,PROD_73770,2015-06-21 00:00:00,2020-03-14 00:00:00,Discontinued,1728
TRT_003822,PAT_07367,Hypertension,Antihypertensive,PROD_77062,2023-10-04 00:00:00,2024-07-01 00:00:00,Active,271
TRT_003823,PAT_07375,Osteoarthritis,Analgesic / anti-inflammatory,PROD_5917,2014-09-01 00:00:00,2014-10-20 00:00:00,Discontinued,49
TRT_003824,PAT_07375,Heart failure,Heart failure therapy,PROD_2333,2018-02-07 00:00:00,2024-07-01 00:00:00,Active,2336
TRT_003825,PAT_07375,"Diabetes mellitus (types combined), excluding gestational diabetes",Antidiabetic,PROD_11727,2020-11-22 00:00:00,2024-07-01 00:00:00,Active,1317
TRT_003826,PAT_07379,Hypertension,Antihypertensive,PROD_75765,2016-11-13 00:00:00,2020-08-02 00:00:00,Discontinued,1358
TRT_003827,PAT_07381,Osteoporosis,Bone health,PROD_73098,2020-11-02 00:00:00,2022-12-17 00:00:00,Discontinued,775
TRT_003828,PAT_07382,Hypertension,Antihypertensive,PROD_75765,2019-07-02 00:00:00,2023-08-02 00:00:00,Discontinued,1492
TRT_003829,PAT_07388,Asthma,Respiratory,PROD_69769,2019-06-10 00:00:00,2021-09-20 00:00:00,Discontinued,833
TRT_003830,PAT_07390,"Dementia, including Alzheimer disease",Cognitive disorder therapy,PROD_82234,2018-06-08 00:00:00,2024-02-15 00:00:00,Discontinued,2078
TRT_003831,PAT_07398,Osteoarthritis,Analgesic / anti-inflammatory,PROD_5432,2023-11-10 00:00:00,2024-02-05 00:00:00,Discontinued,87
TRT_003832,PAT_07400,Asthma,Respiratory,PROD_13550,2020-05-11 00:00:00,2021-02-04 00:00:00,Discontinued,269
TRT_003833,PAT_07402,Asthma,Respiratory,PROD_69769,2014-11-12 00:00:00,2015-07-24 00:00:00,Discontinued,254
TRT_003834,PAT_07405,Hypertension,Antihypertensive,PROD_75765,2021-05-24 00:00:00,2024-07-01 00:00:00,Active,1134
TRT_003835,PAT_07406,Hypertension,Antihypertensive,PROD_75765,2023-09-26 00:00:00,2024-07-01 00:00:00,Active,279
TRT_003836,PAT_07407,Hypertension,Antihypertensive,PROD_75765,2022-12-12 00:00:00,2024-07-01 00:00:00,Active,567
TRT_003837,PAT_07409,Hypertension,Antihypertensive,PROD_77062,2021-09-26 00:00:00,2024-07-01 00:00:00,Active,1009
TRT_003838,PAT_07410,Chronic obstructive pulmonary disease,Respiratory,PROD_69769,2023-03-06 18:00:00,2024-07-01 00:00:00,Active,482
TRT_003839,PAT_07411,"Diabetes mellitus (types combined), excluding gestational diabetes",Antidiabetic,PROD_62536,2014-07-19 00:00:00,2021-03-17 00:00:00,Discontinued,2433
TRT_003840,PAT_07411,Osteoarthritis,Analgesic / anti-inflammatory,PROD_5432,2018-10-25 00:00:00,2019-01-12 00:00:00,Discontinued,79
TRT_003841,PAT_07414,Osteoporosis,Bone health,PROD_73098,2023-11-15 00:00:00,2024-07-01 00:00:00,Active,229
TRT_003842,PAT_07415,Hypertension,Antihypertensive,PROD_79542,2016-03-03 00:00:00,2020-06-02 00:00:00,Discontinued,1552
TRT_003843,PAT_07416,Osteoporosis,Bone health,PROD_78367,2019-06-29 00:00:00,2021-11-19 00:00:00,Discontinued,874
TRT_003844,PAT_07417,"Diabetes mellitus (types combined), excluding gestational diabetes",Antidiabetic,PROD_62536,2019-10-27 00:00:00,2022-02-10 00:00:00,Discontinued,837
TRT_003845,PAT_07417,Acute myocardial infarction,Cardiovascular,PROD_78058,2021-03-28 00:00:00,2024-07-01 00:00:00,Active,1191
TRT_003846,PAT_07418,Hypertension,Antihypertensive,PROD_77062,2014-09-25 00:00:00,2020-04-06 00:00:00,Discontinued,2020
TRT_003847,PAT_07425,Asthma,Respiratory,PROD_69769,2020-05-22 00:00:00,2020-11-14 00:00:00,Discontinued,176
TRT_003848,PAT_07425,Hypertension,Antihypertensive,PROD_77062,2024-06-20 00:00:00,2024-07-01 00:00:00,Active,11
TRT_003849,PAT_07427,Hypertension,Antihypertensive,PROD_79542,2022-11-29 00:00:00,2024-07-01 00:00:00,Active,580
TRT_003850,PAT_07429,Asthma,Respiratory,PROD_13550,2021-09-08 00:00:00,2021-12-27 00:00:00,Discontinued,110
TRT_003851,PAT_07430,Ischemic heart disease,Cardiovascular,PROD_82362,2015-04-12 00:00:00,2019-08-20 00:00:00,Discontinued,1591
TRT_003852,PAT_07430,Hypertension,Antihypertensive,PROD_79542,2022-03-15 00:00:00,2024-04-14 00:00:00,Discontinued,761
TRT_003853,PAT_07430,Chronic obstructive pulmonary disease,Respiratory,PROD_69769,2022-05-31 00:00:00,2023-02-13 00:00:00,Discontinued,258
TRT_003854,PAT_07431,Osteoarthritis,Analgesic / anti-inflammatory,PROD_5917,2020-04-01 00:00:00,2020-06-17 00:00:00,Discontinued,77
TRT_003855,PAT_07431,Hypertension,Antihypertensive,PROD_77062,2023-03-27 00:00:00,2024-07-01 00:00:00,Active,462
TRT_003856,PAT_07432,Ischemic heart disease,Cardiovascular,PROD_73770,2015-03-11 00:00:00,2022-11-16 00:00:00,Discontinued,2807
TRT_003857,PAT_07434,Chronic obstructive pulmonary disease,Respiratory,PROD_49895,2018-07-24 00:00:00,2024-05-09 00:00:00,Discontinued,2116
TRT_003858,PAT_07443,Hypertension,Antihypertensive,PROD_77062,2021-05-07 00:00:00,2024-07-01 00:00:00,Active,1151
TRT_003859,PAT_07446,Chronic obstructive pulmonary disease,Respiratory,PROD_13550,2017-01-22 00:00:00,2021-03-29 00:00:00,Discontinued,1527
TRT_003860,PAT_07448,Osteoarthritis,Analgesic / anti-inflammatory,PROD_4980,2016-12-17 00:00:00,2017-01-16 00:00:00,Discontinued,30
TRT_003861,PAT_07448,Hypertension,Antihypertensive,PROD_75765,2017-06-24 00:00:00,2021-08-23 00:00:00,Discontinued,1521
TRT_003862,PAT_07450,Osteoporosis,Bone health,PROD_78367,2018-10-28 00:00:00,2022-10-16 00:00:00,Discontinued,1449
TRT_003863,PAT_07456,Osteoporosis,Bone health,PROD_73098,2024-02-05 00:00:00,2024-07-01 00:00:00,Active,147
TRT_003864,PAT_07457,Hypertension,Antihypertensive,PROD_79542,2023-03-13 00:00:00,2024-07-01 00:00:00,Active,476
TRT_003865,PAT_07460,Ischemic heart disease,Cardiovascular,PROD_73770,2024-01-07 00:00:00,2024-07-01 00:00:00,Active,176
TRT_003866,PAT_07461,Osteoarthritis,Analgesic / anti-inflammatory,PROD_5917,2023-11-18 00:00:00,2024-05-20 00:00:00,Discontinued,184
TRT_003867,PAT_07462,"Diabetes mellitus (types combined), excluding gestational diabetes",Antidiabetic,PROD_74296,2023-06-29 00:00:00,2024-07-01 00:00:00,Active,368
TRT_003868,PAT_07463,Chronic obstructive pulmonary disease,Respiratory,PROD_49895,2021-07-16 00:00:00,2023-03-11 00:00:00,Discontinued,603
TRT_003869,PAT_07463,"Diabetes mellitus (types combined), excluding gestational diabetes",Antidiabetic,PROD_62536,2022-09-09 00:00:00,2024-07-01 00:00:00,Active,661
TRT_003870,PAT_07464,Hypertension,Antihypertensive,PROD_79542,2019-12-11 00:00:00,2024-07-01 00:00:00,Active,1664
TRT_003871,PAT_07467,"Diabetes mellitus (types combined), excluding gestational diabetes",Antidiabetic,PROD_11727,2022-04-14 00:00:00,2024-07-01 00:00:00,Active,809
TRT_003872,PAT_07469,Hypertension,Antihypertensive,PROD_79542,2024-04-07 00:00:00,2024-07-01 00:00:00,Active,85
TRT_003873,PAT_07470,Chronic obstructive pulmonary disease,Respiratory,PROD_49895,2024-03-21 18:00:00,2024-06-26 18:00:00,Discontinued,97
TRT_003874,PAT_07472,Hypertension,Antihypertensive,PROD_75765,2016-10-01 00:00:00,2020-02-10 00:00:00,Discontinued,1227
TRT_003875,PAT_07472,Asthma,Respiratory,PROD_69769,2022-08-16 00:00:00,2023-12-17 00:00:00,Discontinued,488
TRT_003876,PAT_07473,Hypertension,Antihypertensive,PROD_77062,2021-11-04 00:00:00,2024-07-01 00:00:00,Active,970
TRT_003877,PAT_07475,Osteoporosis,Bone health,PROD_73098,2018-09-14 00:00:00,2024-07-01 00:00:00,Active,2117
TRT_003878,PAT_07475,Hypertension,Antihypertensive,PROD_77062,2023-07-28 00:00:00,2024-07-01 00:00:00,Active,339
TRT_003879,PAT_07476,"Diabetes mellitus (types combined), excluding gestational diabetes",Antidiabetic,PROD_62536,2015-12-28 00:00:00,2024-07-01 00:00:00,Active,3108
TRT_003880,PAT_07480,Epilepsy,Antiepileptic,PROD_9242,2016-05-13 00:00:00,2021-12-13 00:00:00,Discontinued,2040
TRT_003881,PAT_07481,Asthma,Respiratory,PROD_49895,2015-03-27 00:00:00,2017-02-21 00:00:00,Discontinued,697
TRT_003882,PAT_07481,Osteoarthritis,Analgesic / anti-inflammatory,PROD_5917,2019-10-06 00:00:00,2019-10-31 00:00:00,Discontinued,25
TRT_003883,PAT_07481,Schizophrenia,Antipsychotic,PROD_76239,2021-08-21 00:00:00,2022-06-12 00:00:00,Discontinued,295
TRT_003884,PAT_07481,"Parkinsonism, including Parkinson disease",Parkinson's therapy,PROD_68471,2023-03-13 00:00:00,2024-07-01 00:00:00,Active,476
TRT_003885,PAT_07489,Asthma,Respiratory,PROD_49895,2016-05-19 00:00:00,2018-02-27 00:00:00,Discontinued,649
TRT_003886,PAT_07490,Asthma,Respiratory,PROD_13550,2017-08-18 00:00:00,2019-04-20 00:00:00,Discontinued,610
TRT_003887,PAT_07490,Hypertension,Antihypertensive,PROD_77062,2021-10-30 00:00:00,2024-07-01 00:00:00,Active,975
TRT_003888,PAT_07491,Chronic obstructive pulmonary disease,Respiratory,PROD_13550,2017-07-19 18:00:00,2017-11-25 18:00:00,Discontinued,129
TRT_003889,PAT_07492,Hypertension,Antihypertensive,PROD_77062,2022-03-17 00:00:00,2024-07-01 00:00:00,Active,837
TRT_003890,PAT_07496,Ischemic heart disease,Cardiovascular,PROD_73770,2022-03-06 00:00:00,2024-07-01 00:00:00,Active,848
TRT_003891,PAT_07497,Stroke,Antithrombotic / secondary prevention,PROD_61080,2020-06-10 00:00:00,2024-07-01 00:00:00,Active,1482
TRT_003892,PAT_07499,Osteoarthritis,Analgesic / anti-inflammatory,PROD_5432,2024-03-31 00:00:00,2024-06-20 00:00:00,Discontinued,81
TRT_003893,PAT_07503,Hypertension,Antihypertensive,PROD_79542,2022-02-24 00:00:00,2024-07-01 00:00:00,Active,858
TRT_003894,PAT_07505,Hypertension,Antihypertensive,PROD_79542,2021-09-05 00:00:00,2023-08-16 00:00:00,Discontinued,710
TRT_003895,PAT_07507,"Diabetes mellitus (types combined), excluding gestational diabetes",Antidiabetic,PROD_62536,2024-04-09 00:00:00,2024-07-01 00:00:00,Active,83
TRT_003896,PAT_07510,Asthma,Respiratory,PROD_49895,2016-01-30 00:00:00,2024-07-01 00:00:00,Active,3075
TRT_003897,PAT_07512,Hypertension,Antihypertensive,PROD_79542,2020-05-24 00:00:00,2024-07-01 00:00:00,Active,1499
TRT_003898,PAT_07518,"Diabetes mellitus (types combined), excluding gestational diabetes",Antidiabetic,PROD_74296,2024-01-13 06:00:00,2024-07-01 00:00:00,Active,169
TRT_003899,PAT_07522,Asthma,Respiratory,PROD_13550,2022-01-28 06:00:00,2023-07-01 06:00:00,Discontinued,519
TRT_003900,PAT_07523,Asthma,Respiratory,PROD_49895,2019-05-27 00:00:00,2020-01-27 00:00:00,Discontinued,245
TRT_003901,PAT_07524,Osteoarthritis,Analgesic / anti-inflammatory,PROD_5917,2015-11-06 00:00:00,2016-02-26 00:00:00,Discontinued,112
TRT_003902,PAT_07524,Chronic obstructive pulmonary disease,Respiratory,PROD_13550,2021-11-25 00:00:00,2023-09-24 00:00:00,Discontinued,668
TRT_003903,PAT_07527,Osteoarthritis,Analgesic / anti-inflammatory,PROD_4980,2021-06-17 00:00:00,2021-09-16 00:00:00,Discontinued,91
TRT_003904,PAT_07527,Hypertension,Antihypertensive,PROD_79542,2023-04-13 00:00:00,2024-07-01 00:00:00,Active,445
TRT_003905,PAT_07529,Ischemic heart disease,Cardiovascular,PROD_82362,2015-01-21 00:00:00,2021-02-24 00:00:00,Discontinued,2226
TRT_003906,PAT_07534,Asthma,Respiratory,PROD_49895,2022-10-07 00:00:00,2023-08-26 00:00:00,Discontinued,323
TRT_003907,PAT_07535,Asthma,Respiratory,PROD_49895,2015-08-22 00:00:00,2016-03-13 00:00:00,Discontinued,204
TRT_003908,PAT_07537,Hypertension,Antihypertensive,PROD_77062,2016-01-09 00:00:00,2024-07-01 00:00:00,Active,3096
TRT_003909,PAT_07538,Asthma,Respiratory,PROD_49895,2016-01-09 00:00:00,2024-07-01 00:00:00,Active,3096
TRT_003910,PAT_07540,Chronic obstructive pulmonary disease,Respiratory,PROD_69769,2019-02-20 18:00:00,2024-07-01 00:00:00,Active,1957
TRT_003911,PAT_07541,Osteoporosis,Bone health,PROD_78367,2015-12-23 00:00:00,2020-05-27 00:00:00,Discontinued,1617
TRT_003912,PAT_07542,"Diabetes mellitus (types combined), excluding gestational diabetes",Antidiabetic,PROD_62536,2021-01-15 00:00:00,2024-07-01 00:00:00,Active,1263
TRT_003913,PAT_07542,Hypertension,Antihypertensive,PROD_75765,2021-03-26 00:00:00,2024-07-01 00:00:00,Active,1193
TRT_003914,PAT_07547,Schizophrenia,Antipsychotic,PROD_73690,2019-07-12 00:00:00,2021-10-11 00:00:00,Discontinued,822
TRT_003915,PAT_07548,Osteoporosis,Bone health,PROD_73098,2022-01-31 00:00:00,2024-05-31 00:00:00,Discontinued,851
TRT_003916,PAT_07550,Asthma,Respiratory,PROD_49895,2014-11-07 00:00:00,2020-06-17 00:00:00,Discontinued,2049
TRT_003917,PAT_07550,Osteoarthritis,Analgesic / anti-inflammatory,PROD_5432,2022-06-07 00:00:00,2022-06-25 00:00:00,Discontinued,18
TRT_003918,PAT_07551,"Diabetes mellitus (types combined), excluding gestational diabetes",Antidiabetic,PROD_74296,2022-09-05 00:00:00,2024-07-01 00:00:00,Active,665
TRT_003919,PAT_07554,Osteoarthritis,Analgesic / anti-inflammatory,PROD_5917,2018-06-04 00:00:00,2018-11-22 00:00:00,Discontinued,171
TRT_003920,PAT_07554,Asthma,Respiratory,PROD_49895,2018-09-10 00:00:00,2019-05-03 00:00:00,Discontinued,235
TRT_003921,PAT_07557,Hypertension,Antihypertensive,PROD_75765,2018-02-06 00:00:00,2022-04-10 00:00:00,Discontinued,1524
TRT_003922,PAT_07557,Osteoarthritis,Analgesic / anti-inflammatory,PROD_5917,2019-12-17 00:00:00,2020-05-10 00:00:00,Discontinued,145
TRT_003923,PAT_07558,Osteoporosis,Bone health,PROD_78367,2020-03-28 00:00:00,2024-07-01 00:00:00,Active,1556
TRT_003924,PAT_07559,"Diabetes mellitus (types combined), excluding gestational diabetes",Antidiabetic,PROD_62536,2024-05-16 06:00:00,2024-07-01 00:00:00,Active,45
TRT_003925,PAT_07560,Acute myocardial infarction,Cardiovascular,PROD_73770,2022-04-21 00:00:00,2024-02-04 00:00:00,Discontinued,654
TRT_003926,PAT_07563,Heart failure,Heart failure therapy,PROD_5646,2020-01-09 00:00:00,2022-06-25 00:00:00,Discontinued,898
TRT_003927,PAT_07563,Asthma,Respiratory,PROD_49895,2021-03-06 00:00:00,2021-07-02 00:00:00,Discontinued,118
TRT_003928,PAT_07569,Hypertension,Antihypertensive,PROD_79542,2024-02-10 00:00:00,2024-07-01 00:00:00,Active,142
TRT_003929,PAT_07570,Acute myocardial infarction,Cardiovascular,PROD_78058,2016-10-21 00:00:00,2019-03-20 00:00:00,Discontinued,880
TRT_003930,PAT_07570,Hypertension,Antihypertensive,PROD_77062,2017-03-01 00:00:00,2024-07-01 00:00:00,Active,2679
TRT_003931,PAT_07581,"Diabetes mellitus (types combined), excluding gestational diabetes",Antidiabetic,PROD_62536,2018-01-29 00:00:00,2022-01-12 00:00:00,Discontinued,1444
TRT_003932,PAT_07583,Asthma,Respiratory,PROD_49895,2017-11-02 00:00:00,2019-05-21 00:00:00,Discontinued,565
TRT_003933,PAT_07583,Heart failure,Heart failure therapy,PROD_2333,2018-07-03 00:00:00,2020-12-10 00:00:00,Discontinued,891
TRT_003934,PAT_07584,Heart failure,Heart failure therapy,PROD_2333,2022-08-14 00:00:00,2024-07-01 00:00:00,Active,687
TRT_003935,PAT_07586,Epilepsy,Antiepileptic,PROD_9242,2018-11-25 00:00:00,2024-07-01 00:00:00,Active,2045
TRT_003936,PAT_07587,"Diabetes mellitus (types combined), excluding gestational diabetes",Antidiabetic,PROD_62536,2018-12-07 00:00:00,2021-07-02 00:00:00,Discontinued,938
TRT_003937,PAT_07589,Asthma,Respiratory,PROD_69769,2017-10-12 00:00:00,2024-07-01 00:00:00,Active,2454
TRT_003938,PAT_07590,Hypertension,Antihypertensive,PROD_77062,2022-02-03 00:00:00,2024-07-01 00:00:00,Active,879
TRT_003939,PAT_07594,"Diabetes mellitus (types combined), excluding gestational diabetes",Antidiabetic,PROD_74296,2022-06-07 06:00:00,2024-07-01 00:00:00,Active,754
TRT_003940,PAT_07596,Asthma,Respiratory,PROD_13550,2020-09-16 00:00:00,2022-12-13 00:00:00,Discontinued,818
TRT_003941,PAT_07607,Heart failure,Heart failure therapy,PROD_2333,2016-04-05 00:00:00,2022-12-16 00:00:00,Discontinued,2446
TRT_003942,PAT_07610,Osteoarthritis,Analgesic / anti-inflammatory,PROD_5432,2020-12-07 00:00:00,2022-01-09 00:00:00,Discontinued,398
TRT_003943,PAT_07615,Acute myocardial infarction,Cardiovascular,PROD_82362,2018-06-09 00:00:00,2024-07-01 00:00:00,Active,2214
TRT_003944,PAT_07617,"Dementia, including Alzheimer disease",Cognitive disorder therapy,PROD_80779,2024-06-02 06:00:00,2024-07-01 00:00:00,Active,28
TRT_003945,PAT_07623,Asthma,Respiratory,PROD_49895,2020-03-09 00:00:00,2021-03-04 00:00:00,Discontinued,360
TRT_003946,PAT_07626,Hypertension,Antihypertensive,PROD_75765,2017-07-04 00:00:00,2024-07-01 00:00:00,Active,2554
TRT_003947,PAT_07626,Ischemic heart disease,Cardiovascular,PROD_82362,2019-11-10 00:00:00,2022-04-18 00:00:00,Discontinued,890
TRT_003948,PAT_07628,Asthma,Respiratory,PROD_49895,2022-12-17 00:00:00,2024-07-01 00:00:00,Active,562
TRT_003949,PAT_07629,Hypertension,Antihypertensive,PROD_77062,2017-08-01 00:00:00,2024-07-01 00:00:00,Active,2526
TRT_003950,PAT_07629,Osteoarthritis,Analgesic / anti-inflammatory,PROD_4980,2022-10-04 00:00:00,2022-10-16 00:00:00,Discontinued,12
TRT_003951,PAT_07632,Hypertension,Antihypertensive,PROD_75765,2021-04-16 00:00:00,2024-07-01 00:00:00,Active,1172
TRT_003952,PAT_07633,Asthma,Respiratory,PROD_49895,2015-05-28 00:00:00,2017-05-16 00:00:00,Discontinued,719
TRT_003953,PAT_07638,Osteoarthritis,Analgesic / anti-inflammatory,PROD_5432,2023-04-13 00:00:00,2023-06-27 00:00:00,Discontinued,75
TRT_003954,PAT_07641,Asthma,Respiratory,PROD_69769,2017-10-23 00:00:00,2019-01-13 00:00:00,Discontinued,447
TRT_003955,PAT_07641,Hypertension,Antihypertensive,PROD_75765,2019-10-09 00:00:00,2024-07-01 00:00:00,Active,1727
TRT_003956,PAT_07646,Osteoarthritis,Analgesic / anti-inflammatory,PROD_4980,2018-11-16 00:00:00,2019-01-29 00:00:00,Discontinued,74
TRT_003957,PAT_07649,Hypertension,Antihypertensive,PROD_75765,2018-10-05 00:00:00,2024-07-01 00:00:00,Active,2096
TRT_003958,PAT_07659,Ischemic heart disease,Cardiovascular,PROD_73770,2014-12-12 00:00:00,2018-05-31 00:00:00,Discontinued,1266
TRT_003959,PAT_07659,Hypertension,Antihypertensive,PROD_75765,2024-06-13 00:00:00,2024-07-01 00:00:00,Active,18
TRT_003960,PAT_07661,Chronic obstructive pulmonary disease,Respiratory,PROD_49895,2019-12-11 00:00:00,2021-02-09 00:00:00,Discontinued,426
TRT_003961,PAT_07663,Asthma,Respiratory,PROD_13550,2018-12-02 00:00:00,2021-07-28 00:00:00,Discontinued,969
TRT_003962,PAT_07664,Hypertension,Antihypertensive,PROD_75765,2015-12-01 00:00:00,2018-12-10 00:00:00,Discontinued,1105
TRT_003963,PAT_07664,Ischemic heart disease,Cardiovascular,PROD_82362,2022-08-08 00:00:00,2024-07-01 00:00:00,Active,693
TRT_003964,PAT_07671,Hypertension,Antihypertensive,PROD_77062,2024-05-27 00:00:00,2024-07-01 00:00:00,Active,35
TRT_003965,PAT_07676,Asthma,Respiratory,PROD_69769,2016-08-05 00:00:00,2018-11-16 00:00:00,Discontinued,833
TRT_003966,PAT_07676,Osteoporosis,Bone health,PROD_78367,2023-04-25 00:00:00,2024-07-01 00:00:00,Active,433
TRT_003967,PAT_07677,Hypertension,Antihypertensive,PROD_75765,2015-08-06 00:00:00,2018-06-09 00:00:00,Discontinued,1038
TRT_003968,PAT_07678,Asthma,Respiratory,PROD_49895,2014-11-19 00:00:00,2022-12-26 00:00:00,Discontinued,2959
TRT_003969,PAT_07681,Hypertension,Antihypertensive,PROD_79542,2015-04-12 00:00:00,2018-02-04 00:00:00,Discontinued,1029
TRT_003970,PAT_07684,Hypertension,Antihypertensive,PROD_77062,2023-02-26 00:00:00,2024-07-01 00:00:00,Active,491
TRT_003971,PAT_07689,"Diabetes mellitus (types combined), excluding gestational diabetes",Antidiabetic,PROD_74296,2017-09-22 00:00:00,2020-03-09 00:00:00,Discontinued,899
TRT_003972,PAT_07694,Asthma,Respiratory,PROD_69769,2023-07-22 00:00:00,2024-07-01 00:00:00,Active,345
TRT_003973,PAT_07695,Hypertension,Antihypertensive,PROD_77062,2022-02-03 00:00:00,2024-07-01 00:00:00,Active,879
TRT_003974,PAT_07697,Osteoporosis,Bone health,PROD_73098,2020-09-13 00:00:00,2022-05-20 00:00:00,Discontinued,614
TRT_003975,PAT_07698,Osteoarthritis,Analgesic / anti-inflammatory,PROD_5432,2014-10-14 00:00:00,2014-12-04 00:00:00,Discontinued,51
TRT_003976,PAT_07698,"Parkinsonism, including Parkinson disease",Parkinson's therapy,PROD_77772,2022-07-02 00:00:00,2024-07-01 00:00:00,Active,730
TRT_003977,PAT_07706,Osteoarthritis,Analgesic / anti-inflammatory,PROD_5432,2020-03-25 00:00:00,2020-07-27 00:00:00,Discontinued,124
TRT_003978,PAT_07711,Heart failure,Heart failure therapy,PROD_70034,2021-11-13 00:00:00,2024-07-01 00:00:00,Active,961
TRT_003979,PAT_07712,Hypertension,Antihypertensive,PROD_77062,2016-04-02 00:00:00,2018-06-14 00:00:00,Discontinued,803
TRT_003980,PAT_07715,Rheumatoid arthritis,Immunomodulatory / anti-inflammatory,PROD_44161,2021-06-14 00:00:00,2023-05-25 00:00:00,Discontinued,710
TRT_003981,PAT_07716,Hypertension,Antihypertensive,PROD_79542,2023-09-03 00:00:00,2024-07-01 00:00:00,Active,302
TRT_003982,PAT_07719,Acute myocardial infarction,Cardiovascular,PROD_73770,2020-01-28 00:00:00,2024-07-01 00:00:00,Active,1616
TRT_003983,PAT_07724,Hypertension,Antihypertensive,PROD_77062,2019-02-10 00:00:00,2024-07-01 00:00:00,Active,1968
TRT_003984,PAT_07724,Ischemic heart disease,Cardiovascular,PROD_73770,2021-12-02 00:00:00,2024-07-01 00:00:00,Active,942
TRT_003985,PAT_07725,Chronic obstructive pulmonary disease,Respiratory,PROD_49895,2021-08-02 18:00:00,2023-07-22 18:00:00,Discontinued,719
TRT_003986,PAT_07726,Ischemic heart disease,Cardiovascular,PROD_82362,2014-10-12 00:00:00,2024-07-01 00:00:00,Active,3550
TRT_003987,PAT_07729,Ischemic heart disease,Cardiovascular,PROD_82362,2015-01-22 00:00:00,2019-07-02 00:00:00,Discontinued,1622
TRT_003988,PAT_07729,Hypertension,Antihypertensive,PROD_75765,2021-06-17 00:00:00,2023-12-03 00:00:00,Discontinued,899
TRT_003989,PAT_07735,Asthma,Respiratory,PROD_69769,2016-01-01 00:00:00,2018-09-05 00:00:00,Discontinued,978
TRT_003990,PAT_07738,"Diabetes mellitus (types combined), excluding gestational diabetes",Antidiabetic,PROD_74296,2016-08-29 00:00:00,2018-10-18 00:00:00,Discontinued,780
TRT_003991,PAT_07742,Epilepsy,Antiepileptic,PROD_9242,2016-07-08 00:00:00,2020-10-13 00:00:00,Discontinued,1558
TRT_003992,PAT_07742,Osteoarthritis,Analgesic / anti-inflammatory,PROD_5432,2021-05-20 00:00:00,2021-07-15 00:00:00,Discontinued,56
TRT_003993,PAT_07743,Hypertension,Antihypertensive,PROD_75765,2021-05-14 00:00:00,2024-04-26 00:00:00,Discontinued,1078
TRT_003994,PAT_07745,Hypertension,Antihypertensive,PROD_77062,2020-04-10 00:00:00,2024-06-01 00:00:00,Discontinued,1513
TRT_003995,PAT_07750,Osteoporosis,Bone health,PROD_78367,2022-06-18 00:00:00,2024-07-01 00:00:00,Active,744
TRT_003996,PAT_07751,Hypertension,Antihypertensive,PROD_77062,2016-05-15 00:00:00,2024-07-01 00:00:00,Active,2969
TRT_003997,PAT_07753,Ischemic heart disease,Cardiovascular,PROD_78058,2019-12-21 00:00:00,2024-07-01 00:00:00,Active,1654
TRT_003998,PAT_07753,"Diabetes mellitus (types combined), excluding gestational diabetes",Antidiabetic,PROD_11727,2024-01-06 00:00:00,2024-07-01 00:00:00,Active,177
TRT_003999,PAT_07758,Osteoporosis,Bone health,PROD_78367,2016-06-14 00:00:00,2019-01-08 00:00:00,Discontinued,938
TRT_004000,PAT_07759,Stroke,Antithrombotic / secondary prevention,PROD_61080,2022-06-25 00:00:00,2022-08-16 00:00:00,Discontinued,52
TRT_004001,PAT_07763,Osteoporosis,Bone health,PROD_73098,2019-03-24 00:00:00,2022-12-18 00:00:00,Discontinued,1365
TRT_004002,PAT_07764,"Diabetes mellitus (types combined), excluding gestational diabetes",Antidiabetic,PROD_74296,2022-01-16 00:00:00,2022-12-12 00:00:00,Discontinued,330
TRT_004003,PAT_07766,Stroke,Antithrombotic / secondary prevention,PROD_19474,2018-09-16 00:00:00,2018-12-05 00:00:00,Discontinued,80
TRT_004004,PAT_07766,Osteoarthritis,Analgesic / anti-inflammatory,PROD_4980,2018-12-12 00:00:00,2019-03-01 00:00:00,Discontinued,79
TRT_004005,PAT_07767,Hypertension,Antihypertensive,PROD_79542,2018-11-23 00:00:00,2024-07-01 00:00:00,Active,2047
TRT_004006,PAT_07768,Asthma,Respiratory,PROD_69769,2022-08-04 00:00:00,2023-07-19 00:00:00,Discontinued,349
TRT_004007,PAT_07769,Osteoporosis,Bone health,PROD_73098,2019-11-02 00:00:00,2024-07-01 00:00:00,Active,1703
TRT_004008,PAT_07769,Asthma,Respiratory,PROD_69769,2020-02-02 00:00:00,2022-06-21 00:00:00,Discontinued,870
TRT_004009,PAT_07771,Osteoporosis,Bone health,PROD_73098,2020-09-22 00:00:00,2023-04-23 00:00:00,Discontinued,943
TRT_004010,PAT_07775,Ischemic heart disease,Cardiovascular,PROD_73770,2014-12-10 00:00:00,2024-07-01 00:00:00,Active,3491
TRT_004011,PAT_07775,Osteoarthritis,Analgesic / anti-inflammatory,PROD_4980,2022-10-30 00:00:00,2023-09-10 00:00:00,Discontinued,315
TRT_004012,PAT_07776,Heart failure,Heart failure therapy,PROD_5646,2023-04-26 00:00:00,2024-07-01 00:00:00,Active,432
TRT_004013,PAT_07780,Asthma,Respiratory,PROD_13550,2016-03-05 00:00:00,2016-11-12 00:00:00,Discontinued,252
TRT_004014,PAT_07781,Hypertension,Antihypertensive,PROD_75765,2022-07-11 00:00:00,2024-07-01 00:00:00,Active,721
TRT_004015,PAT_07783,Osteoporosis,Bone health,PROD_78367,2024-02-06 00:00:00,2024-07-01 00:00:00,Active,146
TRT_004016,PAT_07785,Osteoporosis,Bone health,PROD_78367,2020-10-05 00:00:00,2023-09-07 00:00:00,Discontinued,1067
TRT_004017,PAT_07786,Hypertension,Antihypertensive,PROD_77062,2017-02-20 00:00:00,2019-05-31 00:00:00,Discontinued,830
TRT_004018,PAT_07787,Stroke,Antithrombotic / secondary prevention,PROD_66470,2018-03-02 00:00:00,2019-03-31 00:00:00,Discontinued,394
TRT_004019,PAT_07789,Osteoarthritis,Analgesic / anti-inflammatory,PROD_4980,2020-10-31 00:00:00,2021-02-19 00:00:00,Discontinued,111
TRT_004020,PAT_07790,Asthma,Respiratory,PROD_69769,2023-12-05 00:00:00,2024-02-18 00:00:00,Discontinued,75
TRT_004021,PAT_07792,Asthma,Respiratory,PROD_49895,2021-12-20 06:00:00,2022-05-24 06:00:00,Discontinued,155
TRT_004022,PAT_07793,Asthma,Respiratory,PROD_69769,2014-09-03 00:00:00,2015-07-30 00:00:00,Discontinued,330
TRT_004023,PAT_07793,Osteoporosis,Bone health,PROD_78367,2023-04-24 00:00:00,2024-07-01 00:00:00,Active,434
TRT_004024,PAT_07794,"Diabetes mellitus (types combined), excluding gestational diabetes",Antidiabetic,PROD_11727,2020-09-14 00:00:00,2024-02-26 00:00:00,Discontinued,1260
TRT_004025,PAT_07797,Hypertension,Antihypertensive,PROD_75765,2015-06-11 00:00:00,2019-07-10 00:00:00,Discontinued,1490
TRT_004026,PAT_07797,Osteoporosis,Bone health,PROD_78367,2021-12-04 00:00:00,2023-11-21 00:00:00,Discontinued,717
TRT_004027,PAT_07798,Hypertension,Antihypertensive,PROD_77062,2021-05-24 00:00:00,2023-01-29 00:00:00,Discontinued,615
TRT_004028,PAT_07798,"Diabetes mellitus (types combined), excluding gestational diabetes",Antidiabetic,PROD_11727,2022-08-21 00:00:00,2024-07-01 00:00:00,Active,680
TRT_004029,PAT_07802,Chronic obstructive pulmonary disease,Respiratory,PROD_13550,2017-02-05 00:00:00,2018-04-24 00:00:00,Discontinued,443
TRT_004030,PAT_07808,"Diabetes mellitus (types combined), excluding gestational diabetes",Antidiabetic,PROD_74296,2014-11-28 00:00:00,2018-11-13 00:00:00,Discontinued,1446
TRT_004031,PAT_07812,Heart failure,Heart failure therapy,PROD_70034,2018-06-05 00:00:00,2023-11-11 00:00:00,Discontinued,1985
TRT_004032,PAT_07814,Asthma,Respiratory,PROD_13550,2017-02-06 00:00:00,2019-05-20 00:00:00,Discontinued,833
TRT_004033,PAT_07814,Hypertension,Antihypertensive,PROD_79542,2020-11-13 00:00:00,2024-07-01 00:00:00,Active,1326
TRT_004034,PAT_07822,Osteoarthritis,Analgesic / anti-inflammatory,PROD_4980,2016-06-09 00:00:00,2016-08-02 00:00:00,Discontinued,54
TRT_004035,PAT_07822,Schizophrenia,Antipsychotic,PROD_73690,2020-07-20 00:00:00,2020-11-10 00:00:00,Discontinued,113
TRT_004036,PAT_07822,Ischemic heart disease,Cardiovascular,PROD_73770,2023-07-22 00:00:00,2024-07-01 00:00:00,Active,345
TRT_004037,PAT_07825,Asthma,Respiratory,PROD_49895,2017-01-08 00:00:00,2019-03-25 00:00:00,Discontinued,806
TRT_004038,PAT_07827,Hypertension,Antihypertensive,PROD_75765,2016-05-23 00:00:00,2018-11-01 00:00:00,Discontinued,892
TRT_004039,PAT_07829,Stroke,Antithrombotic / secondary prevention,PROD_19474,2019-11-29 00:00:00,2021-11-21 00:00:00,Discontinued,723
TRT_004040,PAT_07831,Osteoarthritis,Analgesic / anti-inflammatory,PROD_4980,2021-04-19 00:00:00,2021-11-16 00:00:00,Discontinued,211
TRT_004041,PAT_07831,Chronic obstructive pulmonary disease,Respiratory,PROD_13550,2023-06-05 18:00:00,2024-07-01 00:00:00,Active,391
TRT_004042,PAT_07832,Osteoarthritis,Analgesic / anti-inflammatory,PROD_4980,2018-06-30 00:00:00,2018-10-18 00:00:00,Discontinued,110
TRT_004043,PAT_07836,Hypertension,Antihypertensive,PROD_77062,2014-08-08 00:00:00,2024-07-01 00:00:00,Active,3615
TRT_004044,PAT_07838,Hypertension,Antihypertensive,PROD_79542,2017-02-01 00:00:00,2019-02-08 00:00:00,Discontinued,737
TRT_004045,PAT_07840,Asthma,Respiratory,PROD_13550,2020-02-09 00:00:00,2021-07-22 00:00:00,Discontinued,529
TRT_004046,PAT_07840,Chronic obstructive pulmonary disease,Respiratory,PROD_69769,2022-11-21 18:00:00,2023-12-18 18:00:00,Discontinued,392
TRT_004047,PAT_07843,Hypertension,Antihypertensive,PROD_77062,2019-07-04 00:00:00,2024-07-01 00:00:00,Active,1824
TRT_004048,PAT_07843,Stroke,Antithrombotic / secondary prevention,PROD_19474,2023-04-03 00:00:00,2024-07-01 00:00:00,Active,455
TRT_004049,PAT_07843,Ischemic heart disease,Cardiovascular,PROD_73770,2024-05-11 00:00:00,2024-07-01 00:00:00,Active,51
TRT_004050,PAT_07845,Osteoarthritis,Analgesic / anti-inflammatory,PROD_5917,2023-10-01 00:00:00,2023-11-13 00:00:00,Discontinued,43
TRT_004051,PAT_07846,Chronic obstructive pulmonary disease,Respiratory,PROD_13550,2017-09-09 00:00:00,2018-02-11 00:00:00,Discontinued,155
TRT_004052,PAT_07851,Stroke,Antithrombotic / secondary prevention,PROD_61080,2018-07-14 00:00:00,2024-07-01 00:00:00,Active,2179
TRT_004053,PAT_07852,Hypertension,Antihypertensive,PROD_75765,2024-01-31 00:00:00,2024-07-01 00:00:00,Active,152
TRT_004054,PAT_07854,Chronic obstructive pulmonary disease,Respiratory,PROD_69769,2022-08-14 18:00:00,2024-07-01 00:00:00,Active,686
TRT_004055,PAT_07857,Hypertension,Antihypertensive,PROD_79542,2017-04-26 00:00:00,2021-03-06 00:00:00,Discontinued,1410
TRT_004056,PAT_07858,Hypertension,Antihypertensive,PROD_75765,2016-10-11 00:00:00,2022-11-20 00:00:00,Discontinued,2231
TRT_004057,PAT_07858,Ischemic heart disease,Cardiovascular,PROD_73770,2023-05-09 00:00:00,2024-07-01 00:00:00,Active,419
TRT_004058,PAT_07860,Hypertension,Antihypertensive,PROD_77062,2017-09-24 00:00:00,2024-05-30 00:00:00,Discontinued,2440
TRT_004059,PAT_07861,Osteoarthritis,Analgesic / anti-inflammatory,PROD_5432,2023-04-09 00:00:00,2023-05-14 00:00:00,Discontinued,35
TRT_004060,PAT_07862,Osteoarthritis,Analgesic / anti-inflammatory,PROD_5432,2017-07-01 00:00:00,2017-09-07 00:00:00,Discontinued,68
TRT_004061,PAT_07862,Hypertension,Antihypertensive,PROD_77062,2022-08-18 00:00:00,2024-07-01 00:00:00,Active,683
TRT_004062,PAT_07863,"Diabetes mellitus (types combined), excluding gestational diabetes",Antidiabetic,PROD_11727,2022-03-16 06:00:00,2022-08-22 06:00:00,Discontinued,159
TRT_004063,PAT_07865,Hypertension,Antihypertensive,PROD_75765,2024-02-16 00:00:00,2024-07-01 00:00:00,Active,136
TRT_004064,PAT_07867,"Diabetes mellitus (types combined), excluding gestational diabetes",Antidiabetic,PROD_62536,2016-04-30 00:00:00,2018-11-16 00:00:00,Discontinued,930
TRT_004065,PAT_07868,Hypertension,Antihypertensive,PROD_79542,2022-07-18 00:00:00,2024-07-01 00:00:00,Active,714
TRT_004066,PAT_07869,Stroke,Antithrombotic / secondary prevention,PROD_66470,2018-04-01 00:00:00,2019-10-02 00:00:00,Discontinued,549
TRT_004067,PAT_07869,Osteoarthritis,Analgesic / anti-inflammatory,PROD_5432,2018-08-01 00:00:00,2019-08-06 00:00:00,Discontinued,370
TRT_004068,PAT_07871,Osteoarthritis,Analgesic / anti-inflammatory,PROD_5917,2021-03-30 00:00:00,2021-07-23 00:00:00,Discontinued,115
TRT_004069,PAT_07879,Hypertension,Antihypertensive,PROD_77062,2020-01-19 00:00:00,2024-07-01 00:00:00,Active,1625
TRT_004070,PAT_07880,Asthma,Respiratory,PROD_49895,2019-01-15 00:00:00,2021-07-03 00:00:00,Discontinued,900
TRT_004071,PAT_07882,Osteoarthritis,Analgesic / anti-inflammatory,PROD_5432,2018-11-30 00:00:00,2019-05-30 00:00:00,Discontinued,181
TRT_004072,PAT_07882,Osteoporosis,Bone health,PROD_78367,2020-10-11 00:00:00,2024-07-01 00:00:00,Active,1359
TRT_004073,PAT_07886,Hypertension,Antihypertensive,PROD_75765,2019-02-23 00:00:00,2024-07-01 00:00:00,Active,1955
TRT_004074,PAT_07886,Ischemic heart disease,Cardiovascular,PROD_82362,2021-07-14 00:00:00,2024-07-01 00:00:00,Active,1083
TRT_004075,PAT_07886,"Dementia, including Alzheimer disease",Cognitive disorder therapy,PROD_80779,2022-05-21 00:00:00,2023-03-13 00:00:00,Discontinued,296
TRT_004076,PAT_07890,Hypertension,Antihypertensive,PROD_75765,2022-02-19 00:00:00,2024-07-01 00:00:00,Active,863
TRT_004077,PAT_07891,Hypertension,Antihypertensive,PROD_77062,2024-02-16 00:00:00,2024-07-01 00:00:00,Active,136
TRT_004078,PAT_07892,Chronic obstructive pulmonary disease,Respiratory,PROD_13550,2014-12-07 00:00:00,2016-10-18 00:00:00,Discontinued,681
TRT_004079,PAT_07904,Hypertension,Antihypertensive,PROD_75765,2016-01-07 00:00:00,2017-09-30 00:00:00,Discontinued,632
TRT_004080,PAT_07905,Hypertension,Antihypertensive,PROD_77062,2017-04-04 00:00:00,2024-07-01 00:00:00,Active,2645
TRT_004081,PAT_07909,Hypertension,Antihypertensive,PROD_75765,2021-06-21 00:00:00,2024-06-10 00:00:00,Discontinued,1085
TRT_004082,PAT_07910,Ischemic heart disease,Cardiovascular,PROD_73770,2021-04-20 00:00:00,2024-07-01 00:00:00,Active,1168
TRT_004083,PAT_07914,Hypertension,Antihypertensive,PROD_77062,2014-08-28 00:00:00,2016-07-25 00:00:00,Discontinued,697
TRT_004084,PAT_07915,Asthma,Respiratory,PROD_49895,2014-07-15 00:00:00,2024-07-01 00:00:00,Active,3639
TRT_004085,PAT_07916,Hypertension,Antihypertensive,PROD_79542,2021-07-25 00:00:00,2023-04-05 00:00:00,Discontinued,619
TRT_004086,PAT_07916,"Dementia, including Alzheimer disease",Cognitive disorder therapy,PROD_80779,2021-10-01 06:00:00,2024-07-01 00:00:00,Active,1003
TRT_004087,PAT_07918,Ischemic heart disease,Cardiovascular,PROD_82362,2020-05-31 00:00:00,2021-06-07 00:00:00,Discontinued,372
TRT_004088,PAT_07925,Hypertension,Antihypertensive,PROD_77062,2019-03-18 00:00:00,2024-01-20 00:00:00,Discontinued,1769
TRT_004089,PAT_07926,Asthma,Respiratory,PROD_49895,2023-03-04 00:00:00,2024-02-25 00:00:00,Discontinued,358
TRT_004090,PAT_07926,Ischemic heart disease,Cardiovascular,PROD_82362,2024-05-30 00:00:00,2024-07-01 00:00:00,Active,32
TRT_004091,PAT_07927,Hypertension,Antihypertensive,PROD_75765,2019-02-17 00:00:00,2022-10-06 00:00:00,Discontinued,1327
TRT_004092,PAT_07931,Ischemic heart disease,Cardiovascular,PROD_82362,2022-04-29 00:00:00,2024-07-01 00:00:00,Active,794
TRT_004093,PAT_07934,Ischemic heart disease,Cardiovascular,PROD_73770,2018-01-22 00:00:00,2020-05-18 00:00:00,Discontinued,847
TRT_004094,PAT_07936,Hypertension,Antihypertensive,PROD_77062,2022-01-18 00:00:00,2024-07-01 00:00:00,Active,895
TRT_004095,PAT_07939,Chronic obstructive pulmonary disease,Respiratory,PROD_13550,2024-02-02 00:00:00,2024-07-01 00:00:00,Active,150
TRT_004096,PAT_07946,Chronic obstructive pulmonary disease,Respiratory,PROD_49895,2018-03-23 00:00:00,2020-09-08 00:00:00,Discontinued,900
TRT_004097,PAT_07949,Osteoarthritis,Analgesic / anti-inflammatory,PROD_5917,2020-05-20 00:00:00,2020-09-18 00:00:00,Discontinued,121
TRT_004098,PAT_07950,"Diabetes mellitus (types combined), excluding gestational diabetes",Antidiabetic,PROD_74296,2014-11-10 00:00:00,2023-06-13 00:00:00,Discontinued,3137
TRT_004099,PAT_07955,Hypertension,Antihypertensive,PROD_79542,2016-02-12 00:00:00,2022-03-21 00:00:00,Discontinued,2229
TRT_004100,PAT_07955,Chronic obstructive pulmonary disease,Respiratory,PROD_69769,2017-06-08 00:00:00,2020-05-05 00:00:00,Discontinued,1062
TRT_004101,PAT_07956,Hypertension,Antihypertensive,PROD_77062,2021-02-22 00:00:00,2023-09-11 00:00:00,Discontinued,931
TRT_004102,PAT_07958,Hypertension,Antihypertensive,PROD_77062,2022-05-19 00:00:00,2024-07-01 00:00:00,Active,774
TRT_004103,PAT_07958,Chronic obstructive pulmonary disease,Respiratory,PROD_69769,2022-08-26 00:00:00,2024-07-01 00:00:00,Active,675
TRT_004104,PAT_07960,Rheumatoid arthritis,Immunomodulatory / anti-inflammatory,PROD_19681,2022-01-31 00:00:00,2022-06-16 00:00:00,Discontinued,136
TRT_004105,PAT_07962,Hypertension,Antihypertensive,PROD_79542,2017-08-08 00:00:00,2024-07-01 00:00:00,Active,2519
TRT_004106,PAT_07963,Hypertension,Antihypertensive,PROD_77062,2021-07-03 00:00:00,2024-07-01 00:00:00,Active,1094
TRT_004107,PAT_07967,Ischemic heart disease,Cardiovascular,PROD_78058,2016-07-16 00:00:00,2024-07-01 00:00:00,Active,2907
TRT_004108,PAT_07967,Osteoporosis,Bone health,PROD_78367,2017-02-06 00:00:00,2021-09-26 00:00:00,Discontinued,1693
TRT_004109,PAT_07971,Hypertension,Antihypertensive,PROD_79542,2022-04-17 00:00:00,2024-07-01 00:00:00,Active,806
TRT_004110,PAT_07972,Hypertension,Antihypertensive,PROD_79542,2022-08-23 00:00:00,2024-07-01 00:00:00,Active,678
TRT_004111,PAT_07973,Asthma,Respiratory,PROD_13550,2022-02-14 00:00:00,2022-11-04 00:00:00,Discontinued,263
TRT_004112,PAT_07974,Hypertension,Antihypertensive,PROD_79542,2024-01-28 00:00:00,2024-07-01 00:00:00,Active,155
TRT_004113,PAT_07981,Osteoarthritis,Analgesic / anti-inflammatory,PROD_5917,2015-10-20 00:00:00,2015-11-20 00:00:00,Discontinued,31
TRT_004114,PAT_07983,Osteoarthritis,Analgesic / anti-inflammatory,PROD_5917,2021-04-28 00:00:00,2022-02-18 00:00:00,Discontinued,296
TRT_004115,PAT_07985,Asthma,Respiratory,PROD_69769,2018-06-11 00:00:00,2020-10-18 00:00:00,Discontinued,860
TRT_004116,PAT_07986,"Diabetes mellitus (types combined), excluding gestational diabetes",Antidiabetic,PROD_74296,2018-01-05 00:00:00,2020-07-11 00:00:00,Discontinued,918
TRT_004117,PAT_07988,Chronic obstructive pulmonary disease,Respiratory,PROD_13550,2016-09-09 00:00:00,2018-08-29 00:00:00,Discontinued,719
TRT_004118,PAT_07988,"Diabetes mellitus (types combined), excluding gestational diabetes",Antidiabetic,PROD_62536,2021-08-21 00:00:00,2024-07-01 00:00:00,Active,1045
TRT_004119,PAT_07993,Hypertension,Antihypertensive,PROD_79542,2022-03-03 00:00:00,2024-07-01 00:00:00,Active,851
TRT_004120,PAT_07994,Asthma,Respiratory,PROD_69769,2022-09-02 00:00:00,2023-04-07 00:00:00,Discontinued,217
TRT_004121,PAT_07999,Hypertension,Antihypertensive,PROD_77062,2015-11-22 00:00:00,2016-05-14 00:00:00,Discontinued,174
TRT_004122,PAT_07999,Osteoporosis,Bone health,PROD_78367,2017-05-28 00:00:00,2021-03-16 00:00:00,Discontinued,1388
TRT_004123,PAT_08002,Asthma,Respiratory,PROD_69769,2022-12-19 00:00:00,2023-08-02 00:00:00,Discontinued,226
TRT_004124,PAT_08003,Osteoporosis,Bone health,PROD_73098,2018-12-09 00:00:00,2023-04-18 00:00:00,Discontinued,1591
TRT_004125,PAT_08005,Chronic obstructive pulmonary disease,Respiratory,PROD_69769,2014-12-16 00:00:00,2018-11-02 00:00:00,Discontinued,1417
TRT_004126,PAT_08006,Hypertension,Antihypertensive,PROD_77062,2020-02-16 00:00:00,2024-07-01 00:00:00,Active,1597
TRT_004127,PAT_08006,Osteoarthritis,Analgesic / anti-inflammatory,PROD_5432,2020-07-11 00:00:00,2021-07-09 00:00:00,Discontinued,363
TRT_004128,PAT_08008,Asthma,Respiratory,PROD_13550,2014-08-16 00:00:00,2019-10-16 00:00:00,Discontinued,1887
TRT_004129,PAT_08011,Asthma,Respiratory,PROD_69769,2020-09-29 00:00:00,2024-07-01 00:00:00,Active,1371
TRT_004130,PAT_08013,Hypertension,Antihypertensive,PROD_75765,2019-03-10 00:00:00,2024-07-01 00:00:00,Active,1940
TRT_004131,PAT_08016,Acute myocardial infarction,Cardiovascular,PROD_78058,2023-12-12 00:00:00,2024-07-01 00:00:00,Active,202
TRT_004132,PAT_08017,Osteoarthritis,Analgesic / anti-inflammatory,PROD_4980,2020-08-29 00:00:00,2020-11-24 00:00:00,Discontinued,87
TRT_004133,PAT_08022,"Diabetes mellitus (types combined), excluding gestational diabetes",Antidiabetic,PROD_74296,2017-07-04 00:00:00,2019-05-29 00:00:00,Discontinued,694
TRT_004134,PAT_08022,Epilepsy,Antiepileptic,PROD_75964,2021-04-11 00:00:00,2024-07-01 00:00:00,Active,1177
TRT_004135,PAT_08025,Acute myocardial infarction,Cardiovascular,PROD_73770,2017-07-27 00:00:00,2022-10-22 00:00:00,Discontinued,1913
TRT_004136,PAT_08026,Hypertension,Antihypertensive,PROD_75765,2017-01-02 00:00:00,2024-07-01 00:00:00,Active,2737
TRT_004137,PAT_08032,Hypertension,Antihypertensive,PROD_79542,2015-11-10 00:00:00,2019-03-02 00:00:00,Discontinued,1208
TRT_004138,PAT_08035,Ischemic heart disease,Cardiovascular,PROD_73770,2022-06-15 00:00:00,2024-07-01 00:00:00,Active,747
TRT_004139,PAT_08051,Stroke,Antithrombotic / secondary prevention,PROD_66470,2015-09-06 00:00:00,2015-10-24 00:00:00,Discontinued,48
TRT_004140,PAT_08051,Ischemic heart disease,Cardiovascular,PROD_73770,2023-10-31 00:00:00,2024-07-01 00:00:00,Active,244
TRT_004141,PAT_08052,"Diabetes mellitus (types combined), excluding gestational diabetes",Antidiabetic,PROD_74296,2019-10-04 00:00:00,2024-05-25 00:00:00,Discontinued,1695
TRT_004142,PAT_08053,Osteoarthritis,Analgesic / anti-inflammatory,PROD_5432,2015-05-16 00:00:00,2015-09-23 00:00:00,Discontinued,130
TRT_004143,PAT_08053,Hypertension,Antihypertensive,PROD_75765,2020-01-19 00:00:00,2024-07-01 00:00:00,Active,1625
TRT_004144,PAT_08054,"Diabetes mellitus (types combined), excluding gestational diabetes",Antidiabetic,PROD_74296,2024-03-06 06:00:00,2024-07-01 00:00:00,Active,116
TRT_004145,PAT_08057,"Diabetes mellitus (types combined), excluding gestational diabetes",Antidiabetic,PROD_11727,2020-07-21 00:00:00,2024-07-01 00:00:00,Active,1441
TRT_004146,PAT_08059,Ischemic heart disease,Cardiovascular,PROD_82362,2023-06-25 00:00:00,2024-07-01 00:00:00,Active,372
TRT_004147,PAT_08063,Chronic obstructive pulmonary disease,Respiratory,PROD_49895,2017-05-07 00:00:00,2024-07-01 00:00:00,Active,2612
TRT_004148,PAT_08067,"Diabetes mellitus (types combined), excluding gestational diabetes",Antidiabetic,PROD_62536,2017-07-21 00:00:00,2024-07-01 00:00:00,Active,2537
TRT_004149,PAT_08069,Asthma,Respiratory,PROD_13550,2019-11-30 00:00:00,2020-11-10 00:00:00,Discontinued,346
TRT_004150,PAT_08069,Chronic obstructive pulmonary disease,Respiratory,PROD_13550,2022-01-26 00:00:00,2022-06-29 00:00:00,Discontinued,154
TRT_004151,PAT_08070,"Diabetes mellitus (types combined), excluding gestational diabetes",Antidiabetic,PROD_11727,2021-11-15 00:00:00,2024-07-01 00:00:00,Active,959
TRT_004152,PAT_08070,Hypertension,Antihypertensive,PROD_79542,2022-02-22 00:00:00,2024-07-01 00:00:00,Active,860
TRT_004153,PAT_08072,Hypertension,Antihypertensive,PROD_75765,2016-03-30 00:00:00,2021-02-27 00:00:00,Discontinued,1795
TRT_004154,PAT_08073,Hypertension,Antihypertensive,PROD_75765,2023-03-03 00:00:00,2024-07-01 00:00:00,Active,486
TRT_004155,PAT_08075,"Diabetes mellitus (types combined), excluding gestational diabetes",Antidiabetic,PROD_11727,2016-01-18 00:00:00,2018-07-14 00:00:00,Discontinued,908
TRT_004156,PAT_08076,Hypertension,Antihypertensive,PROD_79542,2016-11-16 00:00:00,2024-07-01 00:00:00,Active,2784
TRT_004157,PAT_08077,"Diabetes mellitus (types combined), excluding gestational diabetes",Antidiabetic,PROD_74296,2023-08-20 00:00:00,2024-07-01 00:00:00,Active,316
TRT_004158,PAT_08083,Hypertension,Antihypertensive,PROD_79542,2022-09-23 00:00:00,2023-11-21 00:00:00,Discontinued,424
TRT_004159,PAT_08085,Hypertension,Antihypertensive,PROD_75765,2023-12-05 00:00:00,2024-07-01 00:00:00,Active,209
TRT_004160,PAT_08087,Stroke,Antithrombotic / secondary prevention,PROD_61080,2015-01-29 00:00:00,2015-05-23 00:00:00,Discontinued,114
TRT_004161,PAT_08087,Osteoarthritis,Analgesic / anti-inflammatory,PROD_5917,2015-04-30 00:00:00,2016-01-21 00:00:00,Discontinued,266
TRT_004162,PAT_08088,Asthma,Respiratory,PROD_13550,2019-12-19 00:00:00,2021-10-24 00:00:00,Discontinued,675
TRT_004163,PAT_08090,Stroke,Antithrombotic / secondary prevention,PROD_66470,2020-12-01 00:00:00,2021-11-11 00:00:00,Discontinued,345
TRT_004164,PAT_08096,Hypertension,Antihypertensive,PROD_75765,2024-03-29 00:00:00,2024-07-01 00:00:00,Active,94
TRT_004165,PAT_08100,Asthma,Respiratory,PROD_69769,2017-10-16 00:00:00,2019-12-05 00:00:00,Discontinued,780
TRT_004166,PAT_08102,Multiple sclerosis,Disease-modifying therapy,PROD_103009,2020-07-16 00:00:00,2024-07-01 00:00:00,Active,1446
TRT_004167,PAT_08106,Hypertension,Antihypertensive,PROD_77062,2019-07-26 00:00:00,2024-07-01 00:00:00,Active,1802
TRT_004168,PAT_08107,Hypertension,Antihypertensive,PROD_79542,2023-01-07 00:00:00,2024-07-01 00:00:00,Active,541
TRT_004169,PAT_08109,"Diabetes mellitus (types combined), excluding gestational diabetes",Antidiabetic,PROD_62536,2020-02-11 00:00:00,2024-02-24 00:00:00,Discontinued,1474
TRT_004170,PAT_08112,Hypertension,Antihypertensive,PROD_79542,2017-12-14 00:00:00,2024-01-15 00:00:00,Discontinued,2223
TRT_004171,PAT_08117,"Diabetes mellitus (types combined), excluding gestational diabetes",Antidiabetic,PROD_74296,2014-10-06 00:00:00,2024-07-01 00:00:00,Active,3556
TRT_004172,PAT_08118,"Diabetes mellitus (types combined), excluding gestational diabetes",Antidiabetic,PROD_11727,2023-06-01 00:00:00,2024-07-01 00:00:00,Active,396
TRT_004173,PAT_08124,Ischemic heart disease,Cardiovascular,PROD_78058,2016-05-26 00:00:00,2024-07-01 00:00:00,Active,2958
TRT_004174,PAT_08124,Hypertension,Antihypertensive,PROD_77062,2016-05-30 00:00:00,2018-12-29 00:00:00,Discontinued,943
TRT_004175,PAT_08126,Asthma,Respiratory,PROD_49895,2022-03-10 06:00:00,2022-05-18 06:00:00,Discontinued,69
TRT_004176,PAT_08127,Ischemic heart disease,Cardiovascular,PROD_82362,2017-06-13 00:00:00,2023-04-15 00:00:00,Discontinued,2132
TRT_004177,PAT_08127,Stroke,Antithrombotic / secondary prevention,PROD_19474,2022-09-07 00:00:00,2024-07-01 00:00:00,Active,663
TRT_004178,PAT_08129,"Diabetes mellitus (types combined), excluding gestational diabetes",Antidiabetic,PROD_11727,2017-12-22 00:00:00,2022-07-29 00:00:00,Discontinued,1680
TRT_004179,PAT_08129,Acute myocardial infarction,Cardiovascular,PROD_78058,2020-01-08 00:00:00,2021-08-24 00:00:00,Discontinued,594
TRT_004180,PAT_08130,"Diabetes mellitus (types combined), excluding gestational diabetes",Antidiabetic,PROD_74296,2017-09-09 06:00:00,2023-12-20 06:00:00,Discontinued,2293
TRT_004181,PAT_08134,"Diabetes mellitus (types combined), excluding gestational diabetes",Antidiabetic,PROD_11727,2020-06-18 00:00:00,2024-07-01 00:00:00,Active,1474
TRT_004182,PAT_08137,Hypertension,Antihypertensive,PROD_77062,2021-03-07 00:00:00,2023-09-30 00:00:00,Discontinued,937
TRT_004183,PAT_08139,Osteoarthritis,Analgesic / anti-inflammatory,PROD_5917,2015-01-30 00:00:00,2015-03-01 00:00:00,Discontinued,30
TRT_004184,PAT_08142,Hypertension,Antihypertensive,PROD_77062,2016-04-26 00:00:00,2020-06-14 00:00:00,Discontinued,1510
TRT_004185,PAT_08142,"Diabetes mellitus (types combined), excluding gestational diabetes",Antidiabetic,PROD_62536,2019-02-26 00:00:00,2024-07-01 00:00:00,Active,1952
TRT_004186,PAT_08142,Osteoporosis,Bone health,PROD_78367,2021-01-18 00:00:00,2024-07-01 00:00:00,Active,1260
TRT_004187,PAT_08143,Asthma,Respiratory,PROD_69769,2019-08-31 00:00:00,2020-04-14 00:00:00,Discontinued,227
TRT_004188,PAT_08146,Ischemic heart disease,Cardiovascular,PROD_82362,2017-12-13 00:00:00,2023-06-27 00:00:00,Discontinued,2022
TRT_004189,PAT_08148,"Diabetes mellitus (types combined), excluding gestational diabetes",Antidiabetic,PROD_62536,2017-04-15 00:00:00,2024-07-01 00:00:00,Active,2634
TRT_004190,PAT_08150,Hypertension,Antihypertensive,PROD_77062,2018-08-19 00:00:00,2020-09-14 00:00:00,Discontinued,757
TRT_004191,PAT_08151,"Diabetes mellitus (types combined), excluding gestational diabetes",Antidiabetic,PROD_11727,2023-09-30 00:00:00,2024-07-01 00:00:00,Active,275
TRT_004192,PAT_08153,"Diabetes mellitus (types combined), excluding gestational diabetes",Antidiabetic,PROD_62536,2014-12-01 00:00:00,2024-07-01 00:00:00,Active,3500
TRT_004193,PAT_08155,Osteoarthritis,Analgesic / anti-inflammatory,PROD_5917,2015-05-15 00:00:00,2015-06-16 00:00:00,Discontinued,32
TRT_004194,PAT_08157,Hypertension,Antihypertensive,PROD_77062,2017-04-29 00:00:00,2024-07-01 00:00:00,Active,2620
TRT_004195,PAT_08160,"Diabetes mellitus (types combined), excluding gestational diabetes",Antidiabetic,PROD_74296,2020-06-21 00:00:00,2024-07-01 00:00:00,Active,1471
TRT_004196,PAT_08161,"Diabetes mellitus (types combined), excluding gestational diabetes",Antidiabetic,PROD_62536,2023-02-05 00:00:00,2024-07-01 00:00:00,Active,512
TRT_004197,PAT_08163,Hypertension,Antihypertensive,PROD_79542,2017-11-07 00:00:00,2021-09-18 00:00:00,Discontinued,1411
TRT_004198,PAT_08165,Hypertension,Antihypertensive,PROD_79542,2019-05-05 00:00:00,2024-07-01 00:00:00,Active,1884
TRT_004199,PAT_08165,"Diabetes mellitus (types combined), excluding gestational diabetes",Antidiabetic,PROD_62536,2020-07-27 00:00:00,2024-07-01 00:00:00,Active,1435
TRT_004200,PAT_08169,Asthma,Respiratory,PROD_69769,2023-02-20 00:00:00,2023-04-13 00:00:00,Discontinued,52
TRT_004201,PAT_08170,Hypertension,Antihypertensive,PROD_79542,2016-04-15 00:00:00,2020-12-05 00:00:00,Discontinued,1695
TRT_004202,PAT_08172,Osteoarthritis,Analgesic / anti-inflammatory,PROD_4980,2015-12-16 00:00:00,2016-04-25 00:00:00,Discontinued,131
TRT_004203,PAT_08175,"Diabetes mellitus (types combined), excluding gestational diabetes",Antidiabetic,PROD_11727,2017-06-30 00:00:00,2024-07-01 00:00:00,Active,2558
TRT_004204,PAT_08178,Asthma,Respiratory,PROD_69769,2021-07-12 00:00:00,2022-02-24 00:00:00,Discontinued,227
TRT_004205,PAT_08180,Osteoporosis,Bone health,PROD_73098,2015-03-10 00:00:00,2017-09-26 00:00:00,Discontinued,931
TRT_004206,PAT_08180,Asthma,Respiratory,PROD_13550,2018-10-13 00:00:00,2022-10-08 00:00:00,Discontinued,1456
TRT_004207,PAT_08181,Asthma,Respiratory,PROD_69769,2018-11-05 00:00:00,2020-04-04 00:00:00,Discontinued,516
TRT_004208,PAT_08182,Asthma,Respiratory,PROD_49895,2020-10-17 00:00:00,2021-02-13 00:00:00,Discontinued,119
TRT_004209,PAT_08183,Epilepsy,Antiepileptic,PROD_75964,2024-05-31 06:00:00,2024-07-01 00:00:00,Active,30
TRT_004210,PAT_08185,Hypertension,Antihypertensive,PROD_75765,2018-01-01 00:00:00,2022-04-04 00:00:00,Discontinued,1554
TRT_004211,PAT_08187,Hypertension,Antihypertensive,PROD_79542,2016-01-02 00:00:00,2024-07-01 00:00:00,Active,3103
TRT_004212,PAT_08192,Schizophrenia,Antipsychotic,PROD_76239,2015-07-26 12:00:00,2015-12-09 12:00:00,Discontinued,136
TRT_004213,PAT_08194,Hypertension,Antihypertensive,PROD_77062,2023-02-08 00:00:00,2024-07-01 00:00:00,Active,509
TRT_004214,PAT_08196,Heart failure,Heart failure therapy,PROD_70034,2023-08-29 00:00:00,2024-07-01 00:00:00,Active,307
TRT_004215,PAT_08198,"Diabetes mellitus (types combined), excluding gestational diabetes",Antidiabetic,PROD_11727,2015-01-08 00:00:00,2019-09-14 00:00:00,Discontinued,1710
TRT_004216,PAT_08201,Osteoarthritis,Analgesic / anti-inflammatory,PROD_5917,2018-03-10 00:00:00,2018-04-14 00:00:00,Discontinued,35
TRT_004217,PAT_08202,Hypertension,Antihypertensive,PROD_75765,2016-06-22 00:00:00,2017-04-23 00:00:00,Discontinued,305
TRT_004218,PAT_08208,Hypertension,Antihypertensive,PROD_77062,2018-03-15 00:00:00,2024-07-01 00:00:00,Active,2300
TRT_004219,PAT_08213,Hypertension,Antihypertensive,PROD_79542,2021-08-25 00:00:00,2024-07-01 00:00:00,Active,1041
TRT_004220,PAT_08216,Hypertension,Antihypertensive,PROD_77062,2019-06-25 00:00:00,2024-07-01 00:00:00,Active,1833
TRT_004221,PAT_08217,Hypertension,Antihypertensive,PROD_79542,2023-12-02 00:00:00,2024-07-01 00:00:00,Active,212
TRT_004222,PAT_08218,Ischemic heart disease,Cardiovascular,PROD_78058,2020-10-17 00:00:00,2024-07-01 00:00:00,Active,1353
TRT_004223,PAT_08219,Hypertension,Antihypertensive,PROD_75765,2017-03-13 00:00:00,2021-02-14 00:00:00,Discontinued,1434
TRT_004224,PAT_08219,Chronic obstructive pulmonary disease,Respiratory,PROD_13550,2017-11-16 00:00:00,2020-04-28 00:00:00,Discontinued,894
TRT_004225,PAT_08222,Epilepsy,Antiepileptic,PROD_75964,2016-01-20 00:00:00,2024-07-01 00:00:00,Active,3085
TRT_004226,PAT_08223,Ischemic heart disease,Cardiovascular,PROD_73770,2024-04-04 00:00:00,2024-07-01 00:00:00,Active,88
TRT_004227,PAT_08224,"Diabetes mellitus (types combined), excluding gestational diabetes",Antidiabetic,PROD_11727,2017-09-13 00:00:00,2024-07-01 00:00:00,Active,2483
TRT_004228,PAT_08228,Osteoporosis,Bone health,PROD_78367,2017-10-28 00:00:00,2019-01-16 00:00:00,Discontinued,445
TRT_004229,PAT_08228,"Diabetes mellitus (types combined), excluding gestational diabetes",Antidiabetic,PROD_11727,2021-12-02 00:00:00,2023-06-02 00:00:00,Discontinued,547
TRT_004230,PAT_08232,Ischemic heart disease,Cardiovascular,PROD_73770,2017-09-26 00:00:00,2024-07-01 00:00:00,Active,2470
TRT_004231,PAT_08234,Osteoporosis,Bone health,PROD_78367,2024-02-04 00:00:00,2024-07-01 00:00:00,Active,148
TRT_004232,PAT_08235,Hypertension,Antihypertensive,PROD_77062,2024-03-11 00:00:00,2024-07-01 00:00:00,Active,112
TRT_004233,PAT_08238,Epilepsy,Antiepileptic,PROD_75964,2016-08-09 00:00:00,2024-07-01 00:00:00,Active,2883
TRT_004234,PAT_08238,Hypertension,Antihypertensive,PROD_79542,2024-06-16 00:00:00,2024-07-01 00:00:00,Active,15
TRT_004235,PAT_08239,Osteoporosis,Bone health,PROD_73098,2016-12-24 00:00:00,2022-01-29 00:00:00,Discontinued,1862
TRT_004236,PAT_08243,Chronic obstructive pulmonary disease,Respiratory,PROD_69769,2018-09-12 00:00:00,2019-04-18 00:00:00,Discontinued,218
TRT_004237,PAT_08244,Acute myocardial infarction,Cardiovascular,PROD_73770,2021-07-16 00:00:00,2022-12-24 00:00:00,Discontinued,526
TRT_004238,PAT_08246,Osteoarthritis,Analgesic / anti-inflammatory,PROD_5432,2020-07-04 00:00:00,2021-04-28 00:00:00,Discontinued,298
TRT_004239,PAT_08249,Hypertension,Antihypertensive,PROD_77062,2020-01-13 00:00:00,2021-08-28 00:00:00,Discontinued,593
TRT_004240,PAT_08250,Hypertension,Antihypertensive,PROD_77062,2021-06-21 00:00:00,2024-07-01 00:00:00,Active,1106
TRT_004241,PAT_08254,Asthma,Respiratory,PROD_69769,2016-08-31 00:00:00,2019-08-07 00:00:00,Discontinued,1071
TRT_004242,PAT_08254,Hypertension,Antihypertensive,PROD_77062,2019-03-03 00:00:00,2023-11-21 00:00:00,Discontinued,1724
TRT_004243,PAT_08257,Osteoarthritis,Analgesic / anti-inflammatory,PROD_5432,2018-10-07 00:00:00,2019-02-12 00:00:00,Discontinued,128
TRT_004244,PAT_08259,Chronic obstructive pulmonary disease,Respiratory,PROD_13550,2019-08-07 18:00:00,2021-12-27 18:00:00,Discontinued,873
TRT_004245,PAT_08261,"Diabetes mellitus (types combined), excluding gestational diabetes",Antidiabetic,PROD_62536,2015-11-02 00:00:00,2020-02-17 00:00:00,Discontinued,1568
TRT_004246,PAT_08261,Acute myocardial infarction,Cardiovascular,PROD_82362,2021-05-28 00:00:00,2024-07-01 00:00:00,Active,1130
TRT_004247,PAT_08262,Hypertension,Antihypertensive,PROD_79542,2017-06-10 00:00:00,2024-07-01 00:00:00,Active,2578
TRT_004248,PAT_08262,Osteoarthritis,Analgesic / anti-inflammatory,PROD_5432,2018-12-23 00:00:00,2019-04-04 00:00:00,Discontinued,102
TRT_004249,PAT_08262,Osteoporosis,Bone health,PROD_73098,2023-12-14 00:00:00,2024-07-01 00:00:00,Active,200
TRT_004250,PAT_08265,Epilepsy,Antiepileptic,PROD_75964,2014-12-19 00:00:00,2024-07-01 00:00:00,Active,3482
TRT_004251,PAT_08270,Hypertension,Antihypertensive,PROD_79542,2019-12-23 00:00:00,2021-01-26 00:00:00,Discontinued,400
TRT_004252,PAT_08272,Osteoporosis,Bone health,PROD_78367,2017-09-04 00:00:00,2021-08-03 00:00:00,Discontinued,1429
TRT_004253,PAT_08272,"Diabetes mellitus (types combined), excluding gestational diabetes",Antidiabetic,PROD_62536,2019-01-01 00:00:00,2024-07-01 00:00:00,Active,2008
TRT_004254,PAT_08275,Hypertension,Antihypertensive,PROD_79542,2018-09-19 00:00:00,2021-05-27 00:00:00,Discontinued,981
TRT_004255,PAT_08277,Hypertension,Antihypertensive,PROD_75765,2024-03-14 00:00:00,2024-07-01 00:00:00,Active,109
TRT_004256,PAT_08282,Chronic obstructive pulmonary disease,Respiratory,PROD_69769,2015-12-09 00:00:00,2017-05-26 00:00:00,Discontinued,534
TRT_004257,PAT_08287,Rheumatoid arthritis,Immunomodulatory / anti-inflammatory,PROD_74173,2015-03-02 00:00:00,2016-04-28 00:00:00,Discontinued,423
TRT_004258,PAT_08288,Acute myocardial infarction,Cardiovascular,PROD_82362,2019-02-21 00:00:00,2024-07-01 00:00:00,Active,1957
TRT_004259,PAT_08288,"Diabetes mellitus (types combined), excluding gestational diabetes",Antidiabetic,PROD_62536,2023-07-21 00:00:00,2024-07-01 00:00:00,Active,346
TRT_004260,PAT_08290,Heart failure,Heart failure therapy,PROD_70034,2015-03-19 00:00:00,2024-07-01 00:00:00,Active,3392
TRT_004261,PAT_08292,Hypertension,Antihypertensive,PROD_77062,2016-04-17 00:00:00,2017-06-04 00:00:00,Discontinued,413
TRT_004262,PAT_08292,Asthma,Respiratory,PROD_69769,2020-11-13 00:00:00,2022-11-12 00:00:00,Discontinued,729
TRT_004263,PAT_08293,Hypertension,Antihypertensive,PROD_75765,2023-11-02 00:00:00,2024-07-01 00:00:00,Active,242
TRT_004264,PAT_08294,Hypertension,Antihypertensive,PROD_77062,2022-08-21 00:00:00,2024-07-01 00:00:00,Active,680
TRT_004265,PAT_08296,Ischemic heart disease,Cardiovascular,PROD_78058,2022-03-23 00:00:00,2024-07-01 00:00:00,Active,831
TRT_004266,PAT_08296,"Diabetes mellitus (types combined), excluding gestational diabetes",Antidiabetic,PROD_74296,2024-06-08 00:00:00,2024-07-01 00:00:00,Active,23
TRT_004267,PAT_08300,Osteoarthritis,Analgesic / anti-inflammatory,PROD_5917,2016-12-30 00:00:00,2017-07-27 00:00:00,Discontinued,209
TRT_004268,PAT_08300,Ischemic heart disease,Cardiovascular,PROD_82362,2018-10-10 00:00:00,2024-07-01 00:00:00,Active,2091
TRT_004269,PAT_08304,Osteoarthritis,Analgesic / anti-inflammatory,PROD_4980,2016-01-11 00:00:00,2016-05-19 00:00:00,Discontinued,129
TRT_004270,PAT_08304,"Diabetes mellitus (types combined), excluding gestational diabetes",Antidiabetic,PROD_62536,2022-06-19 00:00:00,2024-07-01 00:00:00,Active,743
TRT_004271,PAT_08309,Chronic obstructive pulmonary disease,Respiratory,PROD_13550,2015-01-16 00:00:00,2015-12-24 00:00:00,Discontinued,342
TRT_004272,PAT_08309,Ischemic heart disease,Cardiovascular,PROD_82362,2023-02-22 00:00:00,2024-07-01 00:00:00,Active,495
TRT_004273,PAT_08311,Hypertension,Antihypertensive,PROD_75765,2021-07-05 00:00:00,2024-07-01 00:00:00,Active,1092
TRT_004274,PAT_08312,Hypertension,Antihypertensive,PROD_77062,2021-02-07 00:00:00,2024-07-01 00:00:00,Active,1240
TRT_004275,PAT_08312,"Diabetes mellitus (types combined), excluding gestational diabetes",Antidiabetic,PROD_62536,2022-07-14 00:00:00,2024-07-01 00:00:00,Active,718
TRT_004276,PAT_08313,Hypertension,Antihypertensive,PROD_79542,2022-11-05 00:00:00,2024-07-01 00:00:00,Active,604
TRT_004277,PAT_08315,"Diabetes mellitus (types combined), excluding gestational diabetes",Antidiabetic,PROD_74296,2023-06-23 06:00:00,2024-07-01 00:00:00,Active,373
TRT_004278,PAT_08321,Hypertension,Antihypertensive,PROD_79542,2016-08-15 00:00:00,2018-05-14 00:00:00,Discontinued,637
TRT_004279,PAT_08332,Hypertension,Antihypertensive,PROD_77062,2024-06-10 00:00:00,2024-07-01 00:00:00,Active,21
TRT_004280,PAT_08334,Hypertension,Antihypertensive,PROD_75765,2023-05-02 00:00:00,2024-07-01 00:00:00,Active,426
TRT_004281,PAT_08334,Heart failure,Heart failure therapy,PROD_70034,2024-05-06 00:00:00,2024-07-01 00:00:00,Active,56
TRT_004282,PAT_08344,Hypertension,Antihypertensive,PROD_75765,2023-11-11 00:00:00,2024-07-01 00:00:00,Active,233
TRT_004283,PAT_08345,Hypertension,Antihypertensive,PROD_77062,2024-05-14 00:00:00,2024-07-01 00:00:00,Active,48
TRT_004284,PAT_08349,Rheumatoid arthritis,Immunomodulatory / anti-inflammatory,PROD_44161,2020-04-30 00:00:00,2024-07-01 00:00:00,Active,1523
TRT_004285,PAT_08352,"Diabetes mellitus (types combined), excluding gestational diabetes",Antidiabetic,PROD_62536,2020-03-28 00:00:00,2024-07-01 00:00:00,Active,1556
TRT_004286,PAT_08358,Hypertension,Antihypertensive,PROD_79542,2022-12-27 00:00:00,2024-07-01 00:00:00,Active,552
TRT_004287,PAT_08361,Osteoarthritis,Analgesic / anti-inflammatory,PROD_4980,2023-10-28 00:00:00,2024-01-08 00:00:00,Discontinued,72
TRT_004288,PAT_08364,Asthma,Respiratory,PROD_49895,2015-04-04 00:00:00,2018-07-11 00:00:00,Discontinued,1194
TRT_004289,PAT_08365,Asthma,Respiratory,PROD_13550,2024-04-27 00:00:00,2024-07-01 00:00:00,Active,65
TRT_004290,PAT_08367,Hypertension,Antihypertensive,PROD_79542,2017-06-19 00:00:00,2022-03-19 00:00:00,Discontinued,1734
TRT_004291,PAT_08370,Osteoporosis,Bone health,PROD_78367,2018-07-12 00:00:00,2024-07-01 00:00:00,Active,2181
TRT_004292,PAT_08373,Osteoporosis,Bone health,PROD_73098,2018-07-24 00:00:00,2021-03-23 00:00:00,Discontinued,973
TRT_004293,PAT_08375,"Diabetes mellitus (types combined), excluding gestational diabetes",Antidiabetic,PROD_11727,2023-06-13 06:00:00,2024-07-01 00:00:00,Active,383
TRT_004294,PAT_08378,Chronic obstructive pulmonary disease,Respiratory,PROD_13550,2024-06-21 00:00:00,2024-07-01 00:00:00,Active,10
TRT_004295,PAT_08384,Hypertension,Antihypertensive,PROD_75765,2023-10-04 00:00:00,2024-07-01 00:00:00,Active,271
TRT_004296,PAT_08385,Hypertension,Antihypertensive,PROD_77062,2023-04-21 00:00:00,2024-07-01 00:00:00,Active,437
TRT_004297,PAT_08388,Osteoporosis,Bone health,PROD_78367,2018-01-30 00:00:00,2020-09-09 00:00:00,Discontinued,953
TRT_004298,PAT_08388,Asthma,Respiratory,PROD_13550,2022-11-14 00:00:00,2024-07-01 00:00:00,Active,595
TRT_004299,PAT_08390,Hypertension,Antihypertensive,PROD_77062,2019-01-24 00:00:00,2023-12-15 00:00:00,Discontinued,1786
TRT_004300,PAT_08392,Asthma,Respiratory,PROD_49895,2021-04-30 00:00:00,2024-07-01 00:00:00,Active,1158
TRT_004301,PAT_08397,Chronic obstructive pulmonary disease,Respiratory,PROD_13550,2018-09-01 00:00:00,2020-03-27 00:00:00,Discontinued,573
TRT_004302,PAT_08397,"Dementia, including Alzheimer disease",Cognitive disorder therapy,PROD_80653,2019-11-14 00:00:00,2024-07-01 00:00:00,Active,1691
TRT_004303,PAT_08398,Hypertension,Antihypertensive,PROD_79542,2015-09-13 00:00:00,2018-12-09 00:00:00,Discontinued,1183
TRT_004304,PAT_08398,Osteoarthritis,Analgesic / anti-inflammatory,PROD_5917,2020-05-18 00:00:00,2021-02-23 00:00:00,Discontinued,281
TRT_004305,PAT_08400,Hypertension,Antihypertensive,PROD_77062,2022-08-18 00:00:00,2024-03-19 00:00:00,Discontinued,579
TRT_004306,PAT_08401,Hypertension,Antihypertensive,PROD_75765,2024-01-09 00:00:00,2024-07-01 00:00:00,Active,174
TRT_004307,PAT_08402,Chronic obstructive pulmonary disease,Respiratory,PROD_69769,2015-01-19 00:00:00,2016-04-20 00:00:00,Discontinued,457
TRT_004308,PAT_08406,Osteoarthritis,Analgesic / anti-inflammatory,PROD_4980,2022-01-06 00:00:00,2022-06-23 00:00:00,Discontinued,168
TRT_004309,PAT_08408,"Dementia, including Alzheimer disease",Cognitive disorder therapy,PROD_82234,2020-10-13 06:00:00,2024-07-01 00:00:00,Active,1356
TRT_004310,PAT_08416,Hypertension,Antihypertensive,PROD_79542,2014-08-29 00:00:00,2019-09-09 00:00:00,Discontinued,1837
TRT_004311,PAT_08416,Heart failure,Heart failure therapy,PROD_2333,2024-01-13 00:00:00,2024-07-01 00:00:00,Active,170
TRT_004312,PAT_08421,Hypertension,Antihypertensive,PROD_79542,2017-11-01 00:00:00,2024-07-01 00:00:00,Active,2434
TRT_004313,PAT_08421,Asthma,Respiratory,PROD_13550,2020-11-08 00:00:00,2022-05-11 00:00:00,Discontinued,549
TRT_004314,PAT_08423,Asthma,Respiratory,PROD_49895,2019-08-16 00:00:00,2024-07-01 00:00:00,Active,1781
TRT_004315,PAT_08425,Hypertension,Antihypertensive,PROD_75765,2019-09-15 00:00:00,2024-07-01 00:00:00,Active,1751
TRT_004316,PAT_08428,Osteoarthritis,Analgesic / anti-inflammatory,PROD_4980,2015-01-31 00:00:00,2015-05-03 00:00:00,Discontinued,92
TRT_004317,PAT_08436,Asthma,Respiratory,PROD_69769,2015-01-10 00:00:00,2016-04-28 00:00:00,Discontinued,474
TRT_004318,PAT_08439,Acute myocardial infarction,Cardiovascular,PROD_78058,2017-05-16 00:00:00,2024-07-01 00:00:00,Active,2603
TRT_004319,PAT_08441,Asthma,Respiratory,PROD_49895,2014-10-23 00:00:00,2015-08-23 00:00:00,Discontinued,304
TRT_004320,PAT_08442,Hypertension,Antihypertensive,PROD_77062,2016-04-02 00:00:00,2021-10-29 00:00:00,Discontinued,2036
TRT_004321,PAT_08445,Hypertension,Antihypertensive,PROD_79542,2024-06-18 00:00:00,2024-07-01 00:00:00,Active,13
TRT_004322,PAT_08446,Asthma,Respiratory,PROD_69769,2017-05-08 00:00:00,2019-06-06 00:00:00,Discontinued,759
TRT_004323,PAT_08450,Acute myocardial infarction,Cardiovascular,PROD_78058,2016-05-01 00:00:00,2022-10-30 00:00:00,Discontinued,2373
TRT_004324,PAT_08451,Stroke,Antithrombotic / secondary prevention,PROD_19474,2020-04-03 00:00:00,2022-07-01 00:00:00,Discontinued,819
TRT_004325,PAT_08452,Osteoarthritis,Analgesic / anti-inflammatory,PROD_4980,2015-03-26 00:00:00,2015-07-01 00:00:00,Discontinued,97
TRT_004326,PAT_08454,Hypertension,Antihypertensive,PROD_77062,2016-10-25 00:00:00,2024-07-01 00:00:00,Active,2806
TRT_004327,PAT_08456,Osteoporosis,Bone health,PROD_73098,2014-11-13 00:00:00,2018-09-24 00:00:00,Discontinued,1411
TRT_004328,PAT_08456,Asthma,Respiratory,PROD_13550,2020-03-10 00:00:00,2024-07-01 00:00:00,Active,1574
TRT_004329,PAT_08456,Hypertension,Antihypertensive,PROD_75765,2022-03-04 00:00:00,2024-07-01 00:00:00,Active,850
TRT_004330,PAT_08458,Osteoporosis,Bone health,PROD_78367,2023-08-01 00:00:00,2024-07-01 00:00:00,Active,335
TRT_004331,PAT_08459,Osteoarthritis,Analgesic / anti-inflammatory,PROD_5432,2014-08-25 00:00:00,2014-10-14 00:00:00,Discontinued,50
TRT_004332,PAT_08462,Asthma,Respiratory,PROD_69769,2017-09-20 00:00:00,2023-10-23 00:00:00,Discontinued,2224
TRT_004333,PAT_08466,Osteoporosis,Bone health,PROD_78367,2015-06-30 00:00:00,2017-06-17 00:00:00,Discontinued,718
TRT_004334,PAT_08469,Heart failure,Heart failure therapy,PROD_5646,2021-03-04 00:00:00,2024-07-01 00:00:00,Active,1215
TRT_004335,PAT_08472,"Diabetes mellitus (types combined), excluding gestational diabetes",Antidiabetic,PROD_74296,2017-10-25 00:00:00,2021-11-30 00:00:00,Discontinued,1497
TRT_004336,PAT_08473,"Diabetes mellitus (types combined), excluding gestational diabetes",Antidiabetic,PROD_74296,2015-11-16 00:00:00,2022-11-20 00:00:00,Discontinued,2561
TRT_004337,PAT_08476,Hypertension,Antihypertensive,PROD_75765,2021-06-07 00:00:00,2024-07-01 00:00:00,Active,1120
TRT_004338,PAT_08476,Chronic obstructive pulmonary disease,Respiratory,PROD_13550,2023-07-28 18:00:00,2024-04-02 18:00:00,Discontinued,249
TRT_004339,PAT_08477,Hypertension,Antihypertensive,PROD_77062,2015-05-14 00:00:00,2019-06-11 00:00:00,Discontinued,1489
TRT_004340,PAT_08477,Heart failure,Heart failure therapy,PROD_2333,2020-03-19 00:00:00,2024-07-01 00:00:00,Active,1565
TRT_004341,PAT_08477,"Dementia, including Alzheimer disease",Cognitive disorder therapy,PROD_80779,2021-01-07 06:00:00,2024-07-01 00:00:00,Active,1270
TRT_004342,PAT_08484,Hypertension,Antihypertensive,PROD_75765,2016-07-10 00:00:00,2018-06-04 00:00:00,Discontinued,694
TRT_004343,PAT_08487,Hypertension,Antihypertensive,PROD_79542,2018-08-20 00:00:00,2024-07-01 00:00:00,Active,2142
TRT_004344,PAT_08490,Epilepsy,Antiepileptic,PROD_75964,2021-11-11 00:00:00,2024-06-03 00:00:00,Discontinued,935
TRT_004345,PAT_08492,Chronic obstructive pulmonary disease,Respiratory,PROD_13550,2015-08-06 00:00:00,2018-10-01 00:00:00,Discontinued,1152
TRT_004346,PAT_08494,Osteoarthritis,Analgesic / anti-inflammatory,PROD_5917,2015-12-10 00:00:00,2016-04-28 00:00:00,Discontinued,140
TRT_004347,PAT_08501,Chronic obstructive pulmonary disease,Respiratory,PROD_49895,2020-09-27 00:00:00,2023-07-09 00:00:00,Discontinued,1015
TRT_004348,PAT_08503,Hypertension,Antihypertensive,PROD_79542,2015-02-10 00:00:00,2024-07-01 00:00:00,Active,3429
TRT_004349,PAT_08505,"Diabetes mellitus (types combined), excluding gestational diabetes",Antidiabetic,PROD_11727,2020-03-15 00:00:00,2022-11-20 00:00:00,Discontinued,980
TRT_004350,PAT_08506,Ischemic heart disease,Cardiovascular,PROD_82362,2020-04-08 00:00:00,2024-07-01 00:00:00,Active,1545
TRT_004351,PAT_08508,"Diabetes mellitus (types combined), excluding gestational diabetes",Antidiabetic,PROD_11727,2018-04-14 00:00:00,2024-07-01 00:00:00,Active,2270
TRT_004352,PAT_08508,Hypertension,Antihypertensive,PROD_77062,2024-03-12 00:00:00,2024-07-01 00:00:00,Active,111
TRT_004353,PAT_08510,Hypertension,Antihypertensive,PROD_77062,2024-03-25 00:00:00,2024-07-01 00:00:00,Active,98
TRT_004354,PAT_08513,Osteoarthritis,Analgesic / anti-inflammatory,PROD_4980,2017-08-02 00:00:00,2017-10-13 00:00:00,Discontinued,72
TRT_004355,PAT_08514,Hypertension,Antihypertensive,PROD_77062,2016-12-15 00:00:00,2023-05-01 00:00:00,Discontinued,2328
TRT_004356,PAT_08518,Osteoarthritis,Analgesic / anti-inflammatory,PROD_4980,2015-07-25 00:00:00,2015-08-23 00:00:00,Discontinued,29
TRT_004357,PAT_08519,Hypertension,Antihypertensive,PROD_77062,2020-03-29 00:00:00,2024-07-01 00:00:00,Active,1555
TRT_004358,PAT_08520,Epilepsy,Antiepileptic,PROD_9242,2018-06-28 00:00:00,2020-03-24 00:00:00,Discontinued,635
TRT_004359,PAT_08521,Asthma,Respiratory,PROD_13550,2018-07-28 00:00:00,2024-01-15 00:00:00,Discontinued,1997
TRT_004360,PAT_08521,Hypertension,Antihypertensive,PROD_77062,2022-03-09 00:00:00,2024-07-01 00:00:00,Active,845
TRT_004361,PAT_08522,Asthma,Respiratory,PROD_69769,2021-09-08 00:00:00,2024-07-01 00:00:00,Active,1027
TRT_004362,PAT_08531,Hypertension,Antihypertensive,PROD_75765,2016-08-31 00:00:00,2024-07-01 00:00:00,Active,2861
TRT_004363,PAT_08533,"Diabetes mellitus (types combined), excluding gestational diabetes",Antidiabetic,PROD_11727,2022-02-16 00:00:00,2024-07-01 00:00:00,Active,866
TRT_004364,PAT_08534,Hypertension,Antihypertensive,PROD_75765,2019-06-10 00:00:00,2022-03-09 00:00:00,Discontinued,1003
TRT_004365,PAT_08535,"Diabetes mellitus (types combined), excluding gestational diabetes",Antidiabetic,PROD_62536,2015-10-16 00:00:00,2021-10-07 00:00:00,Discontinued,2183
TRT_004366,PAT_08535,Asthma,Respiratory,PROD_13550,2024-03-24 00:00:00,2024-07-01 00:00:00,Active,99
TRT_004367,PAT_08537,Osteoporosis,Bone health,PROD_78367,2022-04-02 00:00:00,2024-07-01 00:00:00,Active,821
TRT_004368,PAT_08538,Osteoporosis,Bone health,PROD_73098,2024-03-19 00:00:00,2024-07-01 00:00:00,Active,104
TRT_004369,PAT_08539,Osteoarthritis,Analgesic / anti-inflammatory,PROD_5432,2023-03-11 00:00:00,2024-06-06 00:00:00,Discontinued,453
TRT_004370,PAT_08541,Hypertension,Antihypertensive,PROD_75765,2019-07-02 00:00:00,2024-07-01 00:00:00,Active,1826
TRT_004371,PAT_08542,"Diabetes mellitus (types combined), excluding gestational diabetes",Antidiabetic,PROD_11727,2019-04-14 00:00:00,2023-07-29 00:00:00,Discontinued,1567
TRT_004372,PAT_08542,Acute myocardial infarction,Cardiovascular,PROD_73770,2019-08-18 00:00:00,2024-07-01 00:00:00,Active,1779
TRT_004373,PAT_08542,Hypertension,Antihypertensive,PROD_77062,2024-03-28 00:00:00,2024-07-01 00:00:00,Active,95
TRT_004374,PAT_08544,Asthma,Respiratory,PROD_13550,2023-05-30 00:00:00,2024-07-01 00:00:00,Active,398
TRT_004375,PAT_08545,"Diabetes mellitus (types combined), excluding gestational diabetes",Antidiabetic,PROD_11727,2024-02-24 00:00:00,2024-07-01 00:00:00,Active,128
TRT_004376,PAT_08546,Osteoarthritis,Analgesic / anti-inflammatory,PROD_5432,2021-03-01 00:00:00,2022-03-30 00:00:00,Discontinued,394
TRT_004377,PAT_08547,Schizophrenia,Antipsychotic,PROD_76239,2023-04-13 00:00:00,2023-07-28 00:00:00,Discontinued,106
TRT_004378,PAT_08548,Hypertension,Antihypertensive,PROD_75765,2018-06-23 00:00:00,2020-03-04 00:00:00,Discontinued,620
TRT_004379,PAT_08554,Asthma,Respiratory,PROD_49895,2023-03-25 00:00:00,2024-01-09 00:00:00,Discontinued,290
TRT_004380,PAT_08555,Asthma,Respiratory,PROD_49895,2020-05-18 00:00:00,2024-07-01 00:00:00,Active,1505
TRT_004381,PAT_08559,Asthma,Respiratory,PROD_69769,2015-11-10 00:00:00,2019-10-04 00:00:00,Discontinued,1424
TRT_004382,PAT_08559,Chronic obstructive pulmonary disease,Respiratory,PROD_49895,2018-07-06 00:00:00,2020-03-16 00:00:00,Discontinued,619
TRT_004383,PAT_08560,Ischemic heart disease,Cardiovascular,PROD_82362,2017-10-08 00:00:00,2024-07-01 00:00:00,Active,2458
TRT_004384,PAT_08560,Osteoarthritis,Analgesic / anti-inflammatory,PROD_4980,2024-02-06 00:00:00,2024-04-28 00:00:00,Discontinued,82
TRT_004385,PAT_08561,Chronic obstructive pulmonary disease,Respiratory,PROD_13550,2018-10-31 00:00:00,2021-02-13 00:00:00,Discontinued,836
TRT_004386,PAT_08561,Asthma,Respiratory,PROD_49895,2021-04-07 00:00:00,2024-07-01 00:00:00,Active,1181
TRT_004387,PAT_08562,"Diabetes mellitus (types combined), excluding gestational diabetes",Antidiabetic,PROD_11727,2016-02-25 00:00:00,2020-04-21 00:00:00,Discontinued,1517
TRT_004388,PAT_08563,Asthma,Respiratory,PROD_69769,2023-10-14 00:00:00,2024-06-25 00:00:00,Discontinued,255
TRT_004389,PAT_08567,Osteoarthritis,Analgesic / anti-inflammatory,PROD_5432,2022-03-27 00:00:00,2022-08-05 00:00:00,Discontinued,131
TRT_004390,PAT_08571,Chronic obstructive pulmonary disease,Respiratory,PROD_49895,2022-06-01 18:00:00,2024-07-01 00:00:00,Active,760
TRT_004391,PAT_08572,"Diabetes mellitus (types combined), excluding gestational diabetes",Antidiabetic,PROD_62536,2023-05-04 00:00:00,2024-07-01 00:00:00,Active,424
TRT_004392,PAT_08573,Ischemic heart disease,Cardiovascular,PROD_73770,2020-12-24 00:00:00,2024-07-01 00:00:00,Active,1285
TRT_004393,PAT_08578,"Diabetes mellitus (types combined), excluding gestational diabetes",Antidiabetic,PROD_62536,2023-09-23 00:00:00,2024-07-01 00:00:00,Active,282
TRT_004394,PAT_08579,Stroke,Antithrombotic / secondary prevention,PROD_66470,2016-03-20 00:00:00,2017-12-03 00:00:00,Discontinued,623
TRT_004395,PAT_08580,Hypertension,Antihypertensive,PROD_77062,2017-12-16 00:00:00,2024-07-01 00:00:00,Active,2389
TRT_004396,PAT_08581,Hypertension,Antihypertensive,PROD_77062,2018-10-25 00:00:00,2024-07-01 00:00:00,Active,2076
TRT_004397,PAT_08586,Hypertension,Antihypertensive,PROD_77062,2016-09-19 00:00:00,2024-07-01 00:00:00,Active,2842
TRT_004398,PAT_08591,Chronic obstructive pulmonary disease,Respiratory,PROD_49895,2016-03-08 00:00:00,2018-05-10 00:00:00,Discontinued,793
TRT_004399,PAT_08591,Asthma,Respiratory,PROD_69769,2021-01-27 00:00:00,2022-03-07 00:00:00,Discontinued,404
TRT_004400,PAT_08594,"Diabetes mellitus (types combined), excluding gestational diabetes",Antidiabetic,PROD_74296,2021-07-16 00:00:00,2024-07-01 00:00:00,Active,1081
TRT_004401,PAT_08600,Multiple sclerosis,Disease-modifying therapy,PROD_103009,2015-05-30 00:00:00,2024-07-01 00:00:00,Active,3320
TRT_004402,PAT_08601,Rheumatoid arthritis,Immunomodulatory / anti-inflammatory,PROD_44161,2016-07-29 00:00:00,2020-11-28 00:00:00,Discontinued,1583
TRT_004403,PAT_08604,Acute myocardial infarction,Cardiovascular,PROD_82362,2021-03-08 00:00:00,2024-07-01 00:00:00,Active,1211
TRT_004404,PAT_08605,Hypertension,Antihypertensive,PROD_75765,2018-10-02 00:00:00,2020-05-17 00:00:00,Discontinued,593
TRT_004405,PAT_08607,Hypertension,Antihypertensive,PROD_75765,2022-02-12 00:00:00,2022-11-20 00:00:00,Discontinued,281
TRT_004406,PAT_08612,Hypertension,Antihypertensive,PROD_75765,2018-10-06 00:00:00,2024-07-01 00:00:00,Active,2095
TRT_004407,PAT_08614,Hypertension,Antihypertensive,PROD_79542,2015-07-04 00:00:00,2022-06-13 00:00:00,Discontinued,2536
TRT_004408,PAT_08614,Osteoarthritis,Analgesic / anti-inflammatory,PROD_5432,2016-03-18 00:00:00,2016-06-14 00:00:00,Discontinued,88
TRT_004409,PAT_08620,Stroke,Antithrombotic / secondary prevention,PROD_61080,2015-07-17 00:00:00,2018-07-18 00:00:00,Discontinued,1097
TRT_004410,PAT_08622,Hypertension,Antihypertensive,PROD_75765,2020-03-11 00:00:00,2024-07-01 00:00:00,Active,1573
TRT_004411,PAT_08624,Osteoarthritis,Analgesic / anti-inflammatory,PROD_5432,2021-03-16 00:00:00,2021-12-20 00:00:00,Discontinued,279
TRT_004412,PAT_08627,Hypertension,Antihypertensive,PROD_75765,2017-12-29 00:00:00,2024-07-01 00:00:00,Active,2376
TRT_004413,PAT_08629,Asthma,Respiratory,PROD_49895,2017-04-04 00:00:00,2017-11-16 00:00:00,Discontinued,226
TRT_004414,PAT_08630,Ischemic heart disease,Cardiovascular,PROD_78058,2014-09-22 00:00:00,2017-07-23 00:00:00,Discontinued,1035
TRT_004415,PAT_08631,Acute myocardial infarction,Cardiovascular,PROD_82362,2016-11-16 00:00:00,2017-09-17 00:00:00,Discontinued,305
TRT_004416,PAT_08632,Osteoporosis,Bone health,PROD_78367,2020-10-19 00:00:00,2024-07-01 00:00:00,Active,1351
TRT_004417,PAT_08633,Osteoarthritis,Analgesic / anti-inflammatory,PROD_4980,2020-11-02 00:00:00,2021-06-08 00:00:00,Discontinued,218
TRT_004418,PAT_08635,Osteoporosis,Bone health,PROD_78367,2018-11-09 00:00:00,2024-07-01 00:00:00,Active,2061
TRT_004419,PAT_08638,Osteoporosis,Bone health,PROD_78367,2020-05-01 00:00:00,2024-07-01 00:00:00,Active,1522
TRT_004420,PAT_08641,"Diabetes mellitus (types combined), excluding gestational diabetes",Antidiabetic,PROD_62536,2015-05-12 00:00:00,2019-10-24 00:00:00,Discontinued,1626
TRT_004421,PAT_08644,Hypertension,Antihypertensive,PROD_77062,2015-12-30 00:00:00,2019-04-08 00:00:00,Discontinued,1195
TRT_004422,PAT_08647,Asthma,Respiratory,PROD_13550,2021-04-22 00:00:00,2021-12-18 00:00:00,Discontinued,240
TRT_004423,PAT_08648,Hypertension,Antihypertensive,PROD_75765,2018-02-27 00:00:00,2022-07-30 00:00:00,Discontinued,1614
TRT_004424,PAT_08651,Asthma,Respiratory,PROD_49895,2015-03-31 00:00:00,2015-10-23 00:00:00,Discontinued,206
TRT_004425,PAT_08651,Hypertension,Antihypertensive,PROD_79542,2024-01-27 00:00:00,2024-07-01 00:00:00,Active,156
TRT_004426,PAT_08652,Asthma,Respiratory,PROD_49895,2015-05-31 00:00:00,2015-10-27 00:00:00,Discontinued,149
TRT_004427,PAT_08653,"Diabetes mellitus (types combined), excluding gestational diabetes",Antidiabetic,PROD_62536,2019-02-08 00:00:00,2023-06-01 00:00:00,Discontinued,1574
TRT_004428,PAT_08654,Asthma,Respiratory,PROD_69769,2016-10-20 00:00:00,2017-01-07 00:00:00,Discontinued,79
TRT_004429,PAT_08655,Hypertension,Antihypertensive,PROD_79542,2022-05-11 00:00:00,2024-07-01 00:00:00,Active,782
TRT_004430,PAT_08657,Hypertension,Antihypertensive,PROD_77062,2022-12-05 00:00:00,2024-07-01 00:00:00,Active,574
TRT_004431,PAT_08664,Rheumatoid arthritis,Immunomodulatory / anti-inflammatory,PROD_19681,2021-03-14 00:00:00,2022-08-07 00:00:00,Discontinued,511
TRT_004432,PAT_08665,Chronic obstructive pulmonary disease,Respiratory,PROD_69769,2024-03-26 00:00:00,2024-07-01 00:00:00,Active,97
TRT_004433,PAT_08667,Stroke,Antithrombotic / secondary prevention,PROD_66470,2015-02-06 00:00:00,2016-08-08 00:00:00,Discontinued,549
TRT_004434,PAT_08667,Hypertension,Antihypertensive,PROD_79542,2022-08-02 00:00:00,2024-07-01 00:00:00,Active,699
TRT_004435,PAT_08671,Osteoarthritis,Analgesic / anti-inflammatory,PROD_5917,2024-03-13 00:00:00,2024-06-02 00:00:00,Discontinued,81
TRT_004436,PAT_08673,Osteoarthritis,Analgesic / anti-inflammatory,PROD_5432,2020-10-30 00:00:00,2022-01-04 00:00:00,Discontinued,431
TRT_004437,PAT_08673,Hypertension,Antihypertensive,PROD_75765,2021-04-23 00:00:00,2024-07-01 00:00:00,Active,1165
TRT_004438,PAT_08673,Osteoporosis,Bone health,PROD_73098,2021-07-01 00:00:00,2024-07-01 00:00:00,Active,1096
TRT_004439,PAT_08676,"Diabetes mellitus (types combined), excluding gestational diabetes",Antidiabetic,PROD_74296,2020-10-25 06:00:00,2024-05-05 06:00:00,Discontinued,1288
TRT_004440,PAT_08677,Asthma,Respiratory,PROD_49895,2016-06-19 00:00:00,2017-02-24 00:00:00,Discontinued,250
TRT_004441,PAT_08681,Multiple sclerosis,Disease-modifying therapy,PROD_103009,2019-03-23 00:00:00,2024-02-19 00:00:00,Discontinued,1794
TRT_004442,PAT_08683,"Diabetes mellitus (types combined), excluding gestational diabetes",Antidiabetic,PROD_62536,2024-02-25 06:00:00,2024-07-01 00:00:00,Active,126
TRT_004443,PAT_08691,Osteoarthritis,Analgesic / anti-inflammatory,PROD_5432,2021-06-01 00:00:00,2021-08-12 00:00:00,Discontinued,72
TRT_004444,PAT_08693,Asthma,Respiratory,PROD_69769,2021-08-10 00:00:00,2023-10-06 00:00:00,Discontinued,787
TRT_004445,PAT_08696,Ischemic heart disease,Cardiovascular,PROD_78058,2019-09-26 00:00:00,2022-06-02 00:00:00,Discontinued,980
TRT_004446,PAT_08697,Hypertension,Antihypertensive,PROD_75765,2015-05-02 00:00:00,2015-12-19 00:00:00,Discontinued,231
TRT_004447,PAT_08698,"Diabetes mellitus (types combined), excluding gestational diabetes",Antidiabetic,PROD_74296,2017-12-11 00:00:00,2020-09-15 00:00:00,Discontinued,1009
TRT_004448,PAT_08699,Hypertension,Antihypertensive,PROD_77062,2017-01-03 00:00:00,2024-07-01 00:00:00,Active,2736
TRT_004449,PAT_08702,Schizophrenia,Antipsychotic,PROD_73690,2022-05-27 00:00:00,2024-07-01 00:00:00,Active,766
TRT_004450,PAT_08703,Multiple sclerosis,Disease-modifying therapy,PROD_103009,2019-03-29 00:00:00,2024-07-01 00:00:00,Active,1921
TRT_004451,PAT_08703,Hypertension,Antihypertensive,PROD_75765,2020-07-30 00:00:00,2024-03-29 00:00:00,Discontinued,1338
TRT_004452,PAT_08705,Asthma,Respiratory,PROD_49895,2023-04-14 00:00:00,2023-06-05 00:00:00,Discontinued,52
TRT_004453,PAT_08706,"Diabetes mellitus (types combined), excluding gestational diabetes",Antidiabetic,PROD_74296,2016-01-15 00:00:00,2018-03-20 00:00:00,Discontinued,795
TRT_004454,PAT_08709,Rheumatoid arthritis,Immunomodulatory / anti-inflammatory,PROD_19681,2021-07-23 00:00:00,2024-07-01 00:00:00,Active,1074
TRT_004455,PAT_08711,Epilepsy,Antiepileptic,PROD_75964,2022-01-18 00:00:00,2024-07-01 00:00:00,Active,895
TRT_004456,PAT_08718,Hypertension,Antihypertensive,PROD_75765,2020-03-28 00:00:00,2024-07-01 00:00:00,Active,1556
TRT_004457,PAT_08720,"Diabetes mellitus (types combined), excluding gestational diabetes",Antidiabetic,PROD_11727,2016-01-22 00:00:00,2019-06-01 00:00:00,Discontinued,1226
TRT_004458,PAT_08721,Osteoarthritis,Analgesic / anti-inflammatory,PROD_5432,2018-08-12 00:00:00,2019-02-19 00:00:00,Discontinued,191
TRT_004459,PAT_08723,Hypertension,Antihypertensive,PROD_75765,2018-05-04 00:00:00,2021-10-08 00:00:00,Discontinued,1253
TRT_004460,PAT_08724,Heart failure,Heart failure therapy,PROD_70034,2015-07-16 00:00:00,2021-10-31 00:00:00,Discontinued,2299
TRT_004461,PAT_08724,Stroke,Antithrombotic / secondary prevention,PROD_61080,2018-05-05 00:00:00,2020-03-01 00:00:00,Discontinued,666
TRT_004462,PAT_08727,Hypertension,Antihypertensive,PROD_77062,2016-06-21 00:00:00,2020-04-05 00:00:00,Discontinued,1384
TRT_004463,PAT_08729,Ischemic heart disease,Cardiovascular,PROD_73770,2021-08-07 00:00:00,2024-03-06 00:00:00,Discontinued,942
TRT_004464,PAT_08731,Chronic obstructive pulmonary disease,Respiratory,PROD_13550,2020-04-12 00:00:00,2021-04-04 00:00:00,Discontinued,357
TRT_004465,PAT_08737,Asthma,Respiratory,PROD_49895,2022-12-29 00:00:00,2024-07-01 00:00:00,Active,550
TRT_004466,PAT_08738,Hypertension,Antihypertensive,PROD_75765,2018-04-04 00:00:00,2024-07-01 00:00:00,Active,2280
TRT_004467,PAT_08739,Schizophrenia,Antipsychotic,PROD_73690,2024-05-05 00:00:00,2024-07-01 00:00:00,Active,57
TRT_004468,PAT_08742,Asthma,Respiratory,PROD_49895,2020-04-15 06:00:00,2020-12-21 06:00:00,Discontinued,250
TRT_004469,PAT_08744,Osteoporosis,Bone health,PROD_73098,2019-11-09 00:00:00,2021-02-13 00:00:00,Discontinued,462
TRT_004470,PAT_08745,Osteoporosis,Bone health,PROD_78367,2018-06-10 00:00:00,2024-03-24 00:00:00,Discontinued,2114
TRT_004471,PAT_08746,Hypertension,Antihypertensive,PROD_79542,2014-10-10 00:00:00,2024-07-01 00:00:00,Active,3552
TRT_004472,PAT_08748,Chronic obstructive pulmonary disease,Respiratory,PROD_69769,2023-09-05 00:00:00,2024-07-01 00:00:00,Active,300
TRT_004473,PAT_08749,"Diabetes mellitus (types combined), excluding gestational diabetes",Antidiabetic,PROD_11727,2024-02-12 00:00:00,2024-07-01 00:00:00,Active,140
TRT_004474,PAT_08750,"Diabetes mellitus (types combined), excluding gestational diabetes",Antidiabetic,PROD_62536,2017-02-18 00:00:00,2018-10-20 00:00:00,Discontinued,609
TRT_004475,PAT_08750,Asthma,Respiratory,PROD_69769,2023-09-21 00:00:00,2024-07-01 00:00:00,Active,284
TRT_004476,PAT_08751,"Diabetes mellitus (types combined), excluding gestational diabetes",Antidiabetic,PROD_74296,2014-08-10 00:00:00,2024-07-01 00:00:00,Active,3613
TRT_004477,PAT_08751,Acute myocardial infarction,Cardiovascular,PROD_73770,2016-11-26 00:00:00,2019-11-28 00:00:00,Discontinued,1097
TRT_004478,PAT_08755,"Diabetes mellitus (types combined), excluding gestational diabetes",Antidiabetic,PROD_74296,2022-05-03 00:00:00,2024-07-01 00:00:00,Active,790
TRT_004479,PAT_08756,Ischemic heart disease,Cardiovascular,PROD_82362,2020-01-23 00:00:00,2024-07-01 00:00:00,Active,1621
TRT_004480,PAT_08759,Stroke,Antithrombotic / secondary prevention,PROD_61080,2017-10-11 00:00:00,2018-07-26 00:00:00,Discontinued,288
TRT_004481,PAT_08759,Chronic obstructive pulmonary disease,Respiratory,PROD_69769,2022-05-14 18:00:00,2024-07-01 00:00:00,Active,778
TRT_004482,PAT_08760,Hypertension,Antihypertensive,PROD_77062,2021-07-09 00:00:00,2024-07-01 00:00:00,Active,1088
TRT_004483,PAT_08761,"Diabetes mellitus (types combined), excluding gestational diabetes",Antidiabetic,PROD_74296,2021-11-20 06:00:00,2024-07-01 00:00:00,Active,953
TRT_004484,PAT_08764,Hypertension,Antihypertensive,PROD_79542,2020-11-02 00:00:00,2024-07-01 00:00:00,Active,1337
TRT_004485,PAT_08767,Ischemic heart disease,Cardiovascular,PROD_82362,2024-04-04 00:00:00,2024-07-01 00:00:00,Active,88
TRT_004486,PAT_08768,Osteoporosis,Bone health,PROD_78367,2021-02-04 00:00:00,2024-07-01 00:00:00,Active,1243
TRT_004487,PAT_08771,Chronic obstructive pulmonary disease,Respiratory,PROD_69769,2019-05-14 00:00:00,2023-01-02 00:00:00,Discontinued,1329
TRT_004488,PAT_08771,Hypertension,Antihypertensive,PROD_77062,2021-03-27 00:00:00,2024-07-01 00:00:00,Active,1192
TRT_004489,PAT_08772,"Diabetes mellitus (types combined), excluding gestational diabetes",Antidiabetic,PROD_62536,2021-05-17 00:00:00,2024-07-01 00:00:00,Active,1141
TRT_004490,PAT_08773,"Diabetes mellitus (types combined), excluding gestational diabetes",Antidiabetic,PROD_62536,2017-09-15 00:00:00,2021-04-03 00:00:00,Discontinued,1296
TRT_004491,PAT_08775,Hypertension,Antihypertensive,PROD_79542,2024-05-23 00:00:00,2024-07-01 00:00:00,Active,39
TRT_004492,PAT_08776,Hypertension,Antihypertensive,PROD_77062,2016-12-08 00:00:00,2020-07-26 00:00:00,Discontinued,1326
TRT_004493,PAT_08785,Hypertension,Antihypertensive,PROD_75765,2022-11-22 00:00:00,2024-07-01 00:00:00,Active,587
TRT_004494,PAT_08789,"Diabetes mellitus (types combined), excluding gestational diabetes",Antidiabetic,PROD_74296,2018-05-03 00:00:00,2024-07-01 00:00:00,Active,2251
TRT_004495,PAT_08789,Osteoarthritis,Analgesic / anti-inflammatory,PROD_5917,2018-08-08 00:00:00,2018-10-31 00:00:00,Discontinued,84
TRT_004496,PAT_08791,Ischemic heart disease,Cardiovascular,PROD_82362,2015-03-10 00:00:00,2017-09-06 00:00:00,Discontinued,911
TRT_004497,PAT_08791,Hypertension,Antihypertensive,PROD_75765,2017-11-23 00:00:00,2024-07-01 00:00:00,Active,2412
TRT_004498,PAT_08792,Hypertension,Antihypertensive,PROD_79542,2017-12-19 00:00:00,2023-07-03 00:00:00,Discontinued,2022
TRT_004499,PAT_08795,Ischemic heart disease,Cardiovascular,PROD_82362,2022-07-27 00:00:00,2024-07-01 00:00:00,Active,705
TRT_004500,PAT_08796,"Diabetes mellitus (types combined), excluding gestational diabetes",Antidiabetic,PROD_11727,2015-02-15 00:00:00,2024-07-01 00:00:00,Active,3424
TRT_004501,PAT_08796,Asthma,Respiratory,PROD_13550,2022-12-30 00:00:00,2023-11-24 00:00:00,Discontinued,329
TRT_004502,PAT_08797,"Diabetes mellitus (types combined), excluding gestational diabetes",Antidiabetic,PROD_11727,2018-01-01 00:00:00,2021-12-08 00:00:00,Discontinued,1437
TRT_004503,PAT_08798,Schizophrenia,Antipsychotic,PROD_76239,2017-07-13 00:00:00,2018-09-21 00:00:00,Discontinued,435
TRT_004504,PAT_08799,Asthma,Respiratory,PROD_69769,2024-01-30 00:00:00,2024-06-25 00:00:00,Discontinued,147
TRT_004505,PAT_08800,Chronic obstructive pulmonary disease,Respiratory,PROD_49895,2015-04-23 00:00:00,2017-05-13 00:00:00,Discontinued,751
TRT_004506,PAT_08800,Hypertension,Antihypertensive,PROD_77062,2021-09-16 00:00:00,2024-07-01 00:00:00,Active,1019
TRT_004507,PAT_08803,"Diabetes mellitus (types combined), excluding gestational diabetes",Antidiabetic,PROD_62536,2023-07-09 00:00:00,2024-07-01 00:00:00,Active,358
TRT_004508,PAT_08805,Hypertension,Antihypertensive,PROD_79542,2022-02-28 00:00:00,2024-07-01 00:00:00,Active,854
TRT_004509,PAT_08807,Heart failure,Heart failure therapy,PROD_2333,2015-07-29 00:00:00,2018-10-16 00:00:00,Discontinued,1175
TRT_004510,PAT_08808,"Diabetes mellitus (types combined), excluding gestational diabetes",Antidiabetic,PROD_11727,2023-04-23 06:00:00,2024-07-01 00:00:00,Active,434
TRT_004511,PAT_08811,Hypertension,Antihypertensive,PROD_75765,2020-12-29 00:00:00,2024-07-01 00:00:00,Active,1280
TRT_004512,PAT_08816,Osteoporosis,Bone health,PROD_78367,2015-03-17 00:00:00,2017-12-08 00:00:00,Discontinued,997
TRT_004513,PAT_08817,Asthma,Respiratory,PROD_49895,2017-02-01 00:00:00,2018-08-30 00:00:00,Discontinued,575
TRT_004514,PAT_08817,Schizophrenia,Antipsychotic,PROD_76239,2023-09-17 00:00:00,2024-07-01 00:00:00,Active,288
TRT_004515,PAT_08821,Chronic obstructive pulmonary disease,Respiratory,PROD_69769,2016-05-29 18:00:00,2017-09-10 18:00:00,Discontinued,469
TRT_004516,PAT_08821,Heart failure,Heart failure therapy,PROD_2333,2023-04-01 00:00:00,2024-07-01 00:00:00,Active,457
TRT_004517,PAT_08828,Heart failure,Heart failure therapy,PROD_70034,2024-01-31 00:00:00,2024-07-01 00:00:00,Active,152
TRT_004518,PAT_08830,Hypertension,Antihypertensive,PROD_75765,2019-10-19 00:00:00,2024-07-01 00:00:00,Active,1717
TRT_004519,PAT_08831,"Diabetes mellitus (types combined), excluding gestational diabetes",Antidiabetic,PROD_74296,2017-04-14 00:00:00,2023-06-03 00:00:00,Discontinued,2241
TRT_004520,PAT_08831,Ischemic heart disease,Cardiovascular,PROD_82362,2022-07-27 00:00:00,2024-07-01 00:00:00,Active,705
TRT_004521,PAT_08833,Osteoarthritis,Analgesic / anti-inflammatory,PROD_5917,2017-03-29 00:00:00,2017-07-13 00:00:00,Discontinued,106
TRT_004522,PAT_08835,Hypertension,Antihypertensive,PROD_75765,2016-06-05 00:00:00,2019-08-24 00:00:00,Discontinued,1175
TRT_004523,PAT_08836,Hypertension,Antihypertensive,PROD_79542,2022-03-09 00:00:00,2024-07-01 00:00:00,Active,845
TRT_004524,PAT_08847,Hypertension,Antihypertensive,PROD_79542,2018-07-17 00:00:00,2023-08-08 00:00:00,Discontinued,1848
TRT_004525,PAT_08847,"Diabetes mellitus (types combined), excluding gestational diabetes",Antidiabetic,PROD_11727,2024-05-16 00:00:00,2024-07-01 00:00:00,Active,46
TRT_004526,PAT_08849,Acute myocardial infarction,Cardiovascular,PROD_78058,2024-05-03 00:00:00,2024-07-01 00:00:00,Active,59
TRT_004527,PAT_08851,Heart failure,Heart failure therapy,PROD_70034,2019-09-25 00:00:00,2024-07-01 00:00:00,Active,1741
TRT_004528,PAT_08851,Asthma,Respiratory,PROD_49895,2020-07-27 00:00:00,2022-05-08 00:00:00,Discontinued,650
TRT_004529,PAT_08852,Osteoarthritis,Analgesic / anti-inflammatory,PROD_5432,2015-03-07 00:00:00,2015-08-07 00:00:00,Discontinued,153
TRT_004530,PAT_08853,Hypertension,Antihypertensive,PROD_75765,2024-03-31 00:00:00,2024-07-01 00:00:00,Active,92
TRT_004531,PAT_08854,Hypertension,Antihypertensive,PROD_77062,2018-06-03 00:00:00,2020-04-09 00:00:00,Discontinued,676
TRT_004532,PAT_08855,Hypertension,Antihypertensive,PROD_79542,2016-01-01 00:00:00,2024-07-01 00:00:00,Active,3104
TRT_004533,PAT_08860,Osteoarthritis,Analgesic / anti-inflammatory,PROD_5432,2023-11-19 00:00:00,2024-01-22 00:00:00,Discontinued,64
TRT_004534,PAT_08861,Asthma,Respiratory,PROD_69769,2023-08-06 00:00:00,2024-07-01 00:00:00,Active,330
TRT_004535,PAT_08862,Ischemic heart disease,Cardiovascular,PROD_82362,2024-05-05 00:00:00,2024-07-01 00:00:00,Active,57
TRT_004536,PAT_08863,Hypertension,Antihypertensive,PROD_79542,2022-04-09 00:00:00,2024-07-01 00:00:00,Active,814
TRT_004537,PAT_08864,Osteoarthritis,Analgesic / anti-inflammatory,PROD_5432,2019-10-28 00:00:00,2020-01-14 00:00:00,Discontinued,78
TRT_004538,PAT_08864,Asthma,Respiratory,PROD_69769,2020-07-30 00:00:00,2024-07-01 00:00:00,Active,1432
TRT_004539,PAT_08865,"Diabetes mellitus (types combined), excluding gestational diabetes",Antidiabetic,PROD_11727,2019-11-18 00:00:00,2023-04-14 00:00:00,Discontinued,1243
TRT_004540,PAT_08867,Hypertension,Antihypertensive,PROD_77062,2024-06-13 00:00:00,2024-07-01 00:00:00,Active,18
TRT_004541,PAT_08868,"Diabetes mellitus (types combined), excluding gestational diabetes",Antidiabetic,PROD_11727,2024-05-08 00:00:00,2024-07-01 00:00:00,Active,54
TRT_004542,PAT_08871,Hypertension,Antihypertensive,PROD_79542,2020-10-01 00:00:00,2024-07-01 00:00:00,Active,1369
TRT_004543,PAT_08873,Hypertension,Antihypertensive,PROD_79542,2017-09-30 00:00:00,2023-09-06 00:00:00,Discontinued,2167
TRT_004544,PAT_08879,Osteoarthritis,Analgesic / anti-inflammatory,PROD_5432,2018-08-16 00:00:00,2018-10-08 00:00:00,Discontinued,53
TRT_004545,PAT_08879,Asthma,Respiratory,PROD_49895,2023-04-05 00:00:00,2023-05-16 00:00:00,Discontinued,41
TRT_004546,PAT_08879,"Diabetes mellitus (types combined), excluding gestational diabetes",Antidiabetic,PROD_62536,2024-06-03 00:00:00,2024-07-01 00:00:00,Active,28
TRT_004547,PAT_08881,"Diabetes mellitus (types combined), excluding gestational diabetes",Antidiabetic,PROD_74296,2018-12-16 00:00:00,2022-06-03 00:00:00,Discontinued,1265
TRT_004548,PAT_08882,Hypertension,Antihypertensive,PROD_75765,2022-03-29 00:00:00,2024-07-01 00:00:00,Active,825
TRT_004549,PAT_08884,Asthma,Respiratory,PROD_69769,2017-06-16 00:00:00,2019-08-04 00:00:00,Discontinued,779
TRT_004550,PAT_08889,Osteoarthritis,Analgesic / anti-inflammatory,PROD_4980,2023-08-24 00:00:00,2024-04-15 00:00:00,Discontinued,235
TRT_004551,PAT_08895,Hypertension,Antihypertensive,PROD_75765,2016-10-21 00:00:00,2024-07-01 00:00:00,Active,2810
TRT_004552,PAT_08895,Osteoporosis,Bone health,PROD_78367,2017-07-15 00:00:00,2018-03-22 00:00:00,Discontinued,250
TRT_004553,PAT_08895,Chronic obstructive pulmonary disease,Respiratory,PROD_69769,2024-05-07 00:00:00,2024-07-01 00:00:00,Active,55
TRT_004554,PAT_08896,Hypertension,Antihypertensive,PROD_77062,2016-03-06 00:00:00,2020-01-15 00:00:00,Discontinued,1410
TRT_004555,PAT_08896,Osteoporosis,Bone health,PROD_78367,2020-11-27 00:00:00,2024-07-01 00:00:00,Active,1312
TRT_004556,PAT_08896,Osteoarthritis,Analgesic / anti-inflammatory,PROD_5917,2021-11-20 00:00:00,2022-04-13 00:00:00,Discontinued,144
TRT_004557,PAT_08896,"Diabetes mellitus (types combined), excluding gestational diabetes",Antidiabetic,PROD_74296,2022-10-01 00:00:00,2024-07-01 00:00:00,Active,639
TRT_004558,PAT_08897,Acute myocardial infarction,Cardiovascular,PROD_82362,2014-08-01 00:00:00,2018-08-28 00:00:00,Discontinued,1488
TRT_004559,PAT_08897,Osteoarthritis,Analgesic / anti-inflammatory,PROD_5917,2021-07-18 00:00:00,2021-08-30 00:00:00,Discontinued,43
TRT_004560,PAT_08898,Osteoarthritis,Analgesic / anti-inflammatory,PROD_5432,2015-06-24 00:00:00,2015-08-27 00:00:00,Discontinued,64
TRT_004561,PAT_08898,"Parkinsonism, including Parkinson disease",Parkinson's therapy,PROD_68471,2020-08-01 00:00:00,2021-11-17 00:00:00,Discontinued,473
TRT_004562,PAT_08901,Rheumatoid arthritis,Immunomodulatory / anti-inflammatory,PROD_19681,2023-10-08 00:00:00,2024-07-01 00:00:00,Active,267
TRT_004563,PAT_08903,Hypertension,Antihypertensive,PROD_77062,2016-09-09 00:00:00,2018-05-11 00:00:00,Discontinued,609
TRT_004564,PAT_08903,"Diabetes mellitus (types combined), excluding gestational diabetes",Antidiabetic,PROD_62536,2020-06-16 00:00:00,2022-02-27 00:00:00,Discontinued,621
TRT_004565,PAT_08905,Chronic obstructive pulmonary disease,Respiratory,PROD_69769,2015-03-05 00:00:00,2016-11-10 00:00:00,Discontinued,616
TRT_004566,PAT_08906,Epilepsy,Antiepileptic,PROD_75964,2015-08-24 00:00:00,2023-02-07 00:00:00,Discontinued,2724
TRT_004567,PAT_08915,Osteoporosis,Bone health,PROD_78367,2024-06-10 00:00:00,2024-07-01 00:00:00,Active,21
TRT_004568,PAT_08919,"Diabetes mellitus (types combined), excluding gestational diabetes",Antidiabetic,PROD_74296,2022-12-05 06:00:00,2024-07-01 00:00:00,Active,573
TRT_004569,PAT_08921,Chronic obstructive pulmonary disease,Respiratory,PROD_69769,2019-05-29 00:00:00,2019-12-27 00:00:00,Discontinued,212
TRT_004570,PAT_08925,Hypertension,Antihypertensive,PROD_77062,2021-09-24 00:00:00,2024-07-01 00:00:00,Active,1011
TRT_004571,PAT_08927,Hypertension,Antihypertensive,PROD_75765,2017-06-22 00:00:00,2020-03-03 00:00:00,Discontinued,985
TRT_004572,PAT_08927,Osteoporosis,Bone health,PROD_73098,2019-03-01 00:00:00,2022-01-18 00:00:00,Discontinued,1054
TRT_004573,PAT_08931,Heart failure,Heart failure therapy,PROD_5646,2014-09-15 00:00:00,2016-04-20 00:00:00,Discontinued,583
TRT_004574,PAT_08932,Asthma,Respiratory,PROD_49895,2017-01-17 00:00:00,2020-01-27 00:00:00,Discontinued,1105
TRT_004575,PAT_08933,"Diabetes mellitus (types combined), excluding gestational diabetes",Antidiabetic,PROD_62536,2015-04-10 00:00:00,2018-07-16 00:00:00,Discontinued,1193
TRT_004576,PAT_08934,Asthma,Respiratory,PROD_49895,2019-12-23 00:00:00,2022-02-28 00:00:00,Discontinued,798
TRT_004577,PAT_08935,Asthma,Respiratory,PROD_49895,2015-05-29 00:00:00,2019-01-19 00:00:00,Discontinued,1331
TRT_004578,PAT_08935,Hypertension,Antihypertensive,PROD_75765,2017-09-26 00:00:00,2024-02-16 00:00:00,Discontinued,2334
TRT_004579,PAT_08937,Hypertension,Antihypertensive,PROD_77062,2024-02-27 00:00:00,2024-07-01 00:00:00,Active,125
TRT_004580,PAT_08940,"Diabetes mellitus (types combined), excluding gestational diabetes",Antidiabetic,PROD_11727,2019-11-21 00:00:00,2020-12-12 00:00:00,Discontinued,387
TRT_004581,PAT_08943,Ischemic heart disease,Cardiovascular,PROD_78058,2018-05-06 00:00:00,2021-10-18 00:00:00,Discontinued,1261
TRT_004582,PAT_08945,Asthma,Respiratory,PROD_49895,2015-08-07 00:00:00,2020-02-13 00:00:00,Discontinued,1651
TRT_004583,PAT_08945,Stroke,Antithrombotic / secondary prevention,PROD_66470,2018-03-16 00:00:00,2020-09-13 00:00:00,Discontinued,912
TRT_004584,PAT_08945,Hypertension,Antihypertensive,PROD_79542,2021-03-06 00:00:00,2024-07-01 00:00:00,Active,1213
TRT_004585,PAT_08946,Asthma,Respiratory,PROD_49895,2019-11-20 00:00:00,2024-07-01 00:00:00,Active,1685
TRT_004586,PAT_08946,Hypertension,Antihypertensive,PROD_75765,2020-02-10 00:00:00,2024-07-01 00:00:00,Active,1603
TRT_004587,PAT_08947,Hypertension,Antihypertensive,PROD_79542,2017-04-23 00:00:00,2021-06-12 00:00:00,Discontinued,1511
TRT_004588,PAT_08948,Ischemic heart disease,Cardiovascular,PROD_73770,2014-09-14 00:00:00,2017-02-19 00:00:00,Discontinued,889
TRT_004589,PAT_08950,Asthma,Respiratory,PROD_13550,2022-11-14 00:00:00,2023-10-21 00:00:00,Discontinued,341
TRT_004590,PAT_08951,Asthma,Respiratory,PROD_13550,2015-03-04 00:00:00,2016-03-02 00:00:00,Discontinued,364
TRT_004591,PAT_08956,Hypertension,Antihypertensive,PROD_79542,2018-01-10 00:00:00,2021-03-25 00:00:00,Discontinued,1170
TRT_004592,PAT_08963,Chronic obstructive pulmonary disease,Respiratory,PROD_49895,2021-12-03 00:00:00,2022-07-10 00:00:00,Discontinued,219
TRT_004593,PAT_08963,Osteoporosis,Bone health,PROD_73098,2023-09-12 00:00:00,2024-07-01 00:00:00,Active,293
TRT_004594,PAT_08963,Heart failure,Heart failure therapy,PROD_2333,2023-10-14 00:00:00,2024-07-01 00:00:00,Active,261
TRT_004595,PAT_08965,"Parkinsonism, including Parkinson disease",Parkinson's therapy,PROD_77772,2019-05-02 00:00:00,2024-07-01 00:00:00,Active,1887
TRT_004596,PAT_08966,"Diabetes mellitus (types combined), excluding gestational diabetes",Antidiabetic,PROD_74296,2022-01-11 00:00:00,2024-07-01 00:00:00,Active,902
TRT_004597,PAT_08967,Chronic obstructive pulmonary disease,Respiratory,PROD_49895,2021-05-10 18:00:00,2024-07-01 00:00:00,Active,1147
TRT_004598,PAT_08968,"Diabetes mellitus (types combined), excluding gestational diabetes",Antidiabetic,PROD_11727,2016-07-29 00:00:00,2023-01-21 00:00:00,Discontinued,2367
TRT_004599,PAT_08970,"Diabetes mellitus (types combined), excluding gestational diabetes",Antidiabetic,PROD_62536,2022-08-10 00:00:00,2024-07-01 00:00:00,Active,691
TRT_004600,PAT_08971,Hypertension,Antihypertensive,PROD_77062,2019-01-06 00:00:00,2023-08-22 00:00:00,Discontinued,1689
TRT_004601,PAT_08971,"Diabetes mellitus (types combined), excluding gestational diabetes",Antidiabetic,PROD_11727,2019-03-09 00:00:00,2023-06-27 00:00:00,Discontinued,1571
TRT_004602,PAT_08972,Asthma,Respiratory,PROD_13550,2014-10-06 00:00:00,2017-08-22 00:00:00,Discontinued,1051
TRT_004603,PAT_08975,Osteoarthritis,Analgesic / anti-inflammatory,PROD_4980,2023-04-09 00:00:00,2023-07-19 00:00:00,Discontinued,101
TRT_004604,PAT_08977,Stroke,Antithrombotic / secondary prevention,PROD_61080,2020-09-11 00:00:00,2021-06-03 00:00:00,Discontinued,265
TRT_004605,PAT_08977,Hypertension,Antihypertensive,PROD_75765,2021-01-12 00:00:00,2023-10-28 00:00:00,Discontinued,1019
TRT_004606,PAT_08981,Ischemic heart disease,Cardiovascular,PROD_73770,2016-11-28 00:00:00,2023-03-13 00:00:00,Discontinued,2296
TRT_004607,PAT_08981,Acute myocardial infarction,Cardiovascular,PROD_73770,2023-11-27 00:00:00,2024-07-01 00:00:00,Active,217
TRT_004608,PAT_08985,Hypertension,Antihypertensive,PROD_79542,2018-01-14 00:00:00,2021-12-27 00:00:00,Discontinued,1443
TRT_004609,PAT_08986,Hypertension,Antihypertensive,PROD_77062,2018-11-08 00:00:00,2020-12-28 00:00:00,Discontinued,781
TRT_004610,PAT_08986,Osteoporosis,Bone health,PROD_78367,2022-06-27 00:00:00,2024-07-01 00:00:00,Active,735
TRT_004611,PAT_08987,Asthma,Respiratory,PROD_49895,2024-04-28 00:00:00,2024-07-01 00:00:00,Active,64
TRT_004612,PAT_08988,Chronic obstructive pulmonary disease,Respiratory,PROD_13550,2014-09-16 00:00:00,2014-11-30 00:00:00,Discontinued,75
TRT_004613,PAT_08993,"Diabetes mellitus (types combined), excluding gestational diabetes",Antidiabetic,PROD_11727,2021-01-30 00:00:00,2024-07-01 00:00:00,Active,1248
TRT_004614,PAT_08996,Osteoarthritis,Analgesic / anti-inflammatory,PROD_5917,2015-05-31 00:00:00,2015-08-15 00:00:00,Discontinued,76
TRT_004615,PAT_08998,Ischemic heart disease,Cardiovascular,PROD_78058,2020-10-23 00:00:00,2024-07-01 00:00:00,Active,1347
TRT_004616,PAT_09002,Osteoporosis,Bone health,PROD_73098,2023-06-30 00:00:00,2024-07-01 00:00:00,Active,367
TRT_004617,PAT_09004,Hypertension,Antihypertensive,PROD_77062,2015-07-27 00:00:00,2024-07-01 00:00:00,Active,3262
TRT_004618,PAT_09008,Asthma,Respiratory,PROD_49895,2017-10-12 00:00:00,2021-11-14 00:00:00,Discontinued,1494
TRT_004619,PAT_09008,"Diabetes mellitus (types combined), excluding gestational diabetes",Antidiabetic,PROD_11727,2023-09-05 00:00:00,2024-07-01 00:00:00,Active,300
TRT_004620,PAT_09012,Hypertension,Antihypertensive,PROD_79542,2016-10-06 00:00:00,2018-07-18 00:00:00,Discontinued,650
TRT_004621,PAT_09016,Heart failure,Heart failure therapy,PROD_2333,2022-11-21 00:00:00,2023-12-25 00:00:00,Discontinued,399
TRT_004622,PAT_09020,"Diabetes mellitus (types combined), excluding gestational diabetes",Antidiabetic,PROD_11727,2020-07-06 00:00:00,2024-07-01 00:00:00,Active,1456
TRT_004623,PAT_09021,"Diabetes mellitus (types combined), excluding gestational diabetes",Antidiabetic,PROD_74296,2016-10-24 00:00:00,2024-07-01 00:00:00,Active,2807
TRT_004624,PAT_09021,Osteoporosis,Bone health,PROD_73098,2019-05-03 00:00:00,2021-03-05 00:00:00,Discontinued,672
TRT_004625,PAT_09026,Asthma,Respiratory,PROD_13550,2023-07-28 06:00:00,2024-07-01 00:00:00,Active,338
TRT_004626,PAT_09028,Ischemic heart disease,Cardiovascular,PROD_73770,2019-03-07 00:00:00,2022-06-21 00:00:00,Discontinued,1202
TRT_004627,PAT_09030,Hypertension,Antihypertensive,PROD_77062,2020-11-29 00:00:00,2024-02-20 00:00:00,Discontinued,1178
TRT_004628,PAT_09031,Acute myocardial infarction,Cardiovascular,PROD_82362,2023-06-06 00:00:00,2024-07-01 00:00:00,Active,391
TRT_004629,PAT_09031,Asthma,Respiratory,PROD_13550,2024-06-09 00:00:00,2024-07-01 00:00:00,Active,22
TRT_004630,PAT_09032,"Diabetes mellitus (types combined), excluding gestational diabetes",Antidiabetic,PROD_62536,2018-01-16 00:00:00,2022-04-02 00:00:00,Discontinued,1537
TRT_004631,PAT_09034,Osteoporosis,Bone health,PROD_73098,2018-04-22 00:00:00,2024-07-01 00:00:00,Active,2262
TRT_004632,PAT_09040,Chronic obstructive pulmonary disease,Respiratory,PROD_69769,2017-03-18 18:00:00,2017-07-27 18:00:00,Discontinued,131
TRT_004633,PAT_09046,Asthma,Respiratory,PROD_69769,2018-01-05 00:00:00,2020-08-10 00:00:00,Discontinued,948
TRT_004634,PAT_09049,Hypertension,Antihypertensive,PROD_75765,2014-12-19 00:00:00,2017-03-29 00:00:00,Discontinued,831
TRT_004635,PAT_09049,Chronic obstructive pulmonary disease,Respiratory,PROD_49895,2016-07-10 00:00:00,2017-10-21 00:00:00,Discontinued,468
TRT_004636,PAT_09051,Asthma,Respiratory,PROD_69769,2015-07-05 00:00:00,2017-04-01 00:00:00,Discontinued,636
TRT_004637,PAT_09052,Asthma,Respiratory,PROD_49895,2023-04-12 00:00:00,2024-07-01 00:00:00,Active,446
TRT_004638,PAT_09058,"Diabetes mellitus (types combined), excluding gestational diabetes",Antidiabetic,PROD_11727,2021-08-27 00:00:00,2024-07-01 00:00:00,Active,1039
TRT_004639,PAT_09059,Osteoporosis,Bone health,PROD_73098,2016-06-29 00:00:00,2018-11-25 00:00:00,Discontinued,879
TRT_004640,PAT_09059,Heart failure,Heart failure therapy,PROD_5646,2017-12-09 00:00:00,2021-12-28 00:00:00,Discontinued,1480
TRT_004641,PAT_09059,Asthma,Respiratory,PROD_69769,2022-11-13 00:00:00,2023-05-18 00:00:00,Discontinued,186
TRT_004642,PAT_09062,Hypertension,Antihypertensive,PROD_75765,2016-03-19 00:00:00,2024-03-29 00:00:00,Discontinued,2932
TRT_004643,PAT_09063,Osteoporosis,Bone health,PROD_73098,2019-08-31 00:00:00,2023-03-19 00:00:00,Discontinued,1296
TRT_004644,PAT_09064,Chronic obstructive pulmonary disease,Respiratory,PROD_13550,2018-03-29 00:00:00,2020-07-23 00:00:00,Discontinued,847
TRT_004645,PAT_09068,Ischemic heart disease,Cardiovascular,PROD_78058,2016-01-13 00:00:00,2020-10-10 00:00:00,Discontinued,1732
TRT_004646,PAT_09068,Osteoarthritis,Analgesic / anti-inflammatory,PROD_4980,2020-07-27 00:00:00,2020-10-12 00:00:00,Discontinued,77
TRT_004647,PAT_09069,Chronic obstructive pulmonary disease,Respiratory,PROD_13550,2024-05-14 00:00:00,2024-07-01 00:00:00,Active,48
TRT_004648,PAT_09070,Asthma,Respiratory,PROD_49895,2024-04-22 06:00:00,2024-07-01 00:00:00,Active,69
TRT_004649,PAT_09071,Asthma,Respiratory,PROD_69769,2021-08-08 00:00:00,2024-07-01 00:00:00,Active,1058
TRT_004650,PAT_09074,Hypertension,Antihypertensive,PROD_75765,2014-12-12 00:00:00,2021-07-21 00:00:00,Discontinued,2413
TRT_004651,PAT_09077,"Diabetes mellitus (types combined), excluding gestational diabetes",Antidiabetic,PROD_62536,2018-02-22 00:00:00,2024-07-01 00:00:00,Active,2321
TRT_004652,PAT_09079,"Diabetes mellitus (types combined), excluding gestational diabetes",Antidiabetic,PROD_62536,2015-08-31 06:00:00,2019-04-28 06:00:00,Discontinued,1336
TRT_004653,PAT_09080,Hypertension,Antihypertensive,PROD_79542,2017-06-04 00:00:00,2021-09-21 00:00:00,Discontinued,1570
TRT_004654,PAT_09082,Osteoarthritis,Analgesic / anti-inflammatory,PROD_5917,2020-07-21 00:00:00,2021-03-12 00:00:00,Discontinued,234
TRT_004655,PAT_09083,Asthma,Respiratory,PROD_69769,2022-09-12 00:00:00,2024-07-01 00:00:00,Active,658
TRT_004656,PAT_09090,Schizophrenia,Antipsychotic,PROD_73690,2022-11-03 00:00:00,2023-12-18 00:00:00,Discontinued,410
TRT_004657,PAT_09091,Osteoarthritis,Analgesic / anti-inflammatory,PROD_5917,2022-09-18 00:00:00,2022-10-27 00:00:00,Discontinued,39
TRT_004658,PAT_09091,"Diabetes mellitus (types combined), excluding gestational diabetes",Antidiabetic,PROD_11727,2023-11-03 00:00:00,2024-07-01 00:00:00,Active,241
TRT_004659,PAT_09095,Hypertension,Antihypertensive,PROD_79542,2015-10-05 00:00:00,2018-10-01 00:00:00,Discontinued,1092
TRT_004660,PAT_09096,Hypertension,Antihypertensive,PROD_75765,2020-08-07 00:00:00,2024-07-01 00:00:00,Active,1424
TRT_004661,PAT_09096,Osteoporosis,Bone health,PROD_73098,2021-02-02 00:00:00,2024-07-01 00:00:00,Active,1245
TRT_004662,PAT_09098,Hypertension,Antihypertensive,PROD_75765,2014-12-08 00:00:00,2017-10-01 00:00:00,Discontinued,1028
TRT_004663,PAT_09100,Chronic obstructive pulmonary disease,Respiratory,PROD_13550,2016-03-07 00:00:00,2016-09-16 00:00:00,Discontinued,193
TRT_004664,PAT_09101,"Diabetes mellitus (types combined), excluding gestational diabetes",Antidiabetic,PROD_62536,2020-09-10 00:00:00,2023-06-25 00:00:00,Discontinued,1018
TRT_004665,PAT_09107,Hypertension,Antihypertensive,PROD_77062,2017-09-21 00:00:00,2021-01-03 00:00:00,Discontinued,1200
TRT_004666,PAT_09109,Hypertension,Antihypertensive,PROD_79542,2023-03-21 00:00:00,2024-07-01 00:00:00,Active,468
TRT_004667,PAT_09112,Chronic obstructive pulmonary disease,Respiratory,PROD_13550,2015-04-26 00:00:00,2019-11-21 00:00:00,Discontinued,1670
TRT_004668,PAT_09112,Osteoporosis,Bone health,PROD_73098,2015-11-24 00:00:00,2017-07-29 00:00:00,Discontinued,613
TRT_004669,PAT_09112,Hypertension,Antihypertensive,PROD_75765,2016-08-30 00:00:00,2024-07-01 00:00:00,Active,2862
TRT_004670,PAT_09113,Acute myocardial infarction,Cardiovascular,PROD_73770,2016-02-03 00:00:00,2018-07-22 00:00:00,Discontinued,900
TRT_004671,PAT_09113,Asthma,Respiratory,PROD_69769,2018-11-02 00:00:00,2019-03-16 00:00:00,Discontinued,134
TRT_004672,PAT_09116,"Diabetes mellitus (types combined), excluding gestational diabetes",Antidiabetic,PROD_62536,2021-08-02 00:00:00,2024-07-01 00:00:00,Active,1064
TRT_004673,PAT_09119,"Diabetes mellitus (types combined), excluding gestational diabetes",Antidiabetic,PROD_11727,2024-04-25 00:00:00,2024-07-01 00:00:00,Active,67
TRT_004674,PAT_09121,Chronic obstructive pulmonary disease,Respiratory,PROD_13550,2024-03-31 00:00:00,2024-07-01 00:00:00,Active,92
TRT_004675,PAT_09121,Osteoarthritis,Analgesic / anti-inflammatory,PROD_5917,2024-07-01 00:00:00,2024-07-01 00:00:00,Active,0
TRT_004676,PAT_09122,Hypertension,Antihypertensive,PROD_77062,2020-06-24 00:00:00,2024-07-01 00:00:00,Active,1468
TRT_004677,PAT_09125,Hypertension,Antihypertensive,PROD_75765,2023-10-08 00:00:00,2024-07-01 00:00:00,Active,267
TRT_004678,PAT_09129,Hypertension,Antihypertensive,PROD_79542,2020-03-30 00:00:00,2022-02-18 00:00:00,Discontinued,690
TRT_004679,PAT_09135,Hypertension,Antihypertensive,PROD_75765,2018-08-20 00:00:00,2019-05-31 00:00:00,Discontinued,284
TRT_004680,PAT_09135,"Diabetes mellitus (types combined), excluding gestational diabetes",Antidiabetic,PROD_11727,2021-05-17 00:00:00,2024-01-11 00:00:00,Discontinued,969
TRT_004681,PAT_09136,Hypertension,Antihypertensive,PROD_79542,2017-02-13 00:00:00,2024-07-01 00:00:00,Active,2695
TRT_004682,PAT_09138,Chronic obstructive pulmonary disease,Respiratory,PROD_49895,2015-10-17 00:00:00,2024-07-01 00:00:00,Active,3180
TRT_004683,PAT_09138,Hypertension,Antihypertensive,PROD_75765,2022-01-09 00:00:00,2024-07-01 00:00:00,Active,904
TRT_004684,PAT_09139,Asthma,Respiratory,PROD_69769,2014-09-12 00:00:00,2015-04-10 00:00:00,Discontinued,210
TRT_004685,PAT_09141,Asthma,Respiratory,PROD_13550,2020-06-04 00:00:00,2022-05-29 00:00:00,Discontinued,724
TRT_004686,PAT_09142,Hypertension,Antihypertensive,PROD_79542,2015-06-22 00:00:00,2022-06-02 00:00:00,Discontinued,2537
TRT_004687,PAT_09146,Osteoporosis,Bone health,PROD_73098,2015-09-05 00:00:00,2019-12-23 00:00:00,Discontinued,1570
TRT_004688,PAT_09147,Ischemic heart disease,Cardiovascular,PROD_82362,2014-09-09 00:00:00,2015-06-10 00:00:00,Discontinued,274
TRT_004689,PAT_09148,Asthma,Respiratory,PROD_69769,2015-10-28 00:00:00,2024-07-01 00:00:00,Active,3169
TRT_004690,PAT_09148,Ischemic heart disease,Cardiovascular,PROD_82362,2019-10-29 00:00:00,2024-07-01 00:00:00,Active,1707
TRT_004691,PAT_09152,Hypertension,Antihypertensive,PROD_79542,2022-06-14 00:00:00,2024-07-01 00:00:00,Active,748
TRT_004692,PAT_09153,"Diabetes mellitus (types combined), excluding gestational diabetes",Antidiabetic,PROD_62536,2018-12-14 00:00:00,2021-11-13 00:00:00,Discontinued,1065
TRT_004693,PAT_09153,Asthma,Respiratory,PROD_13550,2022-08-29 00:00:00,2024-07-01 00:00:00,Active,672
TRT_004694,PAT_09153,Hypertension,Antihypertensive,PROD_77062,2024-02-23 00:00:00,2024-07-01 00:00:00,Active,129
TRT_004695,PAT_09154,Hypertension,Antihypertensive,PROD_77062,2018-11-21 00:00:00,2024-03-30 00:00:00,Discontinued,1956
TRT_004696,PAT_09156,Stroke,Antithrombotic / secondary prevention,PROD_66470,2015-02-10 00:00:00,2017-06-26 00:00:00,Discontinued,867
TRT_004697,PAT_09156,Asthma,Respiratory,PROD_13550,2019-09-22 00:00:00,2021-01-24 00:00:00,Discontinued,490
TRT_004698,PAT_09158,Hypertension,Antihypertensive,PROD_79542,2019-11-02 00:00:00,2024-07-01 00:00:00,Active,1703
TRT_004699,PAT_09158,Osteoporosis,Bone health,PROD_73098,2024-02-04 00:00:00,2024-07-01 00:00:00,Active,148
TRT_004700,PAT_09163,Ischemic heart disease,Cardiovascular,PROD_82362,2023-09-13 00:00:00,2024-07-01 00:00:00,Active,292
TRT_004701,PAT_09164,Asthma,Respiratory,PROD_49895,2022-07-10 00:00:00,2024-07-01 00:00:00,Active,722
TRT_004702,PAT_09169,Hypertension,Antihypertensive,PROD_77062,2023-10-11 00:00:00,2024-07-01 00:00:00,Active,264
TRT_004703,PAT_09171,Hypertension,Antihypertensive,PROD_75765,2022-06-09 00:00:00,2023-12-12 00:00:00,Discontinued,551
TRT_004704,PAT_09173,Osteoarthritis,Analgesic / anti-inflammatory,PROD_5917,2021-04-09 00:00:00,2021-05-27 00:00:00,Discontinued,48
TRT_004705,PAT_09174,Ischemic heart disease,Cardiovascular,PROD_73770,2019-03-06 00:00:00,2024-03-02 00:00:00,Discontinued,1823
TRT_004706,PAT_09177,"Diabetes mellitus (types combined), excluding gestational diabetes",Antidiabetic,PROD_11727,2015-04-16 00:00:00,2018-03-07 00:00:00,Discontinued,1056
TRT_004707,PAT_09183,"Diabetes mellitus (types combined), excluding gestational diabetes",Antidiabetic,PROD_62536,2015-09-04 00:00:00,2019-05-22 00:00:00,Discontinued,1356
TRT_004708,PAT_09185,Osteoporosis,Bone health,PROD_73098,2022-09-17 00:00:00,2024-07-01 00:00:00,Active,653
TRT_004709,PAT_09186,Ischemic heart disease,Cardiovascular,PROD_82362,2020-09-10 00:00:00,2024-07-01 00:00:00,Active,1390
TRT_004710,PAT_09189,Hypertension,Antihypertensive,PROD_77062,2024-03-25 00:00:00,2024-07-01 00:00:00,Active,98
TRT_004711,PAT_09191,Osteoporosis,Bone health,PROD_73098,2016-01-06 00:00:00,2018-05-04 00:00:00,Discontinued,849
TRT_004712,PAT_09192,Asthma,Respiratory,PROD_13550,2024-03-02 06:00:00,2024-07-01 00:00:00,Active,120
TRT_004713,PAT_09193,Chronic obstructive pulmonary disease,Respiratory,PROD_13550,2023-05-19 00:00:00,2024-07-01 00:00:00,Active,409
TRT_004714,PAT_09194,Chronic obstructive pulmonary disease,Respiratory,PROD_49895,2015-11-07 00:00:00,2018-06-20 00:00:00,Discontinued,956
TRT_004715,PAT_09194,"Diabetes mellitus (types combined), excluding gestational diabetes",Antidiabetic,PROD_62536,2019-01-01 00:00:00,2024-07-01 00:00:00,Active,2008
TRT_004716,PAT_09194,Osteoarthritis,Analgesic / anti-inflammatory,PROD_4980,2021-04-11 00:00:00,2021-07-01 00:00:00,Discontinued,81
TRT_004717,PAT_09195,Ischemic heart disease,Cardiovascular,PROD_82362,2017-12-31 00:00:00,2020-01-16 00:00:00,Discontinued,746
TRT_004718,PAT_09195,Hypertension,Antihypertensive,PROD_77062,2022-02-05 00:00:00,2024-07-01 00:00:00,Active,877
TRT_004719,PAT_09196,Hypertension,Antihypertensive,PROD_77062,2016-07-08 00:00:00,2019-08-26 00:00:00,Discontinued,1144
TRT_004720,PAT_09196,"Diabetes mellitus (types combined), excluding gestational diabetes",Antidiabetic,PROD_62536,2017-04-02 00:00:00,2021-04-15 00:00:00,Discontinued,1474
TRT_004721,PAT_09199,"Diabetes mellitus (types combined), excluding gestational diabetes",Antidiabetic,PROD_62536,2017-08-26 00:00:00,2024-07-01 00:00:00,Active,2501
TRT_004722,PAT_09200,Osteoporosis,Bone health,PROD_73098,2018-11-01 00:00:00,2022-08-27 00:00:00,Discontinued,1395
TRT_004723,PAT_09203,Hypertension,Antihypertensive,PROD_79542,2020-05-21 00:00:00,2024-07-01 00:00:00,Active,1502
TRT_004724,PAT_09205,Epilepsy,Antiepileptic,PROD_75964,2014-11-16 00:00:00,2018-08-15 00:00:00,Discontinued,1368
TRT_004725,PAT_09209,Asthma,Respiratory,PROD_13550,2018-09-30 00:00:00,2024-07-01 00:00:00,Active,2101
TRT_004726,PAT_09211,Chronic obstructive pulmonary disease,Respiratory,PROD_49895,2016-10-14 00:00:00,2019-09-23 00:00:00,Discontinued,1074
TRT_004727,PAT_09213,Asthma,Respiratory,PROD_69769,2019-07-21 00:00:00,2021-03-25 00:00:00,Discontinued,613
TRT_004728,PAT_09219,"Dementia, including Alzheimer disease",Cognitive disorder therapy,PROD_82234,2021-06-23 00:00:00,2024-07-01 00:00:00,Active,1104
TRT_004729,PAT_09219,Osteoporosis,Bone health,PROD_73098,2021-11-23 00:00:00,2023-11-23 00:00:00,Discontinued,730
TRT_004730,PAT_09223,Hypertension,Antihypertensive,PROD_77062,2015-08-07 00:00:00,2016-08-16 00:00:00,Discontinued,375
TRT_004731,PAT_09225,Hypertension,Antihypertensive,PROD_77062,2023-07-31 00:00:00,2024-07-01 00:00:00,Active,336
TRT_004732,PAT_09234,Ischemic heart disease,Cardiovascular,PROD_73770,2016-05-29 00:00:00,2024-07-01 00:00:00,Active,2955
TRT_004733,PAT_09234,Hypertension,Antihypertensive,PROD_79542,2018-04-07 00:00:00,2023-07-28 00:00:00,Discontinued,1938
TRT_004734,PAT_09234,Asthma,Respiratory,PROD_13550,2021-02-27 00:00:00,2022-06-20 00:00:00,Discontinued,478
TRT_004735,PAT_09236,Epilepsy,Antiepileptic,PROD_75964,2023-09-25 06:00:00,2024-07-01 00:00:00,Active,279
TRT_004736,PAT_09238,"Diabetes mellitus (types combined), excluding gestational diabetes",Antidiabetic,PROD_11727,2017-03-27 00:00:00,2018-05-22 00:00:00,Discontinued,421
TRT_004737,PAT_09238,Hypertension,Antihypertensive,PROD_79542,2021-12-20 00:00:00,2024-07-01 00:00:00,Active,924
TRT_004738,PAT_09241,Hypertension,Antihypertensive,PROD_75765,2015-09-22 00:00:00,2020-01-01 00:00:00,Discontinued,1562
TRT_004739,PAT_09242,Hypertension,Antihypertensive,PROD_79542,2024-05-10 00:00:00,2024-07-01 00:00:00,Active,52
TRT_004740,PAT_09244,"Diabetes mellitus (types combined), excluding gestational diabetes",Antidiabetic,PROD_74296,2017-11-01 00:00:00,2020-11-08 00:00:00,Discontinued,1103
TRT_004741,PAT_09244,Asthma,Respiratory,PROD_13550,2022-07-26 00:00:00,2024-07-01 00:00:00,Active,706
TRT_004742,PAT_09246,Stroke,Antithrombotic / secondary prevention,PROD_19474,2022-07-28 00:00:00,2024-07-01 00:00:00,Active,704
TRT_004743,PAT_09249,Hypertension,Antihypertensive,PROD_79542,2022-06-23 00:00:00,2024-07-01 00:00:00,Active,739
TRT_004744,PAT_09251,"Diabetes mellitus (types combined), excluding gestational diabetes",Antidiabetic,PROD_11727,2024-01-05 00:00:00,2024-07-01 00:00:00,Active,178
TRT_004745,PAT_09252,Asthma,Respiratory,PROD_49895,2015-02-23 00:00:00,2016-06-11 00:00:00,Discontinued,474
TRT_004746,PAT_09253,Asthma,Respiratory,PROD_69769,2022-01-16 00:00:00,2022-11-10 00:00:00,Discontinued,298
TRT_004747,PAT_09254,Osteoarthritis,Analgesic / anti-inflammatory,PROD_4980,2017-03-29 00:00:00,2017-06-08 00:00:00,Discontinued,71
TRT_004748,PAT_09257,Osteoarthritis,Analgesic / anti-inflammatory,PROD_5432,2023-05-27 00:00:00,2023-07-14 00:00:00,Discontinued,48
TRT_004749,PAT_09259,Ischemic heart disease,Cardiovascular,PROD_78058,2017-04-13 00:00:00,2019-02-20 00:00:00,Discontinued,678
TRT_004750,PAT_09259,Osteoporosis,Bone health,PROD_73098,2018-06-04 00:00:00,2023-03-14 00:00:00,Discontinued,1744
TRT_004751,PAT_09260,Ischemic heart disease,Cardiovascular,PROD_82362,2019-12-30 00:00:00,2024-03-25 00:00:00,Discontinued,1547
TRT_004752,PAT_09264,Osteoporosis,Bone health,PROD_78367,2023-11-25 00:00:00,2024-07-01 00:00:00,Active,219
TRT_004753,PAT_09266,Hypertension,Antihypertensive,PROD_75765,2021-04-11 00:00:00,2024-07-01 00:00:00,Active,1177
TRT_004754,PAT_09266,Asthma,Respiratory,PROD_69769,2022-06-10 00:00:00,2024-07-01 00:00:00,Active,752
TRT_004755,PAT_09272,"Diabetes mellitus (types combined), excluding gestational diabetes",Antidiabetic,PROD_62536,2019-11-23 00:00:00,2020-12-20 00:00:00,Discontinued,393
TRT_004756,PAT_09275,Hypertension,Antihypertensive,PROD_75765,2017-06-08 00:00:00,2020-01-17 00:00:00,Discontinued,953
TRT_004757,PAT_09282,Stroke,Antithrombotic / secondary prevention,PROD_61080,2023-10-05 00:00:00,2024-07-01 00:00:00,Active,270
TRT_004758,PAT_09284,Hypertension,Antihypertensive,PROD_75765,2015-08-17 00:00:00,2017-07-18 00:00:00,Discontinued,701
TRT_004759,PAT_09286,Schizophrenia,Antipsychotic,PROD_76239,2015-05-24 00:00:00,2017-07-28 00:00:00,Discontinued,796
TRT_004760,PAT_09286,Chronic obstructive pulmonary disease,Respiratory,PROD_69769,2019-01-04 00:00:00,2019-05-20 00:00:00,Discontinued,136
TRT_004761,PAT_09286,Heart failure,Heart failure therapy,PROD_2333,2021-07-05 00:00:00,2024-07-01 00:00:00,Active,1092
TRT_004762,PAT_09288,Hypertension,Antihypertensive,PROD_79542,2021-03-03 00:00:00,2024-07-01 00:00:00,Active,1216
TRT_004763,PAT_09290,Hypertension,Antihypertensive,PROD_79542,2023-09-16 00:00:00,2024-07-01 00:00:00,Active,289
TRT_004764,PAT_09290,Stroke,Antithrombotic / secondary prevention,PROD_66470,2023-11-17 00:00:00,2024-02-11 00:00:00,Discontinued,86
TRT_004765,PAT_09292,Chronic obstructive pulmonary disease,Respiratory,PROD_49895,2017-02-11 00:00:00,2020-08-14 00:00:00,Discontinued,1280
TRT_004766,PAT_09296,Asthma,Respiratory,PROD_13550,2018-04-08 00:00:00,2024-07-01 00:00:00,Active,2276
TRT_004767,PAT_09296,Schizophrenia,Antipsychotic,PROD_73690,2023-05-10 00:00:00,2024-07-01 00:00:00,Active,418
TRT_004768,PAT_09297,"Diabetes mellitus (types combined), excluding gestational diabetes",Antidiabetic,PROD_74296,2018-03-18 00:00:00,2024-07-01 00:00:00,Active,2297
TRT_004769,PAT_09297,Hypertension,Antihypertensive,PROD_77062,2019-11-03 00:00:00,2021-08-20 00:00:00,Discontinued,656
TRT_004770,PAT_09299,Osteoarthritis,Analgesic / anti-inflammatory,PROD_5432,2019-10-23 00:00:00,2020-02-27 00:00:00,Discontinued,127
TRT_004771,PAT_09300,"Diabetes mellitus (types combined), excluding gestational diabetes",Antidiabetic,PROD_74296,2023-05-04 00:00:00,2024-07-01 00:00:00,Active,424
TRT_004772,PAT_09301,"Diabetes mellitus (types combined), excluding gestational diabetes",Antidiabetic,PROD_74296,2015-06-10 00:00:00,2019-10-13 00:00:00,Discontinued,1586
TRT_004773,PAT_09302,Osteoarthritis,Analgesic / anti-inflammatory,PROD_5917,2014-11-05 00:00:00,2015-05-31 00:00:00,Discontinued,207
TRT_004774,PAT_09302,Chronic obstructive pulmonary disease,Respiratory,PROD_69769,2018-08-20 00:00:00,2019-04-14 00:00:00,Discontinued,237
TRT_004775,PAT_09302,Schizophrenia,Antipsychotic,PROD_76239,2019-01-16 00:00:00,2021-03-21 00:00:00,Discontinued,795
TRT_004776,PAT_09304,Osteoporosis,Bone health,PROD_73098,2023-01-04 00:00:00,2023-09-07 00:00:00,Discontinued,246
TRT_004777,PAT_09305,Hypertension,Antihypertensive,PROD_75765,2016-07-04 00:00:00,2018-12-16 00:00:00,Discontinued,895
TRT_004778,PAT_09305,Asthma,Respiratory,PROD_13550,2019-04-04 00:00:00,2020-09-30 00:00:00,Discontinued,545
TRT_004779,PAT_09305,Osteoporosis,Bone health,PROD_78367,2021-09-15 00:00:00,2024-02-13 00:00:00,Discontinued,881
TRT_004780,PAT_09307,Osteoarthritis,Analgesic / anti-inflammatory,PROD_5432,2023-01-08 00:00:00,2023-02-09 00:00:00,Discontinued,32
TRT_004781,PAT_09309,"Diabetes mellitus (types combined), excluding gestational diabetes",Antidiabetic,PROD_74296,2015-09-20 00:00:00,2019-02-26 00:00:00,Discontinued,1255
TRT_004782,PAT_09309,Hypertension,Antihypertensive,PROD_79542,2023-10-16 00:00:00,2024-07-01 00:00:00,Active,259
TRT_004783,PAT_09310,"Diabetes mellitus (types combined), excluding gestational diabetes",Antidiabetic,PROD_74296,2021-07-06 00:00:00,2024-07-01 00:00:00,Active,1091
TRT_004784,PAT_09312,Multiple sclerosis,Disease-modifying therapy,PROD_103009,2015-06-10 00:00:00,2020-09-01 00:00:00,Discontinued,1910
TRT_004785,PAT_09318,Osteoarthritis,Analgesic / anti-inflammatory,PROD_4980,2019-05-14 00:00:00,2019-10-23 00:00:00,Discontinued,162
TRT_004786,PAT_09320,Asthma,Respiratory,PROD_69769,2021-12-04 00:00:00,2022-12-28 00:00:00,Discontinued,389
TRT_004787,PAT_09321,Hypertension,Antihypertensive,PROD_79542,2018-10-17 00:00:00,2024-07-01 00:00:00,Active,2084
TRT_004788,PAT_09328,Asthma,Respiratory,PROD_69769,2023-11-21 06:00:00,2024-06-12 06:00:00,Discontinued,204
TRT_004789,PAT_09330,Hypertension,Antihypertensive,PROD_77062,2024-04-27 00:00:00,2024-07-01 00:00:00,Active,65
TRT_004790,PAT_09335,"Diabetes mellitus (types combined), excluding gestational diabetes",Antidiabetic,PROD_74296,2014-07-19 00:00:00,2024-07-01 00:00:00,Active,3635
TRT_004791,PAT_09337,Asthma,Respiratory,PROD_49895,2019-01-21 00:00:00,2020-02-09 00:00:00,Discontinued,384
TRT_004792,PAT_09340,Hypertension,Antihypertensive,PROD_75765,2017-11-07 00:00:00,2021-11-15 00:00:00,Discontinued,1469
TRT_004793,PAT_09341,Asthma,Respiratory,PROD_49895,2020-03-15 00:00:00,2022-01-18 00:00:00,Discontinued,674
TRT_004794,PAT_09346,Hypertension,Antihypertensive,PROD_75765,2024-01-17 00:00:00,2024-07-01 00:00:00,Active,166
TRT_004795,PAT_09350,Hypertension,Antihypertensive,PROD_79542,2020-10-29 00:00:00,2024-07-01 00:00:00,Active,1341
TRT_004796,PAT_09353,Stroke,Antithrombotic / secondary prevention,PROD_19474,2023-11-03 00:00:00,2024-03-25 00:00:00,Discontinued,143
TRT_004797,PAT_09357,Hypertension,Antihypertensive,PROD_75765,2022-10-02 00:00:00,2024-07-01 00:00:00,Active,638
TRT_004798,PAT_09361,Hypertension,Antihypertensive,PROD_77062,2016-01-15 00:00:00,2017-01-22 00:00:00,Discontinued,373
TRT_004799,PAT_09364,Epilepsy,Antiepileptic,PROD_9242,2015-05-02 00:00:00,2019-09-16 00:00:00,Discontinued,1598
TRT_004800,PAT_09373,Hypertension,Antihypertensive,PROD_77062,2021-03-22 00:00:00,2024-07-01 00:00:00,Active,1197
TRT_004801,PAT_09374,Chronic obstructive pulmonary disease,Respiratory,PROD_13550,2022-05-22 18:00:00,2022-10-02 18:00:00,Discontinued,133
TRT_004802,PAT_09376,Hypertension,Antihypertensive,PROD_77062,2017-01-22 00:00:00,2018-07-26 00:00:00,Discontinued,550
TRT_004803,PAT_09376,Osteoarthritis,Analgesic / anti-inflammatory,PROD_5917,2021-02-10 00:00:00,2021-05-28 00:00:00,Discontinued,107
TRT_004804,PAT_09377,Ischemic heart disease,Cardiovascular,PROD_73770,2016-03-22 00:00:00,2024-07-01 00:00:00,Active,3023
TRT_004805,PAT_09378,Heart failure,Heart failure therapy,PROD_70034,2016-01-27 00:00:00,2022-06-13 00:00:00,Discontinued,2329
TRT_004806,PAT_09379,Asthma,Respiratory,PROD_13550,2019-07-11 00:00:00,2019-10-01 00:00:00,Discontinued,82
TRT_004807,PAT_09380,Osteoporosis,Bone health,PROD_73098,2021-03-01 00:00:00,2022-04-04 00:00:00,Discontinued,399
TRT_004808,PAT_09382,Asthma,Respiratory,PROD_69769,2017-10-15 00:00:00,2019-06-11 00:00:00,Discontinued,604
TRT_004809,PAT_09389,Asthma,Respiratory,PROD_13550,2017-11-14 00:00:00,2018-05-02 00:00:00,Discontinued,169
TRT_004810,PAT_09390,Stroke,Antithrombotic / secondary prevention,PROD_61080,2018-02-18 00:00:00,2019-11-08 00:00:00,Discontinued,628
TRT_004811,PAT_09390,"Diabetes mellitus (types combined), excluding gestational diabetes",Antidiabetic,PROD_62536,2023-01-20 00:00:00,2024-07-01 00:00:00,Active,528
TRT_004812,PAT_09393,Hypertension,Antihypertensive,PROD_77062,2019-12-09 00:00:00,2023-05-26 00:00:00,Discontinued,1264
TRT_004813,PAT_09394,Acute myocardial infarction,Cardiovascular,PROD_78058,2015-02-16 00:00:00,2024-07-01 00:00:00,Active,3423
TRT_004814,PAT_09395,Ischemic heart disease,Cardiovascular,PROD_78058,2019-01-07 00:00:00,2024-07-01 00:00:00,Active,2002
TRT_004815,PAT_09401,"Diabetes mellitus (types combined), excluding gestational diabetes",Antidiabetic,PROD_74296,2014-07-20 00:00:00,2024-07-01 00:00:00,Active,3634
TRT_004816,PAT_09402,Hypertension,Antihypertensive,PROD_77062,2021-06-01 00:00:00,2024-07-01 00:00:00,Active,1126
TRT_004817,PAT_09403,Asthma,Respiratory,PROD_49895,2014-12-27 00:00:00,2016-04-12 00:00:00,Discontinued,472
TRT_004818,PAT_09406,Chronic obstructive pulmonary disease,Respiratory,PROD_69769,2017-08-26 00:00:00,2018-11-20 00:00:00,Discontinued,451
TRT_004819,PAT_09406,Osteoporosis,Bone health,PROD_73098,2022-05-22 00:00:00,2024-07-01 00:00:00,Active,771
TRT_004820,PAT_09410,Osteoporosis,Bone health,PROD_78367,2016-04-23 00:00:00,2020-10-27 00:00:00,Discontinued,1648
TRT_004821,PAT_09411,"Diabetes mellitus (types combined), excluding gestational diabetes",Antidiabetic,PROD_74296,2021-10-05 00:00:00,2024-07-01 00:00:00,Active,1000
TRT_004822,PAT_09412,Hypertension,Antihypertensive,PROD_79542,2021-02-05 00:00:00,2024-07-01 00:00:00,Active,1242
TRT_004823,PAT_09413,"Dementia, including Alzheimer disease",Cognitive disorder therapy,PROD_80653,2024-06-25 06:00:00,2024-07-01 00:00:00,Active,5
TRT_004824,PAT_09414,"Diabetes mellitus (types combined), excluding gestational diabetes",Antidiabetic,PROD_62536,2020-06-29 06:00:00,2024-07-01 00:00:00,Active,1462
TRT_004825,PAT_09416,"Diabetes mellitus (types combined), excluding gestational diabetes",Antidiabetic,PROD_11727,2014-10-18 00:00:00,2019-01-02 00:00:00,Discontinued,1537
TRT_004826,PAT_09416,Hypertension,Antihypertensive,PROD_75765,2018-07-17 00:00:00,2022-02-07 00:00:00,Discontinued,1301
TRT_004827,PAT_09417,Hypertension,Antihypertensive,PROD_75765,2018-04-02 00:00:00,2024-07-01 00:00:00,Active,2282
TRT_004828,PAT_09418,Osteoarthritis,Analgesic / anti-inflammatory,PROD_5432,2023-05-06 00:00:00,2023-07-08 00:00:00,Discontinued,63
TRT_004829,PAT_09419,Osteoporosis,Bone health,PROD_73098,2016-09-10 00:00:00,2019-03-11 00:00:00,Discontinued,912
TRT_004830,PAT_09420,Osteoarthritis,Analgesic / anti-inflammatory,PROD_4980,2016-10-20 00:00:00,2016-12-12 00:00:00,Discontinued,53
TRT_004831,PAT_09421,Hypertension,Antihypertensive,PROD_77062,2019-10-03 00:00:00,2024-07-01 00:00:00,Active,1733
TRT_004832,PAT_09421,Asthma,Respiratory,PROD_49895,2021-01-10 00:00:00,2022-05-20 00:00:00,Discontinued,495
TRT_004833,PAT_09423,Osteoarthritis,Analgesic / anti-inflammatory,PROD_4980,2023-03-14 00:00:00,2023-04-20 00:00:00,Discontinued,37
TRT_004834,PAT_09424,Osteoporosis,Bone health,PROD_78367,2022-07-08 00:00:00,2024-07-01 00:00:00,Active,724
TRT_004835,PAT_09425,Hypertension,Antihypertensive,PROD_77062,2017-12-15 00:00:00,2024-07-01 00:00:00,Active,2390
TRT_004836,PAT_09429,Epilepsy,Antiepileptic,PROD_75964,2021-03-13 00:00:00,2024-07-01 00:00:00,Active,1206
TRT_004837,PAT_09430,Ischemic heart disease,Cardiovascular,PROD_73770,2015-03-18 00:00:00,2020-04-18 00:00:00,Discontinued,1858
TRT_004838,PAT_09431,Chronic obstructive pulmonary disease,Respiratory,PROD_13550,2016-02-26 00:00:00,2017-09-29 00:00:00,Discontinued,581
TRT_004839,PAT_09431,Acute myocardial infarction,Cardiovascular,PROD_82362,2017-09-18 00:00:00,2021-07-11 00:00:00,Discontinued,1392
TRT_004840,PAT_09432,Ischemic heart disease,Cardiovascular,PROD_73770,2023-06-20 00:00:00,2024-07-01 00:00:00,Active,377
TRT_004841,PAT_09436,Chronic obstructive pulmonary disease,Respiratory,PROD_13550,2014-09-26 00:00:00,2015-05-02 00:00:00,Discontinued,218
TRT_004842,PAT_09439,Ischemic heart disease,Cardiovascular,PROD_73770,2022-05-26 00:00:00,2023-12-15 00:00:00,Discontinued,568
TRT_004843,PAT_09440,Hypertension,Antihypertensive,PROD_77062,2023-01-14 00:00:00,2024-07-01 00:00:00,Active,534
TRT_004844,PAT_09441,"Diabetes mellitus (types combined), excluding gestational diabetes",Antidiabetic,PROD_74296,2019-07-07 06:00:00,2024-07-01 00:00:00,Active,1820
TRT_004845,PAT_09443,Hypertension,Antihypertensive,PROD_75765,2023-08-28 00:00:00,2024-07-01 00:00:00,Active,308
TRT_004846,PAT_09448,Ischemic heart disease,Cardiovascular,PROD_82362,2017-08-07 00:00:00,2021-06-15 00:00:00,Discontinued,1408
TRT_004847,PAT_09448,Heart failure,Heart failure therapy,PROD_2333,2022-02-06 00:00:00,2024-07-01 00:00:00,Active,876
TRT_004848,PAT_09449,Hypertension,Antihypertensive,PROD_77062,2020-02-04 00:00:00,2024-07-01 00:00:00,Active,1609
TRT_004849,PAT_09456,Asthma,Respiratory,PROD_13550,2016-12-21 00:00:00,2017-07-26 00:00:00,Discontinued,217
TRT_004850,PAT_09457,Osteoporosis,Bone health,PROD_73098,2019-10-19 00:00:00,2023-05-04 00:00:00,Discontinued,1293
TRT_004851,PAT_09460,"Diabetes mellitus (types combined), excluding gestational diabetes",Antidiabetic,PROD_62536,2023-04-08 00:00:00,2024-07-01 00:00:00,Active,450
TRT_004852,PAT_09463,Osteoporosis,Bone health,PROD_78367,2017-05-28 00:00:00,2020-07-12 00:00:00,Discontinued,1141
TRT_004853,PAT_09466,Osteoporosis,Bone health,PROD_78367,2019-09-06 00:00:00,2023-02-25 00:00:00,Discontinued,1268
TRT_004854,PAT_09466,Hypertension,Antihypertensive,PROD_77062,2022-03-01 00:00:00,2024-07-01 00:00:00,Active,853
TRT_004855,PAT_09467,Chronic obstructive pulmonary disease,Respiratory,PROD_13550,2023-06-11 18:00:00,2024-07-01 00:00:00,Active,385
TRT_004856,PAT_09470,"Diabetes mellitus (types combined), excluding gestational diabetes",Antidiabetic,PROD_62536,2016-03-10 00:00:00,2021-01-28 00:00:00,Discontinued,1785
TRT_004857,PAT_09470,Ischemic heart disease,Cardiovascular,PROD_82362,2018-12-29 00:00:00,2024-07-01 00:00:00,Active,2011
TRT_004858,PAT_09470,Hypertension,Antihypertensive,PROD_77062,2019-10-18 00:00:00,2024-07-01 00:00:00,Active,1718
TRT_004859,PAT_09470,Osteoarthritis,Analgesic / anti-inflammatory,PROD_5432,2023-06-13 00:00:00,2023-07-06 00:00:00,Discontinued,23
TRT_004860,PAT_09471,Acute myocardial infarction,Cardiovascular,PROD_78058,2014-11-02 00:00:00,2022-11-26 00:00:00,Discontinued,2946
TRT_004861,PAT_09471,Osteoarthritis,Analgesic / anti-inflammatory,PROD_5432,2015-12-10 00:00:00,2016-04-11 00:00:00,Discontinued,123
TRT_004862,PAT_09473,Asthma,Respiratory,PROD_69769,2018-08-16 00:00:00,2020-03-04 00:00:00,Discontinued,566
TRT_004863,PAT_09477,Hypertension,Antihypertensive,PROD_77062,2020-05-05 00:00:00,2024-06-15 00:00:00,Discontinued,1502
TRT_004864,PAT_09478,Osteoporosis,Bone health,PROD_78367,2015-12-24 00:00:00,2016-10-27 00:00:00,Discontinued,308
TRT_004865,PAT_09480,Asthma,Respiratory,PROD_49895,2015-05-08 00:00:00,2015-07-25 00:00:00,Discontinued,78
TRT_004866,PAT_09480,Chronic obstructive pulmonary disease,Respiratory,PROD_49895,2024-04-05 00:00:00,2024-07-01 00:00:00,Active,87
TRT_004867,PAT_09481,Hypertension,Antihypertensive,PROD_79542,2014-12-16 00:00:00,2018-03-06 00:00:00,Discontinued,1176
TRT_004868,PAT_09482,"Diabetes mellitus (types combined), excluding gestational diabetes",Antidiabetic,PROD_74296,2014-10-30 00:00:00,2024-07-01 00:00:00,Active,3532
TRT_004869,PAT_09485,"Diabetes mellitus (types combined), excluding gestational diabetes",Antidiabetic,PROD_74296,2018-10-08 00:00:00,2020-04-08 00:00:00,Discontinued,548
TRT_004870,PAT_09485,Rheumatoid arthritis,Immunomodulatory / anti-inflammatory,PROD_44161,2023-11-21 00:00:00,2024-07-01 00:00:00,Active,223
TRT_004871,PAT_09489,Asthma,Respiratory,PROD_69769,2014-07-30 00:00:00,2017-07-14 00:00:00,Discontinued,1080
TRT_004872,PAT_09495,"Diabetes mellitus (types combined), excluding gestational diabetes",Antidiabetic,PROD_11727,2023-11-24 00:00:00,2024-07-01 00:00:00,Active,220
TRT_004873,PAT_09499,Acute myocardial infarction,Cardiovascular,PROD_73770,2018-02-11 00:00:00,2024-07-01 00:00:00,Active,2332
TRT_004874,PAT_09500,Hypertension,Antihypertensive,PROD_75765,2021-04-27 00:00:00,2024-07-01 00:00:00,Active,1161
TRT_004875,PAT_09501,"Diabetes mellitus (types combined), excluding gestational diabetes",Antidiabetic,PROD_62536,2019-10-09 00:00:00,2024-01-18 00:00:00,Discontinued,1562
TRT_004876,PAT_09503,"Diabetes mellitus (types combined), excluding gestational diabetes",Antidiabetic,PROD_74296,2021-01-16 00:00:00,2024-01-17 00:00:00,Discontinued,1096
TRT_004877,PAT_09505,Osteoporosis,Bone health,PROD_73098,2018-10-24 00:00:00,2020-04-11 00:00:00,Discontinued,535
TRT_004878,PAT_09505,Acute myocardial infarction,Cardiovascular,PROD_73770,2021-03-02 00:00:00,2024-07-01 00:00:00,Active,1217
TRT_004879,PAT_09507,Hypertension,Antihypertensive,PROD_77062,2016-10-09 00:00:00,2024-07-01 00:00:00,Active,2822
TRT_004880,PAT_09512,Hypertension,Antihypertensive,PROD_79542,2016-03-03 00:00:00,2018-06-18 00:00:00,Discontinued,837
TRT_004881,PAT_09514,Hypertension,Antihypertensive,PROD_75765,2019-05-07 00:00:00,2021-07-12 00:00:00,Discontinued,797
TRT_004882,PAT_09515,Epilepsy,Antiepileptic,PROD_9242,2023-07-31 00:00:00,2024-07-01 00:00:00,Active,336
TRT_004883,PAT_09516,Epilepsy,Antiepileptic,PROD_75964,2019-08-16 00:00:00,2024-07-01 00:00:00,Active,1781
TRT_004884,PAT_09516,Osteoarthritis,Analgesic / anti-inflammatory,PROD_4980,2023-12-28 00:00:00,2024-03-15 00:00:00,Discontinued,78
TRT_004885,PAT_09517,Asthma,Respiratory,PROD_49895,2024-06-04 06:00:00,2024-07-01 00:00:00,Active,26
TRT_004886,PAT_09518,Asthma,Respiratory,PROD_69769,2015-09-02 00:00:00,2017-02-05 00:00:00,Discontinued,522
TRT_004887,PAT_09518,Hypertension,Antihypertensive,PROD_79542,2020-11-05 00:00:00,2024-07-01 00:00:00,Active,1334
TRT_004888,PAT_09519,Osteoarthritis,Analgesic / anti-inflammatory,PROD_4980,2014-10-01 00:00:00,2016-06-12 00:00:00,Discontinued,620
TRT_004889,PAT_09519,Hypertension,Antihypertensive,PROD_75765,2018-04-08 00:00:00,2021-08-21 00:00:00,Discontinued,1231
TRT_004890,PAT_09521,Hypertension,Antihypertensive,PROD_77062,2022-12-13 00:00:00,2024-07-01 00:00:00,Active,566
TRT_004891,PAT_09522,Osteoporosis,Bone health,PROD_78367,2018-04-12 00:00:00,2024-07-01 00:00:00,Active,2272
TRT_004892,PAT_09525,Osteoporosis,Bone health,PROD_73098,2022-08-03 00:00:00,2024-07-01 00:00:00,Active,698
TRT_004893,PAT_09527,Ischemic heart disease,Cardiovascular,PROD_78058,2016-09-06 00:00:00,2017-11-10 00:00:00,Discontinued,430
TRT_004894,PAT_09528,Asthma,Respiratory,PROD_13550,2015-06-03 00:00:00,2016-12-19 00:00:00,Discontinued,565
TRT_004895,PAT_09530,"Diabetes mellitus (types combined), excluding gestational diabetes",Antidiabetic,PROD_74296,2015-09-06 00:00:00,2019-01-29 00:00:00,Discontinued,1241
TRT_004896,PAT_09530,Rheumatoid arthritis,Immunomodulatory / anti-inflammatory,PROD_19681,2017-09-24 00:00:00,2019-10-09 00:00:00,Discontinued,745
TRT_004897,PAT_09530,Stroke,Antithrombotic / secondary prevention,PROD_61080,2020-03-10 00:00:00,2020-09-15 00:00:00,Discontinued,189
TRT_004898,PAT_09536,Heart failure,Heart failure therapy,PROD_5646,2021-10-22 00:00:00,2024-07-01 00:00:00,Active,983
TRT_004899,PAT_09537,Hypertension,Antihypertensive,PROD_75765,2019-11-12 00:00:00,2024-07-01 00:00:00,Active,1693
TRT_004900,PAT_09538,Osteoarthritis,Analgesic / anti-inflammatory,PROD_5432,2018-08-02 00:00:00,2019-03-19 00:00:00,Discontinued,229
TRT_004901,PAT_09546,Heart failure,Heart failure therapy,PROD_2333,2019-10-13 00:00:00,2023-07-14 00:00:00,Discontinued,1370
TRT_004902,PAT_09547,Stroke,Antithrombotic / secondary prevention,PROD_61080,2022-08-09 00:00:00,2023-02-15 00:00:00,Discontinued,190
TRT_004903,PAT_09547,Hypertension,Antihypertensive,PROD_77062,2023-10-13 00:00:00,2024-07-01 00:00:00,Active,262
TRT_004904,PAT_09558,Osteoarthritis,Analgesic / anti-inflammatory,PROD_4980,2022-07-19 00:00:00,2023-07-21 00:00:00,Discontinued,367
TRT_004905,PAT_09562,Hypertension,Antihypertensive,PROD_75765,2019-10-14 00:00:00,2024-07-01 00:00:00,Active,1722
TRT_004906,PAT_09562,Osteoporosis,Bone health,PROD_73098,2023-02-07 00:00:00,2024-07-01 00:00:00,Active,510
TRT_004907,PAT_09569,Asthma,Respiratory,PROD_69769,2020-11-24 00:00:00,2022-01-31 00:00:00,Discontinued,433
TRT_004908,PAT_09569,Osteoporosis,Bone health,PROD_73098,2022-04-20 00:00:00,2024-07-01 00:00:00,Active,803
TRT_004909,PAT_09570,Osteoarthritis,Analgesic / anti-inflammatory,PROD_5917,2021-04-27 00:00:00,2021-09-26 00:00:00,Discontinued,152
TRT_004910,PAT_09571,Ischemic heart disease,Cardiovascular,PROD_78058,2016-04-09 00:00:00,2020-11-19 00:00:00,Discontinued,1685
TRT_004911,PAT_09571,Osteoporosis,Bone health,PROD_78367,2018-11-11 00:00:00,2022-09-06 00:00:00,Discontinued,1395
TRT_004912,PAT_09575,Hypertension,Antihypertensive,PROD_79542,2015-06-27 00:00:00,2022-10-18 00:00:00,Discontinued,2670
TRT_004913,PAT_09575,Osteoporosis,Bone health,PROD_73098,2020-04-16 00:00:00,2023-12-26 00:00:00,Discontinued,1349
TRT_004914,PAT_09582,Ischemic heart disease,Cardiovascular,PROD_78058,2016-06-05 00:00:00,2024-01-08 00:00:00,Discontinued,2773
TRT_004915,PAT_09587,Schizophrenia,Antipsychotic,PROD_76239,2016-05-06 00:00:00,2016-12-26 00:00:00,Discontinued,234
TRT_004916,PAT_09587,Hypertension,Antihypertensive,PROD_75765,2022-05-30 00:00:00,2024-07-01 00:00:00,Active,763
TRT_004917,PAT_09588,Osteoporosis,Bone health,PROD_78367,2023-08-10 00:00:00,2024-07-01 00:00:00,Active,326
TRT_004918,PAT_09588,Hypertension,Antihypertensive,PROD_77062,2023-10-24 00:00:00,2024-07-01 00:00:00,Active,251
TRT_004919,PAT_09588,Heart failure,Heart failure therapy,PROD_2333,2023-11-18 00:00:00,2024-07-01 00:00:00,Active,226
TRT_004920,PAT_09589,Hypertension,Antihypertensive,PROD_79542,2020-09-09 00:00:00,2024-07-01 00:00:00,Active,1391
TRT_004921,PAT_09593,"Parkinsonism, including Parkinson disease",Parkinson's therapy,PROD_68471,2024-06-28 00:00:00,2024-07-01 00:00:00,Active,3
TRT_004922,PAT_09595,Asthma,Respiratory,PROD_69769,2023-06-28 00:00:00,2024-07-01 00:00:00,Active,369
TRT_004923,PAT_09598,Hypertension,Antihypertensive,PROD_75765,2018-08-31 00:00:00,2024-07-01 00:00:00,Active,2131
TRT_004924,PAT_09598,Ischemic heart disease,Cardiovascular,PROD_78058,2019-12-20 00:00:00,2021-10-31 00:00:00,Discontinued,681
TRT_004925,PAT_09601,"Diabetes mellitus (types combined), excluding gestational diabetes",Antidiabetic,PROD_62536,2023-03-21 00:00:00,2024-07-01 00:00:00,Active,468
TRT_004926,PAT_09602,Asthma,Respiratory,PROD_69769,2018-01-11 00:00:00,2019-02-25 00:00:00,Discontinued,410
TRT_004927,PAT_09603,Hypertension,Antihypertensive,PROD_79542,2024-01-06 00:00:00,2024-07-01 00:00:00,Active,177
TRT_004928,PAT_09604,Asthma,Respiratory,PROD_69769,2017-07-14 00:00:00,2018-09-19 00:00:00,Discontinued,432
TRT_004929,PAT_09607,Hypertension,Antihypertensive,PROD_79542,2015-03-20 00:00:00,2018-07-08 00:00:00,Discontinued,1206
TRT_004930,PAT_09607,Osteoporosis,Bone health,PROD_78367,2021-12-03 00:00:00,2024-06-02 00:00:00,Discontinued,912
TRT_004931,PAT_09607,Rheumatoid arthritis,Immunomodulatory / anti-inflammatory,PROD_19681,2023-09-17 00:00:00,2024-07-01 00:00:00,Active,288
TRT_004932,PAT_09613,Osteoarthritis,Analgesic / anti-inflammatory,PROD_5917,2021-01-17 00:00:00,2021-02-17 00:00:00,Discontinued,31
TRT_004933,PAT_09615,Hypertension,Antihypertensive,PROD_77062,2019-05-10 00:00:00,2024-07-01 00:00:00,Active,1879
TRT_004934,PAT_09616,Heart failure,Heart failure therapy,PROD_5646,2021-08-28 00:00:00,2024-07-01 00:00:00,Active,1038
TRT_004935,PAT_09617,Asthma,Respiratory,PROD_13550,2019-09-11 00:00:00,2023-12-26 00:00:00,Discontinued,1567
TRT_004936,PAT_09618,Osteoporosis,Bone health,PROD_78367,2015-10-01 00:00:00,2017-11-12 00:00:00,Discontinued,773
TRT_004937,PAT_09623,Osteoporosis,Bone health,PROD_73098,2016-04-14 00:00:00,2020-07-08 00:00:00,Discontinued,1546
TRT_004938,PAT_09623,Chronic obstructive pulmonary disease,Respiratory,PROD_49895,2021-04-25 00:00:00,2022-12-22 00:00:00,Discontinued,606
TRT_004939,PAT_09624,"Diabetes mellitus (types combined), excluding gestational diabetes",Antidiabetic,PROD_11727,2015-07-17 00:00:00,2024-07-01 00:00:00,Active,3272
TRT_004940,PAT_09626,"Diabetes mellitus (types combined), excluding gestational diabetes",Antidiabetic,PROD_62536,2019-12-27 00:00:00,2024-02-17 00:00:00,Discontinued,1513
TRT_004941,PAT_09627,Osteoarthritis,Analgesic / anti-inflammatory,PROD_5432,2017-11-07 00:00:00,2018-09-14 00:00:00,Discontinued,311
TRT_004942,PAT_09630,Hypertension,Antihypertensive,PROD_77062,2016-10-16 00:00:00,2018-06-04 00:00:00,Discontinued,596
TRT_004943,PAT_09631,Chronic obstructive pulmonary disease,Respiratory,PROD_49895,2020-11-03 18:00:00,2024-07-01 00:00:00,Active,1335
TRT_004944,PAT_09632,Hypertension,Antihypertensive,PROD_79542,2014-10-18 00:00:00,2020-04-04 00:00:00,Discontinued,1995
TRT_004945,PAT_09632,Osteoporosis,Bone health,PROD_78367,2020-10-21 00:00:00,2022-06-07 00:00:00,Discontinued,594
TRT_004946,PAT_09632,Asthma,Respiratory,PROD_49895,2022-11-06 00:00:00,2024-07-01 00:00:00,Active,603
TRT_004947,PAT_09633,Osteoarthritis,Analgesic / anti-inflammatory,PROD_5917,2022-05-09 00:00:00,2023-06-08 00:00:00,Discontinued,395
TRT_004948,PAT_09634,Ischemic heart disease,Cardiovascular,PROD_82362,2019-07-06 00:00:00,2020-07-25 00:00:00,Discontinued,385
TRT_004949,PAT_09636,Ischemic heart disease,Cardiovascular,PROD_73770,2022-10-17 00:00:00,2024-07-01 00:00:00,Active,623
TRT_004950,PAT_09643,Hypertension,Antihypertensive,PROD_77062,2015-02-07 00:00:00,2023-08-02 00:00:00,Discontinued,3098
TRT_004951,PAT_09645,"Diabetes mellitus (types combined), excluding gestational diabetes",Antidiabetic,PROD_74296,2021-02-10 06:00:00,2024-07-01 00:00:00,Active,1236
TRT_004952,PAT_09647,Chronic obstructive pulmonary disease,Respiratory,PROD_49895,2021-01-26 00:00:00,2024-07-01 00:00:00,Active,1252
TRT_004953,PAT_09649,Asthma,Respiratory,PROD_13550,2014-11-01 00:00:00,2020-05-19 00:00:00,Discontinued,2026
TRT_004954,PAT_09649,Osteoarthritis,Analgesic / anti-inflammatory,PROD_5432,2018-02-28 00:00:00,2018-06-19 00:00:00,Discontinued,111
TRT_004955,PAT_09649,Osteoporosis,Bone health,PROD_73098,2020-09-05 00:00:00,2024-07-01 00:00:00,Active,1395
TRT_004956,PAT_09653,"Diabetes mellitus (types combined), excluding gestational diabetes",Antidiabetic,PROD_74296,2021-03-15 00:00:00,2024-07-01 00:00:00,Active,1204
TRT_004957,PAT_09659,"Parkinsonism, including Parkinson disease",Parkinson's therapy,PROD_77772,2020-01-27 00:00:00,2023-11-29 00:00:00,Discontinued,1402
TRT_004958,PAT_09661,Osteoporosis,Bone health,PROD_73098,2015-11-18 00:00:00,2018-01-12 00:00:00,Discontinued,786
TRT_004959,PAT_09667,Stroke,Antithrombotic / secondary prevention,PROD_19474,2022-09-20 00:00:00,2024-07-01 00:00:00,Active,650
TRT_004960,PAT_09671,Hypertension,Antihypertensive,PROD_75765,2023-04-21 00:00:00,2024-07-01 00:00:00,Active,437
TRT_004961,PAT_09672,"Diabetes mellitus (types combined), excluding gestational diabetes",Antidiabetic,PROD_11727,2019-06-28 00:00:00,2023-03-01 00:00:00,Discontinued,1342
TRT_004962,PAT_09682,"Diabetes mellitus (types combined), excluding gestational diabetes",Antidiabetic,PROD_74296,2022-11-09 00:00:00,2024-07-01 00:00:00,Active,600
TRT_004963,PAT_09683,Asthma,Respiratory,PROD_13550,2018-03-10 00:00:00,2020-04-30 00:00:00,Discontinued,782
TRT_004964,PAT_09684,"Diabetes mellitus (types combined), excluding gestational diabetes",Antidiabetic,PROD_62536,2015-08-12 00:00:00,2019-12-08 00:00:00,Discontinued,1579
TRT_004965,PAT_09684,Hypertension,Antihypertensive,PROD_75765,2019-04-10 00:00:00,2021-02-18 00:00:00,Discontinued,680
TRT_004966,PAT_09688,Asthma,Respiratory,PROD_49895,2022-05-14 00:00:00,2024-07-01 00:00:00,Active,779
TRT_004967,PAT_09688,Hypertension,Antihypertensive,PROD_79542,2023-01-28 00:00:00,2024-07-01 00:00:00,Active,520
TRT_004968,PAT_09689,Hypertension,Antihypertensive,PROD_77062,2023-10-02 00:00:00,2024-07-01 00:00:00,Active,273
TRT_004969,PAT_09692,"Diabetes mellitus (types combined), excluding gestational diabetes",Antidiabetic,PROD_11727,2016-05-12 00:00:00,2022-08-21 00:00:00,Discontinued,2292
TRT_004970,PAT_09696,"Diabetes mellitus (types combined), excluding gestational diabetes",Antidiabetic,PROD_74296,2019-06-29 00:00:00,2024-07-01 00:00:00,Active,1829
TRT_004971,PAT_09700,Schizophrenia,Antipsychotic,PROD_76239,2022-11-22 00:00:00,2024-07-01 00:00:00,Active,587
TRT_004972,PAT_09705,"Diabetes mellitus (types combined), excluding gestational diabetes",Antidiabetic,PROD_11727,2018-09-27 00:00:00,2024-07-01 00:00:00,Active,2104
TRT_004973,PAT_09705,Asthma,Respiratory,PROD_69769,2020-02-28 00:00:00,2022-10-24 00:00:00,Discontinued,969
TRT_004974,PAT_09710,Heart failure,Heart failure therapy,PROD_70034,2024-01-11 00:00:00,2024-07-01 00:00:00,Active,172
TRT_004975,PAT_09711,Osteoarthritis,Analgesic / anti-inflammatory,PROD_5432,2020-12-09 00:00:00,2021-07-13 00:00:00,Discontinued,216
TRT_004976,PAT_09714,Hypertension,Antihypertensive,PROD_75765,2019-03-01 00:00:00,2024-07-01 00:00:00,Active,1949
TRT_004977,PAT_09716,Asthma,Respiratory,PROD_49895,2022-02-10 00:00:00,2023-04-04 00:00:00,Discontinued,418
TRT_004978,PAT_09717,Asthma,Respiratory,PROD_49895,2020-11-26 00:00:00,2024-03-23 00:00:00,Discontinued,1213
TRT_004979,PAT_09718,"Diabetes mellitus (types combined), excluding gestational diabetes",Antidiabetic,PROD_74296,2016-01-07 00:00:00,2020-12-29 00:00:00,Discontinued,1818
TRT_004980,PAT_09718,Chronic obstructive pulmonary disease,Respiratory,PROD_69769,2017-11-19 00:00:00,2020-05-16 00:00:00,Discontinued,909
TRT_004981,PAT_09718,Hypertension,Antihypertensive,PROD_75765,2022-05-04 00:00:00,2024-07-01 00:00:00,Active,789
TRT_004982,PAT_09719,"Parkinsonism, including Parkinson disease",Parkinson's therapy,PROD_77772,2015-06-01 00:00:00,2016-05-28 00:00:00,Discontinued,362
TRT_004983,PAT_09719,Hypertension,Antihypertensive,PROD_75765,2020-08-16 00:00:00,2024-07-01 00:00:00,Active,1415
TRT_004984,PAT_09722,Asthma,Respiratory,PROD_49895,2018-10-15 00:00:00,2022-11-12 00:00:00,Discontinued,1489
TRT_004985,PAT_09724,Hypertension,Antihypertensive,PROD_77062,2021-05-19 00:00:00,2024-03-12 00:00:00,Discontinued,1028
TRT_004986,PAT_09727,Osteoarthritis,Analgesic / anti-inflammatory,PROD_5432,2019-05-08 00:00:00,2019-11-12 00:00:00,Discontinued,188
TRT_004987,PAT_09727,Ischemic heart disease,Cardiovascular,PROD_78058,2024-03-03 00:00:00,2024-07-01 00:00:00,Active,120
TRT_004988,PAT_09732,Hypertension,Antihypertensive,PROD_77062,2021-03-12 00:00:00,2024-07-01 00:00:00,Active,1207
TRT_004989,PAT_09734,Hypertension,Antihypertensive,PROD_79542,2022-12-09 00:00:00,2024-07-01 00:00:00,Active,570
TRT_004990,PAT_09735,Acute myocardial infarction,Cardiovascular,PROD_78058,2024-04-12 00:00:00,2024-07-01 00:00:00,Active,80
TRT_004991,PAT_09736,"Diabetes mellitus (types combined), excluding gestational diabetes",Antidiabetic,PROD_11727,2021-02-25 00:00:00,2024-07-01 00:00:00,Active,1222
TRT_004992,PAT_09737,Hypertension,Antihypertensive,PROD_79542,2022-02-16 00:00:00,2024-07-01 00:00:00,Active,866
TRT_004993,PAT_09738,Ischemic heart disease,Cardiovascular,PROD_78058,2015-02-08 00:00:00,2020-12-03 00:00:00,Discontinued,2125
TRT_004994,PAT_09739,Hypertension,Antihypertensive,PROD_79542,2016-06-09 00:00:00,2017-11-23 00:00:00,Discontinued,532
TRT_004995,PAT_09739,Heart failure,Heart failure therapy,PROD_70034,2022-08-08 00:00:00,2024-07-01 00:00:00,Active,693
TRT_004996,PAT_09742,Ischemic heart disease,Cardiovascular,PROD_73770,2014-12-08 00:00:00,2016-03-24 00:00:00,Discontinued,472
TRT_004997,PAT_09742,Hypertension,Antihypertensive,PROD_79542,2020-12-31 00:00:00,2024-07-01 00:00:00,Active,1278
TRT_004998,PAT_09743,Osteoarthritis,Analgesic / anti-inflammatory,PROD_5917,2023-06-16 00:00:00,2023-12-17 00:00:00,Discontinued,184
TRT_004999,PAT_09743,Hypertension,Antihypertensive,PROD_75765,2023-10-27 00:00:00,2024-07-01 00:00:00,Active,248
TRT_005000,PAT_09746,Hypertension,Antihypertensive,PROD_75765,2023-07-08 00:00:00,2024-07-01 00:00:00,Active,359
TRT_005001,PAT_09755,Asthma,Respiratory,PROD_13550,2014-12-30 00:00:00,2018-12-12 00:00:00,Discontinued,1443
TRT_005002,PAT_09755,Osteoarthritis,Analgesic / anti-inflammatory,PROD_5917,2016-11-29 00:00:00,2016-12-29 00:00:00,Discontinued,30
TRT_005003,PAT_09756,Schizophrenia,Antipsychotic,PROD_76239,2022-04-29 00:00:00,2023-09-03 00:00:00,Discontinued,492
TRT_005004,PAT_09759,Asthma,Respiratory,PROD_13550,2015-08-28 00:00:00,2016-01-08 00:00:00,Discontinued,133
TRT_005005,PAT_09762,"Diabetes mellitus (types combined), excluding gestational diabetes",Antidiabetic,PROD_62536,2015-04-07 00:00:00,2019-01-31 00:00:00,Discontinued,1395
TRT_005006,PAT_09776,Osteoarthritis,Analgesic / anti-inflammatory,PROD_4980,2023-08-06 00:00:00,2024-06-29 00:00:00,Discontinued,328
TRT_005007,PAT_09777,Asthma,Respiratory,PROD_13550,2018-02-16 00:00:00,2022-08-09 00:00:00,Discontinued,1635
TRT_005008,PAT_09778,Hypertension,Antihypertensive,PROD_75765,2014-09-09 00:00:00,2022-11-25 00:00:00,Discontinued,2999
TRT_005009,PAT_09782,Asthma,Respiratory,PROD_13550,2017-05-20 00:00:00,2018-08-20 00:00:00,Discontinued,457
TRT_005010,PAT_09784,Stroke,Antithrombotic / secondary prevention,PROD_66470,2014-09-07 00:00:00,2015-03-29 00:00:00,Discontinued,203
TRT_005011,PAT_09784,Osteoarthritis,Analgesic / anti-inflammatory,PROD_5917,2020-05-31 00:00:00,2020-09-13 00:00:00,Discontinued,105
TRT_005012,PAT_09784,Hypertension,Antihypertensive,PROD_75765,2022-09-14 00:00:00,2024-07-01 00:00:00,Active,656
TRT_005013,PAT_09785,Asthma,Respiratory,PROD_49895,2023-09-04 00:00:00,2024-07-01 00:00:00,Active,301
TRT_005014,PAT_09789,Hypertension,Antihypertensive,PROD_75765,2021-11-30 00:00:00,2023-06-09 00:00:00,Discontinued,556
TRT_005015,PAT_09792,Asthma,Respiratory,PROD_49895,2020-12-18 00:00:00,2022-08-18 00:00:00,Discontinued,608
TRT_005016,PAT_09793,Hypertension,Antihypertensive,PROD_79542,2015-08-30 00:00:00,2016-11-07 00:00:00,Discontinued,435
TRT_005017,PAT_09793,Osteoporosis,Bone health,PROD_78367,2020-05-24 00:00:00,2024-07-01 00:00:00,Active,1499
TRT_005018,PAT_09795,Hypertension,Antihypertensive,PROD_79542,2020-11-22 00:00:00,2023-11-12 00:00:00,Discontinued,1085
TRT_005019,PAT_09797,Ischemic heart disease,Cardiovascular,PROD_73770,2015-03-31 00:00:00,2017-03-29 00:00:00,Discontinued,729
TRT_005020,PAT_09810,Chronic obstructive pulmonary disease,Respiratory,PROD_13550,2021-12-06 00:00:00,2024-07-01 00:00:00,Active,938
TRT_005021,PAT_09811,Osteoarthritis,Analgesic / anti-inflammatory,PROD_4980,2020-03-21 00:00:00,2020-08-09 00:00:00,Discontinued,141
TRT_005022,PAT_09811,"Diabetes mellitus (types combined), excluding gestational diabetes",Antidiabetic,PROD_11727,2020-07-01 00:00:00,2024-07-01 00:00:00,Active,1461
TRT_005023,PAT_09811,Osteoporosis,Bone health,PROD_78367,2021-10-28 00:00:00,2024-07-01 00:00:00,Active,977
TRT_005024,PAT_09821,Hypertension,Antihypertensive,PROD_77062,2018-02-21 00:00:00,2024-07-01 00:00:00,Active,2322
TRT_005025,PAT_09821,"Diabetes mellitus (types combined), excluding gestational diabetes",Antidiabetic,PROD_74296,2022-11-02 00:00:00,2024-07-01 00:00:00,Active,607
TRT_005026,PAT_09824,Heart failure,Heart failure therapy,PROD_2333,2023-09-01 00:00:00,2024-07-01 00:00:00,Active,304
TRT_005027,PAT_09825,Hypertension,Antihypertensive,PROD_75765,2017-04-21 00:00:00,2021-05-03 00:00:00,Discontinued,1473
TRT_005028,PAT_09828,"Diabetes mellitus (types combined), excluding gestational diabetes",Antidiabetic,PROD_74296,2018-09-06 00:00:00,2024-07-01 00:00:00,Active,2125
TRT_005029,PAT_09830,Chronic obstructive pulmonary disease,Respiratory,PROD_69769,2014-10-28 00:00:00,2016-10-23 00:00:00,Discontinued,726
TRT_005030,PAT_09833,Hypertension,Antihypertensive,PROD_77062,2023-06-13 00:00:00,2024-07-01 00:00:00,Active,384
TRT_005031,PAT_09834,Hypertension,Antihypertensive,PROD_75765,2022-01-06 00:00:00,2023-09-17 00:00:00,Discontinued,619
TRT_005032,PAT_09838,Chronic obstructive pulmonary disease,Respiratory,PROD_49895,2014-12-16 00:00:00,2016-07-21 00:00:00,Discontinued,583
TRT_005033,PAT_09840,Hypertension,Antihypertensive,PROD_75765,2019-09-25 00:00:00,2024-07-01 00:00:00,Active,1741
TRT_005034,PAT_09842,Osteoarthritis,Analgesic / anti-inflammatory,PROD_5432,2018-12-27 00:00:00,2019-02-05 00:00:00,Discontinued,40
TRT_005035,PAT_09845,Osteoarthritis,Analgesic / anti-inflammatory,PROD_5917,2018-12-21 00:00:00,2019-03-06 00:00:00,Discontinued,75
TRT_005036,PAT_09846,Chronic obstructive pulmonary disease,Respiratory,PROD_13550,2022-07-05 00:00:00,2024-07-01 00:00:00,Active,727
TRT_005037,PAT_09850,Asthma,Respiratory,PROD_13550,2015-07-20 00:00:00,2017-01-16 00:00:00,Discontinued,546
TRT_005038,PAT_09850,Chronic obstructive pulmonary disease,Respiratory,PROD_69769,2023-03-28 18:00:00,2023-08-09 18:00:00,Discontinued,134
TRT_005039,PAT_09852,Hypertension,Antihypertensive,PROD_75765,2015-01-28 00:00:00,2019-02-23 00:00:00,Discontinued,1487
TRT_005040,PAT_09852,Asthma,Respiratory,PROD_69769,2017-08-21 00:00:00,2018-07-30 00:00:00,Discontinued,343
TRT_005041,PAT_09854,Asthma,Respiratory,PROD_69769,2021-09-30 00:00:00,2023-07-27 00:00:00,Discontinued,665
TRT_005042,PAT_09854,Osteoporosis,Bone health,PROD_73098,2024-05-07 00:00:00,2024-07-01 00:00:00,Active,55
TRT_005043,PAT_09855,Acute myocardial infarction,Cardiovascular,PROD_78058,2024-03-27 00:00:00,2024-07-01 00:00:00,Active,96
TRT_005044,PAT_09856,Hypertension,Antihypertensive,PROD_77062,2023-09-26 00:00:00,2024-07-01 00:00:00,Active,279
TRT_005045,PAT_09857,Hypertension,Antihypertensive,PROD_77062,2016-09-30 00:00:00,2022-01-01 00:00:00,Discontinued,1919
TRT_005046,PAT_09858,Osteoarthritis,Analgesic / anti-inflammatory,PROD_5917,2015-06-30 00:00:00,2016-01-10 00:00:00,Discontinued,194
TRT_005047,PAT_09859,Hypertension,Antihypertensive,PROD_79542,2019-02-17 00:00:00,2024-07-01 00:00:00,Active,1961
TRT_005048,PAT_09859,Asthma,Respiratory,PROD_13550,2022-07-29 00:00:00,2024-07-01 00:00:00,Active,703
TRT_005049,PAT_09860,Hypertension,Antihypertensive,PROD_75765,2017-12-26 00:00:00,2024-07-01 00:00:00,Active,2379
TRT_005050,PAT_09864,Osteoarthritis,Analgesic / anti-inflammatory,PROD_5432,2020-12-15 00:00:00,2021-10-09 00:00:00,Discontinued,298
TRT_005051,PAT_09865,Chronic obstructive pulmonary disease,Respiratory,PROD_49895,2016-05-02 00:00:00,2022-03-26 00:00:00,Discontinued,2154
TRT_005052,PAT_09867,Ischemic heart disease,Cardiovascular,PROD_82362,2020-07-05 00:00:00,2024-07-01 00:00:00,Active,1457
TRT_005053,PAT_09868,Hypertension,Antihypertensive,PROD_75765,2022-12-30 00:00:00,2024-07-01 00:00:00,Active,549
TRT_005054,PAT_09869,Ischemic heart disease,Cardiovascular,PROD_78058,2019-05-31 00:00:00,2024-07-01 00:00:00,Active,1858
TRT_005055,PAT_09877,Osteoarthritis,Analgesic / anti-inflammatory,PROD_4980,2018-02-22 00:00:00,2018-10-19 00:00:00,Discontinued,239
TRT_005056,PAT_09877,Asthma,Respiratory,PROD_49895,2019-10-23 00:00:00,2024-07-01 00:00:00,Active,1713
TRT_005057,PAT_09877,Hypertension,Antihypertensive,PROD_79542,2021-08-26 00:00:00,2024-06-15 00:00:00,Discontinued,1024
TRT_005058,PAT_09881,Hypertension,Antihypertensive,PROD_75765,2022-05-23 00:00:00,2024-07-01 00:00:00,Active,770
TRT_005059,PAT_09887,"Diabetes mellitus (types combined), excluding gestational diabetes",Antidiabetic,PROD_11727,2017-10-25 00:00:00,2023-02-07 00:00:00,Discontinued,1931
TRT_005060,PAT_09887,Asthma,Respiratory,PROD_49895,2019-01-17 00:00:00,2024-07-01 00:00:00,Active,1992
TRT_005061,PAT_09889,Stroke,Antithrombotic / secondary prevention,PROD_66470,2016-08-14 00:00:00,2016-12-29 00:00:00,Discontinued,137
TRT_005062,PAT_09892,Ischemic heart disease,Cardiovascular,PROD_78058,2022-06-25 00:00:00,2024-07-01 00:00:00,Active,737
TRT_005063,PAT_09893,Hypertension,Antihypertensive,PROD_79542,2016-01-15 00:00:00,2017-04-28 00:00:00,Discontinued,469
TRT_005064,PAT_09897,Ischemic heart disease,Cardiovascular,PROD_73770,2015-09-13 00:00:00,2021-04-08 00:00:00,Discontinued,2034
TRT_005065,PAT_09897,Osteoarthritis,Analgesic / anti-inflammatory,PROD_5917,2023-08-05 00:00:00,2024-07-01 00:00:00,Active,331
TRT_005066,PAT_09901,Chronic obstructive pulmonary disease,Respiratory,PROD_13550,2021-08-03 00:00:00,2023-01-09 00:00:00,Discontinued,524
TRT_005067,PAT_09902,Hypertension,Antihypertensive,PROD_75765,2020-02-19 00:00:00,2024-07-01 00:00:00,Active,1594
TRT_005068,PAT_09903,"Dementia, including Alzheimer disease",Cognitive disorder therapy,PROD_80653,2023-07-11 06:00:00,2024-07-01 00:00:00,Active,355
TRT_005069,PAT_09909,Hypertension,Antihypertensive,PROD_75765,2017-02-27 00:00:00,2021-09-27 00:00:00,Discontinued,1673
TRT_005070,PAT_09909,Asthma,Respiratory,PROD_69769,2024-01-17 00:00:00,2024-07-01 00:00:00,Active,166
TRT_005071,PAT_09912,Osteoarthritis,Analgesic / anti-inflammatory,PROD_5917,2018-12-10 00:00:00,2019-04-12 00:00:00,Discontinued,123
TRT_005072,PAT_09914,Chronic obstructive pulmonary disease,Respiratory,PROD_49895,2016-02-08 00:00:00,2016-09-30 00:00:00,Discontinued,235
TRT_005073,PAT_09915,Hypertension,Antihypertensive,PROD_77062,2020-09-16 00:00:00,2024-07-01 00:00:00,Active,1384
TRT_005074,PAT_09916,"Diabetes mellitus (types combined), excluding gestational diabetes",Antidiabetic,PROD_74296,2016-08-27 00:00:00,2024-07-01 00:00:00,Active,2865
TRT_005075,PAT_09916,Schizophrenia,Antipsychotic,PROD_76239,2018-06-23 00:00:00,2022-04-10 00:00:00,Discontinued,1387
TRT_005076,PAT_09919,Asthma,Respiratory,PROD_49895,2022-08-09 06:00:00,2024-07-01 00:00:00,Active,691
TRT_005077,PAT_09922,Ischemic heart disease,Cardiovascular,PROD_82362,2016-05-13 00:00:00,2022-10-16 00:00:00,Discontinued,2347
TRT_005078,PAT_09927,Hypertension,Antihypertensive,PROD_75765,2022-01-22 00:00:00,2024-07-01 00:00:00,Active,891
TRT_005079,PAT_09929,Hypertension,Antihypertensive,PROD_75765,2022-10-19 00:00:00,2024-07-01 00:00:00,Active,621
TRT_005080,PAT_09930,Ischemic heart disease,Cardiovascular,PROD_73770,2018-09-08 00:00:00,2021-11-19 00:00:00,Discontinued,1168
TRT_005081,PAT_09931,"Parkinsonism, including Parkinson disease",Parkinson's therapy,PROD_68471,2020-11-09 00:00:00,2023-12-17 00:00:00,Discontinued,1133
TRT_005082,PAT_09931,Multiple sclerosis,Disease-modifying therapy,PROD_103009,2023-11-23 00:00:00,2024-07-01 00:00:00,Active,221
TRT_005083,PAT_09937,Stroke,Antithrombotic / secondary prevention,PROD_19474,2019-02-05 00:00:00,2019-07-08 00:00:00,Discontinued,153
TRT_005084,PAT_09937,Acute myocardial infarction,Cardiovascular,PROD_78058,2019-03-03 00:00:00,2024-07-01 00:00:00,Active,1947
TRT_005085,PAT_09937,"Parkinsonism, including Parkinson disease",Parkinson's therapy,PROD_77772,2020-12-04 00:00:00,2024-07-01 00:00:00,Active,1305
TRT_005086,PAT_09937,"Dementia, including Alzheimer disease",Cognitive disorder therapy,PROD_80653,2024-04-15 06:00:00,2024-07-01 00:00:00,Active,76
TRT_005087,PAT_09938,Asthma,Respiratory,PROD_49895,2020-04-27 00:00:00,2022-08-22 00:00:00,Discontinued,847
TRT_005088,PAT_09943,"Diabetes mellitus (types combined), excluding gestational diabetes",Antidiabetic,PROD_11727,2016-12-26 00:00:00,2020-02-08 00:00:00,Discontinued,1139
TRT_005089,PAT_09944,Hypertension,Antihypertensive,PROD_75765,2016-11-09 00:00:00,2019-03-10 00:00:00,Discontinued,851
TRT_005090,PAT_09947,Ischemic heart disease,Cardiovascular,PROD_78058,2018-06-27 00:00:00,2024-07-01 00:00:00,Active,2196
TRT_005091,PAT_09949,Heart failure,Heart failure therapy,PROD_2333,2017-07-21 00:00:00,2019-11-29 00:00:00,Discontinued,861
TRT_005092,PAT_09949,Ischemic heart disease,Cardiovascular,PROD_82362,2020-01-30 00:00:00,2021-12-29 00:00:00,Discontinued,699
TRT_005093,PAT_09950,Chronic obstructive pulmonary disease,Respiratory,PROD_49895,2023-07-12 00:00:00,2024-07-01 00:00:00,Active,355
TRT_005094,PAT_09950,Ischemic heart disease,Cardiovascular,PROD_78058,2024-01-14 00:00:00,2024-07-01 00:00:00,Active,169
TRT_005095,PAT_09953,Osteoporosis,Bone health,PROD_73098,2022-12-21 00:00:00,2024-07-01 00:00:00,Active,558
TRT_005096,PAT_09954,Hypertension,Antihypertensive,PROD_75765,2019-10-12 00:00:00,2024-07-01 00:00:00,Active,1724
TRT_005097,PAT_09954,Asthma,Respiratory,PROD_13550,2021-06-17 00:00:00,2022-02-24 00:00:00,Discontinued,252
TRT_005098,PAT_09959,Asthma,Respiratory,PROD_69769,2022-01-17 06:00:00,2022-11-20 06:00:00,Discontinued,307
TRT_005099,PAT_09962,Ischemic heart disease,Cardiovascular,PROD_78058,2014-08-30 00:00:00,2024-07-01 00:00:00,Active,3593
TRT_005100,PAT_09965,Osteoarthritis,Analgesic / anti-inflammatory,PROD_5917,2023-02-12 00:00:00,2023-08-22 00:00:00,Discontinued,191
TRT_005101,PAT_09970,Osteoarthritis,Analgesic / anti-inflammatory,PROD_5432,2017-10-13 00:00:00,2018-04-02 00:00:00,Discontinued,171
TRT_005102,PAT_09970,Hypertension,Antihypertensive,PROD_79542,2020-06-15 00:00:00,2023-09-01 00:00:00,Discontinued,1173
TRT_005103,PAT_09972,Ischemic heart disease,Cardiovascular,PROD_82362,2020-07-09 00:00:00,2024-07-01 00:00:00,Active,1453
TRT_005104,PAT_09973,Ischemic heart disease,Cardiovascular,PROD_73770,2016-03-04 00:00:00,2024-07-01 00:00:00,Active,3041
TRT_005105,PAT_09973,Chronic obstructive pulmonary disease,Respiratory,PROD_13550,2020-09-01 00:00:00,2022-06-25 00:00:00,Discontinued,662
TRT_005106,PAT_09974,Hypertension,Antihypertensive,PROD_79542,2024-06-14 00:00:00,2024-07-01 00:00:00,Active,17
TRT_005107,PAT_09976,Heart failure,Heart failure therapy,PROD_2333,2024-06-25 00:00:00,2024-07-01 00:00:00,Active,6
TRT_005108,PAT_09979,Ischemic heart disease,Cardiovascular,PROD_82362,2023-08-29 00:00:00,2024-07-01 00:00:00,Active,307
TRT_005109,PAT_09981,Epilepsy,Antiepileptic,PROD_9242,2018-03-29 00:00:00,2020-06-09 00:00:00,Discontinued,803
TRT_005110,PAT_09983,Hypertension,Antihypertensive,PROD_79542,2015-04-07 00:00:00,2018-01-03 00:00:00,Discontinued,1002
TRT_005111,PAT_09983,Asthma,Respiratory,PROD_13550,2019-05-02 00:00:00,2020-02-19 00:00:00,Discontinued,293
TRT_005112,PAT_09986,Hypertension,Antihypertensive,PROD_75765,2016-12-20 00:00:00,2020-08-22 00:00:00,Discontinued,1341
TRT_005113,PAT_09986,Ischemic heart disease,Cardiovascular,PROD_78058,2020-07-31 00:00:00,2024-07-01 00:00:00,Active,1431
TRT_005114,PAT_09986,"Dementia, including Alzheimer disease",Cognitive disorder therapy,PROD_80779,2023-07-02 06:00:00,2024-07-01 00:00:00,Active,364
TRT_005115,PAT_09992,Asthma,Respiratory,PROD_13550,2023-12-17 00:00:00,2024-07-01 00:00:00,Active,197
TRT_005116,PAT_09995,Acute myocardial infarction,Cardiovascular,PROD_78058,2016-09-12 00:00:00,2021-12-05 00:00:00,Discontinued,1910
TRT_005117,PAT_09995,Hypertension,Antihypertensive,PROD_75765,2017-12-19 00:00:00,2024-02-12 00:00:00,Discontinued,2246
TRT_005118,PAT_09997,Asthma,Respiratory,PROD_13550,2017-07-29 06:00:00,2020-05-17 06:00:00,Discontinued,1023
TRT_005119,PAT_00200,Chronic obstructive pulmonary disease,Respiratory,PROD_49895,2023-05-29 00:00:00,2024-07-01 00:00:00,Discontinued,399
TRT_005120,PAT_02750,Asthma,Respiratory,PROD_69769,2017-01-12 00:00:00,2018-02-12 00:00:00,Discontinued,396
TRT_005121,PAT_03984,Asthma,Respiratory,PROD_13550,2017-12-16 00:00:00,2019-04-30 00:00:00,Discontinued,500
TRT_005122,PAT_04223,Stroke,Antithrombotic / secondary prevention,PROD_61080,2021-03-17 00:00:00,2024-07-01 00:00:00,Discontinued,1202
TRT_005123,PAT_07563,Heart failure,Heart failure therapy,PROD_70034,2022-07-18 00:00:00,2024-07-01 00:00:00,Discontinued,714
TRT_005124,PAT_00331,Chronic obstructive pulmonary disease,Respiratory,PROD_13550,2024-04-02 00:00:00,2024-07-01 00:00:00,Discontinued,90
TRT_005125,PAT_07293,Hypertension,Antihypertensive,PROD_79542,2022-07-25 00:00:00,2024-07-01 00:00:00,Discontinued,707
TRT_005126,PAT_00855,"Diabetes mellitus (types combined), excluding gestational diabetes",Antidiabetic,PROD_74296,2021-01-15 00:00:00,2023-06-21 00:00:00,Discontinued,887
TRT_005127,PAT_03455,Hypertension,Antihypertensive,PROD_75765,2023-07-14 00:00:00,2024-07-01 00:00:00,Discontinued,353
TRT_005128,PAT_05964,Chronic obstructive pulmonary disease,Respiratory,PROD_49895,2020-03-11 00:00:00,2021-01-05 00:00:00,Discontinued,300
TRT_005129,PAT_00855,Chronic obstructive pulmonary disease,Respiratory,PROD_13550,2023-10-05 00:00:00,2024-07-01 00:00:00,Discontinued,270
TRT_005130,PAT_04447,Hypertension,Antihypertensive,PROD_75765,2016-06-08 00:00:00,2020-04-20 00:00:00,Discontinued,1412
TRT_005131,PAT_05787,Osteoporosis,Bone health,PROD_73098,2019-05-14 00:00:00,2021-12-22 00:00:00,Discontinued,953
TRT_005132,PAT_02704,Osteoarthritis,Analgesic / anti-inflammatory,PROD_4980,2023-04-16 00:00:00,2023-10-19 00:00:00,Discontinued,186
TRT_005133,PAT_07729,Hypertension,Antihypertensive,PROD_79542,2023-12-19 00:00:00,2024-07-01 00:00:00,Discontinued,195
TRT_005134,PAT_06486,Asthma,Respiratory,PROD_13550,2024-04-02 00:00:00,2024-07-01 00:00:00,Discontinued,90
TRT_005135,PAT_06953,Asthma,Respiratory,PROD_49895,2019-08-06 00:00:00,2019-12-05 00:00:00,Discontinued,121
TRT_005136,PAT_00956,Chronic obstructive pulmonary disease,Respiratory,PROD_49895,2023-07-19 00:00:00,2024-07-01 00:00:00,Discontinued,348
TRT_005137,PAT_00200,Osteoporosis,Bone health,PROD_73098,2019-04-14 00:00:00,2022-09-22 00:00:00,Discontinued,1257
TRT_005138,PAT_06835,Asthma,Respiratory,PROD_69769,2019-03-18 00:00:00,2022-07-14 00:00:00,Discontinued,1214
TRT_005139,PAT_04466,Osteoarthritis,Analgesic / anti-inflammatory,PROD_5432,2019-11-02 00:00:00,2019-12-08 00:00:00,Discontinued,36
TRT_005140,PAT_08428,Osteoarthritis,Analgesic / anti-inflammatory,PROD_5917,2015-06-17 00:00:00,2015-09-02 00:00:00,Discontinued,77
TRT_005141,PAT_08854,Hypertension,Antihypertensive,PROD_79542,2020-05-05 00:00:00,2022-04-05 00:00:00,Discontinued,700
TRT_005142,PAT_04721,Ischemic heart disease,Cardiovascular,PROD_78058,2017-08-29 00:00:00,2021-10-24 00:00:00,Discontinued,1517
TRT_005143,PAT_06235,Osteoporosis,Bone health,PROD_73098,2022-09-15 00:00:00,2024-07-01 00:00:00,Discontinued,655
TRT_005144,PAT_05254,Hypertension,Antihypertensive,PROD_75765,2023-08-07 00:00:00,2024-07-01 00:00:00,Discontinued,329
TRT_005145,PAT_09997,Asthma,Respiratory,PROD_69769,2020-07-07 06:00:00,2020-11-24 06:00:00,Discontinued,140
TRT_005146,PAT_02092,Osteoarthritis,Analgesic / anti-inflammatory,PROD_4980,2021-10-26 00:00:00,2021-12-17 00:00:00,Discontinued,52
TRT_005147,PAT_07491,Chronic obstructive pulmonary disease,Respiratory,PROD_69769,2017-12-26 18:00:00,2018-04-14 18:00:00,Discontinued,109
TRT_005148,PAT_04061,Hypertension,Antihypertensive,PROD_77062,2018-10-09 00:00:00,2020-08-30 00:00:00,Discontinued,691
TRT_005149,PAT_00531,Chronic obstructive pulmonary disease,Respiratory,PROD_49895,2024-04-01 18:00:00,2024-06-30 18:00:00,Discontinued,90
TRT_005150,PAT_07099,Hypertension,Antihypertensive,PROD_79542,2023-01-09 00:00:00,2024-07-01 00:00:00,Discontinued,539
TRT_005151,PAT_03361,Asthma,Respiratory,PROD_13550,2015-12-20 00:00:00,2018-01-07 00:00:00,Discontinued,749
TRT_005152,PAT_03400,Chronic obstructive pulmonary disease,Respiratory,PROD_49895,2024-01-13 18:00:00,2024-06-30 18:00:00,Discontinued,169
TRT_005153,PAT_04752,Osteoarthritis,Analgesic / anti-inflammatory,PROD_5917,2015-08-15 00:00:00,2015-10-13 00:00:00,Discontinued,59
TRT_005154,PAT_07282,Chronic obstructive pulmonary disease,Respiratory,PROD_49895,2021-08-18 00:00:00,2023-07-07 00:00:00,Discontinued,688
TRT_005155,PAT_09194,Osteoarthritis,Analgesic / anti-inflammatory,PROD_5432,2021-08-04 00:00:00,2021-09-16 00:00:00,Discontinued,43
TRT_005156,PAT_01674,Stroke,Antithrombotic / secondary prevention,PROD_19474,2016-04-24 00:00:00,2019-10-16 00:00:00,Discontinued,1270
TRT_005157,PAT_01362,Hypertension,Antihypertensive,PROD_79542,2023-07-28 00:00:00,2024-07-01 00:00:00,Discontinued,339
TRT_005158,PAT_05052,Chronic obstructive pulmonary disease,Respiratory,PROD_69769,2015-03-25 00:00:00,2016-03-31 00:00:00,Discontinued,372
TRT_005159,PAT_04383,Asthma,Respiratory,PROD_13550,2022-10-18 00:00:00,2023-09-14 00:00:00,Discontinued,331
TRT_005160,PAT_06911,Osteoarthritis,Analgesic / anti-inflammatory,PROD_5432,2017-01-07 00:00:00,2017-06-12 00:00:00,Discontinued,156
TRT_005161,PAT_02501,Hypertension,Antihypertensive,PROD_75765,2023-06-04 00:00:00,2024-07-01 00:00:00,Discontinued,393
TRT_005162,PAT_00376,Epilepsy,Antiepileptic,PROD_75964,2020-11-25 00:00:00,2021-08-07 00:00:00,Discontinued,255
TRT_005163,PAT_01168,Rheumatoid arthritis,Immunomodulatory / anti-inflammatory,PROD_19681,2021-10-18 00:00:00,2024-05-16 00:00:00,Discontinued,941
TRT_005164,PAT_07135,Epilepsy,Antiepileptic,PROD_75964,2019-11-04 00:00:00,2021-03-11 00:00:00,Discontinued,493
TRT_005165,PAT_09755,Osteoarthritis,Analgesic / anti-inflammatory,PROD_4980,2017-01-25 00:00:00,2017-04-03 00:00:00,Discontinued,68
TRT_005166,PAT_06598,Osteoarthritis,Analgesic / anti-inflammatory,PROD_5432,2021-03-17 00:00:00,2021-06-08 00:00:00,Discontinued,83
TRT_005167,PAT_06350,Chronic obstructive pulmonary disease,Respiratory,PROD_69769,2021-02-10 00:00:00,2022-03-02 00:00:00,Discontinued,385
TRT_005168,PAT_03560,Asthma,Respiratory,PROD_49895,2019-05-12 00:00:00,2021-11-01 00:00:00,Discontinued,904
TRT_005169,PAT_07547,Schizophrenia,Antipsychotic,PROD_76239,2021-11-28 00:00:00,2024-07-01 00:00:00,Discontinued,946
TRT_005170,PAT_03304,Osteoporosis,Bone health,PROD_78367,2023-09-24 00:00:00,2024-07-01 00:00:00,Discontinued,281
TRT_005171,PAT_04966,Hypertension,Antihypertensive,PROD_75765,2018-09-23 00:00:00,2021-06-13 00:00:00,Discontinued,994
TRT_005172,PAT_02831,Hypertension,Antihypertensive,PROD_79542,2019-06-05 00:00:00,2024-04-15 00:00:00,Discontinued,1776
TRT_005173,PAT_00939,"Diabetes mellitus (types combined), excluding gestational diabetes",Antidiabetic,PROD_11727,2019-01-02 00:00:00,2020-07-28 00:00:00,Discontinued,573
TRT_005174,PAT_07999,Hypertension,Antihypertensive,PROD_79542,2016-06-22 00:00:00,2019-12-20 00:00:00,Discontinued,1276
TRT_005175,PAT_03239,Hypertension,Antihypertensive,PROD_79542,2022-08-08 00:00:00,2024-07-01 00:00:00,Discontinued,693
TRT_005176,PAT_04488,Hypertension,Antihypertensive,PROD_75765,2020-04-19 00:00:00,2021-11-30 00:00:00,Discontinued,590
TRT_005177,PAT_02795,Asthma,Respiratory,PROD_69769,2022-05-28 00:00:00,2023-06-22 00:00:00,Discontinued,390
TRT_005178,PAT_07293,Ischemic heart disease,Cardiovascular,PROD_78058,2022-08-19 00:00:00,2024-07-01 00:00:00,Discontinued,682
TRT_005179,PAT_09456,Asthma,Respiratory,PROD_69769,2017-08-04 00:00:00,2024-07-01 00:00:00,Discontinued,2523
TRT_005180,PAT_02345,Osteoarthritis,Analgesic / anti-inflammatory,PROD_4980,2018-06-09 00:00:00,2018-08-07 00:00:00,Discontinued,59
TRT_005181,PAT_04250,Osteoporosis,Bone health,PROD_73098,2021-03-05 00:00:00,2023-06-04 00:00:00,Discontinued,821
TRT_005182,PAT_07425,Asthma,Respiratory,PROD_13550,2020-12-15 00:00:00,2021-06-28 00:00:00,Discontinued,195
TRT_005183,PAT_02646,Stroke,Antithrombotic / secondary prevention,PROD_61080,2019-02-03 00:00:00,2020-08-09 00:00:00,Discontinued,553
TRT_005184,PAT_03602,"Diabetes mellitus (types combined), excluding gestational diabetes",Antidiabetic,PROD_62536,2017-09-14 00:00:00,2023-10-28 00:00:00,Discontinued,2235
TRT_005185,PAT_01320,Hypertension,Antihypertensive,PROD_79542,2019-07-11 00:00:00,2022-02-04 00:00:00,Discontinued,939
TRT_005186,PAT_04182,Hypertension,Antihypertensive,PROD_77062,2022-03-17 00:00:00,2024-07-01 00:00:00,Discontinued,837
TRT_005187,PAT_02698,Asthma,Respiratory,PROD_49895,2017-01-02 00:00:00,2018-12-22 00:00:00,Discontinued,719
TRT_005188,PAT_05737,Asthma,Respiratory,PROD_49895,2018-06-15 00:00:00,2021-12-21 00:00:00,Discontinued,1285
TRT_005189,PAT_00136,Asthma,Respiratory,PROD_49895,2020-07-20 00:00:00,2021-08-19 00:00:00,Discontinued,395
TRT_005190,PAT_04813,"Diabetes mellitus (types combined), excluding gestational diabetes",Antidiabetic,PROD_62536,2020-07-21 00:00:00,2024-07-01 00:00:00,Discontinued,1441
TRT_005191,PAT_08521,Asthma,Respiratory,PROD_49895,2024-02-26 00:00:00,2024-07-01 00:00:00,Discontinued,126
TRT_005192,PAT_09722,Asthma,Respiratory,PROD_69769,2022-11-14 00:00:00,2024-07-01 00:00:00,Discontinued,595
TRT_005193,PAT_02848,Asthma,Respiratory,PROD_49895,2020-02-18 00:00:00,2021-10-26 00:00:00,Discontinued,616
TRT_005194,PAT_02101,Asthma,Respiratory,PROD_13550,2022-11-03 00:00:00,2024-05-09 00:00:00,Discontinued,553
TRT_005195,PAT_06626,Osteoarthritis,Analgesic / anti-inflammatory,PROD_5432,2021-07-10 00:00:00,2021-09-10 00:00:00,Discontinued,62
TRT_005196,PAT_00997,Osteoarthritis,Analgesic / anti-inflammatory,PROD_5917,2015-08-22 00:00:00,2015-10-21 00:00:00,Discontinued,60
TRT_005197,PAT_04290,"Diabetes mellitus (types combined), excluding gestational diabetes",Antidiabetic,PROD_74296,2022-08-01 00:00:00,2024-07-01 00:00:00,Discontinued,700
TRT_005198,PAT_01485,Chronic obstructive pulmonary disease,Respiratory,PROD_13550,2022-07-31 18:00:00,2024-06-30 18:00:00,Discontinued,700
TRT_005199,PAT_09643,Hypertension,Antihypertensive,PROD_79542,2023-09-04 00:00:00,2024-07-01 00:00:00,Discontinued,301
TRT_005200,PAT_00325,Osteoarthritis,Analgesic / anti-inflammatory,PROD_4980,2018-03-17 00:00:00,2018-06-25 00:00:00,Discontinued,100
TRT_005201,PAT_02565,Hypertension,Antihypertensive,PROD_75765,2023-10-20 00:00:00,2024-07-01 00:00:00,Discontinued,255
TRT_005202,PAT_04648,Chronic obstructive pulmonary disease,Respiratory,PROD_49895,2023-05-09 00:00:00,2024-07-01 00:00:00,Discontinued,419
TRT_005203,PAT_00155,Osteoarthritis,Analgesic / anti-inflammatory,PROD_5917,2016-08-04 00:00:00,2016-09-03 00:00:00,Discontinued,30
TRT_005204,PAT_05967,"Diabetes mellitus (types combined), excluding gestational diabetes",Antidiabetic,PROD_74296,2021-04-08 06:00:00,2023-10-07 06:00:00,Discontinued,912
TRT_005205,PAT_03052,Heart failure,Heart failure therapy,PROD_2333,2021-08-22 00:00:00,2023-06-08 00:00:00,Discontinued,655
TRT_005206,PAT_04478,Heart failure,Heart failure therapy,PROD_70034,2021-06-08 00:00:00,2024-07-01 00:00:00,Discontinued,1119
TRT_005207,PAT_00645,Hypertension,Antihypertensive,PROD_77062,2020-05-16 00:00:00,2022-12-01 00:00:00,Discontinued,929
TRT_005208,PAT_01221,Hypertension,Antihypertensive,PROD_77062,2024-03-25 00:00:00,2024-07-01 00:00:00,Discontinued,98
TRT_005209,PAT_05456,Ischemic heart disease,Cardiovascular,PROD_73770,2019-08-04 00:00:00,2021-08-18 00:00:00,Discontinued,745
TRT_005210,PAT_08940,"Diabetes mellitus (types combined), excluding gestational diabetes",Antidiabetic,PROD_62536,2020-12-13 00:00:00,2024-07-01 00:00:00,Discontinued,1296
TRT_005211,PAT_09995,Acute myocardial infarction,Cardiovascular,PROD_73770,2022-01-14 00:00:00,2024-03-09 00:00:00,Discontinued,785
TRT_005212,PAT_09153,"Diabetes mellitus (types combined), excluding gestational diabetes",Antidiabetic,PROD_74296,2022-01-11 00:00:00,2024-07-01 00:00:00,Discontinued,902
TRT_005213,PAT_07583,Asthma,Respiratory,PROD_13550,2019-07-05 00:00:00,2021-12-06 00:00:00,Discontinued,885
TRT_005214,PAT_03193,Osteoarthritis,Analgesic / anti-inflammatory,PROD_5432,2018-11-04 00:00:00,2019-02-13 00:00:00,Discontinued,101
TRT_005215,PAT_04621,Asthma,Respiratory,PROD_13550,2019-07-30 00:00:00,2020-09-07 00:00:00,Discontinued,405
TRT_005216,PAT_02752,Asthma,Respiratory,PROD_69769,2022-12-21 00:00:00,2023-03-02 00:00:00,Discontinued,71
TRT_005217,PAT_06114,Hypertension,Antihypertensive,PROD_79542,2022-04-03 00:00:00,2024-07-01 00:00:00,Discontinued,820
TRT_005218,PAT_08459,Osteoarthritis,Analgesic / anti-inflammatory,PROD_5917,2014-11-27 00:00:00,2015-01-15 00:00:00,Discontinued,49
TRT_005219,PAT_09530,"Diabetes mellitus (types combined), excluding gestational diabetes",Antidiabetic,PROD_11727,2019-03-28 00:00:00,2024-07-01 00:00:00,Discontinued,1922
TRT_005220,PAT_03646,Asthma,Respiratory,PROD_49895,2021-06-15 00:00:00,2024-03-29 00:00:00,Discontinued,1018
TRT_005221,PAT_06425,Asthma,Respiratory,PROD_49895,2017-12-02 00:00:00,2019-12-30 00:00:00,Discontinued,758
TRT_005222,PAT_01519,"Diabetes mellitus (types combined), excluding gestational diabetes",Antidiabetic,PROD_62536,2019-08-29 00:00:00,2024-07-01 00:00:00,Discontinued,1768
TRT_005223,PAT_07429,Asthma,Respiratory,PROD_69769,2022-01-27 00:00:00,2022-12-03 00:00:00,Discontinued,310
TRT_005224,PAT_08703,Hypertension,Antihypertensive,PROD_77062,2024-04-02 00:00:00,2024-07-01 00:00:00,Discontinued,90
TRT_005225,PAT_07869,Osteoarthritis,Analgesic / anti-inflammatory,PROD_4980,2019-10-05 00:00:00,2020-04-28 00:00:00,Discontinued,206
TRT_005226,PAT_08124,Hypertension,Antihypertensive,PROD_79542,2019-01-30 00:00:00,2024-07-01 00:00:00,Discontinued,1979
TRT_005227,PAT_02590,Epilepsy,Antiepileptic,PROD_9242,2021-03-19 00:00:00,2024-07-01 00:00:00,Discontinued,1200
TRT_005228,PAT_07557,Hypertension,Antihypertensive,PROD_77062,2022-05-15 00:00:00,2024-07-01 00:00:00,Discontinued,778
TRT_005229,PAT_09711,Osteoarthritis,Analgesic / anti-inflammatory,PROD_4980,2021-08-06 00:00:00,2021-12-27 00:00:00,Discontinued,143
TRT_005230,PAT_02955,"Diabetes mellitus (types combined), excluding gestational diabetes",Antidiabetic,PROD_74296,2021-08-09 00:00:00,2024-07-01 00:00:00,Discontinued,1057
TRT_005231,PAT_03702,Asthma,Respiratory,PROD_69769,2019-09-26 00:00:00,2020-06-28 00:00:00,Discontinued,276
TRT_005232,PAT_09627,Osteoarthritis,Analgesic / anti-inflammatory,PROD_4980,2018-10-07 00:00:00,2019-06-24 00:00:00,Discontinued,260
TRT_005233,PAT_04617,Osteoporosis,Bone health,PROD_73098,2022-08-11 00:00:00,2024-07-01 00:00:00,Discontinued,690
TRT_005234,PAT_07523,Asthma,Respiratory,PROD_13550,2020-01-29 00:00:00,2021-08-13 00:00:00,Discontinued,562
TRT_005235,PAT_04860,Osteoporosis,Bone health,PROD_78367,2024-04-02 00:00:00,2024-07-01 00:00:00,Discontinued,90
TRT_005236,PAT_00587,Asthma,Respiratory,PROD_69769,2020-12-01 00:00:00,2024-07-01 00:00:00,Discontinued,1308
TRT_005237,PAT_04104,Asthma,Respiratory,PROD_13550,2016-05-03 00:00:00,2018-12-09 00:00:00,Discontinued,950
TRT_005238,PAT_01773,Stroke,Antithrombotic / secondary prevention,PROD_61080,2023-05-14 00:00:00,2024-07-01 00:00:00,Discontinued,414
TRT_005239,PAT_00880,Hypertension,Antihypertensive,PROD_77062,2019-08-31 00:00:00,2024-07-01 00:00:00,Discontinued,1766
TRT_005240,PAT_02493,Asthma,Respiratory,PROD_49895,2019-06-11 00:00:00,2022-01-20 00:00:00,Discontinued,954
TRT_005241,PAT_07188,Osteoarthritis,Analgesic / anti-inflammatory,PROD_5917,2016-12-29 00:00:00,2017-02-17 00:00:00,Discontinued,50
TRT_005242,PAT_02073,Osteoarthritis,Analgesic / anti-inflammatory,PROD_4980,2017-11-05 00:00:00,2018-11-23 00:00:00,Discontinued,383
TRT_005243,PAT_02376,Osteoarthritis,Analgesic / anti-inflammatory,PROD_4980,2020-06-24 00:00:00,2020-07-28 00:00:00,Discontinued,34
TRT_005244,PAT_01691,Osteoarthritis,Analgesic / anti-inflammatory,PROD_5432,2016-01-16 00:00:00,2016-05-10 00:00:00,Discontinued,115
TRT_005245,PAT_08921,Chronic obstructive pulmonary disease,Respiratory,PROD_49895,2020-02-21 00:00:00,2020-07-14 00:00:00,Discontinued,144
TRT_005246,PAT_00849,Stroke,Antithrombotic / secondary prevention,PROD_66470,2019-01-18 00:00:00,2020-05-29 00:00:00,Discontinued,497
TRT_005247,PAT_00699,Asthma,Respiratory,PROD_69769,2021-03-17 00:00:00,2022-01-21 00:00:00,Discontinued,310
TRT_005248,PAT_08202,Hypertension,Antihypertensive,PROD_79542,2017-05-06 00:00:00,2022-11-17 00:00:00,Discontinued,2021
TRT_005249,PAT_00902,Asthma,Respiratory,PROD_13550,2024-04-02 00:00:00,2024-07-01 00:00:00,Discontinued,90
TRT_005250,PAT_05887,Osteoporosis,Bone health,PROD_78367,2019-04-20 00:00:00,2020-12-27 00:00:00,Discontinued,617
TRT_005251,PAT_06740,Osteoarthritis,Analgesic / anti-inflammatory,PROD_4980,2020-01-23 00:00:00,2020-04-20 00:00:00,Discontinued,88
TRT_005252,PAT_07934,Ischemic heart disease,Cardiovascular,PROD_82362,2020-06-06 00:00:00,2024-07-01 00:00:00,Discontinued,1486
TRT_005253,PAT_00870,Hypertension,Antihypertensive,PROD_77062,2023-07-30 00:00:00,2024-07-01 00:00:00,Discontinued,337
TRT_005254,PAT_00894,Osteoarthritis,Analgesic / anti-inflammatory,PROD_5432,2020-05-11 00:00:00,2020-06-25 00:00:00,Discontinued,45
TRT_005255,PAT_01915,Osteoarthritis,Analgesic / anti-inflammatory,PROD_5432,2015-02-16 00:00:00,2015-08-14 00:00:00,Discontinued,179
TRT_005256,PAT_01531,Asthma,Respiratory,PROD_69769,2018-03-06 00:00:00,2019-10-19 00:00:00,Discontinued,592
TRT_005257,PAT_00162,"Diabetes mellitus (types combined), excluding gestational diabetes",Antidiabetic,PROD_11727,2023-08-17 06:00:00,2024-06-30 06:00:00,Discontinued,318
TRT_005258,PAT_01948,Hypertension,Antihypertensive,PROD_77062,2019-03-19 00:00:00,2024-07-01 00:00:00,Discontinued,1931
TRT_005259,PAT_05620,Hypertension,Antihypertensive,PROD_77062,2024-01-05 00:00:00,2024-07-01 00:00:00,Discontinued,178
TRT_005260,PAT_01720,Asthma,Respiratory,PROD_69769,2016-01-19 00:00:00,2016-12-10 00:00:00,Discontinued,326
TRT_005261,PAT_05935,Chronic obstructive pulmonary disease,Respiratory,PROD_69769,2021-11-10 00:00:00,2022-08-25 00:00:00,Discontinued,288
TRT_005262,PAT_04337,Hypertension,Antihypertensive,PROD_77062,2023-03-27 00:00:00,2024-07-01 00:00:00,Discontinued,462
TRT_005263,PAT_04757,"Diabetes mellitus (types combined), excluding gestational diabetes",Antidiabetic,PROD_62536,2017-11-28 00:00:00,2024-07-01 00:00:00,Discontinued,2407
TRT_005264,PAT_06736,Chronic obstructive pulmonary disease,Respiratory,PROD_69769,2021-11-30 00:00:00,2022-03-10 00:00:00,Discontinued,100
TRT_005265,PAT_01001,Hypertension,Antihypertensive,PROD_77062,2024-02-21 00:00:00,2024-07-01 00:00:00,Discontinued,131
TRT_005266,PAT_02633,Hypertension,Antihypertensive,PROD_77062,2024-04-02 00:00:00,2024-07-01 00:00:00,Discontinued,90
TRT_005267,PAT_04189,Asthma,Respiratory,PROD_13550,2023-07-08 00:00:00,2024-07-01 00:00:00,Discontinued,359
TRT_005268,PAT_02116,Osteoarthritis,Analgesic / anti-inflammatory,PROD_4980,2016-02-03 00:00:00,2016-03-29 00:00:00,Discontinued,55
TRT_005269,PAT_03391,Osteoarthritis,Analgesic / anti-inflammatory,PROD_4980,2017-03-09 00:00:00,2017-05-17 00:00:00,Discontinued,69
TRT_005270,PAT_06927,Hypertension,Antihypertensive,PROD_77062,2022-01-14 00:00:00,2023-07-12 00:00:00,Discontinued,544
TRT_005271,PAT_08300,Osteoarthritis,Analgesic / anti-inflammatory,PROD_5432,2017-07-31 00:00:00,2017-10-12 00:00:00,Discontinued,73
TRT_005272,PAT_08477,Hypertension,Antihypertensive,PROD_79542,2019-06-21 00:00:00,2024-07-01 00:00:00,Discontinued,1837
TRT_005273,PAT_05265,Hypertension,Antihypertensive,PROD_75765,2023-09-05 00:00:00,2024-07-01 00:00:00,Discontinued,300
TRT_005274,PAT_03594,"Diabetes mellitus (types combined), excluding gestational diabetes",Antidiabetic,PROD_11727,2020-07-22 00:00:00,2024-07-01 00:00:00,Discontinued,1440
TRT_005275,PAT_00109,"Diabetes mellitus (types combined), excluding gestational diabetes",Antidiabetic,PROD_74296,2019-02-12 00:00:00,2020-08-29 00:00:00,Discontinued,564
TRT_005276,PAT_05953,Asthma,Respiratory,PROD_13550,2016-08-09 00:00:00,2017-09-08 00:00:00,Discontinued,395
TRT_005277,PAT_09063,Osteoporosis,Bone health,PROD_78367,2023-04-28 00:00:00,2024-07-01 00:00:00,Discontinued,430
TRT_005278,PAT_09012,Hypertension,Antihypertensive,PROD_75765,2018-07-19 00:00:00,2020-12-02 00:00:00,Discontinued,867
TRT_005279,PAT_02770,Osteoarthritis,Analgesic / anti-inflammatory,PROD_4980,2021-12-12 00:00:00,2022-05-13 00:00:00,Discontinued,152
TRT_005280,PAT_01190,Stroke,Antithrombotic / secondary prevention,PROD_19474,2023-04-16 00:00:00,2024-07-01 00:00:00,Discontinued,442
TRT_005281,PAT_05170,Asthma,Respiratory,PROD_69769,2024-04-02 00:00:00,2024-07-01 00:00:00,Discontinued,90
TRT_005282,PAT_09503,"Diabetes mellitus (types combined), excluding gestational diabetes",Antidiabetic,PROD_62536,2024-01-31 00:00:00,2024-07-01 00:00:00,Discontinued,152
TRT_005283,PAT_06224,Osteoarthritis,Analgesic / anti-inflammatory,PROD_4980,2022-08-02 00:00:00,2022-10-23 00:00:00,Discontinued,82
TRT_005284,PAT_05384,Chronic obstructive pulmonary disease,Respiratory,PROD_69769,2021-12-22 00:00:00,2024-07-01 00:00:00,Discontinued,922
TRT_005285,PAT_06181,"Diabetes mellitus (types combined), excluding gestational diabetes",Antidiabetic,PROD_62536,2023-05-16 00:00:00,2024-07-01 00:00:00,Discontinued,412
TRT_005286,PAT_03713,Chronic obstructive pulmonary disease,Respiratory,PROD_49895,2024-03-20 00:00:00,2024-07-01 00:00:00,Discontinued,103
TRT_005287,PAT_01258,"Diabetes mellitus (types combined), excluding gestational diabetes",Antidiabetic,PROD_74296,2023-06-02 00:00:00,2024-07-01 00:00:00,Discontinued,395
TRT_005288,PAT_03278,Ischemic heart disease,Cardiovascular,PROD_82362,2024-04-02 00:00:00,2024-07-01 00:00:00,Discontinued,90
TRT_005289,PAT_07402,Asthma,Respiratory,PROD_49895,2015-09-11 00:00:00,2016-04-06 00:00:00,Discontinued,208
TRT_005290,PAT_05313,Hypertension,Antihypertensive,PROD_77062,2020-02-06 00:00:00,2023-05-07 00:00:00,Discontinued,1186
TRT_005291,PAT_03157,Chronic obstructive pulmonary disease,Respiratory,PROD_49895,2022-11-30 00:00:00,2023-10-01 00:00:00,Discontinued,305
TRT_005292,PAT_02053,"Diabetes mellitus (types combined), excluding gestational diabetes",Antidiabetic,PROD_74296,2020-03-06 00:00:00,2024-07-01 00:00:00,Discontinued,1578
TRT_005293,PAT_01361,Stroke,Antithrombotic / secondary prevention,PROD_66470,2016-08-27 00:00:00,2017-09-15 00:00:00,Discontinued,384
TRT_005294,PAT_02112,Asthma,Respiratory,PROD_13550,2018-07-11 00:00:00,2019-10-03 00:00:00,Discontinued,449
TRT_005295,PAT_09530,Rheumatoid arthritis,Immunomodulatory / anti-inflammatory,PROD_44161,2019-11-27 00:00:00,2024-07-01 00:00:00,Discontinued,1678
TRT_005296,PAT_07070,Hypertension,Antihypertensive,PROD_77062,2017-03-06 00:00:00,2018-05-20 00:00:00,Discontinued,440
TRT_005297,PAT_06007,Chronic obstructive pulmonary disease,Respiratory,PROD_13550,2024-03-27 00:00:00,2024-07-01 00:00:00,Discontinued,96
TRT_005298,PAT_01385,Hypertension,Antihypertensive,PROD_79542,2021-06-24 00:00:00,2024-07-01 00:00:00,Discontinued,1103
TRT_005299,PAT_04531,Hypertension,Antihypertensive,PROD_75765,2022-11-18 00:00:00,2024-07-01 00:00:00,Discontinued,591
TRT_005300,PAT_05567,Asthma,Respiratory,PROD_49895,2024-04-02 00:00:00,2024-07-01 00:00:00,Discontinued,90
TRT_005301,PAT_02059,Osteoarthritis,Analgesic / anti-inflammatory,PROD_5432,2020-05-20 00:00:00,2020-10-08 00:00:00,Discontinued,141
TRT_005302,PAT_08397,Chronic obstructive pulmonary disease,Respiratory,PROD_49895,2020-04-06 00:00:00,2024-07-01 00:00:00,Discontinued,1547
TRT_005303,PAT_08903,"Diabetes mellitus (types combined), excluding gestational diabetes",Antidiabetic,PROD_11727,2022-03-19 00:00:00,2024-07-01 00:00:00,Discontinued,835
TRT_005304,PAT_05179,Asthma,Respiratory,PROD_49895,2018-07-17 06:00:00,2019-02-02 06:00:00,Discontinued,200
TRT_005305,PAT_06402,Osteoarthritis,Analgesic / anti-inflammatory,PROD_5917,2016-07-22 00:00:00,2017-01-19 00:00:00,Discontinued,181
TRT_005306,PAT_09575,Hypertension,Antihypertensive,PROD_75765,2022-12-05 00:00:00,2024-07-01 00:00:00,Discontinued,574
TRT_005307,PAT_03432,Osteoarthritis,Analgesic / anti-inflammatory,PROD_5432,2023-02-21 00:00:00,2023-04-06 00:00:00,Discontinued,44
TRT_005308,PAT_00298,Acute myocardial infarction,Cardiovascular,PROD_82362,2022-02-23 00:00:00,2024-07-01 00:00:00,Discontinued,859
TRT_005309,PAT_08466,Osteoporosis,Bone health,PROD_73098,2017-08-07 00:00:00,2023-05-14 00:00:00,Discontinued,2106
TRT_005310,PAT_04560,Hypertension,Antihypertensive,PROD_75765,2020-12-31 00:00:00,2024-07-01 00:00:00,Discontinued,1278
TRT_005311,PAT_04470,Osteoarthritis,Analgesic / anti-inflammatory,PROD_5917,2020-10-07 00:00:00,2020-11-06 00:00:00,Discontinued,30
TRT_005312,PAT_04259,Hypertension,Antihypertensive,PROD_77062,2017-09-05 00:00:00,2024-07-01 00:00:00,Discontinued,2491
TRT_005313,PAT_08696,Ischemic heart disease,Cardiovascular,PROD_82362,2022-07-10 00:00:00,2024-07-01 00:00:00,Discontinued,722
TRT_005314,PAT_07173,Hypertension,Antihypertensive,PROD_75765,2020-07-04 00:00:00,2022-06-08 00:00:00,Discontinued,704
TRT_005315,PAT_09661,Osteoporosis,Bone health,PROD_78367,2018-01-25 00:00:00,2019-02-17 00:00:00,Discontinued,388
TRT_005316,PAT_03562,Asthma,Respiratory,PROD_13550,2021-11-27 00:00:00,2024-07-01 00:00:00,Discontinued,947
TRT_005317,PAT_06048,Hypertension,Antihypertensive,PROD_79542,2019-03-16 00:00:00,2021-11-16 00:00:00,Discontinued,976
TRT_005318,PAT_09684,"Diabetes mellitus (types combined), excluding gestational diabetes",Antidiabetic,PROD_11727,2019-12-25 00:00:00,2024-07-01 00:00:00,Discontinued,1650
TRT_005319,PAT_02076,"Dementia, including Alzheimer disease",Cognitive disorder therapy,PROD_80779,2020-03-13 00:00:00,2024-07-01 00:00:00,Discontinued,1571
TRT_005320,PAT_09174,Ischemic heart disease,Cardiovascular,PROD_78058,2024-04-02 00:00:00,2024-07-01 00:00:00,Discontinued,90
TRT_005321,PAT_04912,Hypertension,Antihypertensive,PROD_79542,2024-02-14 00:00:00,2024-07-01 00:00:00,Discontinued,138
TRT_005322,PAT_06856,Chronic obstructive pulmonary disease,Respiratory,PROD_13550,2021-12-14 00:00:00,2024-02-24 00:00:00,Discontinued,802
TRT_005323,PAT_02822,Hypertension,Antihypertensive,PROD_75765,2023-09-16 00:00:00,2024-07-01 00:00:00,Discontinued,289
TRT_005324,PAT_09684,Hypertension,Antihypertensive,PROD_77062,2021-04-16 00:00:00,2024-02-12 00:00:00,Discontinued,1032
TRT_005325,PAT_00240,Hypertension,Antihypertensive,PROD_77062,2022-03-11 00:00:00,2024-07-01 00:00:00,Discontinued,843
TRT_005326,PAT_03246,Ischemic heart disease,Cardiovascular,PROD_73770,2018-08-22 00:00:00,2023-04-05 00:00:00,Discontinued,1687
TRT_005327,PAT_06739,Asthma,Respiratory,PROD_69769,2022-11-18 00:00:00,2024-03-15 00:00:00,Discontinued,483
TRT_005328,PAT_02259,Osteoporosis,Bone health,PROD_73098,2024-04-02 00:00:00,2024-07-01 00:00:00,Discontinued,90
TRT_005329,PAT_02509,Chronic obstructive pulmonary disease,Respiratory,PROD_69769,2020-06-28 00:00:00,2024-07-01 00:00:00,Discontinued,1464
TRT_005330,PAT_03976,Osteoporosis,Bone health,PROD_73098,2023-04-10 00:00:00,2024-07-01 00:00:00,Discontinued,448
TRT_005331,PAT_01700,Asthma,Respiratory,PROD_49895,2021-02-24 00:00:00,2021-10-26 00:00:00,Discontinued,244
TRT_005332,PAT_09471,Acute myocardial infarction,Cardiovascular,PROD_73770,2023-01-25 00:00:00,2024-01-15 00:00:00,Discontinued,355
TRT_005333,PAT_08139,Osteoarthritis,Analgesic / anti-inflammatory,PROD_4980,2015-04-08 00:00:00,2015-05-27 00:00:00,Discontinued,49
TRT_005334,PAT_03751,Asthma,Respiratory,PROD_49895,2022-02-28 00:00:00,2022-07-21 00:00:00,Discontinued,143
TRT_005335,PAT_06104,Chronic obstructive pulmonary disease,Respiratory,PROD_13550,2015-12-08 00:00:00,2016-08-28 00:00:00,Discontinued,264
TRT_005336,PAT_07375,Osteoarthritis,Analgesic / anti-inflammatory,PROD_5432,2014-11-08 00:00:00,2015-02-25 00:00:00,Discontinued,109
TRT_005337,PAT_03592,Asthma,Respiratory,PROD_49895,2021-09-22 00:00:00,2023-05-11 00:00:00,Discontinued,596
TRT_005338,PAT_07226,Osteoarthritis,Analgesic / anti-inflammatory,PROD_5917,2022-05-11 00:00:00,2023-06-13 00:00:00,Discontinued,398
TRT_005339,PAT_01894,Osteoarthritis,Analgesic / anti-inflammatory,PROD_4980,2017-02-09 00:00:00,2017-06-21 00:00:00,Discontinued,132
TRT_005340,PAT_00995,Osteoarthritis,Analgesic / anti-inflammatory,PROD_5432,2017-04-19 00:00:00,2018-06-08 00:00:00,Discontinued,415
TRT_005341,PAT_08644,Hypertension,Antihypertensive,PROD_79542,2019-05-24 00:00:00,2024-07-01 00:00:00,Discontinued,1865
TRT_005342,PAT_08800,Chronic obstructive pulmonary disease,Respiratory,PROD_13550,2017-05-31 00:00:00,2021-11-09 00:00:00,Discontinued,1623
TRT_005343,PAT_06939,Chronic obstructive pulmonary disease,Respiratory,PROD_69769,2018-12-27 00:00:00,2020-01-14 00:00:00,Discontinued,383
TRT_005344,PAT_05404,Hypertension,Antihypertensive,PROD_77062,2017-02-28 00:00:00,2019-05-24 00:00:00,Discontinued,815
TRT_005345,PAT_06638,Chronic obstructive pulmonary disease,Respiratory,PROD_69769,2023-04-02 00:00:00,2024-03-17 00:00:00,Discontinued,350
TRT_005346,PAT_03468,Asthma,Respiratory,PROD_69769,2022-08-04 00:00:00,2024-01-28 00:00:00,Discontinued,542
TRT_005347,PAT_09195,Ischemic heart disease,Cardiovascular,PROD_78058,2020-02-26 00:00:00,2023-04-10 00:00:00,Discontinued,1139
TRT_005348,PAT_00725,Osteoporosis,Bone health,PROD_78367,2017-10-09 00:00:00,2019-06-02 00:00:00,Discontinued,601
TRT_005349,PAT_07140,Hypertension,Antihypertensive,PROD_79542,2024-04-02 00:00:00,2024-07-01 00:00:00,Discontinued,90
TRT_005350,PAT_01699,"Diabetes mellitus (types combined), excluding gestational diabetes",Antidiabetic,PROD_62536,2023-12-25 00:00:00,2024-07-01 00:00:00,Discontinued,189
TRT_005351,PAT_06538,Osteoporosis,Bone health,PROD_78367,2019-01-13 00:00:00,2020-03-24 00:00:00,Discontinued,436
TRT_005352,PAT_02913,Stroke,Antithrombotic / secondary prevention,PROD_61080,2022-04-17 00:00:00,2022-10-12 00:00:00,Discontinued,178
TRT_005353,PAT_09139,Asthma,Respiratory,PROD_49895,2015-05-19 00:00:00,2016-07-26 00:00:00,Discontinued,434
TRT_005354,PAT_07780,Asthma,Respiratory,PROD_49895,2017-01-08 00:00:00,2017-07-30 00:00:00,Discontinued,203
TRT_005355,PAT_01791,Rheumatoid arthritis,Immunomodulatory / anti-inflammatory,PROD_44161,2018-08-22 00:00:00,2020-03-25 00:00:00,Discontinued,581
TRT_005356,PAT_03655,Asthma,Respiratory,PROD_49895,2022-12-07 00:00:00,2024-07-01 00:00:00,Discontinued,572
TRT_005357,PAT_06144,Chronic obstructive pulmonary disease,Respiratory,PROD_13550,2022-12-21 00:00:00,2024-07-01 00:00:00,Discontinued,558
TRT_005358,PAT_00323,Asthma,Respiratory,PROD_13550,2020-12-26 00:00:00,2021-10-05 00:00:00,Discontinued,283
TRT_005359,PAT_06381,Stroke,Antithrombotic / secondary prevention,PROD_61080,2016-06-20 00:00:00,2016-11-16 00:00:00,Discontinued,149
TRT_005360,PAT_06608,Osteoarthritis,Analgesic / anti-inflammatory,PROD_4980,2015-09-08 00:00:00,2015-11-04 00:00:00,Discontinued,57
TRT_005361,PAT_04122,Osteoarthritis,Analgesic / anti-inflammatory,PROD_5432,2015-06-26 00:00:00,2015-11-25 00:00:00,Discontinued,152
TRT_005362,PAT_07914,Hypertension,Antihypertensive,PROD_75765,2016-08-17 00:00:00,2024-07-01 00:00:00,Discontinued,2875
TRT_005363,PAT_06860,"Diabetes mellitus (types combined), excluding gestational diabetes",Antidiabetic,PROD_62536,2024-02-25 00:00:00,2024-07-01 00:00:00,Discontinued,127
TRT_005364,PAT_02068,Chronic obstructive pulmonary disease,Respiratory,PROD_69769,2022-09-21 00:00:00,2024-07-01 00:00:00,Discontinued,649
TRT_005365,PAT_08143,Asthma,Respiratory,PROD_49895,2020-04-28 00:00:00,2024-07-01 00:00:00,Discontinued,1525
TRT_005366,PAT_04323,Ischemic heart disease,Cardiovascular,PROD_78058,2019-12-29 00:00:00,2023-06-21 00:00:00,Discontinued,1270
TRT_005367,PAT_01374,Asthma,Respiratory,PROD_69769,2021-10-26 00:00:00,2024-07-01 00:00:00,Discontinued,979
TRT_005368,PAT_09519,Osteoarthritis,Analgesic / anti-inflammatory,PROD_5917,2016-06-25 00:00:00,2016-09-06 00:00:00,Discontinued,73
TRT_005369,PAT_00226,Ischemic heart disease,Cardiovascular,PROD_73770,2019-03-06 00:00:00,2024-07-01 00:00:00,Discontinued,1944
TRT_005370,PAT_09374,Chronic obstructive pulmonary disease,Respiratory,PROD_49895,2022-10-26 18:00:00,2024-06-30 18:00:00,Discontinued,613
TRT_005371,PAT_04492,Asthma,Respiratory,PROD_69769,2022-12-17 00:00:00,2023-03-03 00:00:00,Discontinued,76
TRT_005372,PAT_02116,Ischemic heart disease,Cardiovascular,PROD_78058,2024-03-25 00:00:00,2024-07-01 00:00:00,Discontinued,98
TRT_005373,PAT_07738,"Diabetes mellitus (types combined), excluding gestational diabetes",Antidiabetic,PROD_62536,2018-10-21 00:00:00,2020-10-20 00:00:00,Discontinued,730
TRT_005374,PAT_02767,Osteoarthritis,Analgesic / anti-inflammatory,PROD_5917,2023-10-09 00:00:00,2023-11-08 00:00:00,Discontinued,30
TRT_005375,PAT_09683,Asthma,Respiratory,PROD_69769,2020-05-02 00:00:00,2023-12-13 00:00:00,Discontinued,1320
TRT_005376,PAT_01229,Rheumatoid arthritis,Immunomodulatory / anti-inflammatory,PROD_74173,2024-01-23 00:00:00,2024-07-01 00:00:00,Discontinued,160
TRT_005377,PAT_05020,Hypertension,Antihypertensive,PROD_77062,2022-02-06 00:00:00,2024-07-01 00:00:00,Discontinued,876
TRT_005378,PAT_04670,"Diabetes mellitus (types combined), excluding gestational diabetes",Antidiabetic,PROD_74296,2023-04-19 00:00:00,2024-07-01 00:00:00,Discontinued,439
TRT_005379,PAT_09082,Osteoarthritis,Analgesic / anti-inflammatory,PROD_4980,2021-03-12 00:00:00,2022-01-01 00:00:00,Discontinued,295
TRT_005380,PAT_03291,Stroke,Antithrombotic / secondary prevention,PROD_66470,2020-04-06 00:00:00,2022-02-10 00:00:00,Discontinued,675
TRT_005381,PAT_02176,Hypertension,Antihypertensive,PROD_77062,2022-05-31 00:00:00,2024-07-01 00:00:00,Discontinued,762
TRT_005382,PAT_08259,Chronic obstructive pulmonary disease,Respiratory,PROD_69769,2022-01-16 18:00:00,2023-03-21 18:00:00,Discontinued,429
TRT_005383,PAT_02579,Osteoarthritis,Analgesic / anti-inflammatory,PROD_4980,2019-10-20 00:00:00,2020-03-06 00:00:00,Discontinued,138
TRT_005384,PAT_01404,Osteoarthritis,Analgesic / anti-inflammatory,PROD_4980,2019-12-15 00:00:00,2020-06-13 00:00:00,Discontinued,181
TRT_005385,PAT_01457,"Diabetes mellitus (types combined), excluding gestational diabetes",Antidiabetic,PROD_74296,2020-01-10 00:00:00,2024-07-01 00:00:00,Discontinued,1634
TRT_005386,PAT_07448,Hypertension,Antihypertensive,PROD_77062,2021-10-11 00:00:00,2024-07-01 00:00:00,Discontinued,994
TRT_005387,PAT_05789,Asthma,Respiratory,PROD_69769,2019-06-24 00:00:00,2020-11-26 00:00:00,Discontinued,521
TRT_005388,PAT_09514,Hypertension,Antihypertensive,PROD_77062,2021-08-10 00:00:00,2023-02-14 00:00:00,Discontinued,553
TRT_005389,PAT_00368,Stroke,Antithrombotic / secondary prevention,PROD_61080,2023-11-16 00:00:00,2024-07-01 00:00:00,Discontinued,228
TRT_005390,PAT_00119,Heart failure,Heart failure therapy,PROD_70034,2019-08-11 00:00:00,2021-07-07 00:00:00,Discontinued,696
TRT_005391,PAT_04309,"Diabetes mellitus (types combined), excluding gestational diabetes",Antidiabetic,PROD_62536,2021-12-11 00:00:00,2024-07-01 00:00:00,Discontinued,933
TRT_005392,PAT_04464,Osteoporosis,Bone health,PROD_73098,2022-08-10 00:00:00,2024-07-01 00:00:00,Discontinued,691
TRT_005393,PAT_08321,Hypertension,Antihypertensive,PROD_77062,2018-05-25 00:00:00,2020-07-09 00:00:00,Discontinued,776
TRT_005394,PAT_04394,Chronic obstructive pulmonary disease,Respiratory,PROD_13550,2015-07-15 00:00:00,2016-05-08 00:00:00,Discontinued,298
TRT_005395,PAT_05451,Hypertension,Antihypertensive,PROD_77062,2023-07-03 00:00:00,2024-07-01 00:00:00,Discontinued,364
TRT_005396,PAT_09626,"Diabetes mellitus (types combined), excluding gestational diabetes",Antidiabetic,PROD_74296,2024-04-02 00:00:00,2024-07-01 00:00:00,Discontinued,90
TRT_005397,PAT_09672,"Diabetes mellitus (types combined), excluding gestational diabetes",Antidiabetic,PROD_74296,2023-03-10 00:00:00,2024-07-01 00:00:00,Discontinued,479
TRT_005398,PAT_07411,Osteoarthritis,Analgesic / anti-inflammatory,PROD_4980,2019-02-18 00:00:00,2019-08-08 00:00:00,Discontinued,171
TRT_005399,PAT_04099,Asthma,Respiratory,PROD_13550,2020-09-30 00:00:00,2021-06-10 00:00:00,Discontinued,253
TRT_005400,PAT_09290,Stroke,Antithrombotic / secondary prevention,PROD_19474,2024-03-06 00:00:00,2024-05-25 00:00:00,Discontinued,80
TRT_005401,PAT_00451,Osteoarthritis,Analgesic / anti-inflammatory,PROD_5432,2016-06-20 00:00:00,2016-11-03 00:00:00,Discontinued,136
